order_id,customer_id,date,nearest_warehouse,shopping_cart,order_price,delivery_charges,customer_lat,customer_long,coupon_discount,order_total,season,is_expedited_delivery,distance_to_nearest_warehouse,latest_customer_review,is_happy_customer
CORD000501,CUS00326,2019-08-12,Thompson,"[{""product"":""Candle Edge 392"",""quantity"":1},{""product"":""Candle Vista 110"",""quantity"":3},{""product"":""Vela Halo 281"",""quantity"":2},{""product"":""Candle Orbit 548"",""quantity"":2},{""product"":""Candle Flux 162"",""quantity"":1}]",8459.43,14.82,-37.85622,144.913445,20,6782.36,Winter,False,5.6715,"candle flux 864 has become my usual listening choice during long stretches of desk work. pairing was uncomplicated, and after that first connection it returned to my device without repeated searching or confusing menus. music has enough detail for background listening, with voices and ordinary instruments remaining distinct rather than turning into a blurred wall of sound. i also use it for podcasts, where spoken words stay understandable at a moderate level. the controls are easy to reach while i am working, although the smaller buttons require a little care when i am not looking at them. during several extended sessions i did not feel pressured to keep adjusting its position, which is a sign that the fit suits me. it is less impressive in a noisy room and does not replace a larger audio setup, but those are reasonable limitations for focused desk use. candle flux 864 has delivered a consistent, enjoyable listening experience and has removed one more distraction from my work routine.",True
CORD000502,CUS00388,2019-01-10,Bakers,"[{""product"":""Vela Halo 137"",""quantity"":1},{""product"":""Candle Flux 162"",""quantity"":1}]",1820.18,10.61,-37.803874,145.036942,10,1648.77,Summer,False,3.727,"the vela nova 771 has handled work calls and calendar management for 45 days. calls connect clearly in the places i normally work, and the microphone has kept my voice understandable without repeated adjustments. calendar alerts arrive on time, and moving from an alert to the relevant appointment is quick enough for a busy morning. i have also used it for messages, maps, and short notes between meetings. the screen shows several calendar details at once, which reduces the need to open each event separately. battery life covers a normal workday of calls and checking, although long video or navigation uses it faster. the camera is adequate for scanning a document or taking a quick photo. the vela nova 771 is a reliable work companion that keeps communication and scheduling close at hand.",True
CORD000503,CUS00292,2019-04-06,Bakers,"[{""product"":""Candle Edge 932"",""quantity"":1},{""product"":""Candle Orbit 674"",""quantity"":1}]",1814.54,,-37.784491,145.064913,15,1565.62,Autumn,True,6.7474,"the candle shift 178 has been part of our home network long enough to show how it behaves beyond the first installation. i connected it for video meetings and media streaming, then left it running through busy evenings when several people were online. the initial setup was clear, and the connection has stayed steady while calls, films, and ordinary browsing share the network. meetings begin promptly, voices remain in sync, and streaming resumes quickly after a pause. that consistency has made the device fade into the background, which is exactly what i wanted from it. i also appreciate the practical design. the status information is easy to understand, and restarting the unit does not turn into a long troubleshooting session. during heavier use it becomes warm, though not alarmingly so, and the indicator light is brighter than necessary in a dark room. neither issue has affected our routine. the candle shift 178 has given us a calm, reliable experience for work and entertainment, with enough flexibility for the whole household. after using it regularly, i consider it a strong and worthwhile addition to our network.",True
CORD000504,CUS00280,2019-06-03,Bakers,"[{""product"":""Candle Vista 110"",""quantity"":2},{""product"":""Candle Shift 916"",""quantity"":1},{""product"":""Vela Core 957"",""quantity"":1},{""product"":""Vela Halo 137"",""quantity"":1},{""product"":""Candle Orbit 674"",""quantity"":2}]",7171.43,16.25,-37.869159,145.032635,10,6470.54,Winter,False,7.353,"vela pulse 1063 has improved the way we listen to music and spoken content in the living room. compared with the small speaker we had before, it gives voices more presence and makes dialogue easier to follow when someone is cooking or moving around. music is balanced at ordinary volume, and the controls are simple enough for different people in the household to start, pause, or change what is playing. i have used it for podcasts, radio-style programmes, playlists, and occasional background sound while working. the connection has remained stable during regular sessions, and the unit remembers enough of its setup that i am not rebuilding the arrangement each time. its shape fits neatly on a shelf, with no awkward tangle of cables across the furniture. at higher volume, busy music can lose some separation, so dedicated audio equipment would still be better for careful listening. that limitation is easy to accept because vela pulse 1063 is aimed at shared everyday playback rather than a specialist listening room. it has also been more convenient than moving a phone around whenever somebody wants to hear a programme. the casing feels solid, and routine handling has not left it looking worn. i compared it with a basic portable speaker and preferred this model because the spoken word is less tiring to follow over a longer session. for a shared room, it delivers clear, pleasant playback with very little effort and has earned regular use in our home.",True
CORD000505,CUS00166,2019-12-10,Bakers,"[{""product"":""Candle Lumen 220"",""quantity"":1},{""product"":""Vela Core 957"",""quantity"":1},{""product"":""Candle Orbit 548"",""quantity"":2}]",4313,22.96,-37.850778,145.057197,15,3689.01,Summer,True,7.0838,"after 39 days with the candle vista 218, i am pleased with how calmly it handles the collection of shared devices in our home. setup was straightforward: i connected the unit, followed the on-screen steps, and had phones, a television, and a couple of household gadgets communicating without fuss. the connection has remained steady during ordinary use, including evenings when several people are online at once. i especially appreciate that i can check its status quickly instead of wondering whether a device has dropped away. the unit is compact enough to sit beside our other equipment without making the area look untidy, and the indicators are helpful without being distracting at night. i have restarted it only once while rearranging cables, and it came back promptly. the included guidance is brief but sensible, while the warranty gives some welcome reassurance for a device that stays running every day. it is not a feature-packed product for someone seeking advanced controls, yet that simplicity suits our household. the candle vista 218 has made shared connectivity feel dependable and uncomplicated, and i am happy to keep using it.",True
CORD000506,CUS00459,2019-03-25,Bakers,"[{""product"":""Candle Flux 162"",""quantity"":1},{""product"":""Vela Core 957"",""quantity"":1},{""product"":""Vela Halo 281"",""quantity"":1},{""product"":""Candle Shift 916"",""quantity"":1}]",3721.27,10.26,-37.784074,145.02975,10,3359.4,Autumn,False,4.1841,"vela core 147 has been useful for keeping small habits visible throughout the day. i use it for reminders, checking the time and nudging myself to stand up when i have been sitting too long. the display is easy to read indoors, and the vibration is noticeable without being disruptive during meetings. the strap has remained comfortable through ordinary workdays, though it can feel warm after a long walk in humid weather. i like that the reminder controls are simple enough to change without reaching for a manual each time. timekeeping has remained consistent, and charging has fitted comfortably into my evening routine. this is not a device for detailed training analysis, but that was not what i wanted. for everyday prompts and quick time checks, vela core 147 has been dependable, unobtrusive and genuinely useful.",True
CORD000507,CUS00137,2019-06-17,Nickolson,"[{""product"":""Vela Nova 753"",""quantity"":1}]",4403.61,18.36,-37.864196,144.978074,0,4421.97,Winter,False,5.1255,"candle shift 196 was purchased for game streaming and media capture, yet the first month of ownership was dominated by awkward setup and unreliable results. the connection was detected, but the capture application repeatedly lost contact after sleep or restart. i had to remove the device, reconnect it, and wait through the same frustrating process before a session could begin. its basic capture function operates under ideal conditions, but that is a weak consolation when preparation takes longer than expected. during actual play, the stream sometimes showed a frozen image while sound continued. on other occasions the picture returned with a noticeable delay, making the recording difficult to follow. longer sessions exposed further problems: the unit became warm, the cable connection felt loose, and moving it slightly caused another interruption. the software offered no clear explanation for the failures. i tried different ports and restarted the computer several times, but the behaviour remained unreliable. friends waiting to watch made the delays particularly irritating, and the device turned a casual evening into troubleshooting. media capture was no less disappointing. files occasionally stopped before the session ended, leaving incomplete footage that could not be used. the warranty is longer than the time i kept testing the unit, but support supplied generic instructions and did not address the repeated disconnects. candle shift 196 may perform a simple task when nothing goes wrong, but the fragile connection and inconsistent recording make it poor equipment for streaming. i regret buying it and cannot recommend it for regular use.",
CORD000508,CUS00052,2019-06-05,Thompson,"[{""product"":""Candle Edge 932"",""quantity"":2},{""product"":""Vela Halo 281"",""quantity"":1}]",3511.7,15.95,-37.833314,144.945892,5,3352.06,Winter,False,2.2975,"i compared vela echo 745 with the simple timer setup it replaced because i wanted automated blind and curtain routines. the old arrangement required manual adjustment, but it behaved consistently. vela echo 745 introduces scheduled control and then makes me check whether the schedule happened. on several mornings the blinds moved late, while on other mornings one side moved and the other remained still. that uneven result is frustrating, particularly when i am leaving the house and do not have time to troubleshoot. the app adds more uncertainty. a routine can appear active while the blind does not respond, and the status may not update until i close and reopen the app. manual commands sometimes work immediately, but occasionally the motor pauses halfway and needs another command. vela echo 745 also loses its connection after the home network restarts, leaving the scheduled actions unavailable until i pair it again. the older timer lacked remote control, yet it did not require this repeated supervision. installation was not the main problem; the difficult part has been maintaining predictable behavior. i checked the mounting, adjusted the schedule, and reset the connection several times. each attempt produced a short improvement followed by another missed routine. support sent general pairing instructions and did not address the inconsistent movement. the 12-month warranty offers limited reassurance for a device that controls a daily household task. vela echo 745 can move the blinds when conditions cooperate, but missed schedules, incomplete movement, and unreliable status reporting make it a poor comparison with the simple timer. i would avoid it for unattended routines.",False
CORD000509,CUS00332,2019-04-01,Thompson,"[{""product"":""Vela Halo 281"",""quantity"":2},{""product"":""Candle Edge 932"",""quantity"":1},{""product"":""Vela Core 957"",""quantity"":1}]",2823.43,11.47,-37.763476,144.927727,5,2693.73,Autumn,False,5.7284,"candle arc 978 has kept my home connection stable during video meetings and media streaming. calls have remained clear during ordinary household use, and streaming no longer pauses whenever another person starts a session. installation was uncomplicated, although the indicator lights are brighter than necessary at night. i have not needed to restart it often, which is a welcome change from my previous setup. it has delivered consistent coverage and has made the network feel much less troublesome.",True
CORD000510,CUS00047,2019-05-28,Thompson,"[{""product"":""Candle Lumen 220"",""quantity"":2},{""product"":""Vela Nova 753"",""quantity"":2},{""product"":""Candle Edge 392"",""quantity"":1},{""product"":""Candle Orbit 548"",""quantity"":1}]",16497.82,12.53,-37.749354,144.938244,10,14860.57,Autumn,False,7.0833,"i installed the candle shift 448 to improve coverage between rooms where the main connection had become inconsistent. compared with relying on the central router alone, it gives the back room a more usable signal, and ordinary browsing has been less interrupted since i positioned it near the middle of the house. the unit is small enough to avoid taking over the shelf, and moving it during setup was not difficult. for phones, casual streaming and routine work, the extended area has been a noticeable improvement over the previous weak spot. the result depends more on placement than i expected. when i put it too close to the room needing coverage, the benefit was limited, so finding a suitable position took several attempts. the connection is also not identical to being close to the main router; busy use in different rooms can still feel slower than the direct connection. my older extender had fewer settings and was quicker to understand, while the candle shift 448 provides more control but asks the user to pay attention during setup. once configured, i have not needed to change it often. the casing has remained cool and the connection has stayed present through normal household use. i cannot say whether it would suit a much larger home or heavy simultaneous traffic because my needs are moderate. the longer warranty is reassuring, although support has not been required. in comparison, this device is more effective than my old extender at filling the particular gap i had, but it is not a universal solution. its performance is acceptable when the layout and expectations are realistic.",True
CORD000511,CUS00123,2019-02-24,Nickolson,"[{""product"":""Vela Halo 137"",""quantity"":1},{""product"":""Candle Edge 392"",""quantity"":1},{""product"":""Vela Core 957"",""quantity"":1}]",1407.11,12.32,-37.870196,144.995324,5,1349.07,Summer,False,6.1679,"the candle quest 606 has become a reliable part of my desktop gaming setup for longer sessions. it supports game play and media capture without making the surrounding arrangement feel difficult to operate. controls are clearly placed, and the connected software presents the important options without burying them in unnecessary menus. i have recorded clips, monitored sessions, and adjusted levels while playing, with the system remaining responsive. the casing feels durable on the desk, though the unit takes up more room than a compact accessory would. after several hours, the controls remain comfortable to reach and the performance stays consistent. candle quest 606 is a capable piece of gaming hardware for anyone who wants recording and play to coexist smoothly. it has reduced setup friction and made my desktop routine more enjoyable.",True
CORD000512,CUS00096,2019-10-06,Nickolson,"[{""product"":""Vela Halo 281"",""quantity"":1}]",530.74,22.65,-37.870768,144.939617,5,526.85,,True,6.369,"i bought the candle shift 736 for weekends away and expected to use it mainly during quiet gaps in travel. instead, it has become the device i reach for whenever i have a spare half hour. its portable shape fits into my small bag without forcing me to rearrange everything, and i have carried it between rooms, on a train and to a friend's house. the first session was brief because i was learning the controls, but the layout soon felt natural. i have played both short games and longer sessions, depending on the day. the screen is bright enough for indoor use, movement feels responsive, and the controls have remained comfortable even when a session lasts longer than planned. starting a game while travelling is simple because the device wakes quickly and remembers where i stopped. i particularly like being able to play in a quiet corner without setting up a television or carrying several separate accessories. the built-in sound is suitable for casual use, though i use headphones when other people are nearby. after several weeks of carrying it around, the candle shift 736 has picked up no concerning marks and the controls still feel firm. the battery requires some planning before a long journey, especially if i expect to play continuously, and the display is less enjoyable in strong outdoor light. those limits are easy to work around. what matters is that the device has made gaming fit naturally into travel instead of turning travel into a gaming project. it is compact, inviting and reliable enough for the relaxed play i wanted.",True
CORD000513,CUS00307,2019-09-01,Nickolson,"[{""product"":""Vela Halo 281"",""quantity"":1},{""product"":""Candle Edge 392"",""quantity"":1}]",906.49,11.58,-37.866177,144.949168,0,918.07,Spring,False,5.5854,"vela core 849 has made hands-free device use much easier at our shared workspace. we use it to support a phone during calls, reference documents, and occasional demonstrations, and the device stays at a sensible viewing angle instead of sliding around among papers. several people can use it without needing to adjust the stand dramatically each time. the base occupies little desk space, while the support feels firm during ordinary tapping and swiping. i have moved it between desks and found the construction solid enough for regular handling. very large or unusually heavy devices may need more careful positioning, so i would not assume every size will behave identically. for the phones and tablets we normally use, vela core 849 has remained stable and convenient. it has reduced neck bending during calls and made shared information easier to see, which is exactly the modest improvement i wanted from this accessory.",True
CORD000514,CUS00269,2019-10-25,Nickolson,"[{""product"":""Candle Orbit 548"",""quantity"":1},{""product"":""Vela Halo 281"",""quantity"":1},{""product"":""Candle Flux 162"",""quantity"":2}]",2907.39,14.15,-37.86824,144.984799,25,2194.69,Spring,False,5.6803,"we used vela nova 573 for family media streaming and compared it with the older display in the living room. the screen shows programmes and the basic streaming applications open, but shared use is frustrating. menus respond slowly after the device has been running for a while, and switching profiles often leaves the previous selection visible. more than once, someone started a programme only to find that the stream had paused or returned to an earlier point. the remote makes the situation worse. its buttons are difficult to distinguish in low light, and commands sometimes arrive several seconds late. children repeatedly pressed the button because nothing happened, then the display reacted to all the commands at once. sound is sufficient for ordinary dialogue, yet it becomes weak during music and action scenes. the older display is less ambitious but reacts more consistently, so it causes fewer interruptions during a shared evening. vela nova 573 also lost its network connection on several occasions and needed a restart before streaming resumed. the picture itself remained visible once a programme was playing, but that limited success does not solve the unreliable start-up and awkward navigation. a family device should reduce disputes, not create them. the warranty may provide a route for a fault report, although i have little interest in spending more time diagnosing a product that performs worse than the simpler display it replaced. i would avoid this model.",
CORD000515,CUS00309,2019-04-14,Thompson,"[{""product"":""Vela Nova 753"",""quantity"":1},{""product"":""Vela Core 957"",""quantity"":1},{""product"":""Vela Halo 281"",""quantity"":1},{""product"":""Candle Orbit 674"",""quantity"":2},{""product"":""Candle Orbit 548"",""quantity"":1}]",6110.01,12.59,-37.749613,144.929915,10,5511.6,Autumn,False,7.1722,"i have used vela echo 439 with several devices for 37 days and it has made my desk much tidier. the compact adapter connects the equipment i use most often, and changing from one device to another is quick. it takes little space in a bag, which is handy when i work away from home. the casing feels light rather than rugged, so i handle it with some care. even with that small reservation, its flexible connections and convenient size make it a worthwhile accessory.",True
CORD000516,CUS00238,2019-06-23,Thompson,"[{""product"":""Candle Orbit 548"",""quantity"":1},{""product"":""Candle Shift 916"",""quantity"":2},{""product"":""Candle Vista 110"",""quantity"":1}]",5790.2,15.71,-37.866649,144.912773,0,,Winter,False,6.7151,"vela echo 133 has found a place in our living room as the screen we use for casual gaming when we want to play together without setting up a separate desk. during the first few days we tried short sessions, then gradually played for longer stretches once we understood the controls and the best seating positions. the display has handled that change well and has made ordinary evenings feel more social. games look bright and lively, with enough detail to make the action easy to follow from the sofa. movement stays smooth during the types of games we play, and i have not noticed distracting delays between an input and the result on screen. that responsiveness matters more than having an elaborate setup for us. we can pick up the controllers, switch to the appropriate source, and begin without spending the first part of the evening troubleshooting. the screen is large enough for two or three people to watch comfortably, and people sitting at an angle can still see what is happening. the built-in sound is adequate for game effects and conversation, while a separate speaker can be used when we want more atmosphere. between sessions, vela echo 133 works perfectly well for ordinary television, so it does not feel like equipment reserved for one narrow activity. its frame is unobtrusive, and the stand has stayed steady while people move around the cabinet. there was a short adjustment period with the remote because a few controls are arranged differently from the screen we replaced. once that became familiar, changing sources was quick. i also find that the picture needs a small brightness adjustment depending on the time of day, but that is easy to manage. after two weeks, vela echo 133 has delivered enjoyable shared gaming and has been flexible enough to support the rest of our living-room viewing, which is exactly what i wanted.",True
CORD000517,CUS00371,2019-01-24,Bakers,"[{""product"":""Vela Halo 281"",""quantity"":2},{""product"":""Candle Orbit 548"",""quantity"":2},{""product"":""Vela Halo 137"",""quantity"":1},{""product"":""Candle Vista 110"",""quantity"":2}]",5966.69,11.79,-37.830835,145.050884,0,5978.48,Summer,False,5.4097,"vela core 561 has handled family messages, casual apps, and everyday calls without trouble. apps open promptly, the display remains readable outdoors, and photos are more than adequate for quick family moments. the phone feels slightly tall in a small hand, but the weight is manageable. battery use has been consistent through a normal day. it is a capable, uncomplicated phone that has fitted my routine well.",True
CORD000518,CUS00368,2019-05-04,Thompson,"[{""product"":""Vela Halo 281"",""quantity"":1}]",530.74,25.13,-37.882257,144.891588,0,555.87,Autumn,True,9.1432,"the candle edge 644 has been my main choice for listening at home over extended periods. i have worn it while reading, doing chores, and working at my desk, and the fit has remained comfortable without needing frequent adjustment. pairing was quick, and the connection has not dropped during normal movement between rooms. spoken content is easy to follow, while music has a balanced sound that works well for my tastes. the controls are simple enough to use without interrupting what i am doing. the case takes up a little more space than i expected when stored, but that is a minor compromise. after several weeks, the candle edge 644 has delivered relaxed, dependable listening and has become part of my daily routine.",True
CORD000519,CUS00387,2019-11-15,Thompson,"[{""product"":""Candle Orbit 548"",""quantity"":1},{""product"":""Candle Lumen 220"",""quantity"":1},{""product"":""Candle Flux 162"",""quantity"":2}]",5906.04,10.81,-37.773179,144.93447,10,5326.25,Spring,False,4.5289,"candle flux 612 has become my preferred device for watching media and joining video calls away from my desk. it is light enough to hold for a programme, and the display remains clear when i move near a window. calls have been straightforward, with the camera giving a natural view from a table. the speakers are fine for voices but lack depth for music. for portable viewing and conversation, though, the tablet has been dependable and pleasant to use.",True
CORD000520,CUS00275,2019-08-09,Nickolson,"[{""product"":""Vela Halo 281"",""quantity"":1},{""product"":""Candle Orbit 548"",""quantity"":2},{""product"":""Vela Halo 137"",""quantity"":1},{""product"":""Candle Edge 392"",""quantity"":2}]",2554.27,13.23,-37.847103,144.993384,10,2312.07,Winter,False,3.7986,"vela atlas 1079 has brought some order to the charging cables that used to spread across my desk and bedside table. i can keep the cables grouped instead of pulling through a tangled pile every time i need one. the accessory takes little room, and its shape works with the different cable lengths i use around the house. after several weeks of opening, closing, and rearranging it, the material still feels intact and the cables have not been damaged by the storage. it is not large enough for a collection of unusually thick leads, so i keep those elsewhere, but ordinary charging cables fit without awkward forcing. vela atlas 1079 is a small improvement rather than an exciting purchase, yet it has made daily charging more pleasant and organised.",True
CORD000521,CUS00198,2019-03-18,Thompson,"[{""product"":""Candle Orbit 548"",""quantity"":1},{""product"":""Candle Vista 110"",""quantity"":1},{""product"":""Candle Orbit 674"",""quantity"":1}]",2396.72,10.78,-37.801475,144.893805,0,2407.5,Autumn,False,4.8422,"candle flux 756 is more suitable for my long desktop gaming sessions than the compact hardware i had before. the earlier setup was convenient for quick play, but after an hour i wanted more room and found myself adjusting the controls repeatedly. this equipment gives the session a more settled feel, with controls that remain responsive during extended play and a layout that is easy to find without looking away from the screen. i compared both arrangements over several evenings, using the same casual games and varying the session length. the biggest difference is comfort: candle flux 756 lets me keep my hands in a natural position for longer, and the equipment stays steady when the pace becomes more active. it also fits the desktop without forcing me to clear everything else away, which makes starting a session less of a project. the system handled repeated use without unexpected pauses, and returning to ordinary desktop work afterward was straightforward. the controls may feel more substantial than necessary for someone who only plays for a few minutes at a time, and the larger form takes more space than my old device. those trade-offs make sense for the use case. i have not treated it as professional competitive equipment, but for extended home gaming it gives a convincing balance of response and comfort. after seventeen days, candle flux 756 has replaced the previous setup for most sessions because it reduces physical fuss and keeps the experience enjoyable from the opening round to the last.",True
CORD000522,CUS00034,2019-06-19,Bakers,"[{""product"":""Candle Edge 392"",""quantity"":1},{""product"":""Candle Shift 916"",""quantity"":3},{""product"":""Vela Halo 281"",""quantity"":2}]",7013.54,11.79,-37.793655,145.007454,5,6674.65,Winter,False,2.1106,"vela atlas 575 has made it easier to keep an eye on temperature and humidity in my rooms. the readings update promptly and are clear enough to check at a glance. i have moved it between the bedroom and study, and it resumed monitoring without difficulty. it does not control the climate itself, so anyone expecting automatic adjustment should note that limitation. as a simple source of household information, however, it has been consistent and useful.",True
CORD000523,CUS00088,2019-08-01,Bakers,"[{""product"":""Vela Halo 281"",""quantity"":1},{""product"":""Candle Lumen 220"",""quantity"":1},{""product"":""Vela Core 957"",""quantity"":1},{""product"":""Candle Flux 162"",""quantity"":1}]",5391.89,16.41,-37.754348,145.044165,10,4869.11,Winter,False,7.5354,"vela echo 457 has fitted naturally into my daily routine. it records walks and general activity without demanding much attention, while the sleep view gives me a helpful picture of my overnight patterns. the band remains comfortable for long periods and the companion display is easy to read. i would not treat every sleep estimate as exact, but the trends have been consistent enough to be useful. after regular wear, i appreciate having a simple reminder to move and a convenient record of my habits.",True
CORD000524,CUS00020,2019-04-28,,"[{""product"":""Candle Lumen 220"",""quantity"":1}]",3529.39,12.84,-37.83704,144.919386,5,3365.76,Autumn,False,3.6405,"i compared vela echo 565 with a simpler timer used for a household outlet. the older timer is limited, but its schedule happens when expected. vela echo 565 has a more involved setup and still misses the basic task often enough to become frustrating. the first schedule ran correctly, then later activations occurred late or failed after the device had been left alone. i had to check the outlet manually, which defeats the point of scheduled control. the application adds more difficulty. creating a routine involves several screens, and editing one is awkward because the saved time is not always shown where i expect it. i removed and recreated the schedule twice, but the inconsistent behavior continued. the outlet can be switched manually, and that command usually operates after a pause. a manual command is not a solution when the purpose is to control a lamp or appliance while nobody is watching it. the connection indicator also changes without a clear explanation, leaving me unsure whether a missed schedule is caused by the network or the device. i tested it with different routines around the house and found no dependable pattern. it stayed connected for ordinary periods, then required a restart after a brief interruption. support recommended resetting the unit and rebuilding the schedule, which consumed time without resolving the failures. the warranty information is present, but the response did not offer a replacement or a clear diagnosis. compared with the basic timer, vela echo 565 is more complicated and less trustworthy. it can operate an outlet when the command reaches it, yet the delayed schedules, confusing controls, and repeated connection problems make it a poor home automation purchase. i would avoid relying on it.",False
CORD000525,CUS00365,2019-08-26,Bakers,"[{""product"":""Vela Core 957"",""quantity"":1},{""product"":""Candle Edge 932"",""quantity"":1},{""product"":""Vela Nova 753"",""quantity"":1},{""product"":""Candle Flux 162"",""quantity"":3},{""product"":""Candle Shift 916"",""quantity"":1}]",11205.2,11.84,-37.797995,145.014565,15,9536.26,Winter,False,2.16,"the candle flux 954 has accompanied me on commutes and while listening to spoken content around the house. voices are distinct, which matters more to me than exaggerated bass, and i can follow podcasts without repeatedly adjusting the volume. pairing has been uncomplicated, and the connection has stayed intact while i move through normal indoor spaces. the controls are usable once i remember their layout, although i initially pressed the wrong button a few times. the fit is light enough for a full journey and has not become irritating during longer listening periods. music is enjoyable as well, though these are not a substitute for larger speakers. for commuting, lectures, and spoken programs, the candle flux 954 has been a dependable daily companion.",True
CORD000526,CUS00008,2019-03-27,Nickolson,"[{""product"":""Vela Core 957"",""quantity"":1},{""product"":""Vela Halo 281"",""quantity"":1},{""product"":""Candle Lumen 220"",""quantity"":1},{""product"":""Candle Orbit 674"",""quantity"":1}]",4655.66,11.28,-37.860892,145.001684,15,3968.59,Autumn,False,5.4847,"candle shift 610 has fitted neatly into my study routine. i use it for reading research, taking notes, drafting assignments, and keeping several reference pages available at once. compared with working only from a tablet, the keyboard makes longer writing less tiring and switching between sources feels more natural. compared with a heavier general-purpose laptop, this one is easier to carry between the library, a desk, and the kitchen table when i want a change of setting. the strongest difference is how little preparation it needs for ordinary study. i can open it, find my notes, and begin without rearranging the workspace. the keyboard has enough travel for sustained typing, and the screen has been comfortable for text-heavy work. i would not choose candle shift 610 for demanding creative software or intensive gaming, since that is not the role it seems designed to fill. for research and note taking, its focused character is an advantage rather than a weakness. over two weeks i compared it with my older computer for seminars, reading sessions, and evening writing. the newer device felt more manageable on a crowded desk, and moving it around did not become a chore. i also liked being able to keep notes beside a document without feeling that the display was too cramped. the only limitation i noticed is that the compact design leaves less room for a very large collection of accessories, but that has not affected my normal work. candle shift 610 is a sensible study companion: more capable for writing than a tablet and less cumbersome than the bulky laptop it replaced.",True
CORD000527,CUS00283,2019-10-28,Bakers,"[{""product"":""Candle Vista 110"",""quantity"":1},{""product"":""Candle Edge 392"",""quantity"":1},{""product"":""Candle Edge 932"",""quantity"":1}]",3682.82,23.04,-37.750169,145.016195,5,3521.72,Spring,True,6.9029,"vela core 183 has been used in the living room for casual gaming, where its main advantage is fitting into a shared space without making the room feel like a dedicated gaming area. the display is easy to see from the sofa and from the side chairs, so people can watch without sitting directly in front of it. compared with a smaller personal screen, it makes group play more sociable. compared with a purpose-built gaming arrangement, however, it feels less focused and offers fewer reasons to use it for long sessions. the basic controls have remained responsive, and starting a short game has been uncomplicated. i noticed that the living-room setting creates its own compromises. someone may pause the game to adjust the room or start another activity, and the display is also used for ordinary viewing, so it does not always feel dedicated to one purpose. the unit has handled repeated switching between those uses without any obvious problem. its size is helpful for shared play, but the brightness and reflections in the room can affect the experience depending on where people sit. vela core 183 is therefore a moderate option rather than an outstanding one. it is more inviting than a small monitor for occasional group gaming, while a specialised setup would suit someone who values uninterrupted sessions. i am satisfied with its role in the living room, provided expectations remain casual and flexible.",True
CORD000528,CUS00160,2019-02-23,Bakers,"[{""product"":""Candle Edge 932"",""quantity"":1},{""product"":""Candle Lumen 220"",""quantity"":1}]",5019.87,19.62,-37.802122,145.019558,10,4537.5,Summer,True,2.3095,"vela core 327 gives me a simple summary after walks and exercise sessions, which is exactly what i wanted. the information is quick to review, the wearable stays in place, and the band remains comfortable through ordinary movement. i can spot patterns in my activity without opening another device. more serious athletes may want deeper analysis, but casual tracking is handled very well. it has made my routine feel more visible and manageable.",True
CORD000529,CUS00178,2019-05-08,Thompson,"[{""product"":""Candle Orbit 548"",""quantity"":1},{""product"":""Candle Flux 162"",""quantity"":1},{""product"":""Vela Nova 753"",""quantity"":1}]",5719.97,9.39,-37.790319,144.967544,10,5157.36,Autumn,,3.0683,"vela core 849 has made video calls and desk work more comfortable in our shared workspace. i use it to hold a phone at a visible angle while taking notes, following a recipe or checking a message during a call. the base stays in place on my usual desk, and the support can be adjusted without forcing the device into an awkward position. when another person needs it, moving the stand takes only a moment, so it has become a shared item rather than something assigned to one desk. the finish has remained presentable after being carried between rooms, although dust collects around the adjustment points. it is designed for support rather than protection, and i would not rely on it to cushion a dropped device. that limitation is obvious from its simple construction. for hands-free use in a busy workspace, vela core 849 is a modest accessory that has delivered more daily value than i expected.",True
CORD000530,CUS00337,2019-05-04,Thompson,"[{""product"":""Vela Core 957"",""quantity"":2},{""product"":""Candle Orbit 548"",""quantity"":1},{""product"":""Candle Orbit 674"",""quantity"":2}]",1447.13,13.3,-37.766716,144.875839,15,1243.36,Autumn,False,8.0803,"vela spark 207 has become part of my morning and evening routine because it records daily activity without demanding constant attention. the step information gives me a helpful reminder to move when i have spent too long at my desk, and the sleep tracking provides an interesting picture of how my nights differ. i find the display easy to check during a walk, while the band sits securely without becoming distracting. notifications arrive in a timely way and the controls are simple enough to use while i am moving. the charging routine is not difficult, although i have occasionally wished the remaining power were more visible at a glance. after established use, vela spark 207 feels like a practical and encouraging health wearable.",True
CORD000531,CUS00307,2019-12-27,Nickolson,"[{""product"":""Candle Orbit 674"",""quantity"":1},{""product"":""Vela Core 957"",""quantity"":2},{""product"":""Candle Orbit 548"",""quantity"":1},{""product"":""Candle Flux 162"",""quantity"":1}]",2183.36,11.91,-37.866177,144.949168,15,1867.77,Summer,False,5.5854,"vela core 849 has made hands-free device use much easier at our shared workspace. we use it to support a phone during calls, reference documents, and occasional demonstrations, and the device stays at a sensible viewing angle instead of sliding around among papers. several people can use it without needing to adjust the stand dramatically each time. the base occupies little desk space, while the support feels firm during ordinary tapping and swiping. i have moved it between desks and found the construction solid enough for regular handling. very large or unusually heavy devices may need more careful positioning, so i would not assume every size will behave identically. for the phones and tablets we normally use, vela core 849 has remained stable and convenient. it has reduced neck bending during calls and made shared information easier to see, which is exactly the modest improvement i wanted from this accessory.",True
CORD000532,CUS00003,2019-03-04,Thompson,"[{""product"":""Candle Flux 162"",""quantity"":2},{""product"":""Candle Orbit 548"",""quantity"":1},{""product"":""Vela Core 957"",""quantity"":1}]",2648.12,11,-37.845398,144.90594,0,2659.12,Autumn,False,5.1273,"vela echo 367 has been useful for walking and commuting. notifications appear promptly, the screen is readable with a quick glance, and the band stays secure while i move. i spend less time reaching for my phone and more time paying attention to the journey. some messages are necessarily abbreviated, but the information i need is visible. it is a practical and dependable wearable for daily travel.",True
CORD000533,CUS00061,2019-02-26,Bakers,"[{""product"":""Vela Nova 753"",""quantity"":1}]",4403.61,13.72,-37.739254,144.969769,20,3536.61,Summer,False,8.1783,"candle vista 542 has become my preferred surface for sketching and lightweight creative work. before using it, i divided the task between paper notes and a laptop, which made revisions and reference images awkward to manage. the tablet gives me a more direct way to draw, review ideas, and make small changes without setting up a full desk. compared with the laptop, it feels more natural for quick sketches and is easier to carry from one room to another. i have used candle vista 542 for rough illustrations, colour planning, handwritten annotations, and simple creative experiments. the screen is large enough for the work i do, and the response feels immediate during ordinary drawing. it is also convenient to show a draft to someone nearby without passing around loose pages. the tablet is not intended for heavy professional projects, and demanding files can make the experience less fluid. i also find the surface a little reflective under strong light, so i choose my working position carefully. paper remains pleasant for spontaneous ideas, while the laptop is better for detailed editing and extended typing. candle vista 542 sits between those options and handles the early, flexible stage particularly well. its portable form and approachable controls have encouraged me to draw more often instead of postponing small projects. after regular use, i am satisfied with its creative usefulness and think it offers a strong balance for lightweight work.",True
CORD000534,CUS00405,2019-04-11,Nickolson,"[{""product"":""Candle Lumen 220"",""quantity"":2},{""product"":""Candle Flux 162"",""quantity"":1},{""product"":""Vela Core 957"",""quantity"":1},{""product"":""Vela Halo 281"",""quantity"":1},{""product"":""Candle Edge 392"",""quantity"":1}]",9297.03,18.88,-37.823951,144.980497,20,7456.5,Autumn,True,1.131,"candle vista 578 replaced an older network unit that had become unpredictable whenever several people were online. i compared the two during video meetings and evening media streaming, which are the situations that previously exposed the weakness. the newer unit has made those activities more consistent across the house. my meetings no longer suffer from the same interruptions, and streaming continues without as much stopping when another person starts using the connection. installation was not instant because i wanted to place the unit carefully and reconnect each household device in an orderly way. once that was done, the connection stayed dependable through normal busy periods. i tried different rooms, moved between a meeting and a streamed program, and left several devices active at the same time. candle vista 578 handled that household mix with less fuss than the previous unit. the settings offer more choices than i need, so a first-time user may spend some time working out which options matter. compared with the old network equipment, this is a clear improvement in everyday confidence. it has not transformed the limits of the internet service itself, and a remote corner of the house is still not as strong as the central rooms. even so, the connection is much less distracting during meetings and more pleasant for shared streaming. after forty-eight days, candle vista 578 feels like a sensible upgrade for a busy home, and i am happy with the result.",True
CORD000535,CUS00005,2019-07-19,Nickolson,"[{""product"":""Candle Orbit 548"",""quantity"":1},{""product"":""Vela Nova 753"",""quantity"":2},{""product"":""Candle Vista 110"",""quantity"":2}]",12696.47,14.34,-37.858606,144.998015,25,9536.69,Winter,False,5.1031,"the candle vista 938 has been running our home network for thirty-six days, and it compares well with the simpler arrangement it replaced. my main reason for changing was to separate guest access from household devices and to make it easier to see what was connected. the candle vista 938 has done both without turning ordinary network management into a daily project. visitors can use their own connection, while the devices we rely on remain in a separate space, and i can review the setup without guessing which item belongs to whom. compared with the old arrangement, the controls are more informative and the network has been easier to manage when someone brings a new phone or laptop into the house. i have used it during quiet evenings and busier periods when several people were streaming, studying, or making calls. the connection has remained steady for normal household use, and changes to access have taken effect without repeated restarts. i especially value being able to tidy up old connections rather than leaving them indefinitely in the background. the candle vista 938 has made the network feel more organised. the interface contains more choices than a basic home device, so the first setup required concentration. i also had to spend time deciding which devices deserved separate access. once those decisions were made, routine management became much easier. the coverage is still affected by the layout of the house, as expected, and moving the unit improved one weaker area. compared with my former setup, the candle vista 938 offers clearer control, steadier shared use, and much better visibility of what is happening on the network.",True
CORD000536,CUS00254,2019-05-14,Thompson,"[{""product"":""Candle Orbit 548"",""quantity"":2},{""product"":""Candle Edge 932"",""quantity"":1},{""product"":""Candle Flux 162"",""quantity"":2}]",4123.2,14.4,-37.851916,144.906305,25,3106.8,Autumn,False,5.6443,"candle quest 1038 was intended to manage guest access and household devices, but its controls were unreliable. the guest network disappeared from the list several times, and blocked devices sometimes remained connected. the management page loaded slowly and gave unclear status information, making troubleshooting awkward. restarting restored the settings temporarily, but the same problems returned. the connection works at a basic level; the poor control system makes the product frustrating.",False
CORD000537,CUS00136,2019-07-27,Thompson,"[{""product"":""Candle Edge 392"",""quantity"":2},{""product"":""Candle Shift 916"",""quantity"":1},{""product"":""Candle Orbit 548"",""quantity"":3}]",3378.48,18.54,-37.765267,144.936928,5,3228.1,Winter,False,5.3461,"i bought the candle bloom 586 for trips and have used it regularly for 43 days. the compact shape fits into a small bag, but that is where the appeal ends for me. the controls feel cramped during longer sessions, and the buttons have a hollow, uneven response that makes repeated inputs frustrating. the screen is readable indoors, yet glare becomes a problem near a window or outside, so portable use is awkward rather than convenient. after several weeks, the battery behaviour has become increasingly irritating. a short session can leave me searching for a charger sooner than expected, and the remaining charge indicator is not consistent enough for planning a journey. the casing has also picked up marks easily, while the hinge and edges feel less solid than the price suggests. i have had no useful resolution from basic troubleshooting, and i would avoid the candle bloom 586 for travel gaming because the poor endurance and uncomfortable controls outweigh its small size.",False
CORD000538,CUS00473,2019-05-10,Nickolson,"[{""product"":""Candle Edge 392"",""quantity"":1},{""product"":""Candle Orbit 548"",""quantity"":2},{""product"":""Vela Halo 281"",""quantity"":1},{""product"":""Vela Halo 137"",""quantity"":1}]",2178.52,23.29,-37.874437,145.000588,15,1875.03,Autumn,True,6.7811,"i placed vela core 975 indoors to keep track of temperature and humidity in the rooms we use most. the readings are easy to view, and checking changes from the app has become part of my routine. the app sometimes takes a moment to refresh, and the historical information is less convenient to review than current readings. the device itself has been unobtrusive and consistent enough for household awareness. it is useful for monitoring, though the software feels unfinished.",True
CORD000539,CUS00308,2019-08-23,Bakers,"[{""product"":""Candle Orbit 548"",""quantity"":1},{""product"":""Candle Flux 162"",""quantity"":1},{""product"":""Candle Orbit 674"",""quantity"":1},{""product"":""Vela Core 957"",""quantity"":2}]",2183.36,10.78,-37.803751,144.988381,15,1866.64,Winter,False,0.919,"candle quest 480 has settled into our home office better than expected. i use it for household forms, browsing, email, and shared administration, and it handles switching between those tasks without distracting pauses. the keyboard is comfortable for longer notes, while the screen remains readable from the side when someone else is checking a document. it wakes promptly and has remained consistent through repeated sessions around the house. the compact design also makes it simple to move from the desk to the kitchen table. i would prefer slightly stronger speakers for occasional video calls, but voices are still understandable. after owning it for a while, i value its calm, dependable performance and sensible everyday design.",True
CORD000540,CUS00304,2019-08-19,Nickolson,"[{""product"":""Candle Orbit 548"",""quantity"":1},{""product"":""Vela Halo 137"",""quantity"":1},{""product"":""Vela Nova 753"",""quantity"":1}]",5419.57,13.37,-37.846242,144.9981,15,4620,Winter,False,3.967,"candle quest 840 has accompanied me to meetings, presentations, and several temporary workspaces. it is easy to carry, starts quickly, and gives slides a clean appearance when connected to a larger screen. the keyboard is comfortable for notes, while the battery has covered ordinary travel days. the touchpad sometimes needs a firmer press than expected, but that is a minor annoyance. overall, it has made working away from my main desk straightforward and productive.",True
CORD000541,CUS00001,2019-04-24,Thompson,"[{""product"":""Vela Core 957"",""quantity"":1},{""product"":""Vela Halo 281"",""quantity"":1},{""product"":""Candle Edge 932"",""quantity"":1}]",2292.69,7.45,-37.817768,144.945742,0,2300.14,Autumn,False,0.5784,No review submitted,True
CORD000542,CUS00141,2019-01-01,Thompson,"[{""product"":""Vela Halo 137"",""quantity"":1},{""product"":""Candle Orbit 674"",""quantity"":2},{""product"":""Vela Core 957"",""quantity"":1},{""product"":""Vela Halo 281"",""quantity"":1}]",2210.22,8.83,-37.805921,144.957492,15,1887.52,Summer,False,1.1841,"candle quest 138 has kept the shared devices in our home connected without demanding much attention. phones, a television and several smaller household devices have joined the network with little effort, and the management screen makes it possible to see what is connected. i particularly value the guest separation because visitors can use the internet without being placed alongside our ordinary household devices. the connection has remained steady during simultaneous browsing and streaming, and reconnecting after a brief interruption has been straightforward. the device list is not always instantly updated when somebody leaves the house, so it can look slightly out of date for a while. that minor delay has not affected actual use. candle quest 138 has simplified device management and reduced the amount of manual checking i used to do. it is a reliable network solution for a busy shared household.",True
CORD000543,CUS00435,2019-02-15,Bakers,"[{""product"":""Candle Orbit 548"",""quantity"":1},{""product"":""Vela Halo 281"",""quantity"":1}]",786.81,14.11,-37.843059,145.047432,0,800.92,Summer,False,5.8767,"i compared candle arc 186 with the portable gaming device i had taken on earlier trips. its compact shape made it possible to carry in a small bag, and games did launch, but that was the end of the useful comparison. the controls felt cramped during longer sessions, with the shoulder buttons needing more pressure than expected. my older device was bulkier, yet my hands were less tense after an hour of play. travel use revealed inconsistent performance. battery power dropped quickly during demanding games, and the device became hot around the rear grip. on one journey it shut down while the charge indicator still showed a remaining level, forcing me to wait before trying again. loading screens also returned after brief pauses that did not occur on my previous handheld. these interruptions made it difficult to continue a game when there was limited access to power. the screen remained visible indoors, although reflections made it awkward to use near a window or under bright transport lighting. saving progress worked when the system stayed active, but i was never confident that a long session would finish without a freeze. i checked the charging lead and performed the available reset, with no lasting improvement. candle arc 186 is portable, but portability alone cannot excuse weak battery behavior, uncomfortable controls, and unreliable operation. compared with the device it replaced, it is a frustrating travel purchase.",False
CORD000544,CUS00183,2019-11-10,Bakers,"[{""product"":""Vela Core 957"",""quantity"":1},{""product"":""Vela Halo 137"",""quantity"":1},{""product"":""Candle Shift 916"",""quantity"":1}]",2890.13,9.69,-37.837024,144.996192,20,2321.79,Spring,False,3.0066,"vela wave 445 has settled into our morning and evening routine after several weeks of use. the blinds open and close at the scheduled times, so i rarely need to reach for the controls. setup took some adjustment because the routine order was not immediately obvious, but the result has been convenient. it is especially useful when the room is empty, and the movements have remained consistent during normal daily operation.",True
CORD000545,CUS00206,2019-09-15,Thompson,"[{""product"":""Candle Orbit 548"",""quantity"":2},{""product"":""Candle Shift 916"",""quantity"":1},{""product"":""Candle Flux 162"",""quantity"":1}]",3431.2,11.37,-37.850206,144.90986,15,2927.89,Spring,False,5.3006,"vela spark 153 has worked well as the centre of our shared film and television viewing. the picture is clear from the seats we normally use, and the controls make it easy to start something, pause it or move between programmes. it has handled evenings with several viewers without awkward delays, and the sound is sufficient for our living room at ordinary volume. i also appreciate that the menus do not take long to learn, so everyone can use it without asking for help. the built-in speakers lack some richness for music, and reflections can be noticeable in bright daylight, but those are manageable limitations. vela spark 153 has provided a dependable and enjoyable way for us to watch together and has fitted naturally into our home.",True
CORD000546,CUS00495,2019-11-19,Bakers,"[{""product"":""Vela Halo 137"",""quantity"":1},{""product"":""Vela Halo 281"",""quantity"":2},{""product"":""Vela Core 957"",""quantity"":1},{""product"":""Candle Vista 110"",""quantity"":1}]",3909.43,13.57,-37.740229,145.029426,10,3532.06,Spring,False,8.3195,"candle bloom 1036 has become my regular choice for gaming away from home. it is compact enough to fit into a travel bag without taking over the available space, yet it feels substantial when held. setup was quick, and i could start playing after connecting it in a few different places. the controls responded cleanly during casual games, with no distracting delay in the sessions i played. i particularly appreciate how manageable it is on a small table or in a shared room. i can use it for a short break without needing a large arrangement of equipment, and packing it away is just as simple. the display remains comfortable for ordinary play, though some smaller interface details can feel cramped when viewed from farther away. that is a minor limitation for a portable device rather than a serious obstacle. after continued use, candle bloom 1036 has held up well and has made travel gaming much less awkward. it offers an enjoyable balance of convenience and capability, and it has earned a permanent place in my travel kit.",True
CORD000547,CUS00497,2019-08-12,Bakers,"[{""product"":""Candle Orbit 548"",""quantity"":1},{""product"":""Candle Edge 932"",""quantity"":2},{""product"":""Candle Orbit 674"",""quantity"":1},{""product"":""Candle Shift 916"",""quantity"":2}]",7278.63,30.44,-37.752221,145.062791,5,6945.14,Winter,True,8.7478,"candle orbit 296 has been a solid addition to my gaming setup for streaming matches and recording clips. connecting it to the console and computer was straightforward, and the picture stayed stable during longer sessions. the controls are not overloaded with unnecessary options, so i could start capturing quickly and concentrate on the game. it has also handled switching between gameplay and other media without requiring repeated reconfiguration. i have used it for both short clips and longer broadcasts, and the results have been consistent enough for sharing with friends. the casing remains cool during ordinary use and feels robust when moved to another desk. the included controls are basic, so anyone wanting advanced production effects may eventually want extra software. for my use, that simplicity is more helpful than restrictive. candle orbit 296 has reduced the friction between playing and sharing, and after regular ownership it continues to perform as a dependable piece of game-streaming hardware.",True
CORD000548,CUS00152,2019-05-30,Bakers,"[{""product"":""Vela Nova 753"",""quantity"":2},{""product"":""Candle Orbit 548"",""quantity"":1}]",9063.29,12.26,-37.831025,145.014766,15,7716.06,Autumn,False,2.9003,"candle shift 268 was installed to connect several shared household devices, but performance becomes poor as soon as the network is busy. one device may stream while another loses access, and a third can remain connected without loading anything. reconnecting requires repeated resets, which is frustrating when people are using the network at the same time. the setup screen gives little explanation for a failure, so troubleshooting becomes guesswork. i moved the unit, changed the wireless channel and reduced the number of devices, but the drops continued. a single phone can browse through it for a while, yet this narrow result does not meet the needs of a shared household. candle shift 268 has created unreliable access and more complaints instead of solving the connection problem.",False
CORD000549,CUS00499,2019-12-09,Bakers,"[{""product"":""Candle Orbit 548"",""quantity"":1},{""product"":""Vela Core 957"",""quantity"":2},{""product"":""Candle Lumen 220"",""quantity"":1}]",4328.4,9.87,-37.809667,145.02564,10,3905.43,Summer,False,2.6716,"vela pulse 271 has been used for calendar management, messages, and work calls. the calendar opens quickly and calls remain understandable in ordinary indoor conditions. the battery needs attention on busy days, especially when the screen stays active between meetings. photos are acceptable for documents but less convincing in dim rooms. it has supported my routine without a major failure, yet the average battery and camera keep it from being more than a middle-of-the-road phone.",True
CORD000550,CUS00290,2019-11-05,Thompson,"[{""product"":""Vela Halo 137"",""quantity"":3},{""product"":""Vela Core 957"",""quantity"":1}]",2551.14,12.62,-37.873964,144.928036,15,2181.09,Spring,False,7.0172,"candle vista 164 has fitted into my desk routine better than the wired audio set i was using previously. i mainly use it while reading, writing, and sorting through long documents, so i value consistent wireless listening more than dramatic volume. the connection has remained steady around my workspace, and i can move away briefly without the sound dropping out in ordinary use. compared with my older wired option, this is less restrictive when i need to reach for a notebook or answer something across the room. the older set never needed charging, so it still has that advantage, but candle vista 164 is much less awkward during a busy afternoon. pairing was straightforward, and returning to it after a break has not required repeated fiddling. controls are easy to find once learned, though i occasionally press the wrong one when i am working quickly. the sound is well suited to speech, background music, and quieter playlists. voices remain distinct, and music does not become tiring during a long session. it is not the most forceful presentation for someone seeking heavy bass, but that is not what i bought it for. i also appreciate being able to listen without having a cable crossing the desk or catching on a chair. after several weeks, the comfort and dependable connection matter more to me than small differences in sound character. candle vista 164 has made focused work calmer and more convenient than my previous arrangement. its minor control learning curve is easy to accept, and i would choose it again for a home office listening routine.",True
CORD000551,CUS00104,2019-12-13,Bakers,"[{""product"":""Vela Halo 137"",""quantity"":1},{""product"":""Vela Halo 281"",""quantity"":1}]",1290.63,14.51,-37.739213,145.051577,0,,Summer,False,9.2991,"i bought the vela halo 299 for a shared desk where my phone needs to stay visible without taking up another patch of workspace. after a couple of weeks it has settled into that role nicely. the base stays put when i tap the screen, and the support holds the phone at a useful angle for checking messages, joining a quick call, or following a recipe while i work nearby. i particularly appreciate being able to adjust the viewing position without dismantling anything. several people use the desk, yet returning it to a comfortable position takes only a moment. the finish has also remained tidy after being moved between the study and kitchen. it is not the smallest accessory in my drawer, so i would not choose it for carrying around all day, but that extra presence is part of why it feels secure on a shared surface. the support has made my phone easier to see and kept it out of the way of notebooks and cups. for hands-free use at home, the vela halo 299 has been a thoughtful, dependable addition.",True
CORD000552,CUS00043,2019-08-24,Thompson,"[{""product"":""Candle Edge 392"",""quantity"":1},{""product"":""Vela Nova 753"",""quantity"":1},{""product"":""Candle Vista 110"",""quantity"":1},{""product"":""Vela Halo 281"",""quantity"":2},{""product"":""Candle Lumen 220"",""quantity"":1}]",11186.82,16.48,-37.745018,144.961294,20,8965.94,Winter,False,7.6261,"candle flux 540 has handled my travel-based work with very little friction. i use it for preparing presentations, reviewing documents, joining meetings, and showing material to other people, and it remains responsive across that mix. the body is light enough to carry between locations without making my bag feel overloaded. its keyboard is comfortable for writing notes during a meeting, while the screen gives presentations a clean, readable appearance in ordinary rooms. starting work after a short break is quick, and the battery has generally covered a workday with moderate use. i have noticed the fan during longer periods of video calls, but it settles once that heavier activity ends. the ports are adequate for my usual accessories, although i carry a small adapter when visiting unfamiliar meeting rooms. after weeks of use, candle flux 540 feels like a well-balanced ultrabook: portable, capable, and dependable for the work i actually do.",True
CORD000553,CUS00308,2019-06-07,Bakers,"[{""product"":""Candle Orbit 548"",""quantity"":2},{""product"":""Vela Core 957"",""quantity"":1}]",783.61,10.78,-37.803751,144.988381,0,794.39,Winter,False,0.919,"candle quest 480 has settled into our home office better than expected. i use it for household forms, browsing, email, and shared administration, and it handles switching between those tasks without distracting pauses. the keyboard is comfortable for longer notes, while the screen remains readable from the side when someone else is checking a document. it wakes promptly and has remained consistent through repeated sessions around the house. the compact design also makes it simple to move from the desk to the kitchen table. i would prefer slightly stronger speakers for occasional video calls, but voices are still understandable. after owning it for a while, i value its calm, dependable performance and sensible everyday design.",True
CORD000554,CUS00361,2019-11-30,Thompson,"[{""product"":""Candle Orbit 674"",""quantity"":1},{""product"":""Candle Flux 162"",""quantity"":1},{""product"":""Candle Orbit 548"",""quantity"":1}]",1640.42,8.08,-37.806886,144.941708,20,1320.42,Spring,False,0.7974,"vela spark 189 has simplified the way i connect several devices when working away from my usual desk. its compact shape fits neatly in a pouch, and the ports are arranged so i can attach the equipment i need without a tangle of separate adapters. connections have been recognised promptly, and i have used it with a laptop, external storage, and other everyday accessories without interruptions. the casing has survived being moved between rooms and carried in a work bag, with no signs of the loose fit i have seen in cheaper accessories. the cable is a little short for some desk layouts, so placement sometimes takes thought. even so, vela spark 189 is convenient, capable, and a worthwhile way to reduce clutter in a mobile setup.",True
CORD000555,CUS00393,2019-05-07,Thompson,"[{""product"":""Candle Flux 162"",""quantity"":1},{""product"":""Candle Shift 916"",""quantity"":1}]",2919.06,13.96,-37.747619,144.887597,10,2641.11,Autumn,False,8.9244,"vela core 615 has made a few household routines easier to manage. i use it to control a power outlet on a schedule, so a device can switch on or off without me remembering the exact moment. the routine has been consistent during ordinary days, and i can change the schedule when my evening plans are different. the setup was reasonably clear, though i checked the instructions before making the first schedule because i wanted to avoid an unintended change. after that, the controls felt straightforward. i like having a quick way to check the current state, and the unit has remained unobtrusive near the furniture. the scheduling options are less flexible than i would want for complicated routines, but they cover my needs. vela core 615 is a useful, dependable addition for simple household automation.",True
CORD000556,CUS00271,2019-06-18,Thompson,"[{""product"":""Candle Edge 392"",""quantity"":2},{""product"":""Candle Orbit 674"",""quantity"":1},{""product"":""Candle Orbit 548"",""quantity"":1},{""product"":""Vela Core 957"",""quantity"":2},{""product"":""Candle Flux 162"",""quantity"":1}]",2934.86,30.23,-37.883581,144.910654,20,2378.12,Winter,True,8.5082,"i spent four weeks comparing the candle shift 592 with an older tablet while using both for sketching, light editing, reading references, and carrying ideas between rooms. the candle shift 592 feels more natural for this kind of creative work. the drawing surface responds predictably, and i can make short marks, adjust a composition, or review a page without waiting through the pauses that interrupted my previous workflow. it is also pleasant to use for reading when i am not drawing. the comparison was not completely one-sided. my older tablet had a slightly familiar layout, and i still reach for it when opening a project stored in an older format. once i am working, however, the candle shift 592 is easier to settle into. the size gives me room for a sketch without making the device awkward to carry, and the controls are close enough that i do not spend the whole session searching through menus. after a long drawing period the surface can feel warm, but it has remained comfortable for normal use. i would not choose this as the sole machine for demanding professional production. for lightweight creative work, quick drawings, and visual notes, it is a strong fit. the candle shift 592 has made me more willing to capture ideas immediately instead of waiting until i return to a desk. compared with my previous tablet, it offers a smoother and more focused experience, and i am very happy with the purchase.",True
CORD000557,CUS00126,2019-09-30,Bakers,"[{""product"":""Candle Orbit 548"",""quantity"":1}]",256.07,10.53,-37.773199,144.987633,5,253.8,Spring,False,4.1458,"i have used vela pulse 559 beside my adjustable desk for several weeks, mainly to keep my phone at eye level during calls and while following notes. the mount is straightforward to position, and the joints hold their angle without constant tightening. i can move the device aside when i need the desk surface, then return it to almost the same place. that small bit of consistency makes my work area feel much tidier. the base has remained steady through ordinary typing and tapping, and the holder suits the different cases i use. adjustments are smooth rather than stiff, although changing the angle with one hand can make the whole arm shift slightly. the finish has also survived being moved between my desk and a side table without visible wear. vela pulse 559 is a thoughtful, useful accessory for anyone who wants a better viewing position without permanently rearranging the desk.",True
CORD000558,CUS00104,2019-08-15,Bakers,"[{""product"":""Candle Edge 932"",""quantity"":1},{""product"":""Vela Core 957"",""quantity"":2},{""product"":""Vela Halo 281"",""quantity"":2}]",3094.9,30.9,-37.739213,145.051577,15,2661.57,Winter,True,9.2991,"i bought the vela halo 299 for a shared desk where my phone needs to stay visible without taking up another patch of workspace. after a couple of weeks it has settled into that role nicely. the base stays put when i tap the screen, and the support holds the phone at a useful angle for checking messages, joining a quick call, or following a recipe while i work nearby. i particularly appreciate being able to adjust the viewing position without dismantling anything. several people use the desk, yet returning it to a comfortable position takes only a moment. the finish has also remained tidy after being moved between the study and kitchen. it is not the smallest accessory in my drawer, so i would not choose it for carrying around all day, but that extra presence is part of why it feels secure on a shared surface. the support has made my phone easier to see and kept it out of the way of notebooks and cups. for hands-free use at home, the vela halo 299 has been a thoughtful, dependable addition.",True
CORD000559,CUS00096,2019-06-29,Nickolson,"[{""product"":""Candle Orbit 548"",""quantity"":1},{""product"":""Vela Halo 137"",""quantity"":2},{""product"":""Candle Flux 162"",""quantity"":1},{""product"":""Candle Edge 392"",""quantity"":1}]",,15.41,-37.870768,144.939617,15,2745.52,Winter,False,6.369,"i bought the candle shift 736 for weekends away and expected to use it mainly during quiet gaps in travel. instead, it has become the device i reach for whenever i have a spare half hour. its portable shape fits into my small bag without forcing me to rearrange everything, and i have carried it between rooms, on a train and to a friend's house. the first session was brief because i was learning the controls, but the layout soon felt natural. i have played both short games and longer sessions, depending on the day. the screen is bright enough for indoor use, movement feels responsive, and the controls have remained comfortable even when a session lasts longer than planned. starting a game while travelling is simple because the device wakes quickly and remembers where i stopped. i particularly like being able to play in a quiet corner without setting up a television or carrying several separate accessories. the built-in sound is suitable for casual use, though i use headphones when other people are nearby. after several weeks of carrying it around, the candle shift 736 has picked up no concerning marks and the controls still feel firm. the battery requires some planning before a long journey, especially if i expect to play continuously, and the display is less enjoyable in strong outdoor light. those limits are easy to work around. what matters is that the device has made gaming fit naturally into travel instead of turning travel into a gaming project. it is compact, inviting and reliable enough for the relaxed play i wanted.",True
CORD000560,CUS00123,2019-02-11,Nickolson,"[{""product"":""Candle Edge 392"",""quantity"":1},{""product"":""Vela Halo 137"",""quantity"":1},{""product"":""Vela Halo 281"",""quantity"":2},{""product"":""Candle Orbit 548"",""quantity"":1}]",2453.19,12.32,-37.870196,144.995324,20,1974.87,Summer,False,6.1679,"the candle quest 606 has become a reliable part of my desktop gaming setup for longer sessions. it supports game play and media capture without making the surrounding arrangement feel difficult to operate. controls are clearly placed, and the connected software presents the important options without burying them in unnecessary menus. i have recorded clips, monitored sessions, and adjusted levels while playing, with the system remaining responsive. the casing feels durable on the desk, though the unit takes up more room than a compact accessory would. after several hours, the controls remain comfortable to reach and the performance stays consistent. candle quest 606 is a capable piece of gaming hardware for anyone who wants recording and play to coexist smoothly. it has reduced setup friction and made my desktop routine more enjoyable.",True
CORD000561,CUS00451,2019-10-19,Thompson,"[{""product"":""Candle Vista 110"",""quantity"":2},{""product"":""Vela Core 957"",""quantity"":1},{""product"":""Vela Halo 137"",""quantity"":2}]",5424.43,9.65,-37.794297,144.923015,10,4891.64,Spring,False,2.9396,"i have been using the candle flux 162 for portable videos, reading, and regular family calls, and it has settled into a useful place in my routine. the screen is pleasant for watching content, the tablet wakes quickly, and moving between a call and another app is generally straightforward. it is light enough to carry from room to room without becoming tiring, while the casing has remained free of obvious wear during daily handling. video calls are acceptable when the surrounding room is quiet, although voices can sound slightly thin and the other person sometimes asks me to repeat myself. the controls are simple, but the on-screen keyboard feels cramped when i am writing anything longer than a short message. i also notice occasional hesitation after several apps have been open for a while, which means i sometimes close everything and start again. battery life covers an ordinary day of mixed use, though extended video playback reduces it more quickly than i expected. the candle flux 162 performs its basic tasks without drama, but it feels more practical than polished.",True
CORD000562,CUS00023,2019-01-27,Thompson,"[{""product"":""Candle Flux 162"",""quantity"":2},{""product"":""Vela Core 957"",""quantity"":2}]",2663.52,12.33,-37.768836,144.903618,0,2675.85,Summer,False,6.1918,"the candle orbit 386 has been a welcome option for gaming while travelling or moving around the house. its portable design makes it easy to pack, and the controls remain comfortable enough for sessions that last longer than a quick break. games respond promptly, with no distracting delay during the titles i have played, and the display is easy to follow in ordinary indoor lighting. setup is simple when i move between locations, and the hardware has survived being packed and unpacked without developing loose connections. battery duration depends on how demanding the game is, so i carry a charger for longer journeys, but that is a sensible precaution for portable equipment. the speakers are suitable for casual play, while headphones provide a more immersive experience. after several weeks of use, the candle orbit 386 has delivered dependable entertainment in places where a desktop setup would be impractical.",
CORD000563,CUS00175,2019-01-08,Thompson,"[{""product"":""Candle Edge 392"",""quantity"":1},{""product"":""Vela Halo 281"",""quantity"":1},{""product"":""Candle Orbit 674"",""quantity"":1},{""product"":""Candle Shift 916"",""quantity"":1}]",3089.32,12.34,-37.804599,144.877308,10,2792.73,Summer,False,6.194,"i bought the vela wave 319 before a series of short trips and have used it for sixteen days to carry my phone and a few small mobile items. the case has been easy to pack into a bag without making the contents feel loose. its shape gives the phone a defined place, while the separate space keeps a cable from rubbing against the screen. that simple organization has saved me from searching through pockets when i arrive somewhere. on the first journey i placed the case inside a crowded shoulder bag and was pleased to find the phone still protected when i reached my destination. since then i have carried it on public transport, set it beside a desk, and moved it between bags. the exterior has handled ordinary contact without showing immediate wear. the closure is easy to operate, and i can open it with one hand while holding the bag in the other. the interior is soft enough for the items i carry, and the case does not have a strong smell that lingers after opening. i have used the spare space for a small adapter and earbuds, although filling every part makes the case less flexible. it is primarily a protective storage solution rather than a large organizer, so i have kept my packing modest. that boundary has been clear and has not caused trouble. the vela wave 319 has brought a little order to travel days and gives me confidence that my phone is not moving unprotected among other belongings. the design is restrained, the materials feel suitable for regular handling, and the warranty is welcome. it is a small accessory, but it performs its role well and has become something i remember to pack automatically.",True
CORD000564,CUS00022,2019-01-22,Thompson,"[{""product"":""Candle Shift 916"",""quantity"":1},{""product"":""Candle Orbit 674"",""quantity"":3},{""product"":""Candle Orbit 548"",""quantity"":1}]",3087.02,21.01,-37.850213,144.935195,0,3108.03,Summer,True,4.3025,"i bought vela atlas 611 mainly for taking photos and keeping in touch, and it has settled comfortably into both parts of my day. the camera produces bright, detailed pictures in daylight, and the messaging screen is quick to open when i am moving between conversations. i have used it for family photos, documents, and casual shots while travelling locally, with results that are consistently pleasing on the phone itself. calls connect promptly, and switching between messages, maps, and other everyday apps has felt fluid. the handset is easy to carry, though its smooth finish means i prefer using it with a case. after a month of regular use, i have not needed to restart it to resolve anything troublesome. vela atlas 611 is not a specialist camera, but it gives me a balanced combination of photography, communication, and ordinary mobile tasks.",True
CORD000565,CUS00188,2019-07-16,Thompson,"[{""product"":""Candle Orbit 548"",""quantity"":1},{""product"":""Vela Nova 753"",""quantity"":1}]",4659.68,,-37.816781,144.902519,10,4207.06,Winter,False,3.94,"i have worn vela core 1047 for about twenty days, using it mainly for habit reminders and checking the time during ordinary routines. the lightweight design is comfortable, and the display is clear enough for a quick glance while walking or working. setting a reminder was straightforward, and the alerts have helped me remember small tasks without reaching for my phone. timekeeping has remained consistent, which is the part i use most often. the device feels more limited when i try to manage several reminders or review older activity. the menus require a few extra taps, and the small screen is not ideal for reading longer information. one reminder did not appear until i reopened the connected application, so i still keep important tasks elsewhere. vela core 1047 is a pleasant basic wearable for time checks and occasional prompts. it does those jobs with little fuss, but the cramped interface and one delayed alert leave it feeling more suitable for simple routines than detailed daily planning.",True
CORD000566,CUS00050,2019-01-24,Thompson,"[{""product"":""Vela Core 957"",""quantity"":1}]",271.47,12.9,-37.752038,144.925886,20,230.08,Summer,False,6.9946,"vela nova 123 has made family viewing less awkward than it was with our previous display. we have used it for films, television programmes, and shorter clips, and the main difference is how readily everyone can join in. the picture is easy to see from the side of the room, and the interface is clear enough for different family members to browse without asking for help. our old display worked, but its menus felt slow and individual streaming choices often turned into a small argument about who was controlling it. the sound is suitable for ordinary evening viewing, with voices remaining understandable when the room is occupied. i would still use separate equipment for a more serious cinema experience, but that is not what we needed. vela nova 123 handles the everyday job with less fuss. switching between services is straightforward, and the remote has not caused the repeated confusion that came with the older unit. the screen also wakes promptly when we settle down for a programme, so there is less waiting before everyone can watch. the one limitation is that the built-in options do not remove every reason to use another device. a few less common services are more convenient from a separate player, and the screen can feel rather large when viewed from close up. those are manageable points in our room. compared with the display it replaced, vela nova 123 is more welcoming for shared film and television sessions, and it has become the screen the household reaches for first.",True
CORD000567,CUS00410,2019-10-21,Bakers,"[{""product"":""Candle Orbit 548"",""quantity"":2},{""product"":""Candle Edge 932"",""quantity"":1},{""product"":""Candle Edge 392"",""quantity"":2}]",2754.12,26.24,-37.739436,145.000473,0,2780.36,Spring,True,7.8594,"i used candle edge 1040 for travel-based work and presentations, then compared it with a heavier laptop that had been dependable for the same tasks. the older machine was inconvenient to carry, but it opened documents without long pauses and handled a presentation while several browser tabs were running. candle edge 1040 was lighter in the bag yet more difficult to trust. resuming from sleep sometimes left the screen dark, and i had to close and reopen the lid before work could continue. the keyboard feels cramped during long typing sessions, with several keys requiring an awkward reach. the trackpad also registered unintended touches while i was writing, which caused missed words and accidental selections. during a presentation, switching between slides and notes produced delays that were not present on the older laptop. these interruptions were embarrassing in front of other people and made preparation more stressful than the reduced weight justified. battery use was another poor comparison. short sessions away from a power outlet were manageable, but longer travel days required constant attention to the remaining charge. the casing picked up marks quickly, and the hinge developed a loose feel after ordinary opening and closing. candle support recommended updates and a restart, but the sleep and presentation problems returned. candle edge 1040 performs basic office tasks, yet its awkward keyboard, unreliable resume behavior, and weak travel endurance leave it behind a less portable but far less frustrating alternative.",False
CORD000568,CUS00134,2019-05-25,Thompson,"[{""product"":""Candle Orbit 674"",""quantity"":1},{""product"":""Candle Flux 162"",""quantity"":2},{""product"":""Candle Orbit 548"",""quantity"":1}]",2700.71,7.39,-37.808208,144.945969,20,2167.96,Autumn,False,0.5058,"vela wave 355 has made app-controlled room lighting pleasantly simple. i can switch the lights while seated, adjust the room before guests arrive, and turn everything off without walking around to each control. the app responds promptly during normal use and the settings are easy to understand. it is less useful when my phone is out of reach, but the everyday convenience has been a clear improvement.",True
CORD000569,CUS00255,2019-02-17,Thompson,"[{""product"":""Vela Nova 753"",""quantity"":1}]",4403.61,12.59,-37.765283,144.902592,15,3755.66,Summer,False,6.5607,"the candle arc 402 has been used for reading articles, marking documents and making handwritten notes during the past month. the screen gives pages a comfortable amount of space, and compared with a phone it is much easier to review a long document without constant zooming. annotation tools are available quickly once i learned their arrangement. the writing response feels natural for short notes, though longer handwritten passages are less fluid than on the dedicated note device i have tried. i found the candle arc 402 useful for highlighting and adding brief comments beside text. switching between reading and writing works without much confusion, but a few gestures are not obvious at first. the tablet is light enough for a desk or lap, while holding it in one hand for a long time becomes tiring. text remains sharp at normal size, and the casing has handled being moved between rooms without concern. i have not used it as my main entertainment tablet because the note-taking layout is clearly its priority. compared with paper, it keeps documents and annotations together and avoids carrying several notebooks. compared with a laptop, it is quieter and more direct for marking pages but less suitable for substantial typing. the candle arc 402 fits a reading and annotation routine well, although people expecting effortless long-form handwriting or a general-purpose computer should weigh those limitations.",True
CORD000570,CUS00467,2019-02-17,Thompson,"[{""product"":""Candle Vista 110"",""quantity"":1},{""product"":""Candle Orbit 548"",""quantity"":1}]",2072.66,14.33,-37.859571,144.909271,15,1776.09,Summer,False,6.1816,"candle flux 810 has been disappointing for study and research. note-taking documents opened slowly, and moving between browser pages left the system unresponsive for several seconds. the keyboard felt cramped during longer writing sessions, while the trackpad produced awkward scrolling and missed gestures. it can display notes and basic pages, but heavier reading quickly becomes frustrating. after repeated delays during ordinary coursework, i regret buying this ultrabook and cannot recommend it.",
CORD000571,CUS00490,2019-08-31,Bakers,"[{""product"":""Vela Halo 281"",""quantity"":1},{""product"":""Candle Orbit 674"",""quantity"":1},{""product"":""Candle Flux 162"",""quantity"":1}]",1915.09,10.88,-37.802938,144.98759,0,1925.97,Winter,False,1.0328,"i have used candle bloom 622 for field forms and client presentations, and it has become more useful than the general tablet i kept for occasional browsing. forms are readable outdoors in ordinary conditions, switching between pages is smooth, and the size makes it easier to carry from one appointment to the next. during presentations, the screen gives a clear view to a small group without requiring everyone to crowd around a laptop. the comparison with my older tablet is most noticeable during preparation. i can review a form, make a correction, and bring up the presentation without losing track of where i was. the casing feels suitable for regular travel between meetings, and the device has remained responsive after repeated handling. it is not as spacious as a full notebook for typing long notes, so i would not choose it for extended document writing. for short entries and visual material, however, that tradeoff is reasonable. over time, candle bloom 622 has made client visits feel more organised. the previous tablet was adequate for showing slides but less comfortable when a form also needed attention. this one handles both parts of the routine with fewer interruptions. its focused design does not offer every feature of a larger computer, yet it provides the portability and presentation clarity i wanted. i consider it a dependable choice for mobile forms and face-to-face demonstrations.",True
CORD000572,CUS00069,2019-05-18,Thompson,"[{""product"":""Vela Halo 137"",""quantity"":1},{""product"":""Candle Shift 916"",""quantity"":1},{""product"":""Candle Orbit 674"",""quantity"":1},{""product"":""Candle Vista 110"",""quantity"":1}]",4759.31,10.42,-37.844288,144.917313,0,4769.73,Autumn,False,4.3804,"candle flux 792 has become my regular tablet for quick sketches, annotations, and small creative tasks. the display is comfortable to work on, and the pen response feels natural once the settings are adjusted. it is light enough to move between rooms and wakes promptly when an idea occurs. larger projects would benefit from more workspace, but for drawing and lightweight editing it has been a genuinely useful purchase.",True
CORD000573,CUS00235,2019-01-27,Thompson,"[{""product"":""Candle Edge 392"",""quantity"":2},{""product"":""Candle Orbit 674"",""quantity"":1},{""product"":""Vela Core 957"",""quantity"":1},{""product"":""Candle Vista 110"",""quantity"":1}]",3163.62,8.39,-37.807685,144.947722,25,2381.11,Summer,False,0.5576,"vela echo 349 was intended to keep a phone upright during calls in a shared workspace, and it has done that without making the desk feel crowded. i used to balance my device against stationery or a cup, which worked only until someone moved an item. this support gives the phone a predictable place, so i can see incoming messages and join a call while keeping both hands available for notes. the adjustable position has been the most valuable part. i can set the screen toward myself during private work, then turn it slightly when a colleague needs to view a document. the base stays in place on the desk, and the support has held my phone securely during typing and charging. it has also reduced the awkward cable bends that happened when the phone was lying flat near the edge. over time, several people have used the accessory, and nobody has needed much instruction. the adjustment points remain firm, while changes are still possible without excessive force. i have moved it between two desks when needed, and the compact shape makes that simple. the finish has stayed presentable, although dust is visible on the darker surfaces and needs an occasional wipe. it can take a moment to find the right angle with a thicker case, and a very heavy device makes the support feel less balanced. those are minor constraints rather than serious defects. vela echo 349 has brought order to a messy part of the shared workspace and has made calls and reference tasks more comfortable. i am glad to have a simple accessory that continues to be useful every day.",True
CORD000574,CUS00307,2019-02-07,Nickolson,"[{""product"":""Vela Halo 137"",""quantity"":1},{""product"":""Candle Flux 162"",""quantity"":1},{""product"":""Candle Orbit 674"",""quantity"":1},{""product"":""Vela Core 957"",""quantity"":1}]",2415.71,21.91,-37.866177,144.949168,10,2196.05,Summer,True,5.5854,"vela core 849 has made hands-free device use much easier at our shared workspace. we use it to support a phone during calls, reference documents, and occasional demonstrations, and the device stays at a sensible viewing angle instead of sliding around among papers. several people can use it without needing to adjust the stand dramatically each time. the base occupies little desk space, while the support feels firm during ordinary tapping and swiping. i have moved it between desks and found the construction solid enough for regular handling. very large or unusually heavy devices may need more careful positioning, so i would not assume every size will behave identically. for the phones and tablets we normally use, vela core 849 has remained stable and convenient. it has reduced neck bending during calls and made shared information easier to see, which is exactly the modest improvement i wanted from this accessory.",True
CORD000575,CUS00129,2019-10-05,Thompson,"[{""product"":""Candle Lumen 220"",""quantity"":1},{""product"":""Candle Flux 162"",""quantity"":3},{""product"":""Candle Shift 916"",""quantity"":1},{""product"":""Vela Nova 753"",""quantity"":1}]",12972.64,13.78,-37.766093,144.949569,5,12337.79,Spring,False,5.1841,"vela echo 745 moves blinds when controlled manually, but scheduled routines fail too often. the morning routine may start late, the curtain can stop halfway, and the app gives no useful warning. i changed the schedule and restarted the system, but the improvement lasted only briefly. manual control works, although relying on it defeats the automation. after several weeks, the unpredictable behaviour is frustrating and i cannot trust this device with regular blind routines.",False
CORD000576,CUS00325,2019-09-28,Bakers,"[{""product"":""Candle Flux 162"",""quantity"":3},{""product"":""Candle Orbit 548"",""quantity"":1}]",3436.94,9.88,-37.82284,145.028594,10,3103.13,Spring,False,3.2601,"after a month with the vela pulse 721, i have a fairly balanced view of it. i bought it mainly for work calls and calendar management, and those tasks have been handled without drama. calls sound crisp in a quiet room, the screen is readable during a meeting, and calendar alerts arrive promptly. moving between a call, an email, and the calendar feels responsive enough for an ordinary workday. the phone also feels manageable in one hand, although the smooth finish can make it awkward to grip when i am carrying other things. compared with my previous phone, the vela pulse 721 makes schedule changes quicker because the calendar view is more spacious and the display wakes promptly. the 5g connection has also been a benefit on my commute, where pages generally load without the pauses i was used to. on the other hand, my older phone had a simpler notification layout. i needed several days to get used to finding missed call alerts among the other icons, and the amount of visible information can feel busy. battery life has been sufficient for a normal day of calls, messages, and calendar checks, but a long stretch of video or hotspot use leaves less reserve than i expected. setup was straightforward, and transferring contacts and appointments took little effort. the build seems solid after regular handling, with no looseness around the buttons or charging port. i have not needed support, so i cannot judge how the warranty service would perform. for work, the pulse 721 is a capable step up in connectivity and screen space, but it is not an automatic upgrade for someone who values a quieter interface or spends heavily on demanding apps. i am satisfied with its core role and will keep using it, while still seeing a few practical reasons to compare alternatives before buying.",True
CORD000577,CUS00152,2019-07-27,Bakers,"[{""product"":""Candle Orbit 548"",""quantity"":1},{""product"":""Vela Nova 753"",""quantity"":2},{""product"":""Candle Edge 392"",""quantity"":2}]",9814.79,16.47,-37.831025,145.014766,5,9340.52,Winter,False,2.9003,"candle shift 268 was installed to connect several shared household devices, but performance becomes poor as soon as the network is busy. one device may stream while another loses access, and a third can remain connected without loading anything. reconnecting requires repeated resets, which is frustrating when people are using the network at the same time. the setup screen gives little explanation for a failure, so troubleshooting becomes guesswork. i moved the unit, changed the wireless channel and reduced the number of devices, but the drops continued. a single phone can browse through it for a while, yet this narrow result does not meet the needs of a shared household. candle shift 268 has created unreliable access and more complaints instead of solving the connection problem.",False
CORD000578,CUS00335,2019-01-21,Thompson,"[{""product"":""Vela Nova 753"",""quantity"":2},{""product"":""Candle Orbit 548"",""quantity"":3},{""product"":""Candle Edge 392"",""quantity"":1},{""product"":""Candle Shift 916"",""quantity"":2},{""product"":""Candle Flux 162"",""quantity"":2}]",15789.3,12.81,-37.777093,144.883039,10,14223.18,Summer,False,6.8779,"after thirty-eight days with candle bloom 964, i find it better suited to quiet desk work than the older wireless headphones i used before it. the sound has enough warmth for background music, while voices and lighter instruments remain distinct when i am concentrating on writing or reading. i do not have to keep adjusting the volume as tracks change, and the wireless connection has stayed steady across my desk and nearby room. that consistency matters more to me than an exaggerated bass effect. the main comparison is with a bulkier pair that sounded slightly wider but became tiring during a long afternoon. candle bloom 964 feels less intrusive, and its controls are straightforward when i need to pause a track or answer a call. the ear sections can feel warm after several hours, so i still take a short break during a particularly long session. that is a minor limitation rather than a daily problem. setup was quick, and the included warranty gives me some reassurance about keeping it for regular use. for focused work, this is the pair i reach for first. it does not try to replace a specialist listening setup, but it balances clear sound, convenient wireless use, and manageable comfort more successfully than the alternatives i have owned. the presentation is pleasantly calm, the connection has not surprised me with dropouts, and the overall design feels sensible. i would choose it again for music at a desk.",True
CORD000579,CUS00372,2019-05-23,Thompson,"[{""product"":""Candle Flux 162"",""quantity"":1},{""product"":""Vela Halo 281"",""quantity"":1}]",1591.03,10.03,-37.847489,144.942744,15,1362.41,Autumn,False,3.89,"vela wave 211 has been a strong companion for photographs, messages, and ordinary travel use. images look bright in daylight, messages arrive promptly, and moving between apps feels natural. i have carried it daily for several weeks without the controls becoming irritating. low-light photographs are less impressive and need a steady hand, but that is a minor trade-off. it has made communication and casual photography pleasantly uncomplicated.",True
CORD000580,CUS00263,2019-09-15,Bakers,"[{""product"":""Vela Halo 137"",""quantity"":1}]",759.89,14.25,-37.743969,145.059244,0,774.14,Spring,False,9.2495,"i bought candle arc 222 for field forms and client presentations, and it has handled both parts of that job with little fuss. the tablet is light enough to carry between meetings, yet the display is large enough for a customer to read without leaning over it. entering information on forms is comfortable, and switching to presentation material does not interrupt the flow of a meeting. the battery has covered my normal working day, though i make a point of charging it before a particularly busy outing. i have also appreciated how quickly it wakes when i need to show something. candle arc 222 is not a substitute for a full desktop setup, but for mobile appointments it is capable, polished, and easy to keep in use.",True
CORD000581,CUS00486,2019-02-25,,"[{""product"":""Candle Orbit 674"",""quantity"":1},{""product"":""Candle Orbit 548"",""quantity"":1},{""product"":""Candle Lumen 220"",""quantity"":2},{""product"":""Vela Core 957"",""quantity"":1}]",7910.38,9.98,-37.799877,144.91919,0,7920.36,Summer,False,2.8326,"vela nova 141 has settled into my family routine nicely. calls connect promptly, messages arrive when expected, and casual apps remain responsive while i move between them. the camera is sufficient for quick family photos, although it struggles a little in dim rooms. i have also appreciated not having to restart the phone during busy days. it feels like a practical handset that handles communication and ordinary browsing without creating extra work.",True
CORD000582,CUS00131,2019-02-14,Bakers,"[{""product"":""Candle Edge 392"",""quantity"":1},{""product"":""Candle Orbit 548"",""quantity"":1},{""product"":""Vela Core 957"",""quantity"":2}]",1174.76,10.3,-37.807434,145.032496,15,1008.85,Summer,False,3.286,"i bought candle flux 630 for shared home-office administration, and it has been a noticeable step up from the older laptop that everyone was taking turns using. web forms, email, document editing, and video meetings all work together without the constant pauses i had become used to. it starts quickly enough for an unexpected task, and the slim shape makes it easy to move between the desk and kitchen table. the screen is comfortable for reading records and filling in forms. text remains clear when i split the view between a browser and a document, which is much more practical than the cramped arrangement on the previous machine. the keyboard has a sensible layout and enough travel for long entries. i still find the touchpad slightly less precise than a separate mouse, especially when selecting small fields, but that is a minor annoyance rather than a daily obstacle. compared with our old laptop, candle flux 630 handles several ordinary applications with less hesitation. it is not intended for demanding creative work, and i would not choose it for heavy games or complex video production. for administration, research, calls, and shared household paperwork, its restrained performance is exactly what we need. the fan can be heard when many browser tabs are open, though it settles once the workload drops. after weeks of alternating use, the build has held up well and the hinge still feels firm. the battery lasts through a useful stretch of errands and meetings, although i carry the charger for a full day away from an outlet. as a shared work laptop, candle flux 630 is more dependable and less frustrating than the machine it replaced.",True
CORD000583,CUS00030,2019-10-15,Thompson,"[{""product"":""Candle Flux 162"",""quantity"":1},{""product"":""Vela Core 957"",""quantity"":2},{""product"":""Candle Orbit 674"",""quantity"":1}]",1927.29,11.04,-37.832567,144.897941,25,1456.51,Spring,False,4.8491,"vela pulse 397 has fitted neatly into my day for habit reminders and quick time checks. the screen is readable, alerts are noticeable, and the basic controls are easy to understand. wearing it for a full day can become less comfortable, while changing a reminder takes more taps than it should. it is a pleasant, focused wearable for simple routines, although anyone seeking extensive features may find it limited.",True
CORD000584,CUS00070,2019-10-23,Nickolson,"[{""product"":""Candle Orbit 548"",""quantity"":1},{""product"":""Candle Orbit 674"",""quantity"":2}]",904.19,11.71,-37.839523,144.972799,10,825.48,Spring,False,2.3445,"i purchased vela core 615 to schedule a household outlet while i was away from the room. the physical setup was not especially complicated, but the instructions were vague about the order of pairing, adding the outlet, and creating a schedule. the first attempt ended with the outlet visible but unavailable for control. i had to remove it and start again, and the application did not explain what had gone wrong. that early confusion became a warning about the amount of supervision this product would require. the schedules were unreliable in everyday use. an outlet could turn on at the expected point one day and miss the same routine the next day. the application sometimes displayed the schedule as active even though the connected appliance remained off. i recreated the routine, changed the time settings, and restarted both the outlet and the control application. none of those steps removed the uncertainty. manual switching from the control screen usually produced a response, but the product was bought for scheduled control, so a command that works only when watched is not enough. i used it with a lamp and a small household device, keeping the routine simple. even with that limited arrangement, a missed action meant checking the outlet physically and correcting it by hand. after a network interruption, i found the schedule still listed but no longer operating. the indicator on the unit was too limited to show whether the next action was queued or lost. i became reluctant to connect anything that needed predictable timing because the failure was quiet and easy to overlook. the warranty support exchange added to the frustration. the response suggested resetting the outlet and rebuilding the schedule, which i had already done several times. there was no explanation for the disagreement between the displayed status and the physical outlet. vela core 615 can switch when directly commanded, but the scheduled behaviour remains inconsistent and the feedback is poor. instead of reducing routine checks, it created them. the missed actions, awkward setup, and lack of dependable status make this a disappointing purchase that i cannot recommend.",False
CORD000585,CUS00441,2019-07-20,Bakers,"[{""product"":""Candle Orbit 548"",""quantity"":2}]",512.14,28.07,-37.853091,145.035724,0,540.21,Winter,True,5.9673,"candle arc 204 has made commuting more pleasant by giving me a reliable way to listen to music and spoken content on the move. pairing was quick, and the connection has remained steady during ordinary journeys through busy public spaces. voices in podcasts are clear, while music has enough balance for casual listening without becoming tiring. the fit stays comfortable through a commute, although after several hours i become aware of the ear pieces and need a short break. controls for pausing and adjusting volume are easy to use without looking, which is useful when walking. the carrying case takes little room in my bag, and the wireless connection has resumed promptly after i return. candle arc 204 is not aimed at studio-level listening, but for commuting, it has been dependable, comfortable and enjoyable.",True
CORD000586,CUS00448,2019-06-02,Thompson,"[{""product"":""Vela Halo 137"",""quantity"":1},{""product"":""Vela Halo 281"",""quantity"":1}]",1290.63,16.87,-37.740383,144.957253,20,1049.37,Winter,False,8.088,"i bought vela nova 699 for a shared office where i often need my phone visible during calls and while following messages. the stand has made that arrangement much less awkward. it holds the device securely, leaves the screen at a useful angle, and keeps the phone from disappearing under notebooks or cables. i have moved it between two desks several times, and the base has remained steady on both surfaces. after more than a month of daily use, the adjustment points still feel firm without being difficult to reposition. i can glance at notifications, join a meeting, or keep a reference page open while working on my computer. it is not especially small when packed away, and the angle range is not unlimited, but those are minor compromises for a hands-free support that has become part of my normal workspace. vela nova 699 feels thoughtfully made and has performed consistently.",True
CORD000587,CUS00345,2019-02-14,Thompson,"[{""product"":""Vela Halo 137"",""quantity"":1},{""product"":""Candle Orbit 548"",""quantity"":1},{""product"":""Vela Halo 281"",""quantity"":1},{""product"":""Candle Orbit 674"",""quantity"":2},{""product"":""Vela Core 957"",""quantity"":1}]",2466.29,20.64,-37.81723,144.904538,10,2240.3,Summer,True,3.7703,"the vela core 705 has made room lighting easier to control when i am already settled at my desk or on the sofa. the app responds quickly to ordinary on and off commands, and setting a routine for the evening was straightforward. i can also make a manual change when the weather or my schedule is different. i have used it for a desk lamp, hallway light, and a small routine that turns lights on before i arrive home. the current state is represented clearly, so i do not have to guess whether a command worked. other household members learned the basic controls quickly, which matters more to me than a long list of advanced features. the system is focused on simple lighting rather than elaborate scenes, and that keeps it approachable. vela core 705 has been consistent in ordinary use and has reduced the need to cross the room for small adjustments. it is a modest automation device, but it performs its intended task well.",True
CORD000588,CUS00160,2019-11-20,Bakers,"[{""product"":""Candle Lumen 220"",""quantity"":1},{""product"":""Vela Nova 753"",""quantity"":2},{""product"":""Candle Edge 392"",""quantity"":1}]",12712.36,9.19,-37.802122,145.019558,10,11450.31,Spring,False,2.3095,"vela core 327 gives me a simple summary after walks and exercise sessions, which is exactly what i wanted. the information is quick to review, the wearable stays in place, and the band remains comfortable through ordinary movement. i can spot patterns in my activity without opening another device. more serious athletes may want deeper analysis, but casual tracking is handled very well. it has made my routine feel more visible and manageable.",True
CORD000589,CUS00472,2019-11-09,Thompson,"[{""product"":""Vela Halo 281"",""quantity"":1},{""product"":""Candle Edge 932"",""quantity"":1},{""product"":""Candle Orbit 548"",""quantity"":1},{""product"":""Vela Halo 137"",""quantity"":1},{""product"":""Candle Edge 392"",""quantity"":2}]",3788.68,9.78,-37.801831,144.914224,0,3798.46,Spring,False,3.1272,"vela atlas 665 has made scheduled control of a household power outlet much more consistent than the plug timer i previously used. i set it for routine lamps and a small appliance, and the schedule has followed the same pattern without the drift that developed with the older timer. being able to change the timing without reaching behind furniture is the most noticeable convenience. the controls are simple enough for occasional adjustments. i can pause a schedule when plans change and restore it later, which is more flexible than manually turning the old timer’s dial. the outlet remains usable for ordinary switching, and the device has fitted into the existing space without making the surrounding plugs difficult to reach. i still check the setting after a power interruption because i prefer not to assume that every schedule will survive every household event. compared with my previous timer, vela atlas 665 gives me a clearer view of what is supposed to happen and when. that has been useful for a lamp that needs to operate at different times on different days. the physical button is slightly awkward to press when the outlet is tucked behind a cabinet, and the indicator is not very visible from across the room. those are minor design limitations rather than problems with the routine control itself. i do not use it for anything that must be supervised as a safety measure, and i keep the schedule modest. within that boundary, it has been dependable and less fiddly than the mechanical timer. vela atlas 665 is a practical upgrade for simple household routines because it replaces guesswork and repeated manual adjustments with predictable control.",True
CORD000590,CUS00405,2019-08-28,Nickolson,"[{""product"":""Candle Orbit 674"",""quantity"":1},{""product"":""Candle Edge 392"",""quantity"":1},{""product"":""Vela Core 957"",""quantity"":1},{""product"":""Vela Halo 281"",""quantity"":1}]",1502.02,10.96,-37.823951,144.980497,5,1437.88,Winter,False,1.131,"candle vista 578 replaced an older network unit that had become unpredictable whenever several people were online. i compared the two during video meetings and evening media streaming, which are the situations that previously exposed the weakness. the newer unit has made those activities more consistent across the house. my meetings no longer suffer from the same interruptions, and streaming continues without as much stopping when another person starts using the connection. installation was not instant because i wanted to place the unit carefully and reconnect each household device in an orderly way. once that was done, the connection stayed dependable through normal busy periods. i tried different rooms, moved between a meeting and a streamed program, and left several devices active at the same time. candle vista 578 handled that household mix with less fuss than the previous unit. the settings offer more choices than i need, so a first-time user may spend some time working out which options matter. compared with the old network equipment, this is a clear improvement in everyday confidence. it has not transformed the limits of the internet service itself, and a remote corner of the house is still not as strong as the central rooms. even so, the connection is much less distracting during meetings and more pleasant for shared streaming. after forty-eight days, candle vista 578 feels like a sensible upgrade for a busy home, and i am happy with the result.",True
CORD000591,CUS00073,2019-10-17,Thompson,"[{""product"":""Vela Core 957"",""quantity"":1},{""product"":""Candle Orbit 674"",""quantity"":2}]",919.59,14.83,-37.887802,144.883515,25,704.52,Spring,False,10.0462,"for the last sixteen days, vela core 993 has served as a shared display for presentations and family photo viewing. i have used it to show slides during small discussions, browse albums after dinner, and display images while several people are gathered around the room. the picture remains easy to see from the side, and changing between content is simple enough that nobody needs a long explanation. its size makes it more suitable for a room or table than for carrying around, and the stand takes a little space on a crowded surface. those details have not reduced its usefulness in the setting where i use it. vela core 993 gives our household a clear, convenient way to share visual material without setting up a complicated arrangement.",True
CORD000592,CUS00329,2019-07-06,Thompson,"[{""product"":""Candle Orbit 548"",""quantity"":1},{""product"":""Candle Edge 392"",""quantity"":1}]",631.82,13.63,-37.786151,144.911925,10,582.27,Winter,False,4.2699,"the vela atlas 593 has worked well in our meeting room for presentations and photo viewing. slides look crisp enough for a group to follow, and switching between a presentation and a folder of photographs is straightforward. i have used it for small team updates as well as showing travel pictures to visitors, and people can see the content clearly from the side of the room. the controls are sensibly arranged, so i did not need to keep searching for basic functions after the first session. it takes a moment to wake from standby, which is mildly inconvenient when a meeting starts suddenly, but it has not disrupted any presentation. photos have good colour and detail in normal lighting. the vela atlas 593 is a polished, dependable display for shared viewing.",True
CORD000593,CUS00449,2019-05-13,Bakers,"[{""product"":""Candle Orbit 548"",""quantity"":1},{""product"":""Candle Edge 932"",""quantity"":2},{""product"":""Vela Nova 753"",""quantity"":3},{""product"":""Candle Flux 162"",""quantity"":1}]",17508.15,13.06,-37.74081,145.007973,20,14019.58,Autumn,False,7.7742,"vela echo 331 has handled travel planning and entertainment very well. maps open quickly, saved places are easy to find, and media remains enjoyable during longer journeys. the screen is clear in changing light, and the phone feels balanced while held one-handed. navigation and video together use more battery, as expected, but ordinary travel days have been comfortable and trouble-free.",True
CORD000594,CUS00291,2019-06-02,Nickolson,"[{""product"":""Candle Flux 162"",""quantity"":1},{""product"":""Vela Halo 281"",""quantity"":1}]",1591.03,19.6,-37.876871,144.955693,20,1292.42,Winter,False,6.5932,"the vela pulse 739 was meant to connect several devices through one compact adapter, but it has caused repeated problems at my desk. the adapter is small, yet its ports are positioned so closely that wider cables block neighbouring sockets. devices are detected inconsistently, especially after the computer wakes from sleep, and reconnecting often requires unplugging everything. during heavier use, one connected device has disappeared without warning. the casing also becomes noticeably warm, which makes me hesitant to leave it attached for long periods. it can pass a connection through a single port, but that basic operation is not enough for a multi-device setup. the cramped layout and unreliable detection are frustrating. i regret buying the vela pulse 739.",False
CORD000595,CUS00171,2019-05-01,Bakers,"[{""product"":""Candle Edge 932"",""quantity"":1},{""product"":""Candle Lumen 220"",""quantity"":1}]",5019.87,13.8,-37.779142,145.034644,20,4029.7,Autumn,False,4.8747,"vela wave 1003 caused repeated frustration during shared film and television viewing. the display occasionally froze while content was playing, and resuming often required backing out through several menus. sound and picture also became briefly out of sync during longer programs. the remote response was slow enough that family members stopped using it without complaints. it displays basic video, but the interruptions make it a poor choice for regular household viewing.",False
CORD000596,CUS00010,2019-10-30,Bakers,"[{""product"":""Vela Halo 137"",""quantity"":1},{""product"":""Candle Orbit 674"",""quantity"":1},{""product"":""Candle Vista 110"",""quantity"":3},{""product"":""Candle Orbit 548"",""quantity"":1},{""product"":""Candle Shift 916"",""quantity"":1}]",8648.56,10.2,-37.811634,145.03732,10,7793.9,Spring,False,3.7018,"candle shift 646 has produced usable recordings for game streaming and media capture. after the initial configuration, the main workflow is straightforward and footage remains consistent during ordinary sessions. changing sources mid-stream is awkward, and longer recording periods make the unit noticeably warm. the controls provide the necessary options but are not arranged especially intuitively. it is suitable for occasional capture work, while frequent streaming would benefit from a smoother setup.",True
CORD000597,CUS00162,2019-05-27,Nickolson,"[{""product"":""Candle Vista 110"",""quantity"":2},{""product"":""Vela Halo 281"",""quantity"":2},{""product"":""Candle Orbit 548"",""quantity"":1}]",4950.73,15.88,-37.883444,144.944697,20,3976.46,Autumn,False,7.5338,"vela echo 115 was purchased to manage a household power outlet on a schedule, but the experience has been disappointing from the beginning. setup required several attempts before the outlet appeared in the application, and the instructions did not make the failure clear. once connected, manual switching worked often enough to suggest the hardware was functioning, yet scheduled control was far less dependable. some routines ran at the expected time, while others were delayed or ignored without a useful explanation. i used it for a lamp and later for a small appliance, and both behaved inconsistently. checking the application repeatedly became part of the routine, which defeated the purpose of automation. when the network connection changed, i had to reconnect the outlet and recreate part of the schedule. the application is also awkward. the current outlet state can be found, but the schedule screen makes it difficult to tell whether a rule is active. notifications do not clearly distinguish a completed action from a failed one. the outlet itself switches on when commanded manually, so its basic function operates, but the unreliable scheduling is the reason i bought it and the reason i am unhappy. vela echo 115 has not given me enough confidence to leave an appliance under its control. missed schedules, poor status information, and repeated reconnection make it frustrating to use. i now check the outlet by hand and have removed it from the appliance i originally intended to automate. this is an unreliable product that i cannot recommend.",False
CORD000598,CUS00473,2019-03-04,Nickolson,"[{""product"":""Candle Flux 162"",""quantity"":1},{""product"":""Vela Core 957"",""quantity"":2},{""product"":""Candle Orbit 548"",""quantity"":1}]",1859.3,12.29,-37.874437,145.000588,5,1778.62,Autumn,False,6.7811,"i placed vela core 975 indoors to keep track of temperature and humidity in the rooms we use most. the readings are easy to view, and checking changes from the app has become part of my routine. the app sometimes takes a moment to refresh, and the historical information is less convenient to review than current readings. the device itself has been unobtrusive and consistent enough for household awareness. it is useful for monitoring, though the software feels unfinished.",True
CORD000599,CUS00198,2019-08-23,Thompson,"[{""product"":""Candle Flux 162"",""quantity"":1},{""product"":""Candle Shift 916"",""quantity"":3},{""product"":""Candle Edge 392"",""quantity"":2}]",7388.1,14.12,-37.801475,144.893805,10,6663.41,Winter,False,4.8422,"candle flux 756 is more suitable for my long desktop gaming sessions than the compact hardware i had before. the earlier setup was convenient for quick play, but after an hour i wanted more room and found myself adjusting the controls repeatedly. this equipment gives the session a more settled feel, with controls that remain responsive during extended play and a layout that is easy to find without looking away from the screen. i compared both arrangements over several evenings, using the same casual games and varying the session length. the biggest difference is comfort: candle flux 756 lets me keep my hands in a natural position for longer, and the equipment stays steady when the pace becomes more active. it also fits the desktop without forcing me to clear everything else away, which makes starting a session less of a project. the system handled repeated use without unexpected pauses, and returning to ordinary desktop work afterward was straightforward. the controls may feel more substantial than necessary for someone who only plays for a few minutes at a time, and the larger form takes more space than my old device. those trade-offs make sense for the use case. i have not treated it as professional competitive equipment, but for extended home gaming it gives a convincing balance of response and comfort. after seventeen days, candle flux 756 has replaced the previous setup for most sessions because it reduces physical fuss and keeps the experience enjoyable from the opening round to the last.",True
CORD000600,CUS00128,2019-02-26,Bakers,"[{""product"":""Candle Edge 932"",""quantity"":1},{""product"":""Candle Orbit 674"",""quantity"":1},{""product"":""Candle Vista 110"",""quantity"":2},{""product"":""Candle Lumen 220"",""quantity"":2}]",12506.5,10.66,-37.790718,145.030876,15,10641.18,Summer,False,3.7951,"vela pulse 127 gives me a quick, readable summary after exercise sessions. starting a workout is straightforward, and the display remains usable while i am moving. reviewing the results later takes little effort, which encourages me to keep a regular record. the strap feels somewhat firm, and small figures are difficult to read when i am tired. those details are minor, and the wearable has been a useful, encouraging part of my routine.",True
CORD000601,CUS00019,2019-02-27,Bakers,"[{""product"":""Vela Halo 281"",""quantity"":1},{""product"":""Candle Shift 916"",""quantity"":1},{""product"":""Candle Vista 110"",""quantity"":1}]",4206.1,25.4,-37.745949,145.028881,15,3600.59,Summer,True,7.7113,"candle shift 844 was intended for long listening sessions at home. i compared it with an older pair that had weaker bass but remained tolerable through several hours. the new headphones produced sound through both sides, although the wireless connection dropped whenever i moved between rooms. reconnecting was slow and sometimes required forgetting the device entirely, which made routine listening frustrating. the sound profile was tiring rather than immersive. voices were recessed, louder music became sharp, and quiet passages carried a persistent hiss. my older pair sounded plain, but i could leave it on while reading without constantly adjusting the volume. candle shift 844 also leaked enough sound to disturb someone nearby in a quiet room. the controls were hard to distinguish by touch, so skipping a track often changed the volume instead. after an extended session, the cushions pressed against my ears and the headband felt heavy. the battery indicator was not trustworthy; it showed remaining charge and then shut down earlier than expected on another occasion. calls were possible, but the microphone made speech sound distant and picked up room noise. no physical damage appeared, and music could be played when the connection stayed active. those limited positives do not outweigh the unreliable link and poor comfort. candle shift 844 is a disappointing comparison with my older headphones, and i cannot recommend it for long listening.",False
CORD000602,CUS00105,2019-06-27,Nickolson,"[{""product"":""Candle Orbit 674"",""quantity"":1},{""product"":""Candle Flux 162"",""quantity"":1},{""product"":""Vela Core 957"",""quantity"":1}]",1655.82,16.52,-37.843879,144.980084,15,1423.97,Winter,False,2.9597,"i bought vela core 453 for shared film and television viewing in the living room. the display showed an image after setup, but arranging the device and finding the needed controls was awkward. the instructions were sparse, and the menus were frustrating to navigate when i tried to connect the usual services. a simple viewing session required too much searching and repeated button presses. once the household started using it, the picture frequently paused during longer programmes. sometimes playback resumed on its own, while other times i had to leave the programme and open it again. the sound could continue briefly after the image stopped, producing an irritating mismatch. vela core 453 was technically capable of displaying content, but its interruptions made the central use unreliable. the shared-room setting exposed further weaknesses. viewing from the side made parts of the image look dull, and the remote did not always register a press on the first attempt. when several people tried to adjust volume or pause a programme, the response became slow and confusing. we stopped using it for longer films because the repeated interruptions were more frustrating than entertaining. support recommended restarting the device and checking the connection, steps i had already tried. the faults returned during ordinary use, and no replacement arrangement was offered. vela core 453 can display a programme under favourable conditions, but that limited result does not offset the poor controls, uneven playback, and unreliable shared viewing. i regret the purchase and cannot recommend it.",False
CORD000603,CUS00310,2019-06-07,Nickolson,"[{""product"":""Candle Orbit 548"",""quantity"":2},{""product"":""Vela Halo 281"",""quantity"":2},{""product"":""Candle Flux 162"",""quantity"":2},{""product"":""Candle Orbit 674"",""quantity"":2}]",4342.32,16.59,-37.845604,144.975691,15,3707.56,Winter,False,3.0513,"candle lumen 130 has been a frustrating machine for shared home-office administration. opening documents is possible, but the system pauses during ordinary switching between email, spreadsheets and browser windows. with more than a few tabs open, typing becomes delayed and the fan makes an irritating noise. the screen is difficult to read near a lamp because reflections cover text, and the keyboard feels cramped during long form filling. video meetings have suffered from a weak camera image and occasional sound interruptions, forcing me to repeat information. i can complete simple tasks if i work slowly, but that is a poor standard for a computer used every day. the compact design does not compensate for the unreliable performance. candle lumen 130 has made routine administration awkward and time-consuming, and i cannot recommend it.",False
CORD000604,CUS00212,2019-10-10,Bakers,"[{""product"":""Vela Halo 137"",""quantity"":1},{""product"":""Vela Core 957"",""quantity"":1},{""product"":""Candle Flux 162"",""quantity"":1}]",2091.65,10.58,-37.844829,145.014104,15,1788.48,Spring,False,4.213,"vela ridge 401 handles the ordinary tasks i bought it for, including calls, messages, maps, and browsing, and it feels more current than my previous phone in several small ways. navigation stayed responsive during local trips, and switching between communication and map use did not cause the interruptions i had begun to expect from the older device. the handset is comfortable enough for short periods, although i find it tiring to hold for long reading sessions. the screen is clear indoors, but i needed more adjustment than expected in strong outdoor light. compared with a budget phone i used before, vela ridge 401 is quicker when several everyday apps are open. compared with a phone from a higher range that i have handled, it offers less polish in the camera and a less consistent battery experience. my normal day ended with sufficient charge, but heavier navigation and media use reduced that margin noticeably. the 5g connection worked where it was available, while ordinary coverage remained the more important factor for most of my use. i appreciate that the phone does not make basic communication complicated, yet i would not choose it solely for demanding photography or long journeys without access to charging. after three weeks, there have been no major problems, but neither has it transformed my routine. the 24-month warranty makes the purchase easier to live with. vela ridge 401 is a competent middle-ground smartphone with clear strengths for daily communication and some compromises in comfort and endurance.",True
CORD000605,CUS00437,2019-01-30,Nickolson,"[{""product"":""Candle Lumen 220"",""quantity"":1},{""product"":""Candle Orbit 548"",""quantity"":1},{""product"":""Candle Orbit 674"",""quantity"":1},{""product"":""Vela Core 957"",""quantity"":1}]",4380.99,9.07,-37.827115,144.983144,10,3951.96,Summer,False,1.5241,"i chose the candle quest 570 after wanting one portable computer for writing, image work, and occasional media projects. it has now been with me through enough ordinary use to show both its strengths and its boundaries. the opening week was spent moving project folders over, arranging the software i use most, and finding a comfortable position at the kitchen table. the slim shape made that part pleasant because i could clear the table quickly and take the laptop to another room when the light changed. the keyboard suited long planning notes, and the display gave me enough room to keep a reference open beside a draft. during lighter creative work, the candle quest 570 feels responsive and does not interrupt my concentration. i have edited images, trimmed short clips, and kept notes open beside those tasks without seeing a constant stream of delays. the experience becomes less even when a project grows more involved. while exporting media, the fan is noticeable and the underside warms up, so i avoid resting it directly on my lap. that is manageable at a desk, but it makes the promise of portability feel conditional during heavier sessions. i also find myself saving more deliberately before moving between applications, since a busy workflow can take a moment to settle. the most useful discovery has been that the laptop works better for a sequence of moderate tasks than for an ambitious editing session that demands everything at once. its build has held up through repeated trips around the house, and the hinge still opens with the same controlled feel. battery life has been sufficient for shorter periods away from an outlet, though i plan around charging when i expect a long stretch of editing. i have not tested the warranty or contacted support, so those remain unknowns rather than points in its favour or against it. i expected a creative generalist and received one, but not a replacement for a dedicated workstation. the candle quest 570 handles my writing and lighter media work with little fuss, and its size makes it easy to store between projects. at the same time, heat, fan noise, and slower moments under a heavier load prevent a fully enthusiastic judgement. after several weeks, i would describe it as a balanced purchase: useful for portable creative projects when the workload stays moderate, with limitations that become obvious as soon as the work becomes demanding.",True
CORD000606,CUS00103,2019-07-25,Thompson,"[{""product"":""Candle Lumen 220"",""quantity"":1},{""product"":""Candle Flux 162"",""quantity"":1},{""product"":""Vela Core 957"",""quantity"":2},{""product"":""Vela Nova 753"",""quantity"":1}]",9536.23,18.56,-37.765765,144.96128,5,9077.98,Winter,False,5.3633,"i purchased candle bloom 388 to separate guest access from the rest of the home network and keep track of connected devices. the installation process was confusing from the beginning. the app accepted the network details, then returned to the same screen without explaining what had failed. after several attempts the unit appeared online, but the guest network disappeared whenever the device restarted, which made the arrangement unreliable. managing devices was an ongoing problem. names were lost after changes, and unfamiliar entries remained visible even after i had removed equipment. the interface used small controls and unclear labels, so a simple restriction required repeated checking. on one occasion a guest device could still reach the main network after i had selected the guest option. i could not determine whether the setting had failed or whether the display was inaccurate, which is unacceptable for a management tool. the wireless connection itself can carry ordinary traffic, but that narrow function is not the reason i bought candle bloom 388. reboots were slow, the status information was inconsistent, and the guest controls were awkward enough to discourage regular use. support offered generic reset instructions and did not resolve the repeated configuration loss. the unit has added uncertainty to a task that should be straightforward. candle bloom 388 is frustrating, unreliable, and difficult to recommend.",False
CORD000607,CUS00001,2019-05-01,Thompson,"[{""product"":""Candle Orbit 674"",""quantity"":1},{""product"":""Candle Orbit 548"",""quantity"":2},{""product"":""Vela Core 957"",""quantity"":1}]",1107.67,7.45,-37.817768,144.945742,0,1115.12,,False,0.5784,No review submitted,True
CORD000608,CUS00153,2019-12-03,Bakers,"[{""product"":""Candle Orbit 674"",""quantity"":2}]",648.12,26.1,-37.750878,145.060336,0,674.22,Summer,True,,"vela atlas 233 was bought for casual living-room gaming, but it has not fitted that purpose well. games launch, although loading screens are long and returning from a pause can leave the display frozen. input from the controller is occasionally delayed, which makes even slow games feel awkward. when two people play, the problem becomes more noticeable and one controller has needed repeated pairing. the menus are poorly arranged, with settings buried behind several screens and no obvious route back. i reduced the picture settings and restarted the system after each freeze, but the interruptions continued over the month. it can show a basic game when used alone, yet the lag and pairing failures make shared play frustrating. vela atlas 233 has turned short evening sessions into repeated troubleshooting and does not justify the space it occupies.",False
CORD000609,CUS00482,2019-10-25,Thompson,"[{""product"":""Candle Shift 916"",""quantity"":2},{""product"":""Vela Core 957"",""quantity"":2},{""product"":""Candle Orbit 548"",""quantity"":1}]",4516.55,12.77,-37.863987,144.896772,0,4529.32,Spring,False,7.2156,"after several weeks of carrying it between home, work, and presentation rooms, the candle lumen 940 has become my preferred travel laptop. it is light enough to move around without planning for it, yet the body feels solid when opened on a small desk or tray table. documents, browser research, and presentation files all remain responsive during a busy afternoon. the display is comfortable for reviewing slides, and the keyboard has a pleasant amount of movement for longer notes. it also wakes quickly, which matters when a meeting starts unexpectedly. battery life has been strong for my usual travel day, although i still pack the charger for a full schedule. the speakers are ordinary rather than impressive, but that is a minor limitation for a work-focused machine. setup was straightforward and the warranty documentation was easy to keep with my records. the candle lumen 940 has made mobile work feel simpler and more organised.",True
CORD000610,CUS00123,2019-04-01,Nickolson,"[{""product"":""Candle Flux 162"",""quantity"":1},{""product"":""Candle Shift 916"",""quantity"":1},{""product"":""Vela Core 957"",""quantity"":1}]",3190.53,11.81,-37.870196,144.995324,15,2723.76,Autumn,False,6.1679,"the candle quest 606 has become a reliable part of my desktop gaming setup for longer sessions. it supports game play and media capture without making the surrounding arrangement feel difficult to operate. controls are clearly placed, and the connected software presents the important options without burying them in unnecessary menus. i have recorded clips, monitored sessions, and adjusted levels while playing, with the system remaining responsive. the casing feels durable on the desk, though the unit takes up more room than a compact accessory would. after several hours, the controls remain comfortable to reach and the performance stays consistent. candle quest 606 is a capable piece of gaming hardware for anyone who wants recording and play to coexist smoothly. it has reduced setup friction and made my desktop routine more enjoyable.",True
CORD000611,CUS00168,2019-12-26,Bakers,"[{""product"":""Vela Core 957"",""quantity"":1},{""product"":""Candle Flux 162"",""quantity"":2},{""product"":""Candle Edge 392"",""quantity"":1},{""product"":""Candle Orbit 674"",""quantity"":1}]",3091.86,18.25,-37.812683,144.997538,15,2646.33,Summer,True,0.361,"candle edge 572 has been helpful during field visits where i need to complete forms and show information to clients. the screen remains readable in ordinary indoor settings, and the tablet is quick to wake when i need to record a response. handwritten notes and typed entries both feel natural, which lets me work in the way that suits the situation. i have carried it between appointments without worrying about the construction, and the battery has covered my usual working day. the display is harder to read in strong outdoor glare, and a protective case adds noticeable weight. those points are reasonable for a portable work device. candle edge 572 has made field administration more organised and has given client presentations a more direct, professional feel.",True
CORD000612,CUS00265,2019-08-18,Bakers,"[{""product"":""Vela Halo 137"",""quantity"":3},{""product"":""Candle Flux 162"",""quantity"":2},{""product"":""Candle Edge 932"",""quantity"":1},{""product"":""Candle Vista 110"",""quantity"":1}]",7707.32,27.27,-37.804671,145.052034,10,6963.86,Winter,True,5.0252,"candle flux 990 has handled travel documents, presentations, and meeting notes without slowing me down. it is manageable to carry, starts promptly, and the keyboard feels comfortable when i write on the move. the screen has remained easy to follow in different offices. the trackpad was a little sensitive until i changed its setting. overall, it has been a capable, pleasant laptop for regular travel-based work.",True
CORD000613,CUS00334,2019-12-19,Nickolson,"[{""product"":""Candle Orbit 674"",""quantity"":2},{""product"":""Candle Vista 110"",""quantity"":1},{""product"":""Vela Nova 753"",""quantity"":1}]",6868.32,12.17,-37.86949,144.990485,15,5850.24,Summer,False,5.9503,"i brought home vela nova 213 for music and spoken-content playback, expecting it to sit quietly on a shelf and become useful over time. that is more or less what happened. the first setup took only a short while, and i soon had it playing a familiar playlist while i prepared dinner. the controls were easy to understand, and changing what was playing did not interrupt the rest of the evening. its appearance is restrained enough for the living room, so it blends in instead of becoming the focus of the space. during the first week i tried vela nova 213 in several parts of the house. it worked particularly well beside the kitchen, where i listen to radio programs and podcasts while cooking. voices came through with enough presence to follow a conversation, even when there was some background noise from pans and running water. music is pleasant at moderate volume, and the room can be filled without making the sound feel harsh. i have also used it beside my desk during reading, where it provides quiet background listening without needing much adjustment. after thirty-five days, the device has settled into several small routines. i start an episode while making breakfast, continue it during chores, and often return to the same spot in the evening. vela nova 213 remembers enough of my preferred arrangement that i rarely need to think about operation. the built-in controls are responsive, although i sometimes wish they were more visible from across the room. that is a minor inconvenience rather than a serious drawback. the finish has stayed neat, and the supplied warranty provides useful peace of mind. for music and spoken content in ordinary rooms, vela nova 213 has been a welcome, uncomplicated addition.",True
CORD000614,CUS00132,2019-03-13,Thompson,"[{""product"":""Candle Vista 110"",""quantity"":1},{""product"":""Candle Shift 916"",""quantity"":1},{""product"":""Vela Core 957"",""quantity"":1},{""product"":""Candle Edge 932"",""quantity"":1},{""product"":""Candle Orbit 548"",""quantity"":1}]",5693.38,11.65,-37.83885,144.887877,15,4851.02,Autumn,False,5.9582,"i used candle bloom 424 for video calls, online classes, and some background music, and the comparison between those uses is quite noticeable. speech comes through clearly enough for meetings, and the microphone has allowed other people to hear me without repeated requests to speak louder. the wireless connection was simple to establish with my usual devices, and moving around the room during a call did not immediately interrupt the conversation. for music, however, the sound is more ordinary. it works for podcasts and casual listening, but tracks with stronger bass lack the weight i hear from a separate speaker. compared with wired headphones i have used, candle bloom 424 is more convenient when i am moving between tasks, though it introduces another battery to manage. compared with a dedicated music headset, it offers less detail and a less immersive presentation. comfort was acceptable during a normal class, but after a longer meeting i became aware of pressure around the ears. the controls are within reach, although muting and changing volume took a little practice because the buttons feel similar. battery life has been sufficient for my usual schedule, but i would charge it before a full day of calls. nothing has failed during these weeks. the 12-month warranty is appropriate. overall, candle bloom 424 is a practical communication headset with clear advantages for calls and classes, while its musical performance, long-session comfort, and charging requirement make the result balanced rather than exceptional.",True
CORD000615,CUS00023,2019-06-18,Thompson,"[{""product"":""Vela Halo 137"",""quantity"":2},{""product"":""Candle Orbit 548"",""quantity"":2},{""product"":""Candle Shift 916"",""quantity"":2}]",5749.46,28.26,-37.768836,144.903618,10,5202.77,Winter,True,6.1918,"the candle orbit 386 has been a welcome option for gaming while travelling or moving around the house. its portable design makes it easy to pack, and the controls remain comfortable enough for sessions that last longer than a quick break. games respond promptly, with no distracting delay during the titles i have played, and the display is easy to follow in ordinary indoor lighting. setup is simple when i move between locations, and the hardware has survived being packed and unpacked without developing loose connections. battery duration depends on how demanding the game is, so i carry a charger for longer journeys, but that is a sensible precaution for portable equipment. the speakers are suitable for casual play, while headphones provide a more immersive experience. after several weeks of use, the candle orbit 386 has delivered dependable entertainment in places where a desktop setup would be impractical.",True
CORD000616,CUS00252,2019-06-18,Bakers,"[{""product"":""Candle Edge 932"",""quantity"":1},{""product"":""Candle Orbit 674"",""quantity"":1},{""product"":""Candle Shift 916"",""quantity"":1}]",3673.31,10.27,-37.811441,144.992135,20,2948.92,,False,0.316,"vela echo 313 has become a convenient way to play music and spoken content while i am doing other things at home. i use it in the kitchen during cooking and in the living area when i want background listening. the display is useful for checking what is playing, and spoken content remains understandable at a moderate volume. moving between different listening sessions has been straightforward, and the device has remembered its basic connection without repeated setup. the screen is not large enough for detailed browsing, so i still use my phone when i want to search extensively. it also works best for casual room listening rather than filling a large space with powerful sound. within those boundaries, vela echo 313 has performed consistently for several weeks. it adds useful information to ordinary playback and has made music and spoken programs easy to keep nearby during household tasks.",True
CORD000617,CUS00314,2019-08-27,Bakers,"[{""product"":""Candle Lumen 220"",""quantity"":3}]",10588.17,13.81,-37.849478,145.005517,0,10601.98,Winter,False,4.4822,"candle orbit 782 has worked well as a shared tablet for learning, browsing, and occasional reading. different family members can pick it up without a long explanation, and pages remain responsive during ordinary use. the screen is pleasant for indoor viewing and the battery lasts through our usual sessions. it feels a little heavy after extended holding, but that is a minor trade-off for its capable performance.",True
CORD000618,CUS00154,2019-07-17,Thompson,"[{""product"":""Candle Flux 162"",""quantity"":1},{""product"":""Vela Halo 281"",""quantity"":2}]",2121.77,15.28,-37.756858,144.944804,15,1818.78,Winter,False,,"i bought the candle edge 194 for evenings when i wanted music on without being tied to a cable, and after a month it has become a slightly complicated part of my routine. the first setup was straightforward: it paired with my phone quickly, and the wireless connection has generally held while i move around the house. the earcups are soft enough for a long session, and the shape does not feel heavy at first. i can listen through a whole film or several albums without reaching for it immediately, which is what i had hoped for from a home listening set. my impression changed depending on what i was doing. at a moderate volume, voices sound natural and music has enough body for casual listening. i have also used it while cooking and tidying, and the connection stayed active through the rooms i normally use. on quieter evenings, though, small changes in position sometimes bring a brief interruption before the sound returns. it is not constant, but it is distracting when it happens during dialogue. the controls also took practice. the buttons sit close together, so i occasionally press the wrong one, particularly when i am not looking. comfort is mostly a matter of duration. during the first hour the padding feels pleasant, but after a longer stretch my ears become warm and i need a break. the headband has not caused pain, and the build still looks sound after regular use, although the hinges feel less substantial than i expected when i fold it away. that does not prevent normal use, but it makes me handle it carefully. the 12-month warranty gives some reassurance if that weakness becomes a real fault. i have kept using the candle edge 194 because the pairing is convenient and the everyday sound is enjoyable enough for films, radio, and background music. at the same time, the occasional dropouts, cramped controls, and heat during extended listening stop it from feeling effortless. it performs its basic role, but my experience is mixed: a reasonable home option when convenience matters more than polished comfort and completely dependable operation.",True
CORD000619,CUS00323,2019-10-01,Nickolson,"[{""product"":""Vela Halo 281"",""quantity"":2},{""product"":""Vela Nova 753"",""quantity"":1},{""product"":""Candle Edge 392"",""quantity"":2}]",6216.59,9.71,-37.844102,144.981529,0,6226.3,Spring,False,3.025,"vela echo 1087 has been worn mainly during workdays so i can glance at calendar alerts and check short messages without reaching for my phone. notifications arrive promptly most of the time, and the text is readable enough for deciding whether something needs immediate attention. the band is light, and i have been able to wear it through meetings without it becoming a distraction. its basic activity view is a welcome extra for walks. the small display limits what i can do with a message. longer notes require opening the phone, and replying or managing several alerts is not particularly convenient. notifications can also become crowded when many applications are active, making the useful items harder to find. i have occasionally needed to check the phone because an alert appeared later than expected, although this was not constant. vela echo 1087 is best understood as a quick notification window. it saves a few interruptions and looks unobtrusive, but the limited interaction and occasional delay mean it complements a phone rather than replacing any part of its communication role.",True
CORD000620,CUS00429,2019-12-14,Thompson,"[{""product"":""Candle Orbit 674"",""quantity"":1},{""product"":""Vela Halo 281"",""quantity"":3},{""product"":""Candle Shift 916"",""quantity"":2},{""product"":""Candle Flux 162"",""quantity"":2}]",7754.4,12.4,-37.867786,144.930844,0,7766.8,Summer,False,6.2917,"vela wave 967 fits neatly into my walking and commuting routine. during walks it records activity without requiring constant attention, and the notification display lets me see a message or reminder before reaching for my phone. i have found the alerts timely enough for everyday appointments and transport updates. the band is light and did not distract me during longer walks, although the small text can be difficult to read in bright sunlight. charging has been simple, and the wearable has continued working through ordinary movement and occasional rain exposure. i do not use every available feature, but the parts that matter to me have been consistent. vela wave 967 is a useful companion for staying aware while moving around.",
CORD000621,CUS00068,2019-04-06,Bakers,"[{""product"":""Vela Halo 137"",""quantity"":1},{""product"":""Candle Flux 162"",""quantity"":3},{""product"":""Candle Edge 932"",""quantity"":2}]",,12.07,-37.763301,145.039758,10,6241.62,Autumn,False,6.5015,"candle vista 1010 has been used for reading papers, taking notes, joining study sessions, and keeping several research pages open. the keyboard is comfortable for written work, and the portable size makes it easy to move between the library and home. text looks clear for long reading periods, although the screen feels somewhat cramped when two documents need to be viewed together. it handles ordinary research smoothly, but larger files and many browser tabs can produce pauses. battery performance has matched my routine when i remember to reduce background activity. candle vista 1010 is a sensible study machine for focused tasks, with enough flexibility for daily work but not much spare capacity for demanding applications.",True
CORD000622,CUS00076,2019-05-13,Bakers,"[{""product"":""Vela Core 957"",""quantity"":2},{""product"":""Candle Orbit 674"",""quantity"":2},{""product"":""Vela Halo 137"",""quantity"":1},{""product"":""Candle Shift 916"",""quantity"":2}]",5668.49,21.6,-37.771281,145.014329,10,5123.24,Autumn,,4.6204,"candle vista 470 joined my workflow after i grew tired of moving between several devices for creative projects. i spent the first evening arranging my editing tools, files, and working preferences, then used it for a mixture of image work, writing, and media preparation. the screen gives my projects enough room to feel organised, and the overall experience remains responsive during the ordinary stages of editing. i can move from planning to making adjustments without the computer becoming the centre of attention. over the following days i tested it with longer sessions rather than only short demonstrations. it handled my usual creative routine without fuss, and the keyboard remained comfortable when an editing task turned into several hours of notes and revisions. carrying it between rooms has also been manageable because it does not feel like an awkward object to relocate. the finish has stayed clean despite regular handling, and the hinge and ports still feel secure after being used repeatedly. there are limits to any portable computer. the display is not as spacious as a full desktop arrangement, and i sometimes connect another screen when i want a broader view of a complex project. that is a normal compromise for this format. candle vista 470 has nevertheless made my creative work more contained and portable. the setup was smooth, daily performance has been dependable, and i am happy with the role it now plays in established projects.",True
CORD000623,CUS00161,2019-02-15,Thompson,"[{""product"":""Candle Orbit 674"",""quantity"":2},{""product"":""Candle Lumen 220"",""quantity"":1},{""product"":""Candle Flux 162"",""quantity"":1}]",5237.8,14.7,-37.744568,144.880354,15,,Summer,False,9.5775,"candle vista 650 suits the way i divide my work between documents, video meetings, and different rooms around the house. my previous laptop was acceptable at a fixed desk but became frustrating when i carried it around, mainly because it felt cumbersome and took time to recover when several work windows were open. the vista feels easier to live with. documents open promptly, moving between notes and a meeting screen is uncomplicated, and i can continue writing without waiting after a call ends. the keyboard has enough travel for regular typing, and the screen is comfortable for reading messages and reviewing shared material. during meetings, the camera and microphone have been clear enough for ordinary conversations, so i have not needed to repeat myself as often as i did with the older machine. i usually work with headphones when the room is busy, since the built-in sound is merely adequate. the casing also picks up a few marks from travel, but that is cosmetic and has not affected daily use. i compared candle vista 650 with a heavier office laptop that belongs to a family member. the older computer has a larger working area, yet it is inconvenient to move and feels slower when i keep documents, browser pages, and meeting software open together. the vista offers a better balance for portable document work. it is not intended to replace a desktop for unusually demanding tasks, but it gives me a dependable, manageable setup for the work i actually do. the longer warranty is another reassuring part of the purchase.",True
CORD000624,CUS00048,2019-01-22,Bakers,"[{""product"":""Vela Core 957"",""quantity"":2},{""product"":""Candle Orbit 674"",""quantity"":2},{""product"":""Candle Orbit 548"",""quantity"":2}]",1703.2,13.99,-37.783928,145.051074,10,1546.87,Summer,False,5.6988,"i compared vela nova 1059 with two ordinary desk mounts while trying to position a phone beside my monitor. the clamp attached to the desk, but tightening it changed the angle and forced several adjustments. the arm sagged when the device was tapped, and the joint continued to drift during calls. a simpler mount in the same workspace held its position with far less effort, making this accessory feel poorly engineered. the advertised adjustability was less useful in daily use than it sounded. moving from portrait to landscape required loosening the joint, shifting the arm, and retightening everything. that process often left the screen tilted away from me. the holder grips the phone, but its edges pressed against a case and made removal awkward. i could not change position quickly when switching between reading and video calls, which defeated much of the reason for buying it. after several weeks the clamp pad collected dust and began sliding on the desk surface. the base did not break, but it left a faint mark where pressure was concentrated. the arm also produced a dry clicking sound whenever i adjusted it. compared with a mount i previously used, vela nova 1059 required more force and offered less control. the hardware felt serviceable only when left untouched, not when the device needed regular repositioning. vela nova 1059 holds a phone in place for a short period if the desk is perfectly level and the arm is barely moved. that narrow success does not justify the unstable joints and irritating setup. for desk work, the repeated slipping made the accessory distracting rather than helpful. i regret selecting it over a basic fixed mount and cannot recommend it for frequent device positioning.",False
CORD000625,CUS00089,2019-05-14,Thompson,"[{""product"":""Candle Orbit 548"",""quantity"":1},{""product"":""Candle Orbit 674"",""quantity"":1}]",580.13,13.63,-37.746239,144.899116,20,477.73,Autumn,False,8.5047,"candle shift 1078 has improved the way our home handles video meetings and media streaming at the same time. calls remain stable while another person watches content, and i have not needed to pause a meeting to deal with routine connection trouble. the installation process was reasonably direct, with the main settings easy to find after the first login. i also value the activity view because it gives a quick indication of what is using the network. the more advanced options are not especially friendly to someone who only wants a working connection, and the interface could explain a few choices better. in daily use, however, candle shift 1078 has been reliable and has removed a recurring source of frustration from our evenings.",True
CORD000626,CUS00446,2019-01-07,Bakers,"[{""product"":""Candle Orbit 548"",""quantity"":1},{""product"":""Vela Halo 137"",""quantity"":1},{""product"":""Candle Vista 110"",""quantity"":1},{""product"":""Vela Halo 281"",""quantity"":1}]",3363.29,15.2,-37.748359,145.027869,0,3378.49,Summer,False,7.4297,"i used vela spark 801 for ordinary communication and navigation over several weeks. the phone looked acceptable at first, but the setup process stalled while transferring information and left me repeating several steps. the screen occasionally ignored a tap near the edge, which made entering passwords and dismissing notices awkward. those small problems became more irritating as the phone became part of every daily task. calls were the most serious issue. conversations sometimes became broken and metallic, then ended without warning. the phone showed a connection even when the other person could not hear me. i could make another call afterward, but the repeated failures were embarrassing and made important conversations stressful. messaging worked, although the keyboard lagged during longer replies and occasionally inserted a character after i had moved on. navigation was also disappointing. the route loaded slowly after leaving a familiar road, and the position marker jumped while i was walking. on one trip i missed a turn because the map took too long to update. restarting the navigation application helped briefly, but it was not a dependable solution. battery use became excessive during navigation, and the phone was warm by the end of a trip. vela spark 801 can send a message and open a map, but that basic capability is undermined by dropped calls, delayed navigation, poor touch response, and weak battery endurance. i found daily use frustrating and unreliable. the phone did not provide the confidence i needed, and i cannot recommend it.",False
CORD000627,CUS00381,2019-11-04,Thompson,"[{""product"":""Vela Nova 753"",""quantity"":1},{""product"":""Vela Halo 137"",""quantity"":1},{""product"":""Vela Halo 281"",""quantity"":1}]",5694.24,14.43,-37.790463,144.884011,15,4854.53,Spring,False,6.0658,"vela echo 691 was intended for family communication and casual apps, but routine use is frustrating. applications take too long to open, messages sometimes remain pending, and switching between tasks causes noticeable pauses. the screen is adequate for reading, although the touch response feels inconsistent near the edges. calls can be made, but that basic function does not excuse the poor software behaviour. this 5g smartphone feels unreliable and underpowered, so i regret buying it.",False
CORD000628,CUS00176,2019-01-28,Bakers,"[{""product"":""Candle Flux 162"",""quantity"":1},{""product"":""Vela Core 957"",""quantity"":1},{""product"":""Vela Halo 281"",""quantity"":1},{""product"":""Candle Orbit 674"",""quantity"":1}]",2186.56,11.57,-37.782031,145.041334,0,2198.13,Summer,False,5.1067,"candle orbit 782 has been shared by my family for browsing, reading and learning activities for the past month. the screen is comfortable for short lessons, and the device wakes quickly when someone wants to check a page or watch a tutorial. switching between users is possible, though the process feels slower when several people are waiting. touch response is generally accurate, but a younger user occasionally needs to repeat a tap near the screen edges. battery life covers ordinary afternoon use and requires planning for a longer day. the casing has handled being moved around the house without obvious damage, but the tablet is not especially light for small hands. candle orbit 782 works as a general household device and avoids serious complications. its mixed performance makes it adequate for shared browsing, though not an exciting choice for intensive use.",True
CORD000629,CUS00051,2019-04-19,Nickolson,"[{""product"":""Candle Flux 162"",""quantity"":1},{""product"":""Candle Lumen 220"",""quantity"":1},{""product"":""Candle Edge 932"",""quantity"":1},{""product"":""Vela Core 957"",""quantity"":1}]",6351.63,15.44,-37.87241,145.010284,10,5731.91,Autumn,False,6.9714,"vela nova 1077 was used for exercise session summaries, but the recorded results have been unreliable. a walk can appear with missing sections, and the device has ended a session while i was still moving. the screen is difficult to read outdoors, making it awkward to check whether tracking is active. syncing to the phone often takes several attempts, and older summaries sometimes disappear from the history. the strap shifts during movement and collects sweat around the fastening point, which becomes uncomfortable over longer sessions. it records some activity, so the basic feature is present, but incomplete summaries are not useful for reviewing a workout. the repeated gaps have been disappointing. i cannot recommend vela nova 1077 for regular exercise tracking.",False
CORD000630,CUS00206,2019-04-06,Thompson,"[{""product"":""Candle Edge 932"",""quantity"":1}]",1490.48,22.13,-37.850206,144.90986,5,1438.09,Autumn,True,5.3006,"vela spark 153 has worked well as the centre of our shared film and television viewing. the picture is clear from the seats we normally use, and the controls make it easy to start something, pause it or move between programmes. it has handled evenings with several viewers without awkward delays, and the sound is sufficient for our living room at ordinary volume. i also appreciate that the menus do not take long to learn, so everyone can use it without asking for help. the built-in speakers lack some richness for music, and reflections can be noticeable in bright daylight, but those are manageable limitations. vela spark 153 has provided a dependable and enjoyable way for us to watch together and has fitted naturally into our home.",True
CORD000631,CUS00029,2019-09-03,Thompson,"[{""product"":""Candle Edge 932"",""quantity"":1},{""product"":""Vela Halo 281"",""quantity"":1},{""product"":""Candle Lumen 220"",""quantity"":1},{""product"":""Candle Flux 162"",""quantity"":1}]",6610.9,24.86,-37.885124,144.891903,15,5644.12,Spring,True,9.4002,"candle quest 408 was added to cover a home-office corner where the wireless signal had been inconsistent. positioning it took a few attempts, but once i moved it away from a thick shelf the desk connection became much steadier. video calls remained connected through normal work, and transferring smaller documents felt noticeably less interrupted than before. i also used the connection from a nearby room and found the range adequate for the way my household is arranged. the unit is not entirely invisible in use. a laptop occasionally showed a connection pause when waking from sleep, and the recovery took long enough to interrupt the beginning of a meeting. restarting the unit fixed it, but that is not something i want to make part of a weekly routine. the setup screen explains the basic choices but gives limited guidance when the signal changes from one room to another. when several devices were active in the evening, performance remained acceptable rather than especially quick. after three weeks, candle quest 408 has solved the main coverage problem and earns credit for that. it makes the office corner more usable and has reduced the number of dropped calls i was experiencing. the wake-up pauses and ordinary performance under a busy load keep my view measured. i would retain it for the coverage, while expecting occasional maintenance and a little experimentation with placement.",True
CORD000632,CUS00002,2019-12-04,Thompson,"[{""product"":""Candle Orbit 674"",""quantity"":1},{""product"":""Vela Halo 137"",""quantity"":1}]",1083.95,10.97,-37.783182,144.916426,15,932.33,Summer,False,4.2429,"i bought the vela halo 389 to keep several devices connected at my desk, and it has reduced the usual tangle of separate adapters. it is compact enough to leave beside a laptop without taking over the workspace, while the ports are arranged so cables can be attached without much fumbling. i have moved between a phone, storage device and other small accessories during normal work and have not had to restart anything to make a connection appear. the casing has picked up a few marks from being carried in a bag, but it still feels solid and the connections remain secure. it does exactly what i wanted from a small mobile accessory: it keeps common devices together, saves space and avoids hunting through drawers whenever another connection is needed.",True
CORD000633,CUS00084,2019-05-20,Bakers,"[{""product"":""Candle Lumen 220"",""quantity"":1},{""product"":""Candle Orbit 674"",""quantity"":1},{""product"":""Vela Core 957"",""quantity"":1}]",4124.92,9.21,-37.784551,144.994433,10,3721.64,Autumn,False,2.8302,"candle lumen 238 has made it easier to manage our guest network and keep track of the devices connected at home. creating separate access for visitors was uncomplicated, and the management screen presents the important controls without overwhelming me with technical language. i have checked connected devices several times and found the information helpful when identifying which household equipment was active. the network has remained steady during normal browsing, calls, and streaming, while visitors have been able to connect without needing repeated assistance. some less common settings are tucked away, so i spent a little time exploring before i knew where everything lived. once configured, though, the routine checks take very little effort. the unit has operated quietly and has not needed frequent attention during these sixteen days. candle lumen 238 has provided a reassuring level of visibility and control, making our shared network easier to organise without adding unnecessary daily work.",True
CORD000634,CUS00385,2019-07-16,Bakers,"[{""product"":""Candle Orbit 548"",""quantity"":1},{""product"":""Vela Halo 281"",""quantity"":1},{""product"":""Vela Halo 137"",""quantity"":1}]",1546.7,16.04,-37.754674,145.035595,5,1485.4,Winter,False,7.101,"candle arc 420 has handled my creative projects and media editing with encouraging consistency. i have used it for arranging images, trimming clips and keeping reference material open beside my work. the screen gives me enough room to see the timeline without constantly hiding other panels, and the keyboard is comfortable when i switch back to writing descriptions or planning notes. projects open promptly and ordinary edits remain responsive. exporting a larger piece makes the fan audible and the body warm, so i avoid placing it on soft furniture during longer sessions. that is expected for the workload and has not interrupted my progress. the lighter design is convenient when i take work to another room, though i pack it carefully. after seventeen days, candle arc 420 has proved versatile without feeling unnecessarily complicated. it supports both creative experimentation and routine writing, which makes it a useful all-round machine for my current projects.",True
CORD000635,CUS00185,2019-03-30,Thompson,"[{""product"":""Vela Core 957"",""quantity"":2},{""product"":""Candle Flux 162"",""quantity"":2},{""product"":""Candle Shift 916"",""quantity"":1},{""product"":""Vela Halo 137"",""quantity"":1}]",5282.18,22.92,-37.844669,144.887743,5,5040.99,Autumn,True,6.3092,"vela core 147 has fitted into my daily routine without demanding much attention. i mainly use it for habit reminders and checking the time, and both functions have been consistent. the display is readable at a glance, while the band sits securely during walks, desk work, and household chores. reminders arrive at useful moments rather than requiring me to keep checking a phone, which has helped me maintain small routines more regularly. charging is uncomplicated, and the device is light enough that i quickly stopped noticing it on my wrist. the interface has fewer distractions than a full smartwatch, although anyone wanting many advanced features may find it limited. that simplicity suits me because i wanted a quiet prompt rather than another busy screen. after continued use, vela core 147 feels comfortable, dependable, and genuinely helpful for everyday timekeeping and small habits.",True
CORD000636,CUS00217,2019-05-13,Bakers,"[{""product"":""Candle Orbit 548"",""quantity"":1},{""product"":""Candle Edge 932"",""quantity"":1},{""product"":""Vela Halo 281"",""quantity"":2}]",2808.03,10.05,-37.792639,145.034003,10,2537.28,Autumn,False,3.9152,"vela halo 749 has been used on a shared workspace where phones need to remain visible and off the desk surface. the stand holds a device at a useful angle for checking messages or following a call, and its base has stayed steady during normal tapping. it is small enough to move when another person needs the desk. the hinge is firm, perhaps slightly too firm, so changing the angle takes both hands. larger cases also make the fit less neat than it is with a bare phone. i have not seen it slide on the desk, although a strong cable pull can shift the whole stand. the finish has remained presentable after repeated handling. it is a practical support accessory with sensible everyday stability, but its adjustment range and case clearance are not completely generous.",True
CORD000637,CUS00496,2019-10-12,Thompson,"[{""product"":""Candle Edge 392"",""quantity"":2},{""product"":""Vela Halo 281"",""quantity"":1},{""product"":""Candle Flux 162"",""quantity"":1}]",2342.53,13.19,-37.753669,144.899253,0,2355.72,Spring,False,7.7913,"i have used vela spark 171 mainly for work calls, calendar entries, and checking messages during the day. in those tasks it has been serviceable: calls connect without drama, the calendar is readable, and moving between a meeting reminder and a message does not feel confusing. my comparison is with an older everyday phone rather than a premium model. vela spark 171 feels more current in handling work information, but the difference is not large enough to make every part of the change feel essential. the device is easy to carry and the screen gives calendar details enough space for quick checks. i was less impressed when several tasks accumulated. after a call, a message, and calendar changes in close succession, i sometimes paused before the next screen appeared. nothing failed outright, yet the small delays made the phone feel less polished than expected. battery use also varied with how much i relied on calls and mobile data, so i became accustomed to charging before a busy day. the phone has remained physically sound and the call function is the most dependable part of the experience. compared with a basic handset, it provides a broader work routine; compared with a higher-end smartphone, it feels more ordinary. i would describe vela spark 171 as adequate for communication and scheduling, with enough strengths for practical ownership but no compelling reason to overlook its slower moments.",True
CORD000638,CUS00379,2019-05-04,Nickolson,"[{""product"":""Vela Halo 281"",""quantity"":1},{""product"":""Candle Orbit 548"",""quantity"":2}]",1042.88,22.32,-37.859092,145.006291,5,1013.06,Autumn,True,5.5396,"i bought candle vista 398 after the wireless signal became unreliable at the far end of the house. setup took a little patience, but the instructions made the placement process understandable and i had coverage reaching the back room without moving the main equipment. the difference was most noticeable when several people were online at once. video calls stopped dropping out, and ordinary browsing remained responsive while someone else was streaming. i also liked being able to move the unit when furniture arrangements changed; it did not require a complicated reset each time. the casing is plain and compact enough to sit on a shelf without attracting attention. it is not completely effortless to configure, and the indicator light is brighter than i would prefer at night, but those are minor complaints. after 46 days of ownership, candle vista 398 has made the connection between rooms much more dependable and has been a worthwhile addition.",True
CORD000639,CUS00126,2019-03-26,Bakers,"[{""product"":""Candle Orbit 548"",""quantity"":1}]",256.07,21.23,-37.773199,144.987633,10,251.69,Autumn,True,4.1458,"i have used vela pulse 559 beside my adjustable desk for several weeks, mainly to keep my phone at eye level during calls and while following notes. the mount is straightforward to position, and the joints hold their angle without constant tightening. i can move the device aside when i need the desk surface, then return it to almost the same place. that small bit of consistency makes my work area feel much tidier. the base has remained steady through ordinary typing and tapping, and the holder suits the different cases i use. adjustments are smooth rather than stiff, although changing the angle with one hand can make the whole arm shift slightly. the finish has also survived being moved between my desk and a side table without visible wear. vela pulse 559 is a thoughtful, useful accessory for anyone who wants a better viewing position without permanently rearranging the desk.",
CORD000640,CUS00061,2019-09-08,Bakers,"[{""product"":""Candle Shift 916"",""quantity"":1},{""product"":""Candle Edge 392"",""quantity"":1},{""product"":""Vela Core 957"",""quantity"":2}]",2777.46,13.47,-37.739254,144.969769,15,2374.31,Spring,False,8.1783,"candle vista 542 has become my preferred surface for sketching and lightweight creative work. before using it, i divided the task between paper notes and a laptop, which made revisions and reference images awkward to manage. the tablet gives me a more direct way to draw, review ideas, and make small changes without setting up a full desk. compared with the laptop, it feels more natural for quick sketches and is easier to carry from one room to another. i have used candle vista 542 for rough illustrations, colour planning, handwritten annotations, and simple creative experiments. the screen is large enough for the work i do, and the response feels immediate during ordinary drawing. it is also convenient to show a draft to someone nearby without passing around loose pages. the tablet is not intended for heavy professional projects, and demanding files can make the experience less fluid. i also find the surface a little reflective under strong light, so i choose my working position carefully. paper remains pleasant for spontaneous ideas, while the laptop is better for detailed editing and extended typing. candle vista 542 sits between those options and handles the early, flexible stage particularly well. its portable form and approachable controls have encouraged me to draw more often instead of postponing small projects. after regular use, i am satisfied with its creative usefulness and think it offers a strong balance for lightweight work.",True
CORD000641,CUS00021,2019-03-14,Thompson,"[{""product"":""Candle Orbit 548"",""quantity"":1},{""product"":""Vela Nova 753"",""quantity"":1},{""product"":""Vela Halo 281"",""quantity"":2}]",5721.16,12.43,-37.770499,144.888454,5,5447.53,Autumn,False,6.9656,"i have used candle flux 792 for sketches, notes and small creative projects, and it has become a convenient part of my routine. the drawing surface feels responsive enough for rough ideas and light editing. it is easy to carry between rooms and the interface stays uncluttered. artists needing advanced tools may want more, but it performs very well for lightweight work.",True
CORD000642,CUS00337,2019-11-22,Thompson,"[{""product"":""Candle Orbit 548"",""quantity"":1},{""product"":""Vela Halo 281"",""quantity"":1},{""product"":""Vela Nova 753"",""quantity"":1},{""product"":""Candle Edge 392"",""quantity"":1}]",5566.17,,-37.766716,144.875839,20,4476.84,Spring,True,8.0803,"vela spark 207 has become part of my morning and evening routine because it records daily activity without demanding constant attention. the step information gives me a helpful reminder to move when i have spent too long at my desk, and the sleep tracking provides an interesting picture of how my nights differ. i find the display easy to check during a walk, while the band sits securely without becoming distracting. notifications arrive in a timely way and the controls are simple enough to use while i am moving. the charging routine is not difficult, although i have occasionally wished the remaining power were more visible at a glance. after established use, vela spark 207 feels like a practical and encouraging health wearable.",True
CORD000643,CUS00047,2019-10-18,Thompson,"[{""product"":""Candle Edge 392"",""quantity"":1},{""product"":""Vela Halo 137"",""quantity"":1},{""product"":""Vela Core 957"",""quantity"":1}]",1407.11,12.67,-37.749354,144.938244,15,1208.71,Spring,False,7.0833,"i installed the candle shift 448 to improve coverage between rooms where the main connection had become inconsistent. compared with relying on the central router alone, it gives the back room a more usable signal, and ordinary browsing has been less interrupted since i positioned it near the middle of the house. the unit is small enough to avoid taking over the shelf, and moving it during setup was not difficult. for phones, casual streaming and routine work, the extended area has been a noticeable improvement over the previous weak spot. the result depends more on placement than i expected. when i put it too close to the room needing coverage, the benefit was limited, so finding a suitable position took several attempts. the connection is also not identical to being close to the main router; busy use in different rooms can still feel slower than the direct connection. my older extender had fewer settings and was quicker to understand, while the candle shift 448 provides more control but asks the user to pay attention during setup. once configured, i have not needed to change it often. the casing has remained cool and the connection has stayed present through normal household use. i cannot say whether it would suit a much larger home or heavy simultaneous traffic because my needs are moderate. the longer warranty is reassuring, although support has not been required. in comparison, this device is more effective than my old extender at filling the particular gap i had, but it is not a universal solution. its performance is acceptable when the layout and expectations are realistic.",True
CORD000644,CUS00002,2019-10-05,Thompson,"[{""product"":""Candle Flux 162"",""quantity"":1},{""product"":""Vela Halo 137"",""quantity"":1},{""product"":""Vela Halo 281"",""quantity"":1},{""product"":""Candle Orbit 674"",""quantity"":3}]",3323.1,10.6,-37.783182,144.916426,0,3333.7,Spring,False,4.2429,"i bought the vela halo 389 to keep several devices connected at my desk, and it has reduced the usual tangle of separate adapters. it is compact enough to leave beside a laptop without taking over the workspace, while the ports are arranged so cables can be attached without much fumbling. i have moved between a phone, storage device and other small accessories during normal work and have not had to restart anything to make a connection appear. the casing has picked up a few marks from being carried in a bag, but it still feels solid and the connections remain secure. it does exactly what i wanted from a small mobile accessory: it keeps common devices together, saves space and avoids hunting through drawers whenever another connection is needed.",True
CORD000645,CUS00477,2019-07-26,Bakers,"[{""product"":""Candle Orbit 548"",""quantity"":1}]",256.07,14.31,-37.766529,144.97796,10,244.77,Winter,False,5.066,"vela nova 339 has been useful when i need to connect several devices without carrying a collection of separate adapters. compared with swapping individual connectors, one compact accessory makes my desk and travel bag less cluttered. i used it with ordinary mobile and computer equipment, and the basic connections were recognised without a complicated routine. its small size is the clearest advantage because it reduces the amount of planning needed before leaving the house. the comparison changes when many devices are involved at once. i had to pay attention to how the connections were arranged, and the compact body became slightly awkward when several cables pulled in different directions. vela nova 339 is easier to carry than multiple adapters, but it is not always easier to use in a crowded workspace. i also preferred checking the setup before an important task rather than assuming every combination would behave identically. that caution is a limitation, not a major failure. for occasional travel and a tidy personal desk, this adapter provides a sensible middle ground. it offers more flexibility than carrying one connector, while a larger workstation accessory may be more comfortable for permanent use. the 12-month warranty is appropriate for a small item that will be moved often. i would choose vela nova 339 for convenience and portability, but i would not treat it as a universal replacement for every connection arrangement.",True
CORD000646,CUS00058,2019-11-25,Bakers,"[{""product"":""Vela Nova 753"",""quantity"":1},{""product"":""Vela Core 957"",""quantity"":1},{""product"":""Candle Orbit 548"",""quantity"":1},{""product"":""Candle Shift 916"",""quantity"":1},{""product"":""Candle Lumen 220"",""quantity"":1}]",10319.31,14.71,-37.756294,144.967332,0,,Spring,False,6.4552,"i used the vela spark 981 for travel planning, calls, maps, and media during a month of ownership. compared with my previous phone, arranging an itinerary took more effort because the screen often reacted slowly after switching between travel pages and messages. the basic phone functions operate, but the delays make ordinary planning frustrating. loading a saved route sometimes left a blank view for several seconds, and returning to the calendar could discard the place where i had been reading. that made quick checks awkward when i was moving between rooms or waiting for transport. media use exposed more problems. video playback continued, yet the sound seemed thin and the display became uncomfortable to use for longer sessions because brightness changes were uneven. the battery also fell faster than expected when navigation and streaming were used together, so i had to carry a charger instead of relying on the phone through an outing. compared with another older handset in the household, the vela spark 981 felt less responsive and less dependable for the same tasks. i found myself reducing background activity and restarting it when applications stalled. the warranty period is reassuring on paper, but it does not remove the daily inconvenience. this phone can place calls and open travel applications, but its sluggish behaviour, weak endurance, and awkward media experience make it a disappointing choice for regular travel use.",False
CORD000647,CUS00392,2019-03-02,Bakers,"[{""product"":""Candle Flux 162"",""quantity"":1},{""product"":""Vela Halo 281"",""quantity"":2}]",2121.77,13.04,-37.763379,145.060611,25,1604.37,Autumn,False,7.7381,"the vela halo 317 has been useful for walks and commute notifications without feeling intrusive. it is comfortable on my wrist, the display is readable in normal conditions, and alerts arrive promptly enough to keep me informed. setup was quick and the connection has remained stable over several weeks. notification controls could be more detailed, but the available choices are sensible. it has become a reliable part of my daily routine.",True
CORD000648,CUS00059,2019-05-11,Thompson,"[{""product"":""Vela Core 957"",""quantity"":3},{""product"":""Candle Flux 162"",""quantity"":2},{""product"":""Candle Lumen 220"",""quantity"":1}]",6464.38,10.92,-37.856724,144.934238,5,6152.08,Autumn,False,5.0262,"for the last few weeks i have used the vela spark 855 to control the lamp in a room that serves as both a study and a sitting area. installation took a little patience, mainly because i wanted the light to respond consistently from my phone before i moved on to the rest of the setup. once it was connected, changing the room lighting from the sofa was genuinely convenient. i used a softer setting in the evening and a brighter one while reading, and the app remembered the last choice when i returned to it. the day-to-day experience is mixed in a fairly ordinary way. commands usually happen quickly, and the controls are laid out well enough that i do not need to think about them. when another person is already using the wall switch, however, the app can take a moment to show the current state. on two occasions i opened it expecting the lamp to be on and had to refresh before the display caught up. nothing was lost, but the pause was noticeable when i was leaving the room. i also tried moving between the home network and a guest network. the vela spark 855 continued to work after the change, although reconnecting it took more attention than i expected. the lighting itself has been steady, with no flicker during normal use, and the controls have not caused any surprising changes to the room. i like being able to adjust the lamp without crossing the room, though i still use the physical switch when i want the quickest possible action. after three weeks, i see this as a useful convenience rather than an essential part of the house. the app control is good when the connection is settled, and the occasional status delay keeps it from feeling completely effortless. for a room where remote adjustment matters, it earns its place; for a simple lamp beside the door, the extra setup may not offer much benefit.",True
CORD000649,CUS00321,2019-09-18,Bakers,"[{""product"":""Vela Core 957"",""quantity"":1},{""product"":""Candle Vista 110"",""quantity"":1},{""product"":""Vela Halo 281"",""quantity"":1}]",2618.8,13.47,-37.74303,145.033623,0,2632.27,Spring,False,8.1751,"vela pulse 1045 has made our blind and curtain routines more consistent than they were when i relied on remembering them myself. i compared it with a manual routine that often happened late or not at all, and the automated changes are a small but noticeable improvement to the room. once configured, the blind responds at the expected part of the day, and i can still adjust it when plans change. the controls are understandable, so another person in the household can use them without needing a detailed explanation. i have also found the routine useful when leaving the house, since i no longer need to walk through every room checking whether the curtains were handled. vela pulse 1045 has continued working through ordinary daily use, including mornings when the room is busy and evenings when several other connected devices are active. the installation required patience and careful positioning, and very thick or unusual curtains may need more attention than a standard set. that was the only part that felt less immediate than expected. compared with a basic timer, this system gives more flexibility and feels less rigid when our schedule changes. the unit itself is unobtrusive once fitted, and its operation has not disturbed conversation or sleep. it is not an essential device, but it removes a repetitive household task and adds a pleasant sense of order. for anyone wanting simple automated blind and curtain routines, vela pulse 1045 has been a worthwhile and reliable addition.",True
CORD000650,CUS00194,2019-08-14,Thompson,"[{""product"":""Vela Core 957"",""quantity"":1},{""product"":""Candle Flux 162"",""quantity"":1}]",1331.76,15.93,-37.767717,144.891761,5,1281.1,Winter,False,6.972,"i bought vela wave 193 for a shared workroom where we regularly show presentation slides and photographs. after several weeks of ownership, it has become one of those devices i reach for without much thought. the initial setup was straightforward: i connected it to the room network, adjusted the viewing angle, and had a presentation ready before the next meeting. the menus are clearly arranged, and the controls respond without making me hunt through unnecessary options. the main screen is bright enough for our normal indoor lighting, and text remains readable when people are seated farther back. photographs also look lively, with enough contrast to make family pictures and project images pleasant to view. i have used it for short team briefings, quiet photo browsing, and leaving a rotating set of images visible during breaks. switching between those activities feels natural. the display starts promptly, and returning to a previous session does not create much interruption. what i especially appreciate is the balance between presentation usefulness and casual viewing. it does not feel limited to a single purpose. i can review a slide deck in the morning, show a group some design images after lunch, and leave a photo collection running while the room is being used for other work. the frame has stayed steady on the shelf, and the surface has been easy to wipe clean. the supplied warranty also gives me confidence that the purchase is supported if a serious issue appears. there are a couple of small limitations. the built-in sound is adequate for spoken material but not something i would choose for filling a large room with music. the screen can also reflect a strong window, so placement matters. neither point has affected my normal use. vela wave 193 has made presentations smoother, photo viewing more enjoyable, and the room more welcoming. for this kind of everyday display, i am very pleased with how much practical value it provides.",True
CORD000651,CUS00163,2019-02-15,Nickolson,"[{""product"":""Vela Halo 137"",""quantity"":2},{""product"":""Vela Core 957"",""quantity"":1}]",1791.25,10.92,-37.854218,144.954528,10,1623.05,Summer,False,4.175,"vela pulse 181 has been particularly useful for organising travel and handling media while away from home. compared with my former phone, its larger, more comfortable view makes maps, reservations, and long messages easier to inspect. i have used it to compare routes, read travel information, listen to downloaded material, and take quick photographs, often within the same hour. switching between those activities feels smoother than it did on the older handset, which makes planning less tiring. the screen is bright enough for most indoor situations, and the shape gives me a secure grip when i am standing on a platform or walking with a bag. vela pulse 181 is not pocket-friendly in the way a very small phone would be, and one-handed typing can be awkward when i am moving. i accept that compromise because the larger display reduces squinting and makes a map much easier to follow. the speakers work well for casual media, though headphones remain preferable in public places. i also compared it with carrying a separate tablet. the phone cannot match a tablet for extended viewing, but it is much easier to keep available when plans change unexpectedly. during regular ownership it has remained responsive through navigation, browsing, and calls, and the battery has covered my normal travel day with sensible use. the 24-month warranty gives useful peace of mind. for travel planning and everyday media, vela pulse 181 offers a more versatile balance than my previous phone.",True
CORD000652,CUS00345,2019-12-26,Thompson,"[{""product"":""Vela Halo 281"",""quantity"":1},{""product"":""Vela Core 957"",""quantity"":2},{""product"":""Candle Orbit 674"",""quantity"":1},{""product"":""Candle Flux 162"",""quantity"":1}]",2458.03,10.64,-37.81723,144.904538,10,2222.87,Summer,False,3.7703,"the vela core 705 has made room lighting easier to control when i am already settled at my desk or on the sofa. the app responds quickly to ordinary on and off commands, and setting a routine for the evening was straightforward. i can also make a manual change when the weather or my schedule is different. i have used it for a desk lamp, hallway light, and a small routine that turns lights on before i arrive home. the current state is represented clearly, so i do not have to guess whether a command worked. other household members learned the basic controls quickly, which matters more to me than a long list of advanced features. the system is focused on simple lighting rather than elaborate scenes, and that keeps it approachable. vela core 705 has been consistent in ordinary use and has reduced the need to cross the room for small adjustments. it is a modest automation device, but it performs its intended task well.",True
CORD000653,CUS00239,2019-09-12,Thompson,"[{""product"":""Candle Shift 916"",""quantity"":1}]",1858.77,11.72,-37.822685,144.923514,5,1777.55,Spring,False,2.3496,"i compared candle arc 204 with the wireless headphones i had been using during commutes and spoken-content listening. pairing was possible, but the connection dropped whenever i put the phone in a coat pocket or moved through a crowded station. playback then paused until i opened the phone and reconnected. my previous headphones were not impressive in appearance, but they maintained a usable link through the same journey. spoken content exposed the poor sound balance. voices were quiet while nearby traffic and low background noise remained prominent, so i had to raise the volume and still missed parts of conversations and podcasts. the controls were difficult to locate by touch, and pressing the wrong area often skipped forward. after extended use the ear pieces became uncomfortable, especially when i was carrying a bag and adjusting them repeatedly. these problems made an ordinary commute tiring. the headphones charged and produced sound when the connection stayed active, but that basic operation was not enough. battery level also fell unpredictably, leaving no confidence that they would last through a return trip. i reset the pairing and tried a different device, with the same dropouts and weak speech clarity. compared with the headphones they replaced, candle arc 204 is unreliable, awkward, and frustrating for travel. i cannot recommend it for regular commuting or spoken-content listening.",False
CORD000654,CUS00315,2019-11-05,Thompson,"[{""product"":""Candle Orbit 548"",""quantity"":1},{""product"":""Candle Vista 110"",""quantity"":1},{""product"":""Candle Edge 932"",""quantity"":1}]",3563.14,9.53,-37.787776,144.944464,0,3572.67,Spring,False,2.7779,"before installing candle quest 948, the connection in the back room was noticeably weaker than in the rest of the house. i placed the unit between the main router and that room, then spent some time finding a position that was close enough to the existing signal while still helping the distant area. the setup instructions were clear, and the indicators made it easier to understand whether i had placed it sensibly. once i moved it away from a crowded shelf, the connection settled and the improvement became apparent during ordinary use. i have since used the extended coverage for video calls, browsing, music, and a television in the far room. the connection has remained much more even as i move through the house, and i no longer have to stand in one particular doorway to send a message or load a page. a demanding stream can still slow when several people are using the network at once, so the unit is not a complete answer to every busy period. for normal household activity, however, it has removed the dead spot that prompted the purchase. the compact casing does not take much space, and the lights can be seen without being distracting. i have restarted the equipment a few times while changing other network settings, and candle quest 948 returned to service without a complicated process. its performance has been steady over the ownership period, and the household has stopped treating the back room as an unreliable part of the network. it is a practical solution for extending coverage between rooms, with simple placement and useful results.",True
CORD000655,CUS00358,2019-06-24,Bakers,"[{""product"":""Candle Orbit 548"",""quantity"":1},{""product"":""Vela Halo 281"",""quantity"":1},{""product"":""Candle Lumen 220"",""quantity"":1}]",4316.2,15.62,-37.752451,144.976304,5,4116.01,Winter,False,6.6114,"vela core 1011 has handled my daily photography and messaging for 48 days, and i have been impressed by how little effort it takes to get useful results. photos taken outdoors are detailed enough for sharing, while indoor images retain a pleasing amount of colour when the room is not too dark. messaging opens quickly, and the keyboard has made longer replies comfortable. i have also used the camera for informal family pictures without needing to adjust many settings. the phone feels balanced in one hand, although the smooth surface makes a protective case worthwhile for anyone who is often moving around. battery performance has covered my usual day, with heavier camera use requiring a top-up earlier. that is reasonable for my routine. vela core 1011 combines a pleasant camera experience with dependable communication, and it has made my everyday phone use feel noticeably more convenient.",True
CORD000656,CUS00094,2019-11-03,Bakers,"[{""product"":""Candle Orbit 674"",""quantity"":1},{""product"":""Candle Edge 392"",""quantity"":1}]",699.81,11.74,-37.859509,145.016502,20,571.59,Spring,False,5.8138,"i have used the candle bloom 820 for photo work, writing, and other media editing projects over the past month, and it has handled my usual workflow with confidence. opening several project files and moving between editing and reference material feels smooth, so i can keep working without constantly closing things down. the screen gives me enough space to judge layouts and review details, while the keyboard remains comfortable when i am writing notes around a project. it is not a substitute for a specialised studio setup, particularly when working on a very large file for a long session, but that is not what i needed. the fan becomes more noticeable during heavier work, and the finish shows fingerprints, though both are minor. i have carried it between rooms without the body feeling fragile. after regular ownership, the candle bloom 820 has proved a versatile creative companion. it gives me room to experiment and keeps the practical parts of editing from getting in the way.",True
CORD000657,CUS00115,2019-10-16,Bakers,"[{""product"":""Vela Core 957"",""quantity"":2},{""product"":""Candle Vista 110"",""quantity"":1},{""product"":""Vela Halo 281"",""quantity"":1},{""product"":""Candle Edge 932"",""quantity"":1},{""product"":""Candle Orbit 548"",""quantity"":1}]",4636.82,12.16,-37.819763,145.026637,15,3953.46,Spring,False,2.9648,"candle shift 574 was intended for video calls and online classes, but the audio has been unreliable throughout my use. the microphone volume changes without warning, so other people sometimes hear a faint voice and sometimes hear harsh distortion. background sounds are not handled consistently, and the speaker output becomes muffled when several people talk. the wireless connection has also dropped during classes, leaving a long silence before sound returns. controls on the unit are awkward to reach while taking notes, and adjusting the volume can trigger an unrelated command. voices are audible when the device behaves, but that basic function does not overcome the unstable connection and poor call clarity. candle shift 574 has made classes more stressful and is not dependable for regular meetings.",False
CORD000658,CUS00461,2019-08-28,Bakers,"[{""product"":""Candle Orbit 548"",""quantity"":1},{""product"":""Candle Shift 916"",""quantity"":1}]",2114.84,26.2,-37.834191,145.025192,5,2035.3,Winter,True,3.7634,"vela spark 999 has made hands-free device support much less awkward in our shared workspace. before using it, people tended to lean their phones against notebooks, mugs, or whatever else was nearby. those improvised arrangements worked only until someone moved a paper or reached across the desk. this accessory gives each supported device a more definite place, which has reduced the small daily interruptions that used to surround calls and messages. i compared it with a cheaper, flat stand that we already had. the flat stand takes up slightly less space when stored, but it does not position a device as naturally for hands-free use and is easy to disturb. vela spark 999 feels more deliberate in its role. it keeps the screen visible while leaving room around it for ordinary desk work, and several colleagues have been able to use the same arrangement without lengthy explanations. that consistency matters in a shared area. the finish has remained presentable through regular handling, and the support has not become loose during normal use. it is not a transformative product, and it does not solve every problem caused by a crowded workstation. if the desk is already overloaded, any additional object requires a little planning. still, compared with balancing a phone against random office items, this is clearly more convenient and reliable. i have moved it between two work surfaces and found the setup quick each time. vela spark 999 is a modest accessory, but it provides exactly the hands-free support it was intended to provide.",True
CORD000659,CUS00356,2019-09-10,,"[{""product"":""Vela Nova 753"",""quantity"":2},{""product"":""Vela Core 957"",""quantity"":1}]",9078.69,11.57,-37.760248,145.003212,15,7728.46,Spring,False,5.576,"for my creative projects, candle arc 870 has been a more satisfying compromise than the heavier laptop i used before. it is easier to carry between the desk and another room, yet still feels capable when i am editing media, arranging images, or working through a large document with several applications open. the older machine often made me wait between tasks, whereas candle arc 870 keeps the process moving with fewer pauses during my normal sessions. i especially notice the difference when i begin with a collection of images, make adjustments, and then switch to writing notes or checking reference material. the screen is comfortable for that routine, and the keyboard has a sensible feel for longer periods of typing. i have also used it away from the desk, where the lighter build is much less burdensome than my previous computer. it does not feel fragile when carried carefully, and the hinge has remained steady after regular opening and closing. there are a few compromises. the fan becomes audible during heavier editing, and the available connection choices are not as generous as on the older desktop setup, so i occasionally need an adapter. battery life also depends greatly on the kind of work i am doing. these points matter if the laptop will replace a full workstation. for portable creative work, however, candle arc 870 gives me a better blend of mobility and working speed than the bulky alternative i had been tolerating. it has earned a permanent place in my everyday workflow.",True
CORD000660,CUS00354,2019-04-18,Nickolson,"[{""product"":""Vela Core 957"",""quantity"":1}]",271.47,9.76,-37.849488,144.960191,5,267.66,Autumn,False,3.5321,"the vela atlas 755 has made room lighting easier to manage at home. i installed it for the main living area and now use the app when i want to switch the lights on before entering, turn them off after everyone has gone upstairs, or change the atmosphere without getting up. the first setup required patience while i worked through the pairing steps, but afterwards the controls were clear. commands have generally been carried out promptly, and the household has adapted to using the app without much explanation. it is especially handy when my hands are full or when i am already settled for the evening. i have noticed that the response can be slower when the network is busy, so i would not describe it as instant every time. the app also offers more choices than i regularly need, which makes the first few visits feel slightly crowded. even with those small limitations, the vela atlas 755 has been dependable over several weeks. its everyday convenience is more valuable than i expected, particularly for routines at the start and end of the day.",True
CORD000661,CUS00318,2019-05-29,Bakers,"[{""product"":""Candle Edge 392"",""quantity"":3},{""product"":""Candle Orbit 674"",""quantity"":1},{""product"":""Candle Vista 110"",""quantity"":1},{""product"":""Vela Core 957"",""quantity"":1}]",3539.37,12.44,-37.751556,144.96624,5,3374.84,Autumn,False,,"i bought candle bloom 406 after spending too many evenings with a gaming accessory that looked impressive but became uncomfortable during longer sessions. the older setup had brighter lighting and a heavier frame, yet i was constantly adjusting it. candle bloom 406 is less showy and much easier to live with at a desktop. its controls stay within reach, the fit remains comfortable, and it does not make the desk feel crowded. during extended gaming, the most useful improvement is consistency. the connection has remained stable, and the controls respond without a noticeable pause. i can move from a competitive match to a slower game without changing the whole arrangement. sound and voice communication are clear enough for team play, while the physical design prevents the small pressure points that bothered me before. after several hours, i notice the session rather than the equipment, which is exactly what i wanted. i compared it with a smaller model that a friend uses. that one is easier to pack, but candle bloom 406 feels steadier on the desk and provides better support when i lean back. a more expensive option offered richer audio, although its software was more involved and occasionally distracting. candle bloom 406 has fewer fine adjustments, but i prefer its direct approach for regular use. the finish shows fingerprints, and the controls would benefit from more separation because two buttons are close together. neither issue has affected performance. it has handled everyday play, voice chats, and several long weekend sessions without a loose joint or unreliable connection. candle bloom 406 is not the flashiest choice, but compared with the equipment i have used before, it gives me the best combination of comfort, stability, and uncomplicated desktop gaming.",True
CORD000662,CUS00349,2019-06-19,Bakers,"[{""product"":""Candle Flux 162"",""quantity"":1},{""product"":""Candle Vista 110"",""quantity"":1},{""product"":""Candle Orbit 674"",""quantity"":1},{""product"":""Candle Orbit 548"",""quantity"":2}]",3713.08,17.4,-37.779295,145.019038,5,3544.83,Winter,False,4.0037,"the vela ridge 1013 has been a frustrating smart display for music and spoken content. after six weeks in the living room, playback has stopped unexpectedly several times, usually after a device has been idle. spoken programs sometimes resume at the wrong point, and adjusting the volume through the display is slow and awkward. the speaker produces a thin sound with harsh high notes, while voices become difficult to follow when there is background noise. wireless pairing has also been unreliable; the display forgets a connected device and requires the same setup again. the touch surface records some presses late, which makes skipping a track or stopping playback unnecessarily difficult. vela support sent generic reset directions that did not resolve the interruptions. the device can produce sound from a basic request, but that limited function does not excuse the poor playback experience. i regret buying the vela ridge 1013.",False
CORD000663,CUS00125,2019-09-13,Nickolson,"[{""product"":""Vela Halo 281"",""quantity"":1},{""product"":""Candle Flux 162"",""quantity"":1}]",1591.03,18.75,-37.826647,144.975383,25,1212.02,Spring,True,1.0315,"the candle orbit 566 suits casual gaming in our shared room because it does not require a large dedicated setup. i can connect it to the existing screen, start a short game, and put everything away when someone else needs the space. controls are responsive for the games we play, and the menus are easy for different family members to understand. multiplayer sessions have remained enjoyable without complicated preparation. the device becomes warm during longer use, and the supplied controls feel less comfortable after several hours, so we tend to play in shorter periods. that limitation fits our casual habits. the candle orbit 566 has added an accessible entertainment option to the room and has been simple enough for everyone here to use.",True
CORD000664,CUS00316,2019-02-28,Bakers,"[{""product"":""Candle Edge 392"",""quantity"":1},{""product"":""Vela Halo 137"",""quantity"":1},{""product"":""Candle Flux 162"",""quantity"":1},{""product"":""Candle Edge 932"",""quantity"":3}]",6667.37,14.15,-37.807015,145.062552,10,6014.78,Summer,False,5.9234,"candle flux 630 was used for shared home-office administration, but routine tasks became frustrating. applications opened slowly, switching between documents caused delays, and the system occasionally stopped responding during simple form work. the keyboard feels cramped and the fan becomes distracting. it handles basic typing, yet the sluggish performance and awkward ergonomics make daily use unpleasant. i regret choosing it and would avoid this laptop.",False
CORD000665,CUS00058,2019-07-19,Bakers,"[{""product"":""Candle Orbit 548"",""quantity"":1},{""product"":""Vela Halo 137"",""quantity"":1},{""product"":""Candle Flux 162"",""quantity"":1}]",2076.25,19.49,-37.756294,144.967332,0,2095.74,Winter,False,,"i used the vela spark 981 for travel planning, calls, maps, and media during a month of ownership. compared with my previous phone, arranging an itinerary took more effort because the screen often reacted slowly after switching between travel pages and messages. the basic phone functions operate, but the delays make ordinary planning frustrating. loading a saved route sometimes left a blank view for several seconds, and returning to the calendar could discard the place where i had been reading. that made quick checks awkward when i was moving between rooms or waiting for transport. media use exposed more problems. video playback continued, yet the sound seemed thin and the display became uncomfortable to use for longer sessions because brightness changes were uneven. the battery also fell faster than expected when navigation and streaming were used together, so i had to carry a charger instead of relying on the phone through an outing. compared with another older handset in the household, the vela spark 981 felt less responsive and less dependable for the same tasks. i found myself reducing background activity and restarting it when applications stalled. the warranty period is reassuring on paper, but it does not remove the daily inconvenience. this phone can place calls and open travel applications, but its sluggish behaviour, weak endurance, and awkward media experience make it a disappointing choice for regular travel use.",False
CORD000666,CUS00234,2019-06-06,Nickolson,"[{""product"":""Candle Edge 392"",""quantity"":1},{""product"":""Vela Core 957"",""quantity"":2},{""product"":""Vela Nova 753"",""quantity"":2}]",9725.91,29.08,-37.877762,144.937675,0,9754.99,Winter,True,,"candle orbit 1016 has worked better for our shared-room gaming than the older hardware we had connected there. the previous setup was adequate for casual games, but it produced more noise and needed occasional rearranging whenever someone else wanted to use the room. candle orbit 1016 fits into the existing space with less fuss and gives the games i play a more consistent response. i can start a short session without turning the room into a complete gaming station. i have used it for relaxed games after work and for longer weekend sessions while other people were reading or watching television nearby. the controls respond predictably, and the system does not dominate the room with unnecessary sound. loading between ordinary activities feels less tedious than it did with the older equipment. it has also been easy to explain to other household members, which matters in a shared space where not everyone wants to learn a complicated arrangement. the experience is aimed at casual play, and i would not choose candle orbit 1016 for the most demanding games or competitive use. that limitation is clear, but it matches what i wanted. the casing has remained steady on the desk, and cables have not worked loose despite being moved around during cleaning. compared with our former setup, it offers a cleaner and more relaxed way to play. for a shared room and moderate gaming habits, the balance has been very satisfying.",True
CORD000667,CUS00100,2019-05-29,Thompson,"[{""product"":""Vela Nova 753"",""quantity"":1}]",4403.61,12.78,-37.87589,144.920151,10,3976.03,Autumn,False,7.4162,"vela wave 337 has replaced the repeated phone checking i used to do for calendar alerts and quick messages. my previous routine involved picking up the phone for every notification, then getting distracted by unrelated apps. this wearable gives me enough information at a glance to decide whether something needs a full reply or can wait. the calendar alerts are the most useful feature in my working day. a brief reminder on my wrist is easier to notice when the phone is in a bag or across the room. i also use it for short message checks, particularly when i am moving between tasks. it does not turn a short notification into a long conversation, and that limitation is actually helpful because it keeps the interaction focused. compared with checking the phone directly, vela wave 337 is quicker for simple decisions but less suitable for writing a detailed response. the band is comfortable during work and ordinary activity, and i have not found it distracting once the alerts were adjusted to match my schedule. the compact screen means some messages need to be opened on the phone, which is expected. it is not a replacement for a calendar application or a handset, yet it complements both better than my old habit did. after sustained use, vela wave 337 has made reminders more visible and small message checks less disruptive. for someone who wants timely awareness without constantly holding a phone, it is a practical improvement.",True
CORD000668,CUS00218,2019-05-23,Thompson,"[{""product"":""Vela Halo 137"",""quantity"":2},{""product"":""Candle Orbit 674"",""quantity"":2},{""product"":""Candle Vista 110"",""quantity"":1},{""product"":""Candle Edge 932"",""quantity"":1}]",5474.97,24.3,-37.776418,144.932578,0,5499.27,Autumn,True,4.2277,"vela atlas 611 was chosen for mobile photography and messaging, replacing an older phone that had fewer features but behaved more predictably. in daylight, the camera captures an image, yet the result changes noticeably between the preview and the saved file. shadows become muddy and moving subjects blur even when the scene appears briefly still. indoor shots are especially disappointing, with grain and weak detail that make ordinary family pictures look poorly handled. messaging adds further irritation. notifications sometimes arrive in batches, and the keyboard lags when a conversation becomes long. the phone becomes warm during camera use, then drains rapidly while the screen is active. i have also seen the camera application close when moving from a message back to the viewfinder, losing the framing i had prepared. navigation opens and shows a route, but the location marker occasionally jumps several streets before correcting itself. compared with my previous phone, vela atlas 611 has a larger display but gives less confidence when capturing a moment or following directions. compared with carrying a small camera, it is more convenient in theory, yet the missed details, application closures, and uncertain location make that convenience weak. basic calls and messages operate, but the unreliable photography and frustrating interruptions make this a poor replacement. i regret the purchase and cannot recommend it.",False
CORD000669,CUS00125,2019-10-15,Nickolson,"[{""product"":""Vela Core 957"",""quantity"":1},{""product"":""Candle Flux 162"",""quantity"":1},{""product"":""Candle Vista 110"",""quantity"":1},{""product"":""Vela Halo 137"",""quantity"":1},{""product"":""Candle Edge 392"",""quantity"":2}]",4659.74,8.25,-37.826647,144.975383,10,4202.02,Spring,False,1.0315,"the candle orbit 566 suits casual gaming in our shared room because it does not require a large dedicated setup. i can connect it to the existing screen, start a short game, and put everything away when someone else needs the space. controls are responsive for the games we play, and the menus are easy for different family members to understand. multiplayer sessions have remained enjoyable without complicated preparation. the device becomes warm during longer use, and the supplied controls feel less comfortable after several hours, so we tend to play in shorter periods. that limitation fits our casual habits. the candle orbit 566 has added an accessible entertainment option to the room and has been simple enough for everyone here to use.",True
CORD000670,CUS00279,2019-07-27,Thompson,"[{""product"":""Candle Orbit 674"",""quantity"":2},{""product"":""Candle Edge 392"",""quantity"":3}]",1775.37,16.11,-37.792709,144.959719,15,1525.17,Winter,False,2.4826,"candle bloom 802 has been disappointing for reading and handwritten notes. page changes feel slow, and the writing response becomes uneven when several pages are marked up. my notes are sometimes misplaced after switching between documents, which makes study sessions frustrating. reading basic text is possible, but annotation is the reason i bought it and that part remains unreliable. the awkward workflow has made me avoid using it for serious work.",False
CORD000671,CUS00202,2019-08-09,Nickolson,"[{""product"":""Candle Shift 916"",""quantity"":1},{""product"":""Candle Orbit 548"",""quantity"":1},{""product"":""Candle Lumen 220"",""quantity"":1},{""product"":""Candle Flux 162"",""quantity"":2}]",7764.81,15.9,-37.880038,144.955622,10,7004.23,Winter,False,6.9407,"candle quest 498 has been running between rooms in my home for several weeks, mainly to extend coverage to a space where the original connection was inconsistent. the improvement is noticeable in ordinary browsing and calls, especially when i am working farther from the main network equipment. compared with relying on the original signal alone, i have fewer interruptions when moving around. the result is not identical in every corner, and placement has made a larger difference than i expected. installation was manageable but not completely immediate. i tried more than one location before settling on a position that served both rooms, and the indicators were useful while i was making that decision. once established, routine use has required little attention. a simpler extender i used previously was quicker to configure, but its coverage felt more limited. candle quest 498 gives a broader practical reach, although the extra flexibility comes with more decisions about where it belongs and how devices should connect. performance has been suitable for study, streaming, and regular household browsing. i have not treated it as a solution for every connection problem because walls and distance still matter. the unit is unobtrusive, and the warranty gives some confidence about keeping it in place. candle quest 498 is a worthwhile step above depending on one weak signal, yet it is not a magic fix. it offers a balanced result: better room-to-room access with ordinary setup effort and some remaining dead spots.",True
CORD000672,CUS00345,2019-03-06,Thompson,"[{""product"":""Candle Orbit 548"",""quantity"":1},{""product"":""Candle Edge 392"",""quantity"":3},{""product"":""Vela Core 957"",""quantity"":1},{""product"":""Candle Flux 162"",""quantity"":1}]",2715.08,20.94,-37.81723,144.904538,20,2193,Autumn,True,3.7703,"the vela core 705 has made room lighting easier to control when i am already settled at my desk or on the sofa. the app responds quickly to ordinary on and off commands, and setting a routine for the evening was straightforward. i can also make a manual change when the weather or my schedule is different. i have used it for a desk lamp, hallway light, and a small routine that turns lights on before i arrive home. the current state is represented clearly, so i do not have to guess whether a command worked. other household members learned the basic controls quickly, which matters more to me than a long list of advanced features. the system is focused on simple lighting rather than elaborate scenes, and that keeps it approachable. vela core 705 has been consistent in ordinary use and has reduced the need to cross the room for small adjustments. it is a modest automation device, but it performs its intended task well.",True
CORD000673,CUS00211,2019-11-03,Nickolson,"[{""product"":""Candle Vista 110"",""quantity"":1},{""product"":""Vela Halo 137"",""quantity"":1},{""product"":""Vela Halo 281"",""quantity"":1},{""product"":""Candle Flux 162"",""quantity"":1},{""product"":""Vela Core 957"",""quantity"":1}]",4438.98,8.69,-37.83313,144.966835,20,3559.87,Spring,False,1.6337,"candle flux 684 has suited the way music is played in our shared room better than the small speaker we used previously. the sound reaches the seating area without requiring everyone to sit close to the unit, and it works well for background music during cooking, reading, or having friends over. compared with the older speaker, voices and instruments feel less crowded together, especially at moderate volume. i have moved it between a shelf and a side table depending on what the room is being used for. pairing different phones has been straightforward, which is important when several people want to contribute to the playlist. the wireless connection has remained steady during normal use, and the controls are simple enough that visitors can adjust playback without a tutorial. i appreciate that it does not dominate the room visually. a larger audio system might create more impact, but it would also take more space and encourage a more formal listening setup. at very high volume the sound becomes less refined, so i would not choose it for filling a large gathering or carefully evaluating music. for shared-room listening, that boundary has not mattered. the speaker has provided a warmer and more spacious experience than the basic unit it replaced, while remaining easy to place and use. the twelve-month warranty is reassuring. after several weeks, candle flux 684 feels like a sensible improvement for everyday music rather than an unnecessarily elaborate audio purchase.",True
CORD000674,CUS00394,2019-03-20,Thompson,"[{""product"":""Candle Orbit 674"",""quantity"":1}]",324.06,13.64,-37.776449,144.920223,5,321.5,Autumn,False,4.6678,"the candle bloom 784 was placed in a shared room for music playback, but the connection and sound have been inconsistent. different phones require repeated pairing, and one device can interrupt another without a clear warning. playback is audible near the unit, although the sound becomes weak across the room and voices are difficult to distinguish in busy tracks. volume changes are delayed, so people often press the control more than once and then receive several commands together. the casing also feels light and easy to knock from its position. it can play a song when paired correctly, but that basic function is not enough for shared use. the interruptions and poor control response are frustrating. i cannot recommend the candle bloom 784.",False
CORD000675,CUS00162,2019-12-24,Nickolson,"[{""product"":""Candle Orbit 548"",""quantity"":2},{""product"":""Candle Vista 110"",""quantity"":1},{""product"":""Vela Nova 753"",""quantity"":1}]",6732.34,15.27,-37.883444,144.944697,15,5737.76,Summer,False,7.5338,"vela echo 115 was purchased to manage a household power outlet on a schedule, but the experience has been disappointing from the beginning. setup required several attempts before the outlet appeared in the application, and the instructions did not make the failure clear. once connected, manual switching worked often enough to suggest the hardware was functioning, yet scheduled control was far less dependable. some routines ran at the expected time, while others were delayed or ignored without a useful explanation. i used it for a lamp and later for a small appliance, and both behaved inconsistently. checking the application repeatedly became part of the routine, which defeated the purpose of automation. when the network connection changed, i had to reconnect the outlet and recreate part of the schedule. the application is also awkward. the current outlet state can be found, but the schedule screen makes it difficult to tell whether a rule is active. notifications do not clearly distinguish a completed action from a failed one. the outlet itself switches on when commanded manually, so its basic function operates, but the unreliable scheduling is the reason i bought it and the reason i am unhappy. vela echo 115 has not given me enough confidence to leave an appliance under its control. missed schedules, poor status information, and repeated reconnection make it frustrating to use. i now check the outlet by hand and have removed it from the appliance i originally intended to automate. this is an unreliable product that i cannot recommend.",False
CORD000676,CUS00318,2019-02-27,Bakers,"[{""product"":""Vela Core 957"",""quantity"":1},{""product"":""Candle Edge 392"",""quantity"":1},{""product"":""Vela Halo 137"",""quantity"":1},{""product"":""Candle Flux 162"",""quantity"":1}]",2467.4,12.89,-37.751556,144.96624,20,1986.81,Summer,False,6.9799,"i bought candle bloom 406 after spending too many evenings with a gaming accessory that looked impressive but became uncomfortable during longer sessions. the older setup had brighter lighting and a heavier frame, yet i was constantly adjusting it. candle bloom 406 is less showy and much easier to live with at a desktop. its controls stay within reach, the fit remains comfortable, and it does not make the desk feel crowded. during extended gaming, the most useful improvement is consistency. the connection has remained stable, and the controls respond without a noticeable pause. i can move from a competitive match to a slower game without changing the whole arrangement. sound and voice communication are clear enough for team play, while the physical design prevents the small pressure points that bothered me before. after several hours, i notice the session rather than the equipment, which is exactly what i wanted. i compared it with a smaller model that a friend uses. that one is easier to pack, but candle bloom 406 feels steadier on the desk and provides better support when i lean back. a more expensive option offered richer audio, although its software was more involved and occasionally distracting. candle bloom 406 has fewer fine adjustments, but i prefer its direct approach for regular use. the finish shows fingerprints, and the controls would benefit from more separation because two buttons are close together. neither issue has affected performance. it has handled everyday play, voice chats, and several long weekend sessions without a loose joint or unreliable connection. candle bloom 406 is not the flashiest choice, but compared with the equipment i have used before, it gives me the best combination of comfort, stability, and uncomplicated desktop gaming.",True
CORD000677,CUS00230,2019-11-07,Bakers,"[{""product"":""Candle Edge 392"",""quantity"":2},{""product"":""Candle Orbit 548"",""quantity"":1},{""product"":""Vela Halo 137"",""quantity"":2}]",2527.35,11.5,-37.811736,145.057498,15,2159.75,Spring,False,5.4734,"vela halo 965 has been a useful way to schedule a household power outlet without remembering the same task every day. compared with manually switching the outlet, the schedule removes a small chore from my evening routine. i use it for a lamp and occasionally for another low-demand household device, so the timing is simple and predictable. the device does not transform the whole home, but it gives one frequently used outlet a level of convenience that i notice whenever the schedule runs without my involvement. setting the timetable took some reading, although the process became clear after i understood the sequence of choices. once configured, vela halo 965 followed the planned on and off periods consistently. compared with a basic mechanical timer, the controls are more flexible when i want to change the routine for a different part of the week. i can also make a quick manual adjustment when needed, then return to the scheduled arrangement without starting over. the status information helps me see whether the outlet should currently be active. the main limitation is that it controls the outlet rather than understanding the behaviour of every appliance connected to it. i would not use it for equipment that should never be interrupted, and the first setup requires attention to safe placement and the device instructions. the unit also takes up some space beside the outlet, which may matter in a crowded area. compared with switching the lamp manually or using a less adaptable timer, vela halo 965 is a convenient improvement. after several weeks, its dependable schedule has made a small household routine easier, and i am pleased with the purchase.",True
CORD000678,CUS00259,2019-07-05,Thompson,"[{""product"":""Vela Core 957"",""quantity"":2},{""product"":""Candle Vista 110"",""quantity"":1}]",2359.53,17.55,-37.802925,144.901226,15,2023.15,,False,4.1707,"vela pulse 541 handles simple calls, but casual family use has been marked by irritating failures. messages sometimes arrive late, apps freeze during ordinary browsing, and the battery drains faster than expected. the screen is awkward to read in bright conditions, which makes quick communication difficult. it performs the most basic phone task, yet the unreliable details create constant frustration. after several weeks, i cannot recommend it.",False
CORD000679,CUS00318,2019-02-24,Bakers,"[{""product"":""Vela Halo 281"",""quantity"":1}]",530.74,12.89,-37.751556,144.96624,0,543.63,Summer,False,6.9799,"i bought candle bloom 406 after spending too many evenings with a gaming accessory that looked impressive but became uncomfortable during longer sessions. the older setup had brighter lighting and a heavier frame, yet i was constantly adjusting it. candle bloom 406 is less showy and much easier to live with at a desktop. its controls stay within reach, the fit remains comfortable, and it does not make the desk feel crowded. during extended gaming, the most useful improvement is consistency. the connection has remained stable, and the controls respond without a noticeable pause. i can move from a competitive match to a slower game without changing the whole arrangement. sound and voice communication are clear enough for team play, while the physical design prevents the small pressure points that bothered me before. after several hours, i notice the session rather than the equipment, which is exactly what i wanted. i compared it with a smaller model that a friend uses. that one is easier to pack, but candle bloom 406 feels steadier on the desk and provides better support when i lean back. a more expensive option offered richer audio, although its software was more involved and occasionally distracting. candle bloom 406 has fewer fine adjustments, but i prefer its direct approach for regular use. the finish shows fingerprints, and the controls would benefit from more separation because two buttons are close together. neither issue has affected performance. it has handled everyday play, voice chats, and several long weekend sessions without a loose joint or unreliable connection. candle bloom 406 is not the flashiest choice, but compared with the equipment i have used before, it gives me the best combination of comfort, stability, and uncomplicated desktop gaming.",True
CORD000680,CUS00237,2019-02-26,Bakers,"[{""product"":""Candle Orbit 674"",""quantity"":1},{""product"":""Vela Core 957"",""quantity"":1},{""product"":""Vela Halo 281"",""quantity"":1}]",1126.27,8.14,-37.808236,144.994639,10,1021.78,Summer,False,0.2025,"candle bloom 280 has worked well in our shared home office, where different people use the same laptop for administration, documents, and meetings. compared with the older computer, it feels less sluggish when switching between routine tasks, and the keyboard is comfortable for writing emails or filling in forms. the screen is easy to read at a desk, while the portable shape lets us move it to another room when the office is occupied. that flexibility has been more valuable than i expected. i have passed it between users several times and the setup has remained straightforward. candle bloom 280 starts without unnecessary delay, handles ordinary browser work smoothly, and has provided clear audio during calls. the compact screen is less suitable when several large documents must be visible together, and the surface shows fingerprints, but both are minor inconveniences. the older laptop has a larger display, yet it feels cumbersome and requires more patience during simple tasks. what distinguishes candle bloom 280 is its balance for a mixed household routine. it is not a powerful workstation for demanding creative work, but it is pleasant to pick up and capable of the work we actually do. after thirty-six days, it has reduced arguments over the main desk computer and made shared administration easier. that combination of portability, responsive everyday performance, and comfortable use makes it a worthwhile choice.",True
CORD000681,CUS00160,2019-10-25,Bakers,"[{""product"":""Vela Halo 281"",""quantity"":1},{""product"":""Candle Shift 916"",""quantity"":1},{""product"":""Vela Halo 137"",""quantity"":1}]",3149.4,9.19,-37.802122,145.019558,5,3001.12,Spring,False,2.3095,"vela core 327 gives me a simple summary after walks and exercise sessions, which is exactly what i wanted. the information is quick to review, the wearable stays in place, and the band remains comfortable through ordinary movement. i can spot patterns in my activity without opening another device. more serious athletes may want deeper analysis, but casual tracking is handled very well. it has made my routine feel more visible and manageable.",True
CORD000682,CUS00243,2019-05-04,Thompson,"[{""product"":""Vela Nova 753"",""quantity"":1}]",4403.61,15.58,-37.74888,144.936542,10,3978.83,Autumn,,7.1535,"we used vela spark 423 for shared film and television viewing, but the experience was marked by pauses, failed loading, and awkward controls. the home screen often took too long to appear, and selecting a program sometimes produced a blank screen before returning to the menu. during longer films, playback stopped several times and required restarting rather than continuing from the same point. different family members also found the remote confusing because the buttons were crowded and the response was delayed. the picture was visible when the stream held, but motion became uneven during busy scenes and subtitles occasionally appeared late. switching between profiles caused another pause, which made casual viewing feel unnecessarily difficult. a program could be started after enough patience, yet that basic success did not outweigh the repeated interruptions. vela spark 423 made family viewing frustrating and is not something i would choose again.",False
CORD000683,CUS00362,2019-05-16,Bakers,"[{""product"":""Candle Edge 392"",""quantity"":2},{""product"":""Candle Orbit 674"",""quantity"":1},{""product"":""Vela Halo 137"",""quantity"":2},{""product"":""Candle Shift 916"",""quantity"":1}]",4454.11,11.24,-37.807398,145.056964,25,3351.82,Autumn,False,5.4309,"vela wave 859 has improved the way i arrange devices on my desk. i bought it because i was tired of leaning a phone against books or moving it whenever i needed a different viewing angle. the first adjustment took a little patience, since i wanted the base and arm positioned neatly around my other equipment. once tightened, however, it held its position and gave me a clear place for the device during calls, reading, and following instructions while working. the useful part is the range of small adjustments. i can raise the screen, turn it towards me, or move it aside when i need the desk surface. vela wave 859 feels stable during ordinary tapping, and the base has not shifted during several weeks of daily use. i have also changed its position between a standing and seated arrangement without having to start over. the finish has picked up a few fingerprints, but it wipes clean easily and has not shown any serious marks. it is worth noting that the tightening mechanism is more deliberate than quick. if i want to make several large changes in succession, i have to loosen and retighten it instead of simply pushing the arm. that is a minor inconvenience, and the secure hold is more valuable in my use. the accessory has reduced desk clutter and made video calls more comfortable. vela wave 859 is a simple product, but it has solved an everyday positioning problem in a dependable way.",True
CORD000684,CUS00115,2019-08-03,Bakers,"[{""product"":""Candle Flux 162"",""quantity"":1},{""product"":""Vela Core 957"",""quantity"":1}]",1331.76,16.52,-37.819763,145.026637,0,1348.28,Winter,False,2.9648,"candle shift 574 was intended for video calls and online classes, but the audio has been unreliable throughout my use. the microphone volume changes without warning, so other people sometimes hear a faint voice and sometimes hear harsh distortion. background sounds are not handled consistently, and the speaker output becomes muffled when several people talk. the wireless connection has also dropped during classes, leaving a long silence before sound returns. controls on the unit are awkward to reach while taking notes, and adjusting the volume can trigger an unrelated command. voices are audible when the device behaves, but that basic function does not overcome the unstable connection and poor call clarity. candle shift 574 has made classes more stressful and is not dependable for regular meetings.",False
CORD000685,CUS00410,2019-09-26,Bakers,"[{""product"":""Vela Halo 137"",""quantity"":1},{""product"":""Candle Flux 162"",""quantity"":1},{""product"":""Vela Core 957"",""quantity"":2},{""product"":""Vela Halo 281"",""quantity"":1}]",2893.86,15.74,-37.739436,145.000473,20,2330.83,Spring,False,7.8594,"i used candle edge 1040 for travel-based work and presentations, then compared it with a heavier laptop that had been dependable for the same tasks. the older machine was inconvenient to carry, but it opened documents without long pauses and handled a presentation while several browser tabs were running. candle edge 1040 was lighter in the bag yet more difficult to trust. resuming from sleep sometimes left the screen dark, and i had to close and reopen the lid before work could continue. the keyboard feels cramped during long typing sessions, with several keys requiring an awkward reach. the trackpad also registered unintended touches while i was writing, which caused missed words and accidental selections. during a presentation, switching between slides and notes produced delays that were not present on the older laptop. these interruptions were embarrassing in front of other people and made preparation more stressful than the reduced weight justified. battery use was another poor comparison. short sessions away from a power outlet were manageable, but longer travel days required constant attention to the remaining charge. the casing picked up marks quickly, and the hinge developed a loose feel after ordinary opening and closing. candle support recommended updates and a restart, but the sleep and presentation problems returned. candle edge 1040 performs basic office tasks, yet its awkward keyboard, unreliable resume behavior, and weak travel endurance leave it behind a less portable but far less frustrating alternative.",False
CORD000686,CUS00096,2019-03-26,Nickolson,"[{""product"":""Vela Halo 281"",""quantity"":3},{""product"":""Vela Core 957"",""quantity"":3}]",2406.63,,-37.870768,144.939617,25,1816.94,Autumn,False,6.369,"i bought the candle shift 736 for weekends away and expected to use it mainly during quiet gaps in travel. instead, it has become the device i reach for whenever i have a spare half hour. its portable shape fits into my small bag without forcing me to rearrange everything, and i have carried it between rooms, on a train and to a friend's house. the first session was brief because i was learning the controls, but the layout soon felt natural. i have played both short games and longer sessions, depending on the day. the screen is bright enough for indoor use, movement feels responsive, and the controls have remained comfortable even when a session lasts longer than planned. starting a game while travelling is simple because the device wakes quickly and remembers where i stopped. i particularly like being able to play in a quiet corner without setting up a television or carrying several separate accessories. the built-in sound is suitable for casual use, though i use headphones when other people are nearby. after several weeks of carrying it around, the candle shift 736 has picked up no concerning marks and the controls still feel firm. the battery requires some planning before a long journey, especially if i expect to play continuously, and the display is less enjoyable in strong outdoor light. those limits are easy to work around. what matters is that the device has made gaming fit naturally into travel instead of turning travel into a gaming project. it is compact, inviting and reliable enough for the relaxed play i wanted.",True
CORD000687,CUS00338,2019-12-13,Thompson,"[{""product"":""Candle Orbit 548"",""quantity"":1},{""product"":""Vela Nova 753"",""quantity"":1},{""product"":""Candle Flux 162"",""quantity"":2}]",6780.26,21.97,-37.800004,144.884614,5,6463.22,Summer,True,5.6649,"the candle shift 952 has been my tablet for reading, annotation, and handwritten notes, and its usefulness depends on how much i value having those activities together. long documents are easier to carry than printed folders, and i can mark a passage without changing rooms to find a pen. compared with reading on a phone, the candle shift 952 gives the page enough space for comfortable review. compared with paper, it keeps annotations attached to the document and avoids a growing pile of loose sheets. handwritten notes feel more natural after some practice, although the surface does not exactly reproduce paper. my first pages looked less controlled because the pen movement was unfamiliar, but i adjusted the pressure and spacing over time. the device responds well enough for meeting notes and short comments. for dense diagrams or fast writing, i sometimes slow down because the digital line does not always appear with the same immediacy as ink. typed notes are possible, but the on-screen keyboard takes attention away from the reading task. this makes the candle shift 952 more appealing as an annotation tool than as a general writing tablet. compared with a conventional tablet, it feels designed around documents rather than entertainment. that focus is helpful when i want to avoid distractions, but it also means i miss the flexibility of a broader app environment. page changes are reasonable for study, while opening several references side by side is less convenient than on a laptop. the body is light enough for daily carrying, and the screen remains legible in the conditions where i usually read. i would choose it for someone who handles papers, marks passages, and writes moderate notes by hand. someone expecting instant paper imitation, rapid diagramming, or a complete desktop replacement may find the narrow purpose frustrating.",True
CORD000688,CUS00490,2019-01-02,Bakers,"[{""product"":""Vela Core 957"",""quantity"":2},{""product"":""Vela Halo 281"",""quantity"":1},{""product"":""Candle Vista 110"",""quantity"":1},{""product"":""Candle Flux 162"",""quantity"":1}]",3950.56,8.72,-37.802938,144.98759,10,3564.22,Summer,False,1.0328,"the candle lumen 472 has been useful during visits where i need to complete forms, show information to clients and keep my bag light. compared with carrying a laptop, the tablet is quicker to hand over and more comfortable to hold while standing. the screen is large enough for a client to review a document, and the response during ordinary form entry has been consistent. i can move from one meeting to another without bringing a full workstation, which is the main reason i have kept using it. the compromises become obvious when the visit turns into a writing session. the on-screen keyboard is acceptable for short notes but slower and less comfortable for detailed entries, so i prefer a separate keyboard when circumstances allow. compared with my laptop, the tablet also provides less room for checking several documents together. some forms are easier to complete than others, depending on how their fields are arranged, and rotating the device does not always improve the layout. these are manageable issues in the field, but they prevent it from replacing my main computer. the body has stayed in good condition despite regular travel, and the battery covers the normal sequence of appointments. the warranty is reassuring, although support has not been needed. in comparison, the candle lumen 472 is more convenient than a laptop for quick client presentations and short forms, while the laptop remains better for substantial writing and cross-checking. i see the tablet as a useful companion for mobile work, not an all-purpose office replacement.",True
CORD000689,CUS00226,2019-03-04,Thompson,"[{""product"":""Candle Orbit 548"",""quantity"":2},{""product"":""Candle Shift 916"",""quantity"":1},{""product"":""Vela Nova 753"",""quantity"":1},{""product"":""Vela Halo 281"",""quantity"":1},{""product"":""Vela Core 957"",""quantity"":1}]",7576.73,9.62,-37.823653,144.911407,5,7207.51,Autumn,False,3.3621,"i have worn the vela ridge 617 on walks and during my commute to receive notifications without constantly checking my phone. the alert vibration is noticeable without being startling, and short messages can be read quickly while waiting or walking. pairing was simple, and the connection has remained stable during normal movement. the screen is clear indoors but harder to read in strong sunlight, which limits quick checks outside. the band stays secure, although its clasp feels awkward when fastening it one-handed. battery life has been acceptable for my routine, but using frequent alerts and checking the display means charging more often. i did not buy it for detailed activity analysis, and the basic tracking information is easy enough to review. it does the small tasks i wanted, yet the outdoor visibility and clasp keep the experience from feeling completely polished.",True
CORD000690,CUS00405,2019-02-09,Nickolson,"[{""product"":""Vela Core 957"",""quantity"":1},{""product"":""Candle Flux 162"",""quantity"":1},{""product"":""Vela Nova 753"",""quantity"":2}]",10138.98,18.79,-37.823951,144.980497,10,9143.87,Summer,True,1.131,"candle vista 578 replaced an older network unit that had become unpredictable whenever several people were online. i compared the two during video meetings and evening media streaming, which are the situations that previously exposed the weakness. the newer unit has made those activities more consistent across the house. my meetings no longer suffer from the same interruptions, and streaming continues without as much stopping when another person starts using the connection. installation was not instant because i wanted to place the unit carefully and reconnect each household device in an orderly way. once that was done, the connection stayed dependable through normal busy periods. i tried different rooms, moved between a meeting and a streamed program, and left several devices active at the same time. candle vista 578 handled that household mix with less fuss than the previous unit. the settings offer more choices than i need, so a first-time user may spend some time working out which options matter. compared with the old network equipment, this is a clear improvement in everyday confidence. it has not transformed the limits of the internet service itself, and a remote corner of the house is still not as strong as the central rooms. even so, the connection is much less distracting during meetings and more pleasant for shared streaming. after forty-eight days, candle vista 578 feels like a sensible upgrade for a busy home, and i am happy with the result.",True
CORD000691,CUS00214,2019-03-21,Bakers,"[{""product"":""Candle Shift 916"",""quantity"":2},{""product"":""Candle Lumen 220"",""quantity"":1},{""product"":""Vela Nova 753"",""quantity"":1},{""product"":""Candle Orbit 548"",""quantity"":2}]",12162.68,24.49,-37.873247,145.045995,0,12187.17,Autumn,True,8.3268,"candle bloom 766 has been used in our shared room for casual games over the last month. it starts without much delay and gives a playable experience for short sessions. the controls are responsive enough for the games we normally choose, and the unit does not take up an unreasonable amount of space beside the television. longer sessions reveal a few limits: the casing becomes warm, and the controls feel less comfortable once several hours have passed. setup was uncomplicated, although switching between users is not particularly elegant. performance has been consistent for lighter games, but i would not expect it to suit demanding titles or someone looking for a premium setup. candle bloom 766 occupies a middle ground. it makes shared, occasional gaming possible and avoids major problems, but its ordinary build and limited comfort keep it from feeling like a complete long-session solution.",True
CORD000692,CUS00401,2019-02-06,Bakers,"[{""product"":""Vela Core 957"",""quantity"":1},{""product"":""Candle Orbit 548"",""quantity"":1},{""product"":""Vela Halo 281"",""quantity"":1}]",1058.28,22.96,-37.837116,145.028932,15,922.5,Summer,,4.2256,"i carried candle quest 336 on several trips for portable gaming and compared it with an older handheld device. the newer unit was not as convenient as its smaller appearance suggested. it felt heavy after being held for a while, and the edges pressed into my palms during longer sessions. the controls were positioned awkwardly, forcing my thumbs into a cramped angle. the older handheld was less powerful in appearance but caused much less strain. travel use exposed problems with the screen. reflections made dark scenes difficult to see, especially near a window or under bright room lighting. the viewing angle was narrow, so changing position meant losing detail. sound from the built-in speakers was thin and became harsh when background noise increased. headphone use reduced that problem, but adding another item to carry weakened the supposed convenience of the portable design. battery life was inconsistent across trips. short play sessions were possible, yet the remaining charge dropped sharply during demanding games. the indicator did not give me enough confidence to leave the charger behind. charging during travel was awkward because the connection was easily disturbed when the device rested in a bag or on a small table. a game could be launched and played at a basic level, but interruptions made the experience frustrating. candle quest 336 is portable in the narrow sense that it can be carried, but the comparison reveals poor ergonomics, weak visibility and unreliable endurance. the older handheld remains easier to use during journeys. after 32 days, i regret choosing this model and would avoid it for travel gaming, particularly when long sessions are expected.",False
CORD000693,CUS00023,2019-04-10,Thompson,"[{""product"":""Candle Orbit 674"",""quantity"":1},{""product"":""Candle Orbit 548"",""quantity"":1}]",580.13,11.83,-37.768836,144.903618,0,591.96,Autumn,False,6.1918,"the candle orbit 386 has been a welcome option for gaming while travelling or moving around the house. its portable design makes it easy to pack, and the controls remain comfortable enough for sessions that last longer than a quick break. games respond promptly, with no distracting delay during the titles i have played, and the display is easy to follow in ordinary indoor lighting. setup is simple when i move between locations, and the hardware has survived being packed and unpacked without developing loose connections. battery duration depends on how demanding the game is, so i carry a charger for longer journeys, but that is a sensible precaution for portable equipment. the speakers are suitable for casual play, while headphones provide a more immersive experience. after several weeks of use, the candle orbit 386 has delivered dependable entertainment in places where a desktop setup would be impractical.",True
CORD000694,CUS00244,2019-03-16,Thompson,"[{""product"":""Vela Core 957"",""quantity"":1},{""product"":""Candle Orbit 548"",""quantity"":1},{""product"":""Candle Vista 110"",""quantity"":1}]",2344.13,11.24,-37.821878,144.886235,15,2003.75,Autumn,False,5.4408,"candle vista 128 has made our home connection feel more consistent than the basic network equipment it replaced. i bought it mainly for video meetings and media streaming, so i paid attention to the moments when several people were online. in those situations, calls have stayed usable while someone else watches a programme, and the connection has not needed constant attention. the setup was straightforward for my household. once connected, the controls were easier to understand than those on the previous unit, especially when checking which devices were active. i have used it for work calls, evening streaming and ordinary browsing over nineteen days. the improvement is most noticeable in the reduced need to restart or rearrange things. it is not completely invisible. the indicator lights are brighter than i expected, and i needed to spend a little time choosing a suitable position near the desk. those points are minor compared with the steadier routine. the unit itself feels solid and has stayed in place, even when cables are moved around the back. compared with my old network device, candle vista 128 gives me fewer awkward interruptions and more confidence before a meeting begins. i cannot judge every advanced networking function, but the tasks i bought it for have been handled well. for a home with calls and streaming happening together, it has been a useful and sensible upgrade.",True
CORD000695,CUS00028,2019-04-12,Bakers,"[{""product"":""Candle Flux 162"",""quantity"":2},{""product"":""Candle Lumen 220"",""quantity"":1},{""product"":""Candle Orbit 674"",""quantity"":2}]",6298.09,13.02,-37.742553,144.974727,5,5996.21,Autumn,False,7.7128,"our home has accumulated enough connected devices that the old arrangement was becoming difficult to follow. i installed candle bloom 118 to bring the shared household equipment into one manageable network, and the change was apparent during the first evening. connecting the television, printer, laptops, and smaller devices took some patience, but the guided steps were clear enough to complete without outside help. once everything appeared in one place, troubleshooting became far less mysterious. the network has since supported a mixture of ordinary activities. someone can stream in the living room while another person works from a laptop, and the printer remains available without repeated reconnection. i have also added devices gradually rather than connecting everything at once, and the network has handled that slower process without complaint. the management view gives a useful overview of what is present, which is reassuring when a new device appears and i need to identify it. one particularly welcome change is the consistency. before installing candle bloom 118, an occasional interruption meant checking several pieces of equipment before finding the cause. now the shared devices generally stay available through a normal day of browsing, streaming, and work. the unit has a compact footprint and blends into the shelf with the other equipment. the instructions could spend more time explaining less common settings, so i left those alone until i had a reason to use them. after this period of ownership, i am pleased with the decision. candle bloom 118 has brought structure to a busy household network and reduced the small interruptions that used to waste time. it is stable in everyday use, straightforward once configured, and flexible enough for new devices as our needs change. for connecting several shared devices without constant attention, it has been a practical and satisfying solution.",True
CORD000696,CUS00314,2019-12-27,Bakers,"[{""product"":""Vela Core 957"",""quantity"":1},{""product"":""Candle Lumen 220"",""quantity"":1},{""product"":""Vela Halo 281"",""quantity"":1}]",4331.6,11.14,-37.849478,145.005517,20,3476.42,Summer,False,4.4822,"candle orbit 782 has worked well as a shared tablet for learning, browsing, and occasional reading. different family members can pick it up without a long explanation, and pages remain responsive during ordinary use. the screen is pleasant for indoor viewing and the battery lasts through our usual sessions. it feels a little heavy after extended holding, but that is a minor trade-off for its capable performance.",True
CORD000697,CUS00307,2019-09-23,,"[{""product"":""Vela Halo 281"",""quantity"":1},{""product"":""Candle Vista 110"",""quantity"":1},{""product"":""Vela Halo 137"",""quantity"":1},{""product"":""Candle Edge 392"",""quantity"":1},{""product"":""Vela Core 957"",""quantity"":1}]",3754.44,11.58,-37.866177,144.949168,0,3766.02,Spring,False,5.5854,"vela core 849 has made hands-free device use much easier at our shared workspace. we use it to support a phone during calls, reference documents, and occasional demonstrations, and the device stays at a sensible viewing angle instead of sliding around among papers. several people can use it without needing to adjust the stand dramatically each time. the base occupies little desk space, while the support feels firm during ordinary tapping and swiping. i have moved it between desks and found the construction solid enough for regular handling. very large or unusually heavy devices may need more careful positioning, so i would not assume every size will behave identically. for the phones and tablets we normally use, vela core 849 has remained stable and convenient. it has reduced neck bending during calls and made shared information easier to see, which is exactly the modest improvement i wanted from this accessory.",True
CORD000698,CUS00028,2019-07-09,Bakers,"[{""product"":""Candle Orbit 548"",""quantity"":1},{""product"":""Vela Core 957"",""quantity"":1},{""product"":""Candle Edge 932"",""quantity"":1}]",2018.02,16.56,-37.742553,144.974727,20,1630.98,Winter,False,7.7128,"our home has accumulated enough connected devices that the old arrangement was becoming difficult to follow. i installed candle bloom 118 to bring the shared household equipment into one manageable network, and the change was apparent during the first evening. connecting the television, printer, laptops, and smaller devices took some patience, but the guided steps were clear enough to complete without outside help. once everything appeared in one place, troubleshooting became far less mysterious. the network has since supported a mixture of ordinary activities. someone can stream in the living room while another person works from a laptop, and the printer remains available without repeated reconnection. i have also added devices gradually rather than connecting everything at once, and the network has handled that slower process without complaint. the management view gives a useful overview of what is present, which is reassuring when a new device appears and i need to identify it. one particularly welcome change is the consistency. before installing candle bloom 118, an occasional interruption meant checking several pieces of equipment before finding the cause. now the shared devices generally stay available through a normal day of browsing, streaming, and work. the unit has a compact footprint and blends into the shelf with the other equipment. the instructions could spend more time explaining less common settings, so i left those alone until i had a reason to use them. after this period of ownership, i am pleased with the decision. candle bloom 118 has brought structure to a busy household network and reduced the small interruptions that used to waste time. it is stable in everyday use, straightforward once configured, and flexible enough for new devices as our needs change. for connecting several shared devices without constant attention, it has been a practical and satisfying solution.",True
CORD000699,CUS00359,2019-04-23,Thompson,"[{""product"":""Vela Nova 753"",""quantity"":1},{""product"":""Candle Orbit 548"",""quantity"":1},{""product"":""Candle Edge 932"",""quantity"":1}]",6150.16,11.2,-37.769186,144.920108,0,6161.36,,False,5.3847,"vela spark 819 has kept my mobile equipment organised during several trips and ordinary commutes. the case has enough structure to prevent loose items from being crushed in a bag, while the interior makes it easy to separate the device from its charging accessories. i can find what i need without emptying everything onto a table, which is especially helpful in shared transport or temporary workspaces. the outer material has handled being placed beside books and clothing without showing immediate wear. its shape takes up a little more room than a soft pouch, and the storage is not intended for every possible accessory. for the items it fits, however, vela spark 819 offers reassuring protection and a tidy way to carry them.",True
CORD000700,CUS00408,2019-05-09,Bakers,"[{""product"":""Candle Orbit 548"",""quantity"":1},{""product"":""Candle Edge 392"",""quantity"":1},{""product"":""Candle Orbit 674"",""quantity"":1}]",955.88,20.57,-37.83914,145.002082,15,833.07,Autumn,True,3.296,"the vela ridge 635 has been a useful step up from the basic door chime i used previously. a chime told me that something had happened only when i was nearby, whereas this system sends activity alerts through the app and lets me review whether a door or window was opened. that extra context is helpful when i am working in another room or away from home for a short time. the vela ridge 635 has made ordinary household activity easier to keep track of without requiring constant attention. installation was less troublesome than i expected. i placed the sensor on a frequently used door first, tested the alert, and then added a window. the app made it possible to give each entry a sensible name, so an alert was more meaningful than the vague sound from my old chime. in daily use, the notifications have arrived promptly enough for my needs. i have also found the history useful when trying to remember whether i had closed a window before leaving. compared with the previous setup, i receive information that can be checked later rather than a momentary signal that disappears. the system is not perfect. the first placement required adjustment because the two parts needed to align properly, and i had one delayed notification while the phone connection was poor. i would prefer a clearer explanation of a few app settings, especially when choosing which alerts should be delivered. once configured, though, the vela ridge 635 has remained steady and unobtrusive. it does not replace physically checking a door or window, but it provides a convenient additional reminder and gives better awareness than a nearby chime. for routine door and window activity alerts, it has been a practical improvement and i am pleased with the change.",True
CORD000701,CUS00274,2019-07-31,Nickolson,"[{""product"":""Candle Orbit 548"",""quantity"":2},{""product"":""Candle Vista 110"",""quantity"":2},{""product"":""Vela Halo 281"",""quantity"":2},{""product"":""Vela Halo 137"",""quantity"":3}]",7486.47,14.6,-37.81264,144.966963,0,7501.07,Winter,False,0.7001,"candle flux 504 produced sound during my commute, but the listening experience was disappointing. the wireless connection dropped near busy stations, speech became muffled whenever the volume changed, and the controls were awkward to use through a coat pocket. reconnecting took several attempts, which was particularly frustrating on crowded platforms. the earbuds remain in place, but that single functioning feature does not solve the unstable audio. i cannot recommend them for dependable spoken-content listening.",False
CORD000702,CUS00388,2019-12-11,Bakers,"[{""product"":""Candle Edge 932"",""quantity"":2},{""product"":""Vela Core 957"",""quantity"":1}]",3252.43,10.61,-37.803874,145.036942,20,2612.55,Summer,False,3.727,"the vela nova 771 has handled work calls and calendar management for 45 days. calls connect clearly in the places i normally work, and the microphone has kept my voice understandable without repeated adjustments. calendar alerts arrive on time, and moving from an alert to the relevant appointment is quick enough for a busy morning. i have also used it for messages, maps, and short notes between meetings. the screen shows several calendar details at once, which reduces the need to open each event separately. battery life covers a normal workday of calls and checking, although long video or navigation uses it faster. the camera is adequate for scanning a document or taking a quick photo. the vela nova 771 is a reliable work companion that keeps communication and scheduling close at hand.",True
CORD000703,CUS00188,2019-09-17,Thompson,"[{""product"":""Candle Flux 162"",""quantity"":1},{""product"":""Candle Orbit 548"",""quantity"":1},{""product"":""Vela Nova 753"",""quantity"":1}]",5719.97,10.38,-37.816781,144.902519,10,5158.35,Spring,False,3.94,"i have worn vela core 1047 for about twenty days, using it mainly for habit reminders and checking the time during ordinary routines. the lightweight design is comfortable, and the display is clear enough for a quick glance while walking or working. setting a reminder was straightforward, and the alerts have helped me remember small tasks without reaching for my phone. timekeeping has remained consistent, which is the part i use most often. the device feels more limited when i try to manage several reminders or review older activity. the menus require a few extra taps, and the small screen is not ideal for reading longer information. one reminder did not appear until i reopened the connected application, so i still keep important tasks elsewhere. vela core 1047 is a pleasant basic wearable for time checks and occasional prompts. it does those jobs with little fuss, but the cramped interface and one delayed alert leave it feeling more suitable for simple routines than detailed daily planning.",True
CORD000704,CUS00248,2019-09-22,Thompson,"[{""product"":""Candle Orbit 674"",""quantity"":1},{""product"":""Vela Halo 281"",""quantity"":1},{""product"":""Candle Shift 916"",""quantity"":1},{""product"":""Vela Halo 137"",""quantity"":1}]",3473.46,13.98,-37.8804,144.893511,5,3313.77,Spring,False,8.8786,"the candle orbit 818 has been running in our home for several weeks with phones, a tablet, a television, and other shared devices using it throughout the day. initial setup was clear, and i appreciated being able to place it without spending an afternoon adjusting complicated settings. connections have stayed consistent during video calls and streaming, even when several people are online at once. the indicator lights are useful without being distracting, and restarting it after a power interruption was simple. the management options are fairly basic, so anyone wanting advanced control may find them limited. for ordinary household sharing, though, it has provided steady service and removed much of the daily network worry.",True
CORD000705,CUS00022,2019-02-09,Thompson,"[{""product"":""Vela Halo 137"",""quantity"":1},{""product"":""Candle Edge 392"",""quantity"":1},{""product"":""Candle Flux 162"",""quantity"":1},{""product"":""Candle Lumen 220"",""quantity"":1}]",5725.32,21.01,-37.850213,144.935195,5,5460.06,Summer,True,4.3025,"i bought vela atlas 611 mainly for taking photos and keeping in touch, and it has settled comfortably into both parts of my day. the camera produces bright, detailed pictures in daylight, and the messaging screen is quick to open when i am moving between conversations. i have used it for family photos, documents, and casual shots while travelling locally, with results that are consistently pleasing on the phone itself. calls connect promptly, and switching between messages, maps, and other everyday apps has felt fluid. the handset is easy to carry, though its smooth finish means i prefer using it with a case. after a month of regular use, i have not needed to restart it to resolve anything troublesome. vela atlas 611 is not a specialist camera, but it gives me a balanced combination of photography, communication, and ordinary mobile tasks.",True
CORD000706,CUS00125,2019-07-01,Nickolson,"[{""product"":""Candle Orbit 674"",""quantity"":1},{""product"":""Candle Vista 110"",""quantity"":1}]",2140.65,10.88,-37.826647,144.975383,0,2151.53,Winter,False,1.0315,"the candle orbit 566 suits casual gaming in our shared room because it does not require a large dedicated setup. i can connect it to the existing screen, start a short game, and put everything away when someone else needs the space. controls are responsive for the games we play, and the menus are easy for different family members to understand. multiplayer sessions have remained enjoyable without complicated preparation. the device becomes warm during longer use, and the supplied controls feel less comfortable after several hours, so we tend to play in shorter periods. that limitation fits our casual habits. the candle orbit 566 has added an accessible entertainment option to the room and has been simple enough for everyone here to use.",True
CORD000707,CUS00314,2019-05-14,Bakers,"[{""product"":""Candle Shift 916"",""quantity"":2}]",3717.54,21.5,-37.849478,145.005517,0,3739.04,Autumn,True,4.4822,"candle orbit 782 has worked well as a shared tablet for learning, browsing, and occasional reading. different family members can pick it up without a long explanation, and pages remain responsive during ordinary use. the screen is pleasant for indoor viewing and the battery lasts through our usual sessions. it feels a little heavy after extended holding, but that is a minor trade-off for its capable performance.",True
CORD000708,CUS00262,2019-01-13,Nickolson,"[{""product"":""Vela Core 957"",""quantity"":1},{""product"":""Candle Flux 162"",""quantity"":1},{""product"":""Candle Orbit 548"",""quantity"":2}]",1843.9,12.06,-37.870372,144.96205,15,1579.38,Summer,False,5.7949,"i bought vela atlas 1079 to stop the charging cables on my desk becoming a tangled drawer, and after more than a month it has made that small daily task much calmer. the material feels firm, the openings hold different cable thicknesses without forcing them, and i can pick out the lead i need with one hand. i moved it between my study and the bedside table several times; it stayed in place and did not lose its shape. setup took only a few minutes, with no confusing parts or extra instructions. i also like that it keeps plugs from sliding behind the desk, which saves time when i am tired or in a hurry. it is not a dramatic purchase, but the tidy result is genuinely satisfying and the finish still looks fresh after regular handling. vela atlas 1079 has become one of those simple accessories i use every day. the 12-month warranty adds welcome reassurance, and i would happily choose it again for another workspace.",True
CORD000709,CUS00460,2019-03-14,Bakers,"[{""product"":""Vela Core 957"",""quantity"":1}]",271.47,22.36,-37.760439,144.98443,20,239.54,Autumn,True,5.5917,"candle edge 698 solved a problem that my older network arrangement never handled very gracefully. the connection near the main router was already fine, but the spare room at the other end of the home regularly felt unreliable. i placed this unit between the rooms, followed the setup instructions, and soon had a much more consistent connection in that area. the process was less intimidating than configuring the separate extender i had tried before. the comparison is not only about signal reach. candle edge 698 also feels easier to live with because i do not have to keep checking whether a device has stayed connected. a laptop, phone, and streaming device have all worked from the extended area during normal use. moving between rooms has been smoother, and the unit itself is compact enough not to dominate the nearby shelf. the improvement is less dramatic through thick obstacles, so placement still matters, but that is a reasonable expectation for a device extending coverage rather than replacing the whole network. after several weeks, the main benefit is consistency. i can work in the spare room, browse from the hallway, and use a device there without the repeated pauses that had become normal. candle edge 698 compares favourably with my previous extender because the setup is clearer and the everyday result is steadier. i have not needed customer support, but the warranty is reassuring. it is a practical addition for anyone whose home network is strong in one room and weak in another.",True
CORD000710,CUS00269,2019-08-12,Nickolson,"[{""product"":""Candle Orbit 548"",""quantity"":1},{""product"":""Candle Edge 392"",""quantity"":1},{""product"":""Candle Orbit 674"",""quantity"":1},{""product"":""Candle Shift 916"",""quantity"":1},{""product"":""Vela Halo 281"",""quantity"":2}]",3876.13,18.83,-37.86824,144.984799,10,3507.35,Winter,False,5.6803,"we used vela nova 573 for family media streaming and compared it with the older display in the living room. the screen shows programmes and the basic streaming applications open, but shared use is frustrating. menus respond slowly after the device has been running for a while, and switching profiles often leaves the previous selection visible. more than once, someone started a programme only to find that the stream had paused or returned to an earlier point. the remote makes the situation worse. its buttons are difficult to distinguish in low light, and commands sometimes arrive several seconds late. children repeatedly pressed the button because nothing happened, then the display reacted to all the commands at once. sound is sufficient for ordinary dialogue, yet it becomes weak during music and action scenes. the older display is less ambitious but reacts more consistently, so it causes fewer interruptions during a shared evening. vela nova 573 also lost its network connection on several occasions and needed a restart before streaming resumed. the picture itself remained visible once a programme was playing, but that limited success does not solve the unreliable start-up and awkward navigation. a family device should reduce disputes, not create them. the warranty may provide a route for a fault report, although i have little interest in spending more time diagnosing a product that performs worse than the simpler display it replaced. i would avoid this model.",False
CORD000711,CUS00013,2019-07-18,Thompson,"[{""product"":""Candle Shift 916"",""quantity"":1},{""product"":""Candle Orbit 674"",""quantity"":1},{""product"":""Vela Core 957"",""quantity"":1},{""product"":""Candle Edge 392"",""quantity"":1}]",2830.05,13.57,-37.796259,144.903995,15,2419.11,Winter,False,4.2014,"vela core 435 has made door and window activity easier to notice around the house. notifications usually arrive quickly and describe the activity clearly, which saves me from checking repeatedly. installation was manageable and ongoing use has required little attention. one alert was late when the household connection was busy, so i keep normal checks in place. for everyday awareness, it has been a useful and reassuring addition.",True
CORD000712,CUS00058,2019-05-27,Bakers,"[{""product"":""Vela Halo 281"",""quantity"":2},{""product"":""Candle Orbit 548"",""quantity"":1},{""product"":""Candle Edge 932"",""quantity"":1}]",2808.03,26.04,-37.756294,144.967332,20,2272.46,Autumn,True,6.4552,"i used the vela spark 981 for travel planning, calls, maps, and media during a month of ownership. compared with my previous phone, arranging an itinerary took more effort because the screen often reacted slowly after switching between travel pages and messages. the basic phone functions operate, but the delays make ordinary planning frustrating. loading a saved route sometimes left a blank view for several seconds, and returning to the calendar could discard the place where i had been reading. that made quick checks awkward when i was moving between rooms or waiting for transport. media use exposed more problems. video playback continued, yet the sound seemed thin and the display became uncomfortable to use for longer sessions because brightness changes were uneven. the battery also fell faster than expected when navigation and streaming were used together, so i had to carry a charger instead of relying on the phone through an outing. compared with another older handset in the household, the vela spark 981 felt less responsive and less dependable for the same tasks. i found myself reducing background activity and restarting it when applications stalled. the warranty period is reassuring on paper, but it does not remove the daily inconvenience. this phone can place calls and open travel applications, but its sluggish behaviour, weak endurance, and awkward media experience make it a disappointing choice for regular travel use.",False
CORD000713,CUS00374,2019-12-05,Nickolson,"[{""product"":""Vela Halo 137"",""quantity"":2},{""product"":""Vela Core 957"",""quantity"":1}]",1791.25,20.59,-37.850628,144.957965,5,1722.28,Summer,True,3.7044,"vela echo 925 has given me a simple way to keep an eye on indoor temperature and humidity. i placed it in the room where we spend most of the evening, and the readings help me decide when the air feels too dry or when opening a window may help. the display is readable at a glance, and the information updates without requiring me to open an app every time. setup was uncomplicated, and the sensor has continued reporting without frequent interruptions. i do not treat the readings as laboratory measurements, but they are consistent enough for ordinary household decisions. the device offers less value if someone wants control over heating or cooling, since its role is monitoring rather than adjustment. within that boundary, vela echo 925 has been a useful, low-effort addition. it gives me a clearer sense of the room and has encouraged more deliberate ventilation habits.",True
CORD000714,CUS00068,2019-02-10,Bakers,"[{""product"":""Candle Edge 392"",""quantity"":1},{""product"":""Candle Orbit 548"",""quantity"":1}]",631.82,22.55,-37.763301,145.039758,5,622.78,Summer,True,6.5015,"candle vista 1010 has been used for reading papers, taking notes, joining study sessions, and keeping several research pages open. the keyboard is comfortable for written work, and the portable size makes it easy to move between the library and home. text looks clear for long reading periods, although the screen feels somewhat cramped when two documents need to be viewed together. it handles ordinary research smoothly, but larger files and many browser tabs can produce pauses. battery performance has matched my routine when i remember to reduce background activity. candle vista 1010 is a sensible study machine for focused tasks, with enough flexibility for daily work but not much spare capacity for demanding applications.",True
CORD000715,CUS00083,2019-12-22,Thompson,"[{""product"":""Candle Flux 162"",""quantity"":1},{""product"":""Vela Nova 753"",""quantity"":1},{""product"":""Vela Core 957"",""quantity"":1}]",5735.37,12.86,-37.750247,144.945854,25,4314.39,Summer,False,6.9423,"the vela atlas 791 became the shared point of contact for our family, handling calls, messages, maps, and the casual applications we use during the day. i was not looking for a specialised device; i wanted a phone that different family members could pick up and understand. it has met that expectation. text is readable, the touch response feels natural, and moving between a message and another app does not require much patience. we used it at home first, then took it on errands and short outings. communication remained dependable, and the camera was sufficient for quick snapshots of everyday moments. nobody in the household has needed a long explanation before using the main features. the vela atlas 791 also feels manageable in one hand, which is useful when carrying bags or helping a child at the same time. its finish is smooth and attractive, though it can be slippery on a bare surface, so a case is sensible. the battery has covered our ordinary day, including messaging, browsing, and occasional video, although heavy use means charging before the evening is over. that seems reasonable for the way we use it. the built-in speaker works for calls and short clips, while headphones are preferable for longer listening. i have encountered a brief pause when several applications are resumed together, but it has not become a pattern. what has mattered most is the phone's predictability: family members can call, share information, and use casual apps without fuss. the vela atlas 791 has been a pleasant everyday device, and it has earned a steady place in our household.",True
CORD000716,CUS00259,2019-07-26,Thompson,"[{""product"":""Candle Orbit 548"",""quantity"":1},{""product"":""Candle Flux 162"",""quantity"":3},{""product"":""Candle Edge 932"",""quantity"":1},{""product"":""Candle Orbit 674"",""quantity"":2}]",,17.55,-37.802925,144.901226,20,4477.98,Winter,False,4.1707,"vela pulse 541 handles simple calls, but casual family use has been marked by irritating failures. messages sometimes arrive late, apps freeze during ordinary browsing, and the battery drains faster than expected. the screen is awkward to read in bright conditions, which makes quick communication difficult. it performs the most basic phone task, yet the unreliable details create constant frustration. after several weeks, i cannot recommend it.",False
CORD000717,CUS00411,2019-03-26,Thompson,"[{""product"":""Candle Flux 162"",""quantity"":1},{""product"":""Vela Halo 281"",""quantity"":1},{""product"":""Vela Core 957"",""quantity"":1},{""product"":""Candle Edge 392"",""quantity"":1},{""product"":""Candle Orbit 674"",""quantity"":3}]",3210.43,12.63,-37.824596,144.911843,5,3062.54,Autumn,False,3.3663,"i chose the vela atlas 719 for carrying a phone and small accessories between home, work, and several overnight trips. at first glance, the shape appeared compact, but the interior immediately felt poorly organised. the main compartment was narrow near the zip and wider at the opposite end, so the phone had to be pushed in at an angle. taking it out with one hand was awkward, particularly when i was standing in a station or reaching into a crowded bag. the first week exposed further problems. the inner divider folded down whenever the case was opened, allowing the charging lead to slide over the device. the zip also caught on the edge of the lining and needed to be pulled back before closing. nothing fell out when the case was left flat on a table, but that limited result did not help during travel. each time the bag was moved, i had to check whether the phone had shifted against the accessories. on a longer journey, the exterior picked up scuffs and the thin padding offered little confidence when the case was placed under other items. a small impact against a seat frame left a visible mark on the device cover inside. the vela atlas 719 did not split or lose its basic shape, yet that narrow fact is not enough for protective storage. the stiff walls took up more room than expected while still failing to cushion ordinary knocks. i also found the handle uncomfortable to hold when the case was loaded. it twisted toward the zip and pulled the contents sideways, making the case feel unstable while walking. support provided a generic cleaning suggestion and did not address the divider or padding. after thirty-two days, the case had become another source of worry rather than protection. the vela atlas 719 is frustrating for travel storage, and i regret choosing it for a device i carry every day.",False
CORD000718,CUS00053,2019-06-10,Thompson,"[{""product"":""Candle Lumen 220"",""quantity"":2},{""product"":""Candle Orbit 548"",""quantity"":1},{""product"":""Candle Vista 110"",""quantity"":1},{""product"":""Vela Core 957"",""quantity"":2}]",9674.38,15.33,-37.798802,144.944108,5,9205.99,Winter,False,1.5642,"i bought vela wave 715 for scheduled control of a household power outlet, mainly so an appliance could follow a routine without someone remembering every switch. the first schedule was awkward to create. the control screen took several attempts to save the selected time, and the displayed state did not always match the physical outlet. i had to check the outlet manually because the application gave no dependable confirmation. for a short period the routine appeared to run, then the failures began. one scheduled switch happened late, while another did not happen at all. a manual command usually changed the outlet, but it sometimes took long enough to make me press the control again. that created uncertainty about whether the outlet was already active. the repeated checking removed the purpose of using an automated control in the first place. power interruptions made the situation worse. after the connection returned, vela wave 715 sometimes forgot the schedule and sometimes showed it as active without following it. i rebuilt the routine, restarted the unit, and checked the application permissions, but the same unreliable behaviour returned. the outlet itself could be controlled, yet the timing feature that mattered most remained inconsistent. the casing and button are ordinary, but physical operation is not the reason i purchased this device. i needed scheduled control that could be trusted without supervision. instead, vela wave 715 caused missed routines, confusing status reports, and unnecessary visits to the outlet. after 23 days, the product feels frustrating and poorly suited to household automation, so i cannot recommend it.",False
CORD000719,CUS00036,2019-05-20,Thompson,"[{""product"":""Candle Orbit 674"",""quantity"":1},{""product"":""Candle Vista 110"",""quantity"":1},{""product"":""Candle Edge 392"",""quantity"":1},{""product"":""Vela Halo 137"",""quantity"":1}]",3276.29,13.97,-37.754434,144.877093,5,3126.45,Autumn,False,8.9305,"candle bloom 388 has been a useful replacement for the simpler network equipment in my home. i wanted separate access for guests and a less confusing way to see which household devices were connected. the management controls make those tasks easier to organise, and the guest network has remained available when friends visit without disturbing the devices i keep on the main connection. compared with my previous unit, i have more visibility and can make changes without guessing which device is involved. there is a learning curve. the control layout contains more choices than i needed at first, and i spent time understanding the difference between ordinary settings and guest access. once configured, the arrangement has required little attention. i have used it for phones, laptops, a television, and occasional visitors, and the connection has remained steady through that mixture. my old router was quicker to set up for a single household, so someone who does not need device management may find this model more than necessary. for a shared home, the extra organisation is worthwhile. candle bloom 388 also gives me a clearer view when a connection slows, which is more helpful than restarting everything and hoping for a change. it is not a perfect interface, but it offers a more controlled and transparent routine than the equipment it replaced. after regular ownership, i prefer its flexibility and the confidence that guest activity can remain separate from our usual devices.",True
CORD000720,CUS00320,2019-10-17,Thompson,"[{""product"":""Candle Orbit 674"",""quantity"":1},{""product"":""Candle Orbit 548"",""quantity"":1},{""product"":""Vela Halo 137"",""quantity"":1},{""product"":""Candle Edge 932"",""quantity"":1}]",2830.5,13.4,-37.743519,144.91876,10,2560.85,Spring,False,8.0821,"vela ridge 617 has fitted neatly into my walking and commuting routine. notifications appear quickly, the time is easy to read during a glance, and the band stays comfortable when worn for several hours. the companion setup was uncomplicated, and charging does not take much planning. bright sunlight makes the display less visible, which is the main limitation i have noticed. otherwise, it is a practical and dependable daily wearable.",True
CORD000721,CUS00081,2019-08-25,Thompson,"[{""product"":""Candle Edge 392"",""quantity"":1},{""product"":""Vela Halo 281"",""quantity"":1},{""product"":""Vela Halo 137"",""quantity"":1},{""product"":""Vela Core 957"",""quantity"":3},{""product"":""Candle Orbit 548"",""quantity"":2}]",2992.93,18.29,-37.8869,144.88799,0,3011.22,Winter,False,9.7484,"the vela halo 731 has served as my travel phone for navigation, reading, and media, and its strengths become clearer away from my usual routine. maps are comfortable to view, the battery handled long periods of checking directions, and downloaded programs were convenient during stretches with limited connection. compared with my older handset, the vela halo 731 feels quicker when moving between maps and messages. compared with a newer high-end phone used by a companion, it takes a little longer to open heavier media and does not feel as polished in every interaction. the larger screen is useful for planning a route or watching a short program, but it makes one-handed use less comfortable while walking. calls and messages worked as expected, and the interface was familiar enough that i did not spend much time learning it. i found the storage arrangement less obvious than expected, especially when deciding where downloaded media should be kept. that is a small inconvenience at home but more noticeable when preparing for travel. the camera produced usable snapshots in daylight, while indoor results were less consistent and did not always capture fine detail. the vela halo 731 remained comfortable to hold during a long train journey, though the smooth body made a case feel necessary. it is a sensible option for planning trips and consuming media without reaching for a tablet. i would not describe it as the fastest or most refined phone available, but it balances screen space, battery endurance, and ordinary communication in a way that suits moderate travellers.",True
CORD000722,CUS00083,2019-11-13,Thompson,"[{""product"":""Vela Halo 137"",""quantity"":2},{""product"":""Candle Orbit 674"",""quantity"":1},{""product"":""Candle Lumen 220"",""quantity"":1},{""product"":""Candle Vista 110"",""quantity"":1}]",7189.82,12.57,-37.750247,144.945854,0,7202.39,Spring,False,6.9423,"the vela atlas 791 became the shared point of contact for our family, handling calls, messages, maps, and the casual applications we use during the day. i was not looking for a specialised device; i wanted a phone that different family members could pick up and understand. it has met that expectation. text is readable, the touch response feels natural, and moving between a message and another app does not require much patience. we used it at home first, then took it on errands and short outings. communication remained dependable, and the camera was sufficient for quick snapshots of everyday moments. nobody in the household has needed a long explanation before using the main features. the vela atlas 791 also feels manageable in one hand, which is useful when carrying bags or helping a child at the same time. its finish is smooth and attractive, though it can be slippery on a bare surface, so a case is sensible. the battery has covered our ordinary day, including messaging, browsing, and occasional video, although heavy use means charging before the evening is over. that seems reasonable for the way we use it. the built-in speaker works for calls and short clips, while headphones are preferable for longer listening. i have encountered a brief pause when several applications are resumed together, but it has not become a pattern. what has mattered most is the phone's predictability: family members can call, share information, and use casual apps without fuss. the vela atlas 791 has been a pleasant everyday device, and it has earned a steady place in our household.",True
CORD000723,CUS00063,2019-06-19,Nickolson,"[{""product"":""Candle Orbit 548"",""quantity"":2},{""product"":""Candle Vista 110"",""quantity"":1},{""product"":""Candle Edge 932"",""quantity"":1}]",3819.21,14.92,-37.865993,144.996811,15,3261.25,Winter,False,5.7885,"the vela nova 645 has made my blind routine much more pleasant over the last nineteen days. i set it to open in the morning and close in the evening, and the movement now happens consistently without me remembering each step. the first setup took some patience while i positioned the control and checked the travel, but the instructions were clear enough to guide me through it. after that, changing the routine was quick, and i could make a temporary adjustment without losing the main schedule. what i like most is the quiet sense of order it brings to the room. the blind follows the planned sequence smoothly, and the manual control remains available when i want a different position. i have tested the routine on busy mornings and relaxed weekends, and it has continued to behave as expected. the vela nova 645 feels neatly made, the controls are responsive, and the echo family design blends into the window area. the app could offer more visual detail about the current position, but the essential automation is reliable and genuinely useful. it has become a home improvement i notice most when i am away from it.",True
CORD000724,CUS00173,2019-08-23,Nickolson,"[{""product"":""Candle Orbit 674"",""quantity"":1},{""product"":""Vela Nova 753"",""quantity"":1},{""product"":""Candle Edge 392"",""quantity"":1},{""product"":""Vela Core 957"",""quantity"":1}]",5374.89,14.54,-37.815304,144.975401,25,4045.71,Winter,False,0.6309,"candle orbit 440 looked suitable for travel work, but daily use exposed several problems. it became sluggish during presentations with a browser and notes open together, and switching between windows felt frustrating. the keyboard felt cramped, while the trackpad produced missed clicks during hurried work. battery life was unreliable enough that i had to carry the charger even for short outings. the display was usable indoors, but reflections made presentation preparation awkward. it handles basic typing, yet the weak performance and poor portability leave me disappointed.",False
CORD000725,CUS00266,2019-01-10,Bakers,"[{""product"":""Candle Lumen 220"",""quantity"":1},{""product"":""Candle Orbit 674"",""quantity"":1}]",3853.45,13.32,-37.74422,144.971619,15,3288.75,Summer,False,7.6027,"the vela echo 349 has made my shared workspace less cluttered. i use it to keep a phone visible during calls, timers, and quick reference tasks, and it is more convenient than propping the phone against a mug or a stack of notebooks. compared with those improvised arrangements, the base feels planted and the viewing angle is easier to adjust. i can see the screen while sitting at the desk, then turn it slightly when someone beside me needs to look at it. i tried it with more than one phone case and did not have trouble seating the devices. the support holds the phone without making the buttons difficult to reach, and lifting the device out does not drag the stand across the desk. that matters in our shared room because i often need to move between typing and checking a message. after nearly four weeks, the hinge still feels controlled rather than loose. a colleague also borrowed it for a presentation, and the stand kept the phone visible without becoming a distraction. the echo 349 is not designed to replace a full desk mount. it has a compact range of adjustment, so a very low or unusually angled setup may need a book underneath. the surface can also collect dust around the support, which is a minor maintenance issue. those points are easy to accept because the accessory is small, stable, and simple to reposition. compared with my previous makeshift holder, the vela echo 349 looks tidier and works more predictably. it is a modest purchase, but it has earned a permanent place at my desk.",True
CORD000726,CUS00291,2019-10-28,Nickolson,"[{""product"":""Candle Flux 162"",""quantity"":1},{""product"":""Vela Core 957"",""quantity"":2},{""product"":""Candle Edge 392"",""quantity"":3}]",2730.48,25.31,-37.876871,144.955693,0,2755.79,Spring,True,6.5932,"the vela pulse 739 was meant to connect several devices through one compact adapter, but it has caused repeated problems at my desk. the adapter is small, yet its ports are positioned so closely that wider cables block neighbouring sockets. devices are detected inconsistently, especially after the computer wakes from sleep, and reconnecting often requires unplugging everything. during heavier use, one connected device has disappeared without warning. the casing also becomes noticeably warm, which makes me hesitant to leave it attached for long periods. it can pass a connection through a single port, but that basic operation is not enough for a multi-device setup. the cramped layout and unreliable detection are frustrating. i regret buying the vela pulse 739.",False
CORD000727,CUS00458,2019-02-03,Nickolson,"[{""product"":""Vela Nova 753"",""quantity"":1},{""product"":""Candle Orbit 548"",""quantity"":1},{""product"":""Candle Edge 392"",""quantity"":1},{""product"":""Candle Orbit 674"",""quantity"":1}]",5359.49,11.01,-37.829195,144.979082,5,5102.53,Summer,False,1.4457,"the vela echo 403 was placed in a shared room for films and television, but family viewing quickly became frustrating. the display produces an image, yet streaming applications sometimes stalled while the rest of the household waited. resuming a programme could return to the wrong position, and the remote response was slow when several commands were entered close together. sound remained audible, but dialogue became difficult to follow during scenes with quieter voices, so the volume had to be adjusted repeatedly. the screen also showed distracting reflections during daytime viewing. i found the menus confusing when switching between family profiles, and occasional network drops required a full restart. these are not minor inconveniences when the device is meant for relaxed group use. after several weeks, the vela echo 403 felt unreliable and awkward rather than convenient. its poor streaming stability, weak interface, and inconsistent response made shared entertainment more difficult.",
CORD000728,CUS00423,2019-03-03,Nickolson,"[{""product"":""Candle Orbit 548"",""quantity"":3},{""product"":""Candle Edge 392"",""quantity"":1},{""product"":""Vela Nova 753"",""quantity"":1}]",5547.57,22.06,-37.86458,144.980575,10,5014.87,Autumn,True,5.2041,"candle arc 780 has handled shared home-office administration smoothly over the past month and a half. spreadsheets, email, document work and several browser windows remain responsive, so passing it between household users has been straightforward. the keyboard is comfortable for extended typing and the screen is easy to read near a window. it is not especially light to carry, but the sturdy feel suits desk use. i am satisfied with its consistent everyday performance.",True
CORD000729,CUS00494,2019-08-22,Bakers,"[{""product"":""Vela Core 957"",""quantity"":1},{""product"":""Candle Edge 932"",""quantity"":1},{""product"":""Candle Shift 916"",""quantity"":2}]",5479.49,10.44,-37.812326,144.990077,10,4941.98,Winter,False,0.5217,"i started using vela atlas 377 because i wanted a simple record of my exercise sessions rather than a device that demanded constant attention. over several weeks, it has helped me notice how different walks, rides, and short workouts affect the shape of a session. the initial setup was quick, and the wearable felt light enough that i was comfortable leaving it on during ordinary parts of the day. the most useful moment comes after finishing an activity. the summary gives me something concrete to review while the session is still fresh, and the information is presented in a way that does not require technical knowledge. a gentle walk looks different from a faster session, which makes it easier to compare my own habits. i have become more consistent simply because i enjoy seeing the record accumulate. the display remains readable in normal indoor light, and the controls respond well when i begin, pause, or finish an exercise. they are less convenient when my fingers are damp, so i usually wipe the screen first. battery life has supported my routine without surprise, and charging has become an occasional habit rather than a daily concern. i also appreciate that the wearable does not feel bulky under a sleeve. vela atlas 377 has encouraged a more attentive approach to exercise without turning it into a chore. its summaries are practical, the fit is unobtrusive, and the information gives me a reason to return to the next session. that is a meaningful result from a small device.",True
CORD000730,CUS00178,2019-07-20,Thompson,"[{""product"":""Candle Lumen 220"",""quantity"":1},{""product"":""Candle Orbit 548"",""quantity"":2},{""product"":""Candle Orbit 674"",""quantity"":1}]",4365.59,25.61,-37.790319,144.967544,15,3736.36,Winter,True,,"vela core 849 has made video calls and desk work more comfortable in our shared workspace. i use it to hold a phone at a visible angle while taking notes, following a recipe or checking a message during a call. the base stays in place on my usual desk, and the support can be adjusted without forcing the device into an awkward position. when another person needs it, moving the stand takes only a moment, so it has become a shared item rather than something assigned to one desk. the finish has remained presentable after being carried between rooms, although dust collects around the adjustment points. it is designed for support rather than protection, and i would not rely on it to cushion a dropped device. that limitation is obvious from its simple construction. for hands-free use in a busy workspace, vela core 849 is a modest accessory that has delivered more daily value than i expected.",True
CORD000731,CUS00298,2019-04-09,Thompson,"[{""product"":""Candle Vista 110"",""quantity"":1},{""product"":""Candle Orbit 674"",""quantity"":2},{""product"":""Candle Lumen 220"",""quantity"":2},{""product"":""Candle Flux 162"",""quantity"":1},{""product"":""Vela Core 957"",""quantity"":1}]",10855.25,22.71,-37.802688,144.879435,5,10335.2,Autumn,True,6.0446,"candle arc 960 has settled into my study routine better than the older laptop it replaced. i use it for reading papers, taking notes, joining online sessions, and keeping several research windows open. those tasks remain responsive enough that i can move from a document to a browser reference without losing my train of thought. the keyboard is comfortable for long notes, and the screen gives text a pleasant amount of space without making the laptop cumbersome to carry. the difference from my previous machine is most apparent during a full afternoon of work. the older laptop became warm and sluggish when i had notes, references, and a meeting open together. candle arc 960 handles that combination with much less fuss. its build feels sturdy in a backpack, and the hinge has remained firm after frequent movement between the library, desk, and kitchen table. starting a session is quick, which encourages me to use it for short bursts of reading rather than waiting for it to become ready. it is still an ultrabook, so i would not choose it for demanding creative or specialist software. the speakers are adequate rather than room filling, and i sometimes connect headphones for recorded material. for study, research, and note taking, however, the balance is excellent. after weeks of ownership, candle arc 960 feels like a focused tool that removes small obstacles from ordinary academic work.",True
CORD000732,CUS00034,2019-11-20,Bakers,"[{""product"":""Candle Edge 392"",""quantity"":1},{""product"":""Vela Core 957"",""quantity"":1},{""product"":""Candle Orbit 674"",""quantity"":2}]",1295.34,9.04,-37.793655,145.007454,0,1304.38,Spring,False,2.1106,"vela atlas 575 has made it easier to keep an eye on temperature and humidity in my rooms. the readings update promptly and are clear enough to check at a glance. i have moved it between the bedroom and study, and it resumed monitoring without difficulty. it does not control the climate itself, so anyone expecting automatic adjustment should note that limitation. as a simple source of household information, however, it has been consistent and useful.",True
CORD000733,CUS00351,2019-08-10,Thompson,"[{""product"":""Candle Flux 162"",""quantity"":1},{""product"":""Vela Halo 281"",""quantity"":1}]",1591.03,24.39,-37.800872,144.95822,20,1297.21,Winter,True,1.6376,"after several weeks with the candle orbit 962, i find it more versatile than the older tablet i used for travel. its screen gives videos enough space to enjoy, while the weight remains manageable in a small bag. i mainly use it for streaming, joining video calls, checking messages, and reading documents, and it handles those changes of activity without fuss. compared with my previous device, switching between a call and a browser page feels quicker, and the display is easier to follow when i am sitting away from a desk. the camera and microphones are suitable for ordinary video conversations. my voice comes through clearly in a quiet room, and the image is perfectly adequate for classes or family calls. the speakers are also more open than on my old tablet, although they are not a replacement for a dedicated audio system. battery life has been dependable through a day of mixed use, especially when i am not watching video continuously. charging is straightforward, and the tablet is ready again by the time i need it the next morning. i compared the candle orbit 962 with a larger tablet borrowed from work. the larger model is better for reading two full pages side by side, but it is much less convenient to carry. the orbit 962 strikes a more practical balance for portable media and communication. its controls are familiar, the interface is pleasant to use, and the construction has stayed solid despite being moved between rooms and bags. i would choose the larger screen for intensive document work, but for travel, calls, and everyday entertainment, this tablet has been a worthwhile step up.",True
CORD000734,CUS00398,2019-01-20,Bakers,"[{""product"":""Vela Halo 281"",""quantity"":1},{""product"":""Candle Orbit 548"",""quantity"":1},{""product"":""Vela Core 957"",""quantity"":1},{""product"":""Candle Lumen 220"",""quantity"":1}]",4587.67,9.16,-37.795117,144.997153,0,4596.83,Summer,False,1.6631,"candle orbit 134 has been in our living room for several weeks, mainly for background music, radio, and spoken programmes while people are doing different things nearby. it fills the room without needing much attention, and voices remain understandable when the volume is kept moderate. that makes it more suitable for shared listening than the small personal speaker i previously used, which sounded restricted once someone moved across the room. the comparison is less favourable when i want focused music listening. candle orbit 134 sounds pleasant enough for casual playlists, but it does not give the same sense of depth as the larger speaker in our home. at higher volume the presentation becomes less balanced, and i find myself lowering it rather than continuing to increase the level. it is also not ideal when two people want different content, since changing playback remains a shared decision rather than an individual one. setup was uncomplicated, and the wireless connection has stayed available during normal use. i have not needed to reconnect it repeatedly, although the first connection was slower than expected. the controls are manageable, but they are not as immediate as those on a simple physical speaker. in daily use it has been a practical middle ground: more capable for a room than a tiny personal unit, but less satisfying than dedicated equipment. i would keep it for shared background listening, while someone seeking stronger musical detail may reasonably look elsewhere.",True
CORD000735,CUS00336,2019-03-11,Thompson,"[{""product"":""Vela Halo 281"",""quantity"":1},{""product"":""Candle Edge 392"",""quantity"":3},{""product"":""Vela Halo 137"",""quantity"":1},{""product"":""Candle Edge 932"",""quantity"":1}]",3908.36,22.88,-37.842022,144.886274,25,2954.15,Autumn,,6.2579,"vela spark 333 has made casual living-room gaming more inviting than the older display in our house. the picture is bright enough for daytime play, and the controls feel responsive when several people take turns. i compared it with a larger screen that gives a more dramatic view, but vela spark 333 fits our room more naturally and is easier to see from the usual seating positions. the built-in functions are simple to reach, so changing between a game and ordinary viewing does not involve a long sequence of menus. it has also worked well for short family sessions where people are chatting, moving around, and not sitting directly in front of the screen. the sound is suitable for that relaxed setting, although anyone wanting a cinema-style result may still add separate equipment. i have found the display pleasant for everyday use rather than something that demands a dedicated entertainment area. its frame has remained stable on the stand, and the finish has not collected the smudges as readily as the screen we had before. a more expensive display may offer deeper adjustment and a larger image, but those advantages would matter less in our room than the convenient size and uncomplicated operation here. vela spark 333 has encouraged us to play together more often, which was the point of replacing the old unit. it provides a cheerful, capable experience and feels like a sensible match for casual gaming.",True
CORD000736,CUS00183,2019-01-31,Bakers,"[{""product"":""Candle Orbit 674"",""quantity"":1},{""product"":""Candle Orbit 548"",""quantity"":1},{""product"":""Vela Halo 281"",""quantity"":1},{""product"":""Candle Lumen 220"",""quantity"":1},{""product"":""Candle Shift 916"",""quantity"":1}]",6499.03,10.1,-37.837024,144.996192,10,5859.23,Summer,False,3.0066,"vela wave 445 has settled into our morning and evening routine after several weeks of use. the blinds open and close at the scheduled times, so i rarely need to reach for the controls. setup took some adjustment because the routine order was not immediately obvious, but the result has been convenient. it is especially useful when the room is empty, and the movements have remained consistent during normal daily operation.",True
CORD000737,CUS00301,2019-11-07,Thompson,"[{""product"":""Candle Flux 162"",""quantity"":1},{""product"":""Vela Halo 281"",""quantity"":1},{""product"":""Candle Orbit 674"",""quantity"":2},{""product"":""Vela Halo 137"",""quantity"":3},{""product"":""Vela Core 957"",""quantity"":1}]",4790.29,9.57,-37.832593,144.926952,0,4799.86,Spring,False,2.8334,"the vela wave 553 has been used in our living room for shared films and television, and its strongest feature is the way it keeps viewing simple. the screen is large enough for a small group, and the controls are easy to understand once the preferred services are arranged. we could start ordinary programmes without much searching, and the sound was clear for dialogue. for an evening of casual viewing, it required less preparation than connecting a separate computer to the television. compared with watching on individual phones or tablets, the vela wave 553 makes a shared session more social and avoids several people trying to follow different screens. compared with a larger home cinema arrangement, it takes less space and is easier to manage, but the image and sound do not create the same sense of immersion. the display remained comfortable from our usual seating positions, though reflections were visible when a lamp or window was directly behind us. the interface worked well for common choices, while searching for less familiar content took a few extra steps. switching between users was manageable, but not completely instant when different preferences were involved. the built-in speakers are suitable for speech and ordinary programmes; louder viewing benefits from additional audio equipment. i also noticed that the unit is more appealing for planned viewing than for quickly checking something from across the room. it has remained stable during my ownership, and the 24-month warranty adds reassurance. the vela wave 553 is a balanced household display: more communal than personal screens and simpler than a full entertainment system, with compromises in reflected light, sound depth and the speed of less routine navigation.",True
CORD000738,CUS00192,2019-07-15,Thompson,"[{""product"":""Vela Core 957"",""quantity"":1},{""product"":""Candle Orbit 548"",""quantity"":2},{""product"":""Candle Lumen 220"",""quantity"":1}]",4313,17,-37.835383,144.919018,5,4114.35,Winter,False,3.528,"i bought candle bloom 370 for creative projects and occasional media editing, expecting it to handle a mixture of writing, images, and video work. the first setup took longer than it should have because updates interrupted the process more than once. basic browsing was possible, but the machine became sluggish as soon as several applications were open. windows took a long time to appear, and switching between editing tasks produced repeated pauses that broke my concentration. during a longer editing session, the fan became loud and the case grew uncomfortably warm near the keyboard. previewing a project led to stuttering, and exporting left the laptop unresponsive for several minutes. i had to save repeatedly because the software froze without warning. the display showed the material, but its limited viewing angle made colour decisions difficult when i shifted in my chair. these issues were not occasional annoyances; they kept returning throughout the month. the keyboard has a shallow, hollow feel, and the touchpad sometimes ignored a deliberate click. battery use was also disappointing during demanding work, forcing me to remain near an outlet. candle bloom 370 can perform simple office tasks, but that basic function does not make it suitable for creative projects and media editing. the long warranty cannot compensate for the poor performance, heat, noise, and unreliable workflow. i regret choosing this laptop and would avoid it for demanding work.",False
CORD000739,CUS00267,2019-06-24,Thompson,"[{""product"":""Vela Halo 281"",""quantity"":1},{""product"":""Candle Lumen 220"",""quantity"":2},{""product"":""Candle Edge 392"",""quantity"":1},{""product"":""Candle Orbit 548"",""quantity"":1},{""product"":""Candle Flux 162"",""quantity"":1}]",9281.63,16.14,-37.756578,144.905529,5,8833.69,Winter,False,7.2272,"vela atlas 197 has fitted into my daily routine more naturally than the wearable i tried before. i mainly use it for timekeeping and habit reminders, and those functions are presented without making me manage the device constantly. the previous wearable sent reminders in a way that felt intrusive, while this one is easier to notice and then dismiss when i am busy. i have kept using it because it supports small routines without taking over my attention. the display is readable during normal indoor use, and the controls became familiar after a short period. i can check the time quickly, review a reminder, and continue with whatever i was doing. its lighter feel is also preferable to my older device, which became uncomfortable by the end of a long day. the strap has remained secure during ordinary movement, although i would prefer a little more flexibility when adjusting it for different clothing. i do not use every available function, and some of the health-related information is more detailed than i need. battery performance has been consistent enough for my routine, but frequent interaction means charging becomes more regular. those are manageable limitations rather than reasons to stop wearing it. compared with the earlier wearable, vela atlas 197 is calmer, easier to read, and more practical for reminders and everyday timekeeping. it has become a quiet prompt for habits rather than another device demanding attention.",True
CORD000740,CUS00049,2019-07-13,Bakers,"[{""product"":""Candle Orbit 548"",""quantity"":2},{""product"":""Candle Lumen 220"",""quantity"":1},{""product"":""Candle Edge 932"",""quantity"":3}]",8512.97,16.24,-37.764765,145.056151,10,7677.91,Winter,False,7.3453,"candle arc 438 has made managing our guest access and connected devices much more orderly. i can separate visitors from the main household network and review which devices are active without digging through a confusing sequence of settings. that matters when several phones, televisions, and work devices are online at once. the connection has remained steady during ordinary use, including video calls and streaming, and the management controls are clear enough to revisit after the initial setup. i needed a little patience to name everything sensibly, but that was a one-time organisation task rather than a problem with the hardware. the unit also sits unobtrusively near the rest of our equipment. candle arc 438 has given me better visibility and control over a busy home network. it is a practical choice for anyone who wants guest access to remain separate without making everyday connectivity feel complicated.",True
CORD000741,CUS00051,2019-06-12,Nickolson,"[{""product"":""Candle Lumen 220"",""quantity"":1}]",3529.39,19.93,-37.87241,145.010284,25,2666.97,Winter,False,6.9714,"vela nova 1077 was used for exercise session summaries, but the recorded results have been unreliable. a walk can appear with missing sections, and the device has ended a session while i was still moving. the screen is difficult to read outdoors, making it awkward to check whether tracking is active. syncing to the phone often takes several attempts, and older summaries sometimes disappear from the history. the strap shifts during movement and collects sweat around the fastening point, which becomes uncomfortable over longer sessions. it records some activity, so the basic feature is present, but incomplete summaries are not useful for reviewing a workout. the repeated gaps have been disappointing. i cannot recommend vela nova 1077 for regular exercise tracking.",False
CORD000742,CUS00169,2019-06-24,Bakers,"[{""product"":""Candle Orbit 674"",""quantity"":1},{""product"":""Vela Halo 281"",""quantity"":1},{""product"":""Vela Core 957"",""quantity"":2},{""product"":""Candle Orbit 548"",""quantity"":1},{""product"":""Candle Edge 932"",""quantity"":1}]",3144.29,16.27,-37.859046,145.051738,10,2846.13,Winter,False,7.3738,"the candle bloom 910 has handled research reading, note taking, web meetings, and document work throughout my recent study routine. its weight is manageable in a backpack, and the keyboard is comfortable enough for long written notes. opening many browser pages together can make the response less immediate, especially while a meeting is running, but ordinary coursework remains straightforward. the display is suitable for text and diagrams, although i have to adjust it carefully in a bright room. battery life covers most of my sessions rather than every unusually long day. ports and settings took a little time to learn. it is a dependable study companion for normal workloads, with performance that is adequate rather than especially ambitious.",True
CORD000743,CUS00290,2019-06-12,Thompson,"[{""product"":""Candle Orbit 548"",""quantity"":1},{""product"":""Vela Halo 281"",""quantity"":1}]",786.81,28.96,-37.873964,144.928036,15,697.75,Winter,,7.0172,"candle vista 164 has fitted into my desk routine better than the wired audio set i was using previously. i mainly use it while reading, writing, and sorting through long documents, so i value consistent wireless listening more than dramatic volume. the connection has remained steady around my workspace, and i can move away briefly without the sound dropping out in ordinary use. compared with my older wired option, this is less restrictive when i need to reach for a notebook or answer something across the room. the older set never needed charging, so it still has that advantage, but candle vista 164 is much less awkward during a busy afternoon. pairing was straightforward, and returning to it after a break has not required repeated fiddling. controls are easy to find once learned, though i occasionally press the wrong one when i am working quickly. the sound is well suited to speech, background music, and quieter playlists. voices remain distinct, and music does not become tiring during a long session. it is not the most forceful presentation for someone seeking heavy bass, but that is not what i bought it for. i also appreciate being able to listen without having a cable crossing the desk or catching on a chair. after several weeks, the comfort and dependable connection matter more to me than small differences in sound character. candle vista 164 has made focused work calmer and more convenient than my previous arrangement. its minor control learning curve is easy to accept, and i would choose it again for a home office listening routine.",True
CORD000744,CUS00115,2019-02-06,Bakers,"[{""product"":""Candle Edge 392"",""quantity"":1},{""product"":""Vela Nova 753"",""quantity"":1},{""product"":""Candle Flux 162"",""quantity"":1},{""product"":""Candle Orbit 548"",""quantity"":1},{""product"":""Vela Core 957"",""quantity"":1}]",6367.19,12.08,-37.819763,145.026637,15,5424.19,Summer,False,2.9648,"candle shift 574 was intended for video calls and online classes, but the audio has been unreliable throughout my use. the microphone volume changes without warning, so other people sometimes hear a faint voice and sometimes hear harsh distortion. background sounds are not handled consistently, and the speaker output becomes muffled when several people talk. the wireless connection has also dropped during classes, leaving a long silence before sound returns. controls on the unit are awkward to reach while taking notes, and adjusting the volume can trigger an unrelated command. voices are audible when the device behaves, but that basic function does not overcome the unstable connection and poor call clarity. candle shift 574 has made classes more stressful and is not dependable for regular meetings.",False
CORD000745,CUS00385,2019-03-10,,"[{""product"":""Vela Halo 137"",""quantity"":1},{""product"":""Candle Lumen 220"",""quantity"":1},{""product"":""Vela Core 957"",""quantity"":1},{""product"":""Candle Shift 916"",""quantity"":1},{""product"":""Vela Halo 281"",""quantity"":1}]",6950.26,12.54,-37.754674,145.035595,20,5572.75,Autumn,False,7.101,"candle arc 420 has handled my creative projects and media editing with encouraging consistency. i have used it for arranging images, trimming clips and keeping reference material open beside my work. the screen gives me enough room to see the timeline without constantly hiding other panels, and the keyboard is comfortable when i switch back to writing descriptions or planning notes. projects open promptly and ordinary edits remain responsive. exporting a larger piece makes the fan audible and the body warm, so i avoid placing it on soft furniture during longer sessions. that is expected for the workload and has not interrupted my progress. the lighter design is convenient when i take work to another room, though i pack it carefully. after seventeen days, candle arc 420 has proved versatile without feeling unnecessarily complicated. it supports both creative experimentation and routine writing, which makes it a useful all-round machine for my current projects.",True
CORD000746,CUS00014,2019-03-15,Nickolson,"[{""product"":""Candle Orbit 674"",""quantity"":1},{""product"":""Vela Core 957"",""quantity"":1},{""product"":""Candle Edge 392"",""quantity"":2}]",1347.03,8.73,-37.838559,144.970102,0,1355.76,Autumn,False,2.2204,"i chose candle orbit 926 because i wanted gaming hardware that could keep up with competitive matches and regular voice communication. over the past month and a half, it has become part of my usual setup. the controls respond promptly during quick exchanges, and i have found it easy to stay focused on the game rather than thinking about the equipment. in team sessions, voices come through with enough clarity for callouts, even when several people are speaking in quick succession. my first evening was mostly spent finding a comfortable arrangement and setting the communication level for different friends. once those choices were made, the hardware felt natural during longer matches. i have used it for short practice rounds as well as extended weekend sessions, and the handling has remained consistent. the construction has a reassuring solidity without making the setup feel cumbersome. it also fits neatly with the rest of my desk, leaving enough room for the other things i use while playing. there is a little adjustment involved if you switch between very different game types, since i prefer slightly different settings for each one. that is easy to manage and has not interrupted play. candle orbit 926 has given me the responsive experience and dependable voice communication i was hoping for. the 24-month warranty adds confidence for continued use, and i would happily keep it as the main part of my competitive setup.",True
CORD000747,CUS00281,2019-11-29,Bakers,"[{""product"":""Candle Edge 932"",""quantity"":1},{""product"":""Candle Edge 392"",""quantity"":2},{""product"":""Vela Halo 281"",""quantity"":1}]",2772.72,21.79,-37.824708,145.051394,10,2517.24,Spring,True,5.1975,"candle orbit 224 has been especially useful for online classes and video calls. voices come through clearly enough that i can follow a discussion without repeatedly asking people to speak up, and the microphone has given others a consistent impression of my voice. pairing took little time, and the connection has remained steady while i move around my desk. it is comfortable for a full lecture and does not press unpleasantly after extended use. music sounds balanced for casual listening, though the presentation is not especially powerful. the controls are small but become familiar quickly. over several months, i have used it for classes, work meetings, and occasional podcasts with few interruptions. candle orbit 224 is a practical audio device that reduces the strain of remote communication and performs its main job reliably.",
CORD000748,CUS00454,2019-03-26,Bakers,"[{""product"":""Candle Orbit 548"",""quantity"":1},{""product"":""Candle Edge 392"",""quantity"":1},{""product"":""Vela Core 957"",""quantity"":1},{""product"":""Vela Halo 137"",""quantity"":1}]",1663.18,22.8,-37.757851,145.018899,10,1519.66,Autumn,True,6.16,"candle shift 700 has suited my document work and video meetings better than the heavier laptop i carried previously. i move between rooms and occasionally work away from home, so the reduced bulk is immediately noticeable. it slips into my bag without dominating the available space, yet the keyboard remains comfortable for long notes and document editing. that combination has made portable work feel less like a special effort. compared with my old computer, candle shift 700 starts my routine with less waiting and handles several ordinary work tasks together without becoming distracting. i can keep documents open while joining a meeting, refer to notes, and move between windows in a way that feels natural. the camera and microphone are adequate for meetings, and colleagues have been able to follow conversations without repeated interruptions. i still use headphones when the surrounding room is noisy, but that is more about the room than the laptop. the casing has stayed cool during normal office work, and the battery has covered my usual stretch away from a power socket. intensive multitasking reduces that margin, so i carry the charger on longer days. the screen hinge is firm and the surface shows fingerprints, both minor points that are easy to live with. candle shift 700 is not intended to replace a large desktop setup, and a bigger machine can offer more workspace at once. for travelling document work and video meetings, though, i prefer this balance of portability, capable everyday performance, and comfortable handling. it has become the laptop i choose when work needs to move with me.",True
CORD000749,CUS00106,2019-05-31,Bakers,"[{""product"":""Candle Flux 162"",""quantity"":1}]",1060.29,9.63,-37.782916,144.977965,0,1069.92,Autumn,False,3.3718,"vela atlas 629 has made a small but persistent desk problem much easier to manage. before using it, my charging cables collected beside the power outlet, slipped behind the desk, and became tangled whenever i needed one. i compared this organiser with a simple loose tray and found that vela atlas 629 keeps each cable in a more predictable position. it takes only a moment to place a cable back, which means the desk stays orderly even on busy mornings. i have used it for the cables connected to my phone, tablet, and headphones, changing the arrangement as devices move around the room. the openings hold the cables without making them difficult to remove, and the organiser has stayed in place during ordinary handling. the material feels sufficiently firm for daily use, while the shape does not take over the available workspace. a tray can hide several cables, but it still leaves them crossing over one another; this design makes individual leads easier to identify before i unplug anything. the capacity is limited if someone wants to store a large collection in one spot, and very thick cable ends need a little patience when being positioned. for my everyday set, those limitations are minor. vela atlas 629 is more convenient than leaving cables loose and more accessible than putting them in a drawer. it has improved the appearance of my desk and removed an irritating little task from my routine, so i am pleased with the purchase.",True
CORD000750,CUS00107,2019-02-06,Thompson,"[{""product"":""Candle Flux 162"",""quantity"":1}]",1060.29,13.84,-37.758517,144.881405,10,968.1,Summer,False,8.3403,"i have used candle vista 920 for creative projects and media editing, and it compares favourably with the general-purpose laptop it replaced. the difference is most apparent when i have a browser, reference material, and an editing project open together. i can move between tasks without the constant pauses that made my previous workflow feel disjointed. it handles photo adjustments, document preparation, and moderate media work in a way that suits my regular routine. the screen gives images and timelines enough room to inspect details, while the keyboard remains comfortable for writing notes and project descriptions. i also value the portability. it is easy to move from my desk to a shared table, and i can continue working without rebuilding the whole setup. candle vista 920 feels more purposeful for creative work than a basic office laptop, yet it does not demand a complicated learning period before becoming useful. over longer sessions, the layout and response have mattered as much as raw capability. windows open where i expect them, common applications launch promptly, and the trackpad supports precise selections when i am away from a mouse. exporting a finished project takes patience for larger files, so i still plan heavier tasks rather than assuming they will be instant. that is a reasonable compromise for a portable machine used across several kinds of work. the 24-month warranty adds confidence for an expensive piece of equipment, and the overall build has remained composed through frequent movement. compared with a simpler laptop, candle vista 920 offers a more satisfying balance for editing, research, and creative planning. it is not the lightest option i have handled, but its flexibility and steady everyday performance make it a strong long-term choice.",True
CORD000751,CUS00374,2019-02-23,Nickolson,"[{""product"":""Candle Edge 392"",""quantity"":1}]",375.75,20.59,-37.850628,144.957965,0,396.34,Summer,True,3.7044,"vela echo 925 has given me a simple way to keep an eye on indoor temperature and humidity. i placed it in the room where we spend most of the evening, and the readings help me decide when the air feels too dry or when opening a window may help. the display is readable at a glance, and the information updates without requiring me to open an app every time. setup was uncomplicated, and the sensor has continued reporting without frequent interruptions. i do not treat the readings as laboratory measurements, but they are consistent enough for ordinary household decisions. the device offers less value if someone wants control over heating or cooling, since its role is monitoring rather than adjustment. within that boundary, vela echo 925 has been a useful, low-effort addition. it gives me a clearer sense of the room and has encouraged more deliberate ventilation habits.",True
CORD000752,CUS00202,2019-05-18,Nickolson,"[{""product"":""Vela Halo 137"",""quantity"":1}]",759.89,12.41,-37.880038,144.955622,10,696.31,Autumn,False,6.9407,"candle quest 498 has been running between rooms in my home for several weeks, mainly to extend coverage to a space where the original connection was inconsistent. the improvement is noticeable in ordinary browsing and calls, especially when i am working farther from the main network equipment. compared with relying on the original signal alone, i have fewer interruptions when moving around. the result is not identical in every corner, and placement has made a larger difference than i expected. installation was manageable but not completely immediate. i tried more than one location before settling on a position that served both rooms, and the indicators were useful while i was making that decision. once established, routine use has required little attention. a simpler extender i used previously was quicker to configure, but its coverage felt more limited. candle quest 498 gives a broader practical reach, although the extra flexibility comes with more decisions about where it belongs and how devices should connect. performance has been suitable for study, streaming, and regular household browsing. i have not treated it as a solution for every connection problem because walls and distance still matter. the unit is unobtrusive, and the warranty gives some confidence about keeping it in place. candle quest 498 is a worthwhile step above depending on one weak signal, yet it is not a magic fix. it offers a balanced result: better room-to-room access with ordinary setup effort and some remaining dead spots.",True
CORD000753,CUS00284,2019-02-16,Thompson,"[{""product"":""Vela Core 957"",""quantity"":2},{""product"":""Vela Nova 753"",""quantity"":1}]",4946.55,12.4,-37.852237,144.895969,10,4464.3,Summer,False,6.2844,"vela nova 555 has made room lighting more convenient than the manual setup i used before. i installed it for the main living area and now control the lights from the app when i am already settled in another part of the room. the change is small, but it removes the repeated walk to the switch and makes the room easier to manage when my hands are full. the app controls are clear enough for everyday use. i can turn the lighting on or off, check its current state, and create routines for the times when i usually start work or wind down. the routines have run consistently during my eighteen days of ownership. i particularly like being able to adjust the room before entering it, rather than arriving in a dark space and searching for the switch. compared with the previous manual arrangement, vela nova 555 is also more useful when other people are sharing the room. someone can use the physical switch while another person changes the setting in the app, and the basic lighting function remains familiar. the app is less satisfying when i want to make several changes quickly, because navigating between options takes a few extra taps. that minor awkwardness does not outweigh the daily convenience. i did not expect a lighting control to transform the room, but it has made ordinary routines smoother and more predictable. for app-controlled room lighting, vela nova 555 is a practical improvement over my old switch-only setup.",True
CORD000754,CUS00172,2019-03-09,Thompson,"[{""product"":""Candle Orbit 548"",""quantity"":1},{""product"":""Vela Halo 137"",""quantity"":2},{""product"":""Vela Halo 281"",""quantity"":1}]",2306.59,12.32,-37.859018,144.896296,10,2088.25,Autumn,False,6.8145,"candle vista 596 has made game streaming and media capture less complicated than my earlier arrangement. before using it, i had several separate pieces connected together, and a small change often meant checking multiple settings. this hardware gives me a more orderly starting point for recording gameplay and sharing sessions. setup required some patience while i arranged the connections, but once that was done, the process of beginning a stream became much more direct. compared with my older capture arrangement, previewing the source feels more responsive and recordings have been consistent during the games i play. audio and video stay together in ordinary sessions, which is the improvement i noticed first when reviewing clips. the design also fits neatly beside my existing equipment instead of requiring a large change to the desk. long sessions create warmth, but i have not experienced random interruptions or unexplained drops. it is not a complete production studio, and anyone making highly edited professional content may eventually want more specialised controls. for casual streams, demonstrations, and saving memorable matches, those missing extras are not a concern. candle vista 596 has reduced the number of little technical obstacles between playing and sharing. it feels more approachable than a complicated enthusiast setup while still providing a clear step up from recording directly through a basic game device.",True
CORD000755,CUS00085,2019-10-02,Thompson,"[{""product"":""Vela Halo 137"",""quantity"":1},{""product"":""Vela Core 957"",""quantity"":2},{""product"":""Vela Halo 281"",""quantity"":1}]",1833.57,12.45,-37.751866,144.940388,5,1754.34,Spring,False,6.7869,"vela echo 781 has worked well for planning trips, checking maps, reading messages, and watching media during journeys. apps respond quickly enough for everyday use, and the screen remains clear in bright places. i particularly appreciate having my notes and route information available without carrying another device. battery life has covered my usual day, though heavy video use requires a top-up sooner. even with that limitation, it has been a reliable and enjoyable travel companion.",True
CORD000756,CUS00338,2019-04-22,Thompson,"[{""product"":""Candle Edge 932"",""quantity"":1},{""product"":""Candle Orbit 674"",""quantity"":2},{""product"":""Candle Orbit 548"",""quantity"":1}]",2394.67,11.42,-37.800004,144.884614,20,1927.16,Autumn,False,5.6649,"the candle shift 952 has been my tablet for reading, annotation, and handwritten notes, and its usefulness depends on how much i value having those activities together. long documents are easier to carry than printed folders, and i can mark a passage without changing rooms to find a pen. compared with reading on a phone, the candle shift 952 gives the page enough space for comfortable review. compared with paper, it keeps annotations attached to the document and avoids a growing pile of loose sheets. handwritten notes feel more natural after some practice, although the surface does not exactly reproduce paper. my first pages looked less controlled because the pen movement was unfamiliar, but i adjusted the pressure and spacing over time. the device responds well enough for meeting notes and short comments. for dense diagrams or fast writing, i sometimes slow down because the digital line does not always appear with the same immediacy as ink. typed notes are possible, but the on-screen keyboard takes attention away from the reading task. this makes the candle shift 952 more appealing as an annotation tool than as a general writing tablet. compared with a conventional tablet, it feels designed around documents rather than entertainment. that focus is helpful when i want to avoid distractions, but it also means i miss the flexibility of a broader app environment. page changes are reasonable for study, while opening several references side by side is less convenient than on a laptop. the body is light enough for daily carrying, and the screen remains legible in the conditions where i usually read. i would choose it for someone who handles papers, marks passages, and writes moderate notes by hand. someone expecting instant paper imitation, rapid diagramming, or a complete desktop replacement may find the narrow purpose frustrating.",True
CORD000757,CUS00306,2019-03-17,Thompson,"[{""product"":""Vela Core 957"",""quantity"":1}]",,7.33,-37.810815,144.942843,10,251.65,Autumn,False,0.4249,"i moved to vela core 111 mainly for mobile photography and messaging, and the change from my previous phone has been rewarding. everyday photos look more balanced, especially when i am taking pictures indoors or in changing light. i do not need to spend as much time correcting images before sending them, and faces and ordinary household details remain recognizable without making every shot look artificial. messaging is quick, notifications arrive when expected, and the phone has handled a busy mixture of conversations, camera use and casual browsing without becoming troublesome. compared with my older handset, vela core 111 feels more responsive when moving between the camera and a message thread. the screen is comfortable for reading, and the phone is easy to carry without feeling fragile. i also compared its camera results with a family member's more basic phone; vela core 111 produced clearer images in dim rooms and focused more confidently on nearby subjects. battery performance has been suitable for my routine, though heavy camera use can still require a top-up before the end of a particularly busy day. that limitation is normal for the way i use it and has not changed my overall view. calls and messages remain the most important functions, and both have been steady. after several weeks, i appreciate that vela core 111 improves the parts of smartphone ownership i notice most often without introducing unnecessary complexity. it is a capable, polished replacement and a clear improvement over my previous device.",True
CORD000758,CUS00463,2019-03-02,Bakers,"[{""product"":""Vela Core 957"",""quantity"":1},{""product"":""Candle Orbit 674"",""quantity"":1}]",595.53,7.38,-37.809536,145.000781,5,573.13,Autumn,False,0.4902,"candle shift 232 has found a useful place in our home because different family members can pick it up for different reasons. it is used for reading, browsing, school research, drawing practice, and watching instructional material. the screen is comfortable for these activities, and the tablet is light enough to carry from the kitchen table to the sofa without making a simple task feel cumbersome. after the initial setup, switching between the usual applications became natural. i have especially appreciated it during shared learning. one person can look up information while another follows along, and the touch controls are approachable for younger users. the device handles ordinary browsing and media without making us wait for every page or change of activity. battery life has suited our normal sessions, although i recharge it before a particularly busy day. the casing has also stood up well to being moved around the house, which is important when a device is used by more than one person. the compact screen is not ideal when several documents need to be visible simultaneously, and the on-screen keyboard takes a little practice for longer writing. those limitations are understandable for a portable tablet. candle shift 232 has nevertheless supported a wide range of family activities and has remained easy to share. its combination of approachable controls, useful portability, and steady everyday performance has made it a satisfying household device.",True
CORD000759,CUS00234,2019-07-17,Nickolson,"[{""product"":""Candle Orbit 548"",""quantity"":2},{""product"":""Vela Core 957"",""quantity"":1},{""product"":""Vela Halo 281"",""quantity"":2}]",1845.09,16.08,-37.877762,144.937675,0,1861.17,Winter,False,7.1497,"candle orbit 1016 has worked better for our shared-room gaming than the older hardware we had connected there. the previous setup was adequate for casual games, but it produced more noise and needed occasional rearranging whenever someone else wanted to use the room. candle orbit 1016 fits into the existing space with less fuss and gives the games i play a more consistent response. i can start a short session without turning the room into a complete gaming station. i have used it for relaxed games after work and for longer weekend sessions while other people were reading or watching television nearby. the controls respond predictably, and the system does not dominate the room with unnecessary sound. loading between ordinary activities feels less tedious than it did with the older equipment. it has also been easy to explain to other household members, which matters in a shared space where not everyone wants to learn a complicated arrangement. the experience is aimed at casual play, and i would not choose candle orbit 1016 for the most demanding games or competitive use. that limitation is clear, but it matches what i wanted. the casing has remained steady on the desk, and cables have not worked loose despite being moved around during cleaning. compared with our former setup, it offers a cleaner and more relaxed way to play. for a shared room and moderate gaming habits, the balance has been very satisfying.",True
CORD000760,CUS00093,2019-05-18,Bakers,"[{""product"":""Vela Core 957"",""quantity"":2},{""product"":""Candle Flux 162"",""quantity"":1}]",1603.23,21.61,-37.798378,145.045889,15,1384.36,,True,4.6342,"the vela echo 313 has become part of my evening routine for radio, podcasts, and spoken programs. compared with the small speaker i used previously, it is easier to control from across the room and the display makes the current activity less mysterious. voices are clear at ordinary volume, and the unit fits neatly on a shelf without taking over the room. it has also been convenient when i want background audio while cooking, since i do not need to handle my phone constantly. music exposes the difference between this and the older speaker. the vela echo 313 produces enough sound for casual listening, but the lower range feels restrained and busy tracks can sound flat. commands are usually understood, though a request made from another room may need repeating, particularly when there is running water or conversation nearby. the display is useful for basic information, but it is not something i would use for extended visual content. moving between different spoken sources can also be less direct than using a phone app. for podcasts and radio, i prefer the vela echo 313 because the controls are convenient and speech remains intelligible. for music, the older speaker still has the more satisfying presentation, even though it offers less hands-free control. this is a practical shared-room device with a clear strength in spoken content, but it should not be judged as a replacement for a dedicated music speaker.",True
CORD000761,CUS00189,2019-04-13,Bakers,"[{""product"":""Candle Orbit 548"",""quantity"":1},{""product"":""Vela Nova 753"",""quantity"":3},{""product"":""Candle Orbit 674"",""quantity"":1}]",13790.96,16.01,-37.853871,145.063115,15,11738.33,Autumn,False,7.7035,"candle vista 542 was intended for sketching, but the pen response makes creative work frustrating. lines appear late or uneven, and the screen occasionally ignores a short stroke. switching between tools is slow, while the surface becomes awkward to use during longer sessions. it opens drawing files, although that limited function does not make up for the poor control. after repeated attempts to adapt, i regret buying it and cannot recommend this tablet.",False
CORD000762,CUS00082,2019-01-30,Bakers,"[{""product"":""Candle Edge 392"",""quantity"":1},{""product"":""Candle Orbit 674"",""quantity"":1},{""product"":""Candle Lumen 220"",""quantity"":1},{""product"":""Candle Orbit 548"",""quantity"":1},{""product"":""Candle Edge 932"",""quantity"":1}]",5975.75,13.97,-37.879184,145.037298,5,5690.93,Summer,False,8.5341,"vela nova 879 has reduced the loose charging cables around my desk. the channels hold the cables in place and make it easier to find the one i need without pulling everything apart. the organiser is small enough to fit beside my monitor, although its material feels lighter than the photographs suggested. it does not solve every cable mess, especially with thicker leads. still, it provides a straightforward improvement for routine organisation.",True
CORD000763,CUS00369,2019-04-17,Bakers,"[{""product"":""Vela Core 957"",""quantity"":2},{""product"":""Candle Orbit 674"",""quantity"":1},{""product"":""Vela Halo 281"",""quantity"":1}]",1397.74,8.11,-37.804281,145.00978,25,1056.41,Autumn,False,1.4273,"candle orbit 944 has covered music and spoken audio during long evenings at home. the sound is pleasant at moderate volume, and the connection remains steady around the room. after extended listening the fit becomes noticeable, while the buttons can be difficult to distinguish by touch. it is a reasonable choice for relaxed use, with comfort depending on the listener.",True
CORD000764,CUS00110,2019-07-02,Nickolson,"[{""product"":""Vela Halo 281"",""quantity"":1},{""product"":""Candle Orbit 548"",""quantity"":1}]",786.81,13.46,-37.851402,144.948947,15,682.25,Winter,False,4.0721,"i installed vela spark 1035 to keep track of door and window activity in a home where people often come and go at different times. the setup was more manageable than the sensor arrangement i had tried previously. the instructions explained the basic sequence clearly, and i was able to place it without turning the installation into a larger project. once it was in position, the activity alerts were easy to understand rather than filled with unnecessary detail. compared with relying on memory or a quick visual check, vela spark 1035 gives me a convenient record of what has happened. i notice it most when i am already in bed and want to know whether a side door was closed, or when a family member leaves earlier than i do. the alerts have arrived consistently during normal use. i still check the door physically when something seems unusual, because an alert is not a substitute for a proper security system, but the device provides a useful extra prompt. i compared it with a basic reminder routine on my phone. the phone reminder was easy to ignore and could not tell me whether anything had actually moved. vela spark 1035 is more relevant because its message is connected to an event. it also avoids the repeated manual checking that made the old routine tiresome. placement matters, and i needed to spend a little time finding a position that did not interfere with the door, but that adjustment was straightforward. the device has worked quietly in the background and has not demanded much attention after installation. its alerts are more helpful for routine awareness than for serious protection, and i would not claim more than it can provide. even with that boundary, vela spark 1035 is a clear improvement over my previous method. it has made small household checks easier to remember and gives me useful information without making the home feel over-automated.",True
CORD000765,CUS00335,2019-02-27,Thompson,"[{""product"":""Candle Lumen 220"",""quantity"":2},{""product"":""Vela Core 957"",""quantity"":1},{""product"":""Vela Halo 281"",""quantity"":2},{""product"":""Candle Orbit 548"",""quantity"":1}]",8647.8,22.81,-37.777093,144.883039,0,8670.61,Summer,,6.8779,"after thirty-eight days with candle bloom 964, i find it better suited to quiet desk work than the older wireless headphones i used before it. the sound has enough warmth for background music, while voices and lighter instruments remain distinct when i am concentrating on writing or reading. i do not have to keep adjusting the volume as tracks change, and the wireless connection has stayed steady across my desk and nearby room. that consistency matters more to me than an exaggerated bass effect. the main comparison is with a bulkier pair that sounded slightly wider but became tiring during a long afternoon. candle bloom 964 feels less intrusive, and its controls are straightforward when i need to pause a track or answer a call. the ear sections can feel warm after several hours, so i still take a short break during a particularly long session. that is a minor limitation rather than a daily problem. setup was quick, and the included warranty gives me some reassurance about keeping it for regular use. for focused work, this is the pair i reach for first. it does not try to replace a specialist listening setup, but it balances clear sound, convenient wireless use, and manageable comfort more successfully than the alternatives i have owned. the presentation is pleasantly calm, the connection has not surprised me with dropouts, and the overall design feels sensible. i would choose it again for music at a desk.",True
CORD000766,CUS00363,2019-08-09,Bakers,"[{""product"":""Candle Edge 392"",""quantity"":1},{""product"":""Candle Edge 932"",""quantity"":1},{""product"":""Candle Shift 916"",""quantity"":1},{""product"":""Candle Orbit 548"",""quantity"":1}]",3981.07,12.37,-37.788422,144.979018,20,3197.23,Winter,False,2.79,"the vela pulse 1081 has worked well for travel planning and casual media use during my 38 days of ownership. i have used it to check routes, read booking messages, browse local information, and watch short programmes while away from home. the screen is comfortable for maps and reading, while the device remains manageable in one hand. compared with the older phone i carried, apps open with less waiting and moving between travel information and messages feels more fluid. the vela pulse 1081 also compares favourably with relying on a small tablet. it fits into a pocket, connects promptly when i need information, and handles short viewing sessions without becoming awkward to carry. battery life has covered my normal days of navigation and casual media, though i take a charger when i expect extended use. the camera is suitable for quick snapshots and signs, but i would choose a dedicated camera for deliberate photography. there are a few compromises. the display can feel crowded when several travel pages are open, and the smooth finish is a little slippery without a case. heavy gaming would probably ask more of it than my routine does. for planning trips, keeping in touch, and filling quiet moments with media, the vela pulse 1081 compares well with both an older handset and a small tablet. the 24-month warranty provides useful reassurance, and i have found it a balanced, capable companion away from home.",True
CORD000767,CUS00282,2019-03-13,Bakers,"[{""product"":""Candle Edge 932"",""quantity"":3},{""product"":""Candle Orbit 548"",""quantity"":1}]",4727.51,11.78,-37.759588,144.967001,15,,Autumn,False,6.1296,"i chose candle vista 1064 for music during focused desk work, hoping for something that could stay in the background without demanding attention. that is largely how it has worked out. on the first morning i paired it beside my monitor and played a quiet album while sorting through notes. since then it has accompanied reading, writing, and routine administrative work, with enough presence to make the room feel less sterile without overwhelming conversations or concentration. the sound is balanced for the small workspace, and spoken audio remains understandable when i switch from music to a podcast. i can hear it from the doorway or while making tea, yet i do not feel that it is shouting across the room. pairing has remained dependable over time, and the connection normally returns without a lengthy sequence of button presses. the simple controls are useful when i want to pause quickly, although changing several settings from the unit itself is not especially intuitive. i have also moved candle vista 1064 to another desk a few times. it is light enough to reposition easily, and the housing has handled those moves without visible damage. it is not intended to replace a larger system for a party or a serious listening session, and the lowest tones lose some weight when the volume is pushed. for my actual routine, that trade-off is sensible. candle vista 1064 has provided steady, pleasant desk audio for a long period and remains a purchase i am happy to have made.",True
CORD000768,CUS00147,2019-04-14,Thompson,"[{""product"":""Candle Edge 392"",""quantity"":1},{""product"":""Vela Halo 137"",""quantity"":1}]",1135.64,8.7,-37.795587,144.935013,15,973.99,Autumn,False,2.1752,"candle lumen 994 has been a pleasant choice for listening at home. the wireless link stayed intact as i moved between rooms, and the fit remained comfortable through long evening sessions. voices sound natural and music has a balanced character that suits relaxed listening. the charging port is not easy to see in dim light, but i quickly learned its position. for everyday use, it has been reliable and enjoyable.",True
CORD000769,CUS00089,2019-04-09,Thompson,"[{""product"":""Candle Orbit 548"",""quantity"":2},{""product"":""Candle Orbit 674"",""quantity"":1}]",836.2,13.63,-37.746239,144.899116,5,,Autumn,False,8.5047,"candle shift 1078 has improved the way our home handles video meetings and media streaming at the same time. calls remain stable while another person watches content, and i have not needed to pause a meeting to deal with routine connection trouble. the installation process was reasonably direct, with the main settings easy to find after the first login. i also value the activity view because it gives a quick indication of what is using the network. the more advanced options are not especially friendly to someone who only wants a working connection, and the interface could explain a few choices better. in daily use, however, candle shift 1078 has been reliable and has removed a recurring source of frustration from our evenings.",True
CORD000770,CUS00161,2019-10-29,Thompson,"[{""product"":""Candle Orbit 548"",""quantity"":1},{""product"":""Vela Core 957"",""quantity"":1},{""product"":""Candle Edge 932"",""quantity"":1},{""product"":""Vela Halo 137"",""quantity"":1},{""product"":""Candle Lumen 220"",""quantity"":1}]",6307.3,14.49,-37.744568,144.880354,5,6006.42,Spring,False,9.5775,"candle vista 650 suits the way i divide my work between documents, video meetings, and different rooms around the house. my previous laptop was acceptable at a fixed desk but became frustrating when i carried it around, mainly because it felt cumbersome and took time to recover when several work windows were open. the vista feels easier to live with. documents open promptly, moving between notes and a meeting screen is uncomplicated, and i can continue writing without waiting after a call ends. the keyboard has enough travel for regular typing, and the screen is comfortable for reading messages and reviewing shared material. during meetings, the camera and microphone have been clear enough for ordinary conversations, so i have not needed to repeat myself as often as i did with the older machine. i usually work with headphones when the room is busy, since the built-in sound is merely adequate. the casing also picks up a few marks from travel, but that is cosmetic and has not affected daily use. i compared candle vista 650 with a heavier office laptop that belongs to a family member. the older computer has a larger working area, yet it is inconvenient to move and feels slower when i keep documents, browser pages, and meeting software open together. the vista offers a better balance for portable document work. it is not intended to replace a desktop for unusually demanding tasks, but it gives me a dependable, manageable setup for the work i actually do. the longer warranty is another reassuring part of the purchase.",True
CORD000771,CUS00024,2019-11-05,Thompson,"[{""product"":""Vela Halo 137"",""quantity"":1},{""product"":""Candle Shift 916"",""quantity"":1},{""product"":""Candle Orbit 548"",""quantity"":1},{""product"":""Vela Halo 281"",""quantity"":1}]",3405.47,14.4,-37.877995,144.87808,5,3249.6,Spring,False,9.458,"vela pulse 649 has made our shared workspace less awkward by keeping a phone or small device raised and within reach. i use it during calls, while following instructions, and when checking messages without lifting the device from the desk. the support feels stable during ordinary tapping, and its compact shape leaves room for notebooks and a keyboard. several people in the workspace have adjusted it to suit different devices, and changing the position is quick. it is not designed to hold every larger device, so i would check the intended size before buying, but that limitation has not affected our normal use. the finish has remained neat after being moved around daily. vela pulse 649 is a modest accessory, yet it has improved the rhythm of our shared desk.",True
CORD000772,CUS00418,2019-09-18,Bakers,"[{""product"":""Vela Core 957"",""quantity"":1},{""product"":""Candle Edge 392"",""quantity"":1},{""product"":""Candle Orbit 548"",""quantity"":1},{""product"":""Candle Edge 932"",""quantity"":1},{""product"":""Candle Flux 162"",""quantity"":2}]",4514.35,10.06,-37.82381,145.031125,15,3847.26,Spring,False,3.5071,"the candle quest 930 has become the shared laptop for bills, forms, household planning and occasional remote work. it starts promptly, handles several browser tabs without becoming awkward, and the keyboard is comfortable enough for longer stretches of typing. different members of the household have used it without needing much explanation, which says a lot about the layout and general clarity. video calls have been stable, and documents remain readable even when the screen is viewed from slightly off centre. the casing has collected a few fingerprints, but that is only a cosmetic nuisance. i would not choose this model for demanding creative work, though that is outside the role we bought it for. for everyday home-office administration, the candle quest 930 has been responsive, approachable and dependable. it feels like a sensible shared tool rather than a device that requires constant attention.",True
CORD000773,CUS00273,2019-05-02,,"[{""product"":""Candle Lumen 220"",""quantity"":2}]",7058.78,10.66,-37.84544,144.913326,0,7069.44,Autumn,False,4.6966,"candle flux 432 has become the device we leave in the living room for family learning and shared browsing. it was simple to place on the stand, and the first setup did not require much technical knowledge. different members of the family use it for reading, looking up questions, practising lessons, and browsing together, so the straightforward interface has been more valuable than a large collection of complicated features. the screen is comfortable for a child to read and large enough for two people to examine something at once. touch responses have remained consistent, and switching between a learning activity and a browser page is generally smooth. when several demanding pages are open, the tablet may pause briefly, but closing an unused page usually restores the pace. i also like that the device can be passed around without feeling delicate, although we still keep it in one place when it is not being used. over the weeks, candle flux 432 has supported quiet homework time as well as relaxed weekend browsing. battery life is suitable for our normal use, and charging is easy to remember because the tablet returns to its stand each evening. the speakers are fine for spoken lessons, though headphones are preferable when someone else is watching television. the only recurring annoyance is that the screen gathers fingerprints quickly, which means i wipe it more often than expected. even with that minor chore, it has been a useful shared tool and has made family learning feel more accessible.",True
CORD000774,CUS00095,2019-12-28,Bakers,"[{""product"":""Candle Vista 110"",""quantity"":1},{""product"":""Candle Edge 392"",""quantity"":1},{""product"":""Candle Orbit 548"",""quantity"":1},{""product"":""Vela Core 957"",""quantity"":1}]",2719.88,22.15,-37.762626,145.026276,5,2606.04,Summer,True,5.9319,"vela echo 925 has given me a more useful view of indoor conditions than relying on how the room happens to feel. i compared it with occasional checks from a basic instrument and with simply opening a window when the air seemed uncomfortable. after forty-five days, the continuous monitoring has made changes in temperature and humidity easier to notice. the readings are available without much effort, and i can compare one part of the day with another instead of trying to remember what the room felt like earlier. compared with the basic instrument, vela echo 925 is better suited to observing patterns because it stays in place and remains ready to check. the compact design fits on a shelf without distracting from the room, and the setup did not take long once i chose a sensible location. i have found the information useful when deciding whether to ventilate or adjust the room, though i treat it as guidance rather than an exact account of every corner. placement matters, and a sensor near a window will naturally describe a different spot from one near a desk. that is the main limitation and was easy to understand. the device has remained consistent during routine use, and i enjoy having an objective reference before changing the room. it is more informative than guessing and less intrusive than repeatedly checking a separate instrument. vela echo 925 has therefore become a small but worthwhile part of my home routine, especially when i want to understand indoor temperature and humidity over time.",True
CORD000775,CUS00437,2019-08-13,Nickolson,"[{""product"":""Candle Orbit 674"",""quantity"":1}]",324.06,15.3,-37.827115,144.983144,5,323.16,Winter,False,1.5241,"i used the candle edge 608 for home-office coverage for several weeks and compared it with the older wireless unit it replaced. the edge 608 reaches one room that had been weak before, but the connection becomes unreliable elsewhere, which makes the claimed improvement feel narrow and not worth the disruption of changing equipment. setup was not difficult, yet the result was awkward to manage. the connection dropped during ordinary video meetings, and returning to the network sometimes required waiting and reconnecting devices one at a time. a laptop near the unit stayed connected more often than a laptop in the next room, but neither pattern was stable enough for work. moving the unit higher and clearing nearby objects produced no dependable change. the older unit had slower coverage at the far end of the home, but it did not interrupt calls as frequently in the office. with the candle edge 608, a meeting could begin normally and then become unreliable without any obvious reason. browsing would pause, shared documents would stop loading, and i would switch to another connection to finish a task. that extra workaround defeated the point of replacing the old equipment. the controls also compare poorly. the status information is limited, so it is hard to tell whether a problem comes from the wireless signal or from a device that has failed to reconnect. i could use the basic network connection, but that is the minimum expected from this category. after weeks of resets and cautious placement, the candle edge 608 has not delivered consistent home-office coverage. it is frustrating, weak under routine pressure, and i would avoid it for a workspace where interruptions matter.",False
CORD000776,CUS00435,2019-10-06,Bakers,"[{""product"":""Vela Core 957"",""quantity"":1},{""product"":""Candle Vista 110"",""quantity"":3},{""product"":""Candle Flux 162"",""quantity"":1}]",6781.53,24.79,-37.843059,145.047432,10,6128.17,Spring,True,5.8767,"i compared candle arc 186 with the portable gaming device i had taken on earlier trips. its compact shape made it possible to carry in a small bag, and games did launch, but that was the end of the useful comparison. the controls felt cramped during longer sessions, with the shoulder buttons needing more pressure than expected. my older device was bulkier, yet my hands were less tense after an hour of play. travel use revealed inconsistent performance. battery power dropped quickly during demanding games, and the device became hot around the rear grip. on one journey it shut down while the charge indicator still showed a remaining level, forcing me to wait before trying again. loading screens also returned after brief pauses that did not occur on my previous handheld. these interruptions made it difficult to continue a game when there was limited access to power. the screen remained visible indoors, although reflections made it awkward to use near a window or under bright transport lighting. saving progress worked when the system stayed active, but i was never confident that a long session would finish without a freeze. i checked the charging lead and performed the available reset, with no lasting improvement. candle arc 186 is portable, but portability alone cannot excuse weak battery behavior, uncomfortable controls, and unreliable operation. compared with the device it replaced, it is a frustrating travel purchase.",False
CORD000777,CUS00008,2019-01-25,Nickolson,"[{""product"":""Vela Halo 281"",""quantity"":1},{""product"":""Vela Core 957"",""quantity"":2},{""product"":""Vela Halo 137"",""quantity"":1}]",1833.57,11.84,-37.860892,145.001684,10,1662.05,Summer,False,5.4847,"candle shift 610 has fitted neatly into my study routine. i use it for reading research, taking notes, drafting assignments, and keeping several reference pages available at once. compared with working only from a tablet, the keyboard makes longer writing less tiring and switching between sources feels more natural. compared with a heavier general-purpose laptop, this one is easier to carry between the library, a desk, and the kitchen table when i want a change of setting. the strongest difference is how little preparation it needs for ordinary study. i can open it, find my notes, and begin without rearranging the workspace. the keyboard has enough travel for sustained typing, and the screen has been comfortable for text-heavy work. i would not choose candle shift 610 for demanding creative software or intensive gaming, since that is not the role it seems designed to fill. for research and note taking, its focused character is an advantage rather than a weakness. over two weeks i compared it with my older computer for seminars, reading sessions, and evening writing. the newer device felt more manageable on a crowded desk, and moving it around did not become a chore. i also liked being able to keep notes beside a document without feeling that the display was too cramped. the only limitation i noticed is that the compact design leaves less room for a very large collection of accessories, but that has not affected my normal work. candle shift 610 is a sensible study companion: more capable for writing than a tablet and less cumbersome than the bulky laptop it replaced.",True
CORD000778,CUS00137,2019-11-28,Nickolson,"[{""product"":""Vela Core 957"",""quantity"":1},{""product"":""Candle Lumen 220"",""quantity"":1},{""product"":""Candle Vista 110"",""quantity"":1},{""product"":""Vela Halo 137"",""quantity"":2},{""product"":""Vela Halo 281"",""quantity"":2}]",8198.71,13.74,-37.864196,144.978074,5,7802.51,Spring,False,5.1255,"candle shift 196 was purchased for game streaming and media capture, yet the first month of ownership was dominated by awkward setup and unreliable results. the connection was detected, but the capture application repeatedly lost contact after sleep or restart. i had to remove the device, reconnect it, and wait through the same frustrating process before a session could begin. its basic capture function operates under ideal conditions, but that is a weak consolation when preparation takes longer than expected. during actual play, the stream sometimes showed a frozen image while sound continued. on other occasions the picture returned with a noticeable delay, making the recording difficult to follow. longer sessions exposed further problems: the unit became warm, the cable connection felt loose, and moving it slightly caused another interruption. the software offered no clear explanation for the failures. i tried different ports and restarted the computer several times, but the behaviour remained unreliable. friends waiting to watch made the delays particularly irritating, and the device turned a casual evening into troubleshooting. media capture was no less disappointing. files occasionally stopped before the session ended, leaving incomplete footage that could not be used. the warranty is longer than the time i kept testing the unit, but support supplied generic instructions and did not address the repeated disconnects. candle shift 196 may perform a simple task when nothing goes wrong, but the fragile connection and inconsistent recording make it poor equipment for streaming. i regret buying it and cannot recommend it for regular use.",False
CORD000779,CUS00128,2019-12-03,Bakers,"[{""product"":""Vela Nova 753"",""quantity"":1},{""product"":""Candle Orbit 548"",""quantity"":2}]",4915.75,10.66,-37.790718,145.030876,0,4926.41,Summer,False,3.7951,"vela pulse 127 gives me a quick, readable summary after exercise sessions. starting a workout is straightforward, and the display remains usable while i am moving. reviewing the results later takes little effort, which encourages me to keep a regular record. the strap feels somewhat firm, and small figures are difficult to read when i am tired. those details are minor, and the wearable has been a useful, encouraging part of my routine.",True
CORD000780,CUS00042,2019-07-03,Bakers,"[{""product"":""Vela Halo 137"",""quantity"":1},{""product"":""Candle Orbit 674"",""quantity"":2},{""product"":""Vela Halo 281"",""quantity"":1},{""product"":""Candle Edge 932"",""quantity"":1},{""product"":""Candle Edge 392"",""quantity"":1}]",3804.98,13.48,-37.782145,145.025649,0,3818.46,Winter,False,4.0907,"vela nova 375 has given me a convenient way to check temperature and humidity around the house. i glance at the app before opening windows or adjusting the room, and the readings have remained consistent enough for those everyday decisions. the display takes a moment to refresh after moving between screens, but it has not caused a practical problem. after 39 days, this is a helpful little part of my home routine.",True
CORD000781,CUS00009,2019-07-26,Thompson,"[{""product"":""Candle Edge 392"",""quantity"":1},{""product"":""Candle Flux 162"",""quantity"":1}]",1436.04,13.5,-37.775597,144.946417,10,1305.94,Winter,False,4.1231,"vela halo 1073 has become the screen we use most often for family media during the past twenty-six days. the main advantage over watching separately on phones or a small display is that everyone can see the same programme without crowding together. the viewing area works well for ordinary evenings, and switching from one family member's choice to another has been simple enough to avoid arguments about complicated controls. it has made shared viewing feel more natural. compared with a dedicated cinema-style setup, this is less ambitious and easier to live with. it does not require the room to be arranged around it, and it remains useful for shorter viewing sessions rather than only planned film nights. vela halo 1073 has also worked for showing photos and occasional clips, so it earns its space through several ordinary uses. a phone is more private, but it is not a satisfying solution when the point is to watch together. the limitations are mostly about expectations. someone seeking a highly specialised entertainment system may want more elaborate controls and a larger presentation. for our household, the straightforward experience has been more valuable than those extras. the display has stayed stable, the controls are accessible, and the warranty provides reassurance. it compares favourably with both small personal screens and more demanding home setups because it supports shared media without turning it into a project.",True
CORD000782,CUS00344,2019-09-24,Thompson,"[{""product"":""Vela Nova 753"",""quantity"":1},{""product"":""Vela Halo 137"",""quantity"":1},{""product"":""Candle Flux 162"",""quantity"":1}]",6223.79,13.74,-37.759513,144.876848,5,5926.34,Spring,False,8.5452,"vela pulse 163 has become a useful part of our living room because it handles both music and spoken content without demanding much attention. voices in podcasts and programmes remain distinct, and music has enough balance for casual listening while we cook or talk. starting playback is quick, and the controls are simple enough for different people in the household to use. the display is easy to check from the sofa, and the unit has remained responsive after repeated daily use. at higher volume the sound becomes less detailed, so i keep it at a moderate level or use another speaker when we want a fuller atmosphere. for ordinary listening, vela pulse 163 has been dependable and pleasant, providing clear playback whenever we want background entertainment.",True
CORD000783,CUS00343,2019-05-10,Thompson,"[{""product"":""Vela Core 957"",""quantity"":1},{""product"":""Candle Shift 916"",""quantity"":1},{""product"":""Vela Halo 281"",""quantity"":3}]",3722.46,23.15,-37.860974,144.903223,0,3745.61,Autumn,True,6.6085,"the vela core 1011 has become my everyday phone for taking quick photographs, sending messages, and keeping up with family conversations. photos taken outdoors have good colour and enough detail for sharing, while indoor results are still usable when the room is reasonably bright. opening the camera and returning to messages feels quick, so i do not miss many spontaneous moments. the screen is comfortable for reading longer conversations, and the phone fits easily in one hand for short tasks. during several weeks of commuting, it has kept a steady connection and handled repeated messaging without unusual delays. the battery has covered my normal day, though heavy camera use means i prefer to recharge before an evening outing. a few small settings are tucked away more deeply than i expected, but i learned their locations quickly. i appreciate that the vela core 1011 feels balanced rather than focused on only one feature. its photography, messaging, and general handling have all worked well enough to make it a dependable part of my routine.",True
CORD000784,CUS00289,2019-03-25,Thompson,"[{""product"":""Candle Orbit 674"",""quantity"":1},{""product"":""Candle Orbit 548"",""quantity"":1}]",580.13,8.99,-37.789782,144.944725,5,560.11,Autumn,False,2.5537,"candle edge 374 has performed well during video calls and online classes. voices are easy to follow, and people on the other end have heard me clearly during ordinary conversations. pairing was quick, and the connection remained steady across several sessions. the fit becomes slightly noticeable after a long lesson, although it never became distracting. it is a convenient and pleasant audio choice for regular meetings, coursework, and casual calls.",True
CORD000785,CUS00089,2019-05-05,Thompson,"[{""product"":""Vela Halo 137"",""quantity"":2},{""product"":""Candle Orbit 548"",""quantity"":1}]",1775.85,13.63,-37.746239,144.899116,0,1789.48,Autumn,False,8.5047,"candle shift 1078 has improved the way our home handles video meetings and media streaming at the same time. calls remain stable while another person watches content, and i have not needed to pause a meeting to deal with routine connection trouble. the installation process was reasonably direct, with the main settings easy to find after the first login. i also value the activity view because it gives a quick indication of what is using the network. the more advanced options are not especially friendly to someone who only wants a working connection, and the interface could explain a few choices better. in daily use, however, candle shift 1078 has been reliable and has removed a recurring source of frustration from our evenings.",True
CORD000786,CUS00382,2019-10-17,Bakers,"[{""product"":""Vela Nova 753"",""quantity"":1},{""product"":""Candle Orbit 674"",""quantity"":1}]",4727.67,15.47,-37.874465,145.020045,15,4033.99,Spring,False,7.4924,"candle quest 948 has not fixed weak coverage between rooms. the signal reaches the second room, then drops when someone begins streaming nearby. devices repeatedly switch back to the main connection, causing pauses and failed loads. setup was awkward, and the instructions did not explain the warning light that appeared afterward. it extends the signal briefly, but the connection is too unstable for ordinary use. the repeated troubleshooting is frustrating, so i would avoid this unit.",False
CORD000787,CUS00175,2019-10-01,Thompson,"[{""product"":""Vela Core 957"",""quantity"":1},{""product"":""Candle Orbit 548"",""quantity"":1},{""product"":""Candle Lumen 220"",""quantity"":1},{""product"":""Vela Halo 281"",""quantity"":1},{""product"":""Candle Flux 162"",""quantity"":2}]",6708.25,12.02,-37.804599,144.877308,5,6384.86,Spring,False,6.194,"the vela spark 261 has replaced my previous phone for everyday messaging and casual photography. moving my accounts and contacts across was reasonably clear, and the phone felt familiar after a short adjustment. messages open quickly, calls are easy to manage, and the screen is comfortable for reading. its size works well for one-handed use, although typing with both hands is more relaxed when i am at a desk. the camera produces appealing results in daylight. i have taken indoor pictures, street scenes, and quick photos of documents, and most have been clear enough to share. in dim rooms the result becomes softer, and the camera sometimes takes a moment to settle before saving the image. that is not unusual for a phone in this range, but it means i have missed a couple of quick moments. the editing tools are simple and adequate for ordinary use. messaging has been the most dependable part of the experience. the keyboard responds well, and notifications arrive without much delay. battery life covers a normal day for me, though extended camera use or navigation drains it more quickly. the phone has remained stable with several apps open, but switching between them can occasionally feel less fluid than expected. the casing is easy to hold, though it attracts fingerprints. i see the vela spark 261 as a competent general phone with a camera that is strongest in good light. it does not have a serious weakness for my routine, but neither photography in darker places nor heavy multitasking feels exceptional. i am content with the change and expect to keep using it, while recognising that more demanding users may want a faster or more specialised device.",True
CORD000788,CUS00301,2019-12-18,Thompson,"[{""product"":""Candle Edge 392"",""quantity"":1},{""product"":""Candle Shift 916"",""quantity"":1}]",,19.98,-37.832593,144.926952,0,2254.5,Summer,True,2.8334,"the vela wave 553 has been used in our living room for shared films and television, and its strongest feature is the way it keeps viewing simple. the screen is large enough for a small group, and the controls are easy to understand once the preferred services are arranged. we could start ordinary programmes without much searching, and the sound was clear for dialogue. for an evening of casual viewing, it required less preparation than connecting a separate computer to the television. compared with watching on individual phones or tablets, the vela wave 553 makes a shared session more social and avoids several people trying to follow different screens. compared with a larger home cinema arrangement, it takes less space and is easier to manage, but the image and sound do not create the same sense of immersion. the display remained comfortable from our usual seating positions, though reflections were visible when a lamp or window was directly behind us. the interface worked well for common choices, while searching for less familiar content took a few extra steps. switching between users was manageable, but not completely instant when different preferences were involved. the built-in speakers are suitable for speech and ordinary programmes; louder viewing benefits from additional audio equipment. i also noticed that the unit is more appealing for planned viewing than for quickly checking something from across the room. it has remained stable during my ownership, and the 24-month warranty adds reassurance. the vela wave 553 is a balanced household display: more communal than personal screens and simpler than a full entertainment system, with compromises in reflected light, sound depth and the speed of less routine navigation.",True
CORD000789,CUS00035,2019-02-21,Thompson,"[{""product"":""Candle Orbit 548"",""quantity"":1},{""product"":""Candle Flux 162"",""quantity"":2},{""product"":""Candle Orbit 674"",""quantity"":1}]",2700.71,25.42,-37.756626,144.894838,5,2591.09,Summer,True,7.74,"the vela spark 927 was purchased to give me a record of exercise sessions without needing to carry my phone. at first, the pairing process seemed manageable, although the instructions left out enough detail that i had to try several times before the wearable appeared in the companion application. the strap was not especially awkward, but the device did not inspire confidence from the beginning. the main problem appeared after a few walks and indoor exercise sessions. the vela spark 927 often recorded that a session had started, then produced a summary with missing sections or an unexpectedly short duration. on one occasion, the session disappeared entirely after synchronisation. another time, the summary remained on the wearable but failed to transfer until i restarted both devices. these were not isolated annoyances because they continued throughout the ownership period. the display can show basic information, yet moving through the screens during exercise is frustrating. a swipe is sometimes ignored, and repeated attempts make it difficult to check anything while moving. the device also shifted on my wrist during faster activity, leaving me uncertain whether the recorded result represented the session at all. battery performance became another concern because it needed charging sooner than expected after several recorded activities. i cannot say that every function fails. it displays the time and occasionally produces a complete summary, but that basic operation does not compensate for missing records and unreliable syncing. the vela spark 927 turned exercise tracking into another task to monitor. after several weeks, i stopped trusting its summaries and cannot recommend it for anyone who needs consistent records.",False
CORD000790,CUS00132,2019-06-13,Thompson,"[{""product"":""Vela Core 957"",""quantity"":1},{""product"":""Candle Vista 110"",""quantity"":2},{""product"":""Candle Orbit 674"",""quantity"":1}]",4228.71,,-37.83885,144.887877,25,3186.59,Winter,False,5.9582,"i used candle bloom 424 for video calls, online classes, and some background music, and the comparison between those uses is quite noticeable. speech comes through clearly enough for meetings, and the microphone has allowed other people to hear me without repeated requests to speak louder. the wireless connection was simple to establish with my usual devices, and moving around the room during a call did not immediately interrupt the conversation. for music, however, the sound is more ordinary. it works for podcasts and casual listening, but tracks with stronger bass lack the weight i hear from a separate speaker. compared with wired headphones i have used, candle bloom 424 is more convenient when i am moving between tasks, though it introduces another battery to manage. compared with a dedicated music headset, it offers less detail and a less immersive presentation. comfort was acceptable during a normal class, but after a longer meeting i became aware of pressure around the ears. the controls are within reach, although muting and changing volume took a little practice because the buttons feel similar. battery life has been sufficient for my usual schedule, but i would charge it before a full day of calls. nothing has failed during these weeks. the 12-month warranty is appropriate. overall, candle bloom 424 is a practical communication headset with clear advantages for calls and classes, while its musical performance, long-session comfort, and charging requirement make the result balanced rather than exceptional.",True
CORD000791,CUS00380,2019-09-08,Nickolson,"[{""product"":""Vela Halo 281"",""quantity"":1},{""product"":""Vela Halo 137"",""quantity"":2},{""product"":""Vela Core 957"",""quantity"":1},{""product"":""Candle Orbit 548"",""quantity"":2}]",2834.13,11.45,-37.8671,144.964353,5,2703.87,Spring,False,5.4128,"i bought candle vista 992 for sketching, annotating ideas, and handling lightweight creative work away from my main desk. it has become particularly useful in the evenings because i can take it to the sofa and continue a drawing without setting up a full computer. the display gives my work enough room to develop, and the touch response feels natural for casual sketches and handwritten notes. opening reference material beside a drawing is convenient, and the tablet has remained responsive during the moderate projects i have attempted. its size is comfortable to carry, though i would want a larger workspace for serious illustration. that boundary is clear, but it matches the portable role i had in mind. candle vista 992 has encouraged me to practise more often because the device is ready when an idea appears. it is a capable, enjoyable tool for creative work that does not demand heavy processing.",True
CORD000792,CUS00218,2019-02-06,Thompson,"[{""product"":""Vela Halo 281"",""quantity"":1},{""product"":""Vela Core 957"",""quantity"":2},{""product"":""Candle Orbit 548"",""quantity"":2}]",1585.82,12.96,-37.776418,144.932578,10,1440.2,Summer,False,4.2277,"vela atlas 611 was chosen for mobile photography and messaging, replacing an older phone that had fewer features but behaved more predictably. in daylight, the camera captures an image, yet the result changes noticeably between the preview and the saved file. shadows become muddy and moving subjects blur even when the scene appears briefly still. indoor shots are especially disappointing, with grain and weak detail that make ordinary family pictures look poorly handled. messaging adds further irritation. notifications sometimes arrive in batches, and the keyboard lags when a conversation becomes long. the phone becomes warm during camera use, then drains rapidly while the screen is active. i have also seen the camera application close when moving from a message back to the viewfinder, losing the framing i had prepared. navigation opens and shows a route, but the location marker occasionally jumps several streets before correcting itself. compared with my previous phone, vela atlas 611 has a larger display but gives less confidence when capturing a moment or following directions. compared with carrying a small camera, it is more convenient in theory, yet the missed details, application closures, and uncertain location make that convenience weak. basic calls and messages operate, but the unreliable photography and frustrating interruptions make this a poor replacement. i regret the purchase and cannot recommend it.",False
CORD000793,CUS00184,2019-03-13,Thompson,"[{""product"":""Candle Orbit 548"",""quantity"":2},{""product"":""Vela Halo 281"",""quantity"":2}]",1573.62,12.36,-37.751086,144.952847,10,1428.62,Autumn,False,6.867,"i use candle vista 614 during focused desk work, mostly for instrumental music and spoken programs. it connects without repeated attempts and keeps playing while i move between writing, research and short breaks. the sound is balanced at the volume i need, with speech remaining distinct and music providing atmosphere without becoming tiring. its footprint is small enough to leave beside my monitor, and the controls are within reach when i need to pause. bass is less substantial than i would want for dedicated music listening, and the indicator is slightly distracting in a dim room. for a work desk, however, the restrained presentation suits me. i have used it for long stretches on many days and have not encountered dropouts or crackling. candle vista 614 has made my workspace more inviting and has handled its intended role with reassuring consistency.",True
CORD000794,CUS00150,2019-09-22,Thompson,"[{""product"":""Vela Halo 281"",""quantity"":2},{""product"":""Candle Orbit 548"",""quantity"":1},{""product"":""Candle Edge 392"",""quantity"":1},{""product"":""Candle Lumen 220"",""quantity"":1},{""product"":""Vela Core 957"",""quantity"":2}]",5765.63,12.99,-37.765705,144.885477,15,4913.78,Spring,False,7.5212,"i installed vela pulse 235 to compare app alerts with the manual checks i had been making around doors and windows. before this, i would sometimes walk through the house before leaving or wonder whether a window had been opened while i was away. the alerts give me a quicker way to notice activity and decide whether i need to look into it. that is especially useful when i am working in another room or returning home after being out. the system has fitted into ordinary routines better than i expected. i can tell which entry point has changed without making a separate trip, and the notification history helps me understand what happened when i was not nearby. compared with relying on memory, it provides a more useful record of household activity. the app is not as immediate as seeing the door directly, but it is much more convenient for small checks that would otherwise interrupt work. there were a few occasions when i adjusted the placement after noticing that an alert was not as prompt as i wanted. naming the entry points carefully also mattered, because vague labels make a notification less helpful. once those details were settled, the system behaved consistently in my normal use. vela pulse 235 does not remove the need for sensible attention around the home, but it makes door and window activity easier to monitor than my previous manual routine. for that purpose, it has earned a permanent place in the house.",True
CORD000795,CUS00112,2019-09-03,Bakers,"[{""product"":""Candle Flux 162"",""quantity"":1},{""product"":""Candle Orbit 548"",""quantity"":1},{""product"":""Vela Halo 137"",""quantity"":1},{""product"":""Candle Lumen 220"",""quantity"":1}]",5605.64,21.85,-37.826383,144.991301,0,5627.49,Spring,True,1.8546,"vela core 255 has been a poor solution for controlling room lights. commands sometimes arrive, but the app loses contact often enough that i cannot depend on it when entering a dark room. reopening the app and repeating the request has become routine, while the response delay is awkward when several lights are involved. the unreliable control is frustrating, and i regret the purchase.",False
CORD000796,CUS00310,2019-10-20,Nickolson,"[{""product"":""Vela Core 957"",""quantity"":2},{""product"":""Candle Vista 110"",""quantity"":1},{""product"":""Candle Orbit 548"",""quantity"":1},{""product"":""Candle Lumen 220"",""quantity"":1}]",6144.99,22.73,-37.845604,144.975691,0,6167.72,Spring,True,3.0513,"candle lumen 130 has been a frustrating machine for shared home-office administration. opening documents is possible, but the system pauses during ordinary switching between email, spreadsheets and browser windows. with more than a few tabs open, typing becomes delayed and the fan makes an irritating noise. the screen is difficult to read near a lamp because reflections cover text, and the keyboard feels cramped during long form filling. video meetings have suffered from a weak camera image and occasional sound interruptions, forcing me to repeat information. i can complete simple tasks if i work slowly, but that is a poor standard for a computer used every day. the compact design does not compensate for the unreliable performance. candle lumen 130 has made routine administration awkward and time-consuming, and i cannot recommend it.",False
CORD000797,CUS00337,2019-09-04,Thompson,"[{""product"":""Candle Orbit 548"",""quantity"":1},{""product"":""Candle Orbit 674"",""quantity"":1},{""product"":""Candle Flux 162"",""quantity"":1}]",1640.42,13.4,-37.766716,144.875839,0,1653.82,Spring,False,8.0803,"vela spark 207 has become part of my morning and evening routine because it records daily activity without demanding constant attention. the step information gives me a helpful reminder to move when i have spent too long at my desk, and the sleep tracking provides an interesting picture of how my nights differ. i find the display easy to check during a walk, while the band sits securely without becoming distracting. notifications arrive in a timely way and the controls are simple enough to use while i am moving. the charging routine is not difficult, although i have occasionally wished the remaining power were more visible at a glance. after established use, vela spark 207 feels like a practical and encouraging health wearable.",True
CORD000798,CUS00359,2019-11-23,Thompson,"[{""product"":""Candle Vista 110"",""quantity"":1},{""product"":""Candle Lumen 220"",""quantity"":1},{""product"":""Vela Halo 281"",""quantity"":1}]",5876.72,11.43,-37.769186,144.920108,15,5006.64,Spring,False,5.3847,"vela spark 819 has kept my mobile equipment organised during several trips and ordinary commutes. the case has enough structure to prevent loose items from being crushed in a bag, while the interior makes it easy to separate the device from its charging accessories. i can find what i need without emptying everything onto a table, which is especially helpful in shared transport or temporary workspaces. the outer material has handled being placed beside books and clothing without showing immediate wear. its shape takes up a little more room than a soft pouch, and the storage is not intended for every possible accessory. for the items it fits, however, vela spark 819 offers reassuring protection and a tidy way to carry them.",True
CORD000799,CUS00360,2019-11-16,Bakers,"[{""product"":""Vela Halo 137"",""quantity"":2},{""product"":""Vela Core 957"",""quantity"":1},{""product"":""Candle Vista 110"",""quantity"":1}]",3607.84,22.15,-37.803529,145.019673,15,3088.81,Spring,True,2.2644,"candle arc 1032 has become a source of arguments in our household. family browsing works for short sessions, but switching between users is slow and the screen often ignores the first tap. learning apps have frozen often enough that someone has to restart the tablet, and the battery indicator is not dependable during shared use. the outer shell has not cracked, but the sluggish response makes ordinary tasks frustrating. i cannot recommend this tablet for a busy family.",False
CORD000800,CUS00309,2019-09-07,Thompson,"[{""product"":""Candle Edge 392"",""quantity"":1},{""product"":""Vela Nova 753"",""quantity"":1},{""product"":""Vela Core 957"",""quantity"":1}]",5050.83,12.74,-37.749613,144.929915,5,4811.03,Spring,False,7.1722,"i have used vela echo 439 with several devices for 37 days and it has made my desk much tidier. the compact adapter connects the equipment i use most often, and changing from one device to another is quick. it takes little space in a bag, which is handy when i work away from home. the casing feels light rather than rugged, so i handle it with some care. even with that small reservation, its flexible connections and convenient size make it a worthwhile accessory.",True
CORD000801,CUS00257,2019-01-03,Thompson,"[{""product"":""Candle Edge 392"",""quantity"":1},{""product"":""Vela Core 957"",""quantity"":1},{""product"":""Vela Halo 137"",""quantity"":1},{""product"":""Candle Orbit 674"",""quantity"":2}]",2055.23,11.98,-37.831533,144.886854,0,2067.21,Summer,False,5.6896,"vela atlas 881 has been a convenient companion for travel planning, navigation, and media during journeys. my previous phone could manage these tasks, but it often made me choose between keeping a map open and using another application. this handset feels more capable in that kind of mixed use. i can check routes, read travel notes, listen to spoken content, and communicate without constantly closing one thing to make room for another. compared with the older device, vela atlas 881 is more comfortable for reviewing a route or watching a short video while waiting. the screen is clear for everyday use, and navigation has remained responsive as i move through unfamiliar areas. calls and messages have also been straightforward. i have not tested it as a specialist camera or gaming device, and the outer finish can show marks if handled carelessly, so i keep it in a case. those are small considerations beside the travel convenience it provides. the phone has settled into my routine because it reduces the number of separate items i carry. i used to bring an extra device for some media and navigation tasks, whereas vela atlas 881 covers them in one place. battery performance has been suitable for ordinary travel days, although i still charge before a long outing. the twenty-four-month warranty adds confidence, and the overall experience is a positive step up from my older phone for planning, maps, and casual media.",True
CORD000802,CUS00114,2019-06-01,Thompson,"[{""product"":""Candle Shift 916"",""quantity"":1},{""product"":""Vela Halo 281"",""quantity"":1},{""product"":""Candle Edge 392"",""quantity"":1},{""product"":""Vela Nova 753"",""quantity"":1},{""product"":""Candle Orbit 548"",""quantity"":1}]",7424.94,13.82,-37.831619,144.901817,5,7067.51,Winter,False,4.4985,"vela wave 409 has helped keep my phone at a convenient angle beside the monitor during calls and desk work. the arm adjusts smoothly and the base remains stable on a normal surface. the joint needs firm tightening, and a bump can make the phone drift from its chosen position. it is a practical accessory for daily positioning, although the adjustable design would benefit from a stronger hold.",True
CORD000803,CUS00325,2019-01-15,Bakers,"[{""product"":""Candle Orbit 674"",""quantity"":2},{""product"":""Vela Core 957"",""quantity"":1},{""product"":""Candle Vista 110"",""quantity"":1},{""product"":""Candle Flux 162"",""quantity"":1}]",3796.47,10.28,-37.82284,145.028594,5,3616.93,Summer,False,3.2601,"i have used vela halo 731 for travel planning, messages, and media during the last month. maps and ordinary apps open without much waiting, and the screen remains readable in most places. the device is easy to carry, but the smooth back makes a case feel necessary. streaming is fine for short periods, while longer sessions use the charge quickly enough to require planning. it covers common travel tasks well, though it does not feel exceptional in any one area.",True
CORD000804,CUS00453,2019-04-18,Nickolson,"[{""product"":""Candle Lumen 220"",""quantity"":1},{""product"":""Candle Orbit 548"",""quantity"":2},{""product"":""Vela Halo 137"",""quantity"":2}]",5561.31,23.44,-37.879906,144.952797,10,,Autumn,True,6.9744,"vela echo 853 has been used for shared films and television in our living room, where people often watch from different angles. the picture stays bright across the seating area, and dialogue is clear enough that nobody has needed to ask for frequent volume changes. starting a programme is quick, and the interface is simple enough for visitors and younger family members to navigate. we have also used it for short viewing sessions during the day, when the screen remains easy to see. the built-in sound is adequate rather than rich, so music and dramatic scenes would benefit from separate speakers. that limitation has not affected normal viewing. after regular use, vela echo 853 feels like a pleasant, low-effort addition to our evening routine.",True
CORD000805,CUS00170,2019-04-11,Thompson,"[{""product"":""Candle Orbit 674"",""quantity"":1},{""product"":""Candle Edge 392"",""quantity"":1},{""product"":""Vela Halo 137"",""quantity"":1}]",1459.7,8.49,-37.802536,144.929492,0,1468.19,Autumn,False,1.9118,"i have worn the vela halo 677 during exercise sessions to review a simple summary afterward. the information gives me a convenient reminder of how long i was active and how each session compared with the previous one. i like being able to glance at the result without carrying a phone during the activity. the device is light enough for ordinary movement, and the display has remained readable when i check it after finishing. compared with recording sessions manually, the vela halo 677 saves effort and makes patterns easier to notice over several weeks. compared with keeping detailed training notes, it provides less context about how the session actually felt or what i was trying to achieve. the summaries are therefore useful prompts rather than a complete account. i have found the fit acceptable for routine exercise, although the band can become more noticeable when i am moving vigorously or adjusting equipment. that is a personal comfort issue rather than a serious obstacle. the device has continued to record ordinary sessions, but i do not treat every figure as a precise measurement. a summary can describe activity without explaining fatigue, terrain or changes in routine, so my own judgement still matters. battery management is straightforward, though i have learned to charge it before a particularly busy week. overall, the vela halo 677 sits between a basic activity reminder and a detailed training instrument. it makes review more convenient while leaving enough uncertainty that i would not use it as my only source of information.",True
CORD000806,CUS00160,2019-12-14,Bakers,"[{""product"":""Vela Nova 753"",""quantity"":2},{""product"":""Candle Shift 916"",""quantity"":1},{""product"":""Candle Orbit 548"",""quantity"":2}]",11178.13,9.62,-37.802122,145.019558,0,11187.75,Summer,False,2.3095,"vela core 327 gives me a simple summary after walks and exercise sessions, which is exactly what i wanted. the information is quick to review, the wearable stays in place, and the band remains comfortable through ordinary movement. i can spot patterns in my activity without opening another device. more serious athletes may want deeper analysis, but casual tracking is handled very well. it has made my routine feel more visible and manageable.",True
CORD000807,CUS00375,2019-09-14,Thompson,"[{""product"":""Vela Core 957"",""quantity"":1},{""product"":""Candle Flux 162"",""quantity"":1},{""product"":""Candle Orbit 548"",""quantity"":2}]",1843.9,21.09,-37.792883,144.905909,10,1680.6,Spring,True,4.2331,"i have used vela core 471 for work calls, messages, and calendar management, and it has handled those duties confidently. calls connect promptly, voices remain understandable, and calendar alerts appear at the times i expect. moving from an appointment to an email or message is smooth enough for a busy morning. the phone stays comfortable to hold during longer conversations, though the surface shows fingerprints quickly. battery capacity has been sufficient for a full working day. for communication and scheduling, vela core 471 has been a dependable companion.",True
CORD000808,CUS00009,2019-07-02,Thompson,"[{""product"":""Candle Flux 162"",""quantity"":1},{""product"":""Candle Edge 392"",""quantity"":3},{""product"":""Candle Lumen 220"",""quantity"":1},{""product"":""Vela Core 957"",""quantity"":1}]",,26.5,-37.775597,144.946417,10,5416.06,Winter,True,4.1231,"vela halo 1073 has become the screen we use most often for family media during the past twenty-six days. the main advantage over watching separately on phones or a small display is that everyone can see the same programme without crowding together. the viewing area works well for ordinary evenings, and switching from one family member's choice to another has been simple enough to avoid arguments about complicated controls. it has made shared viewing feel more natural. compared with a dedicated cinema-style setup, this is less ambitious and easier to live with. it does not require the room to be arranged around it, and it remains useful for shorter viewing sessions rather than only planned film nights. vela halo 1073 has also worked for showing photos and occasional clips, so it earns its space through several ordinary uses. a phone is more private, but it is not a satisfying solution when the point is to watch together. the limitations are mostly about expectations. someone seeking a highly specialised entertainment system may want more elaborate controls and a larger presentation. for our household, the straightforward experience has been more valuable than those extras. the display has stayed stable, the controls are accessible, and the warranty provides reassurance. it compares favourably with both small personal screens and more demanding home setups because it supports shared media without turning it into a project.",True
CORD000809,CUS00368,2019-09-09,Thompson,"[{""product"":""Candle Vista 110"",""quantity"":1},{""product"":""Candle Edge 932"",""quantity"":1},{""product"":""Candle Flux 162"",""quantity"":1},{""product"":""Vela Nova 753"",""quantity"":1}]",8770.97,14.17,-37.882257,144.891588,20,7030.95,Spring,False,9.1432,"the candle edge 644 has been my main choice for listening at home over extended periods. i have worn it while reading, doing chores, and working at my desk, and the fit has remained comfortable without needing frequent adjustment. pairing was quick, and the connection has not dropped during normal movement between rooms. spoken content is easy to follow, while music has a balanced sound that works well for my tastes. the controls are simple enough to use without interrupting what i am doing. the case takes up a little more space than i expected when stored, but that is a minor compromise. after several weeks, the candle edge 644 has delivered relaxed, dependable listening and has become part of my daily routine.",True
CORD000810,CUS00202,2019-03-24,Nickolson,"[{""product"":""Candle Orbit 674"",""quantity"":1}]",324.06,23.41,-37.880038,144.955622,15,298.86,Autumn,True,6.9407,"candle quest 498 has been running between rooms in my home for several weeks, mainly to extend coverage to a space where the original connection was inconsistent. the improvement is noticeable in ordinary browsing and calls, especially when i am working farther from the main network equipment. compared with relying on the original signal alone, i have fewer interruptions when moving around. the result is not identical in every corner, and placement has made a larger difference than i expected. installation was manageable but not completely immediate. i tried more than one location before settling on a position that served both rooms, and the indicators were useful while i was making that decision. once established, routine use has required little attention. a simpler extender i used previously was quicker to configure, but its coverage felt more limited. candle quest 498 gives a broader practical reach, although the extra flexibility comes with more decisions about where it belongs and how devices should connect. performance has been suitable for study, streaming, and regular household browsing. i have not treated it as a solution for every connection problem because walls and distance still matter. the unit is unobtrusive, and the warranty gives some confidence about keeping it in place. candle quest 498 is a worthwhile step above depending on one weak signal, yet it is not a magic fix. it offers a balanced result: better room-to-room access with ordinary setup effort and some remaining dead spots.",True
CORD000811,CUS00150,2019-11-18,Thompson,"[{""product"":""Vela Halo 137"",""quantity"":1},{""product"":""Candle Edge 392"",""quantity"":3}]",1887.14,23.49,-37.765705,144.885477,15,1627.56,Spring,True,7.5212,"i installed vela pulse 235 to compare app alerts with the manual checks i had been making around doors and windows. before this, i would sometimes walk through the house before leaving or wonder whether a window had been opened while i was away. the alerts give me a quicker way to notice activity and decide whether i need to look into it. that is especially useful when i am working in another room or returning home after being out. the system has fitted into ordinary routines better than i expected. i can tell which entry point has changed without making a separate trip, and the notification history helps me understand what happened when i was not nearby. compared with relying on memory, it provides a more useful record of household activity. the app is not as immediate as seeing the door directly, but it is much more convenient for small checks that would otherwise interrupt work. there were a few occasions when i adjusted the placement after noticing that an alert was not as prompt as i wanted. naming the entry points carefully also mattered, because vague labels make a notification less helpful. once those details were settled, the system behaved consistently in my normal use. vela pulse 235 does not remove the need for sensible attention around the home, but it makes door and window activity easier to monitor than my previous manual routine. for that purpose, it has earned a permanent place in the house.",True
CORD000812,CUS00434,2019-05-02,Thompson,"[{""product"":""Candle Lumen 220"",""quantity"":1},{""product"":""Candle Orbit 548"",""quantity"":1},{""product"":""Candle Flux 162"",""quantity"":1}]",4845.75,7.92,-37.803009,144.952734,15,4126.81,Autumn,False,1.1842,"candle vista 110 has handled my study routine with very little trouble. i use it for research, writing, online reading, and taking notes during long sessions, and the keyboard remains comfortable when several pages need to be produced. the screen gives text a clean appearance, while the portable shape makes it easy to move from the library table to the kitchen. applications open promptly for my ordinary work, and the battery generally carries me through a useful stretch away from a socket. the speakers are only average for entertainment, but headphones solve that easily. candle vista 110 feels dependable for academic work and has reduced the need to carry separate equipment for reading, writing, and research.",True
CORD000813,CUS00446,2019-08-05,Bakers,"[{""product"":""Vela Core 957"",""quantity"":2},{""product"":""Candle Edge 392"",""quantity"":1},{""product"":""Vela Halo 281"",""quantity"":2}]",1980.17,16.32,-37.748359,145.027869,5,1897.48,Winter,False,7.4297,"vela pulse 991 has worked well as a family phone for calls, messages, casual apps, and sharing photos. the screen is comfortable for reading, and the menus are simple enough that different members of the household can use it without much instruction. apps open promptly for ordinary tasks, and switching between a message and a casual game has been smooth. calls have remained clear, while the battery comfortably covers our usual day when the phone is used moderately. the camera produces pleasing results in good light, although indoor photographs can look less lively. i consider that a small limitation because photography is not our main reason for using it. vela pulse 991 has proved dependable for communication and everyday entertainment, and it has avoided the frustrating slowdowns we experienced with an older device. it is an easy phone to share and a worthwhile addition to our household.",True
CORD000814,CUS00272,2019-02-24,Bakers,"[{""product"":""Vela Halo 281"",""quantity"":1},{""product"":""Vela Core 957"",""quantity"":1},{""product"":""Candle Edge 392"",""quantity"":2}]",1553.71,13.05,-37.746637,144.977543,25,1178.33,Summer,False,7.2147,"vela nova 195 has made our blind and curtain routines much more convenient. once the schedules were set, the movements happened at the expected times and required very little attention from me. i can also trigger a routine manually when the weather changes, and the response is quick enough to be useful. the mechanism operates quietly, which is important in the morning, and it has handled repeated opening and closing without sounding strained. i needed a little patience while positioning the controls correctly, because the first placement did not suit the window. after that adjustment, everyday use became simple. vela nova 195 has added a small but noticeable improvement to the room, especially on mornings when i am rushing out.",True
CORD000815,CUS00175,2019-04-15,Thompson,"[{""product"":""Candle Flux 162"",""quantity"":1},{""product"":""Candle Orbit 548"",""quantity"":1},{""product"":""Candle Vista 110"",""quantity"":2},{""product"":""Vela Halo 281"",""quantity"":1}]",5480.28,22.83,-37.804599,144.877308,10,4955.08,Autumn,True,6.194,"the vela spark 261 has replaced my previous phone for everyday messaging and casual photography. moving my accounts and contacts across was reasonably clear, and the phone felt familiar after a short adjustment. messages open quickly, calls are easy to manage, and the screen is comfortable for reading. its size works well for one-handed use, although typing with both hands is more relaxed when i am at a desk. the camera produces appealing results in daylight. i have taken indoor pictures, street scenes, and quick photos of documents, and most have been clear enough to share. in dim rooms the result becomes softer, and the camera sometimes takes a moment to settle before saving the image. that is not unusual for a phone in this range, but it means i have missed a couple of quick moments. the editing tools are simple and adequate for ordinary use. messaging has been the most dependable part of the experience. the keyboard responds well, and notifications arrive without much delay. battery life covers a normal day for me, though extended camera use or navigation drains it more quickly. the phone has remained stable with several apps open, but switching between them can occasionally feel less fluid than expected. the casing is easy to hold, though it attracts fingerprints. i see the vela spark 261 as a competent general phone with a camera that is strongest in good light. it does not have a serious weakness for my routine, but neither photography in darker places nor heavy multitasking feels exceptional. i am content with the change and expect to keep using it, while recognising that more demanding users may want a faster or more specialised device.",True
CORD000816,CUS00085,2019-11-14,Thompson,"[{""product"":""Candle Orbit 548"",""quantity"":2},{""product"":""Vela Core 957"",""quantity"":1}]",783.61,12.45,-37.751866,144.940388,15,678.52,Spring,False,6.7869,"vela echo 781 has worked well for planning trips, checking maps, reading messages, and watching media during journeys. apps respond quickly enough for everyday use, and the screen remains clear in bright places. i particularly appreciate having my notes and route information available without carrying another device. battery life has covered my usual day, though heavy video use requires a top-up sooner. even with that limitation, it has been a reliable and enjoyable travel companion.",True
CORD000817,CUS00241,2019-03-14,Nickolson,"[{""product"":""Vela Halo 281"",""quantity"":1},{""product"":""Vela Halo 137"",""quantity"":1},{""product"":""Candle Orbit 548"",""quantity"":1}]",1546.7,8.63,-37.831472,144.95225,10,1400.66,Autumn,False,2.0879,"candle arc 456 has been used for extended desktop gaming sessions, including quieter strategy games and more active play. the controls are comfortable over several hours, and the layout became familiar without much adjustment. starting games and moving through menus felt responsive, while the unit remained stable on the desk. i also appreciated that the surrounding setup did not need repeated rearrangement between sessions. for ordinary play, it has provided a consistent and reasonably comfortable experience. after a long session, the casing becomes warm and the fan is noticeable in a quiet room. the surface can also collect marks, and cleaning around the controls takes care. during busy scenes there are occasional brief pauses, although they have not prevented normal play. candle arc 456 is a balanced desktop gaming device: comfortable enough for regular use and capable in common situations, but not entirely free of thermal or performance compromises.",True
CORD000818,CUS00461,2019-10-02,Bakers,"[{""product"":""Candle Orbit 548"",""quantity"":1},{""product"":""Candle Lumen 220"",""quantity"":1},{""product"":""Vela Halo 281"",""quantity"":1}]",4316.2,10.25,-37.834191,145.025192,10,3894.83,Spring,False,3.7634,"vela spark 999 has made hands-free device support much less awkward in our shared workspace. before using it, people tended to lean their phones against notebooks, mugs, or whatever else was nearby. those improvised arrangements worked only until someone moved a paper or reached across the desk. this accessory gives each supported device a more definite place, which has reduced the small daily interruptions that used to surround calls and messages. i compared it with a cheaper, flat stand that we already had. the flat stand takes up slightly less space when stored, but it does not position a device as naturally for hands-free use and is easy to disturb. vela spark 999 feels more deliberate in its role. it keeps the screen visible while leaving room around it for ordinary desk work, and several colleagues have been able to use the same arrangement without lengthy explanations. that consistency matters in a shared area. the finish has remained presentable through regular handling, and the support has not become loose during normal use. it is not a transformative product, and it does not solve every problem caused by a crowded workstation. if the desk is already overloaded, any additional object requires a little planning. still, compared with balancing a phone against random office items, this is clearly more convenient and reliable. i have moved it between two work surfaces and found the setup quick each time. vela spark 999 is a modest accessory, but it provides exactly the hands-free support it was intended to provide.",True
CORD000819,CUS00161,2019-02-08,Thompson,"[{""product"":""Vela Core 957"",""quantity"":1},{""product"":""Candle Flux 162"",""quantity"":1},{""product"":""Candle Edge 392"",""quantity"":2}]",2083.26,14.7,-37.744568,144.880354,20,,Summer,False,9.5775,"candle vista 650 suits the way i divide my work between documents, video meetings, and different rooms around the house. my previous laptop was acceptable at a fixed desk but became frustrating when i carried it around, mainly because it felt cumbersome and took time to recover when several work windows were open. the vista feels easier to live with. documents open promptly, moving between notes and a meeting screen is uncomplicated, and i can continue writing without waiting after a call ends. the keyboard has enough travel for regular typing, and the screen is comfortable for reading messages and reviewing shared material. during meetings, the camera and microphone have been clear enough for ordinary conversations, so i have not needed to repeat myself as often as i did with the older machine. i usually work with headphones when the room is busy, since the built-in sound is merely adequate. the casing also picks up a few marks from travel, but that is cosmetic and has not affected daily use. i compared candle vista 650 with a heavier office laptop that belongs to a family member. the older computer has a larger working area, yet it is inconvenient to move and feels slower when i keep documents, browser pages, and meeting software open together. the vista offers a better balance for portable document work. it is not intended to replace a desktop for unusually demanding tasks, but it gives me a dependable, manageable setup for the work i actually do. the longer warranty is another reassuring part of the purchase.",True
CORD000820,CUS00218,2019-01-27,Thompson,"[{""product"":""Vela Nova 753"",""quantity"":1},{""product"":""Vela Halo 281"",""quantity"":2}]",5465.09,12.96,-37.776418,144.932578,0,5478.05,Summer,False,4.2277,"vela atlas 611 was chosen for mobile photography and messaging, replacing an older phone that had fewer features but behaved more predictably. in daylight, the camera captures an image, yet the result changes noticeably between the preview and the saved file. shadows become muddy and moving subjects blur even when the scene appears briefly still. indoor shots are especially disappointing, with grain and weak detail that make ordinary family pictures look poorly handled. messaging adds further irritation. notifications sometimes arrive in batches, and the keyboard lags when a conversation becomes long. the phone becomes warm during camera use, then drains rapidly while the screen is active. i have also seen the camera application close when moving from a message back to the viewfinder, losing the framing i had prepared. navigation opens and shows a route, but the location marker occasionally jumps several streets before correcting itself. compared with my previous phone, vela atlas 611 has a larger display but gives less confidence when capturing a moment or following directions. compared with carrying a small camera, it is more convenient in theory, yet the missed details, application closures, and uncertain location make that convenience weak. basic calls and messages operate, but the unreliable photography and frustrating interruptions make this a poor replacement. i regret the purchase and cannot recommend it.",False
CORD000821,CUS00248,2019-05-29,Thompson,"[{""product"":""Candle Orbit 548"",""quantity"":1},{""product"":""Vela Halo 281"",""quantity"":1},{""product"":""Vela Core 957"",""quantity"":1}]",1058.28,13.93,-37.8804,144.893511,15,913.47,Autumn,False,8.8786,"the candle orbit 818 has been running in our home for several weeks with phones, a tablet, a television, and other shared devices using it throughout the day. initial setup was clear, and i appreciated being able to place it without spending an afternoon adjusting complicated settings. connections have stayed consistent during video calls and streaming, even when several people are online at once. the indicator lights are useful without being distracting, and restarting it after a power interruption was simple. the management options are fairly basic, so anyone wanting advanced control may find them limited. for ordinary household sharing, though, it has provided steady service and removed much of the daily network worry.",True
CORD000822,CUS00475,2019-01-05,Bakers,"[{""product"":""Candle Orbit 548"",""quantity"":1},{""product"":""Candle Flux 162"",""quantity"":1},{""product"":""Vela Core 957"",""quantity"":1},{""product"":""Candle Shift 916"",""quantity"":1},{""product"":""Candle Edge 392"",""quantity"":1}]",3822.35,16.96,-37.888328,145.0499,0,3839.31,Summer,False,9.9452,"the vela nova 357 has been on my wrist for twenty-two days, and its activity and sleep tracking compare poorly with the basic tracker i used before. it records some movement, but the totals change in ways that are hard to explain. short walks are sometimes missed, while ordinary household movement appears exaggerated. that makes the daily figures feel arbitrary rather than informative. sleep tracking is more frustrating. the device has marked quiet reading as sleep and has split one night into several disconnected periods. on another night it showed a long sleep interval even though i was awake for part of it. the companion display offers numbers without enough context, so i spend time checking whether a result reflects my routine or a tracking error. a previous wearable was limited, but its readings were at least less distracting. the vela nova 357 remains on the wrist and the basic display responds to a tap. those functions are not enough to justify the poor tracking. the band becomes clammy during exercise, the clasp feels weak, and notifications occasionally arrive late. charging requires more attention than expected because the battery level falls unevenly. after adjusting the fit and restarting the device, the results remain unreliable. i do not want a wearable that turns ordinary activity into another source of doubt. the vela nova 357 is awkward, inconsistent, and not worth depending on.",False
CORD000823,CUS00161,2019-04-28,Thompson,"[{""product"":""Candle Orbit 548"",""quantity"":2},{""product"":""Vela Halo 137"",""quantity"":1},{""product"":""Candle Edge 392"",""quantity"":1}]",1647.78,14.47,-37.744568,144.880354,15,1415.08,Autumn,False,9.5775,"candle vista 650 suits the way i divide my work between documents, video meetings, and different rooms around the house. my previous laptop was acceptable at a fixed desk but became frustrating when i carried it around, mainly because it felt cumbersome and took time to recover when several work windows were open. the vista feels easier to live with. documents open promptly, moving between notes and a meeting screen is uncomplicated, and i can continue writing without waiting after a call ends. the keyboard has enough travel for regular typing, and the screen is comfortable for reading messages and reviewing shared material. during meetings, the camera and microphone have been clear enough for ordinary conversations, so i have not needed to repeat myself as often as i did with the older machine. i usually work with headphones when the room is busy, since the built-in sound is merely adequate. the casing also picks up a few marks from travel, but that is cosmetic and has not affected daily use. i compared candle vista 650 with a heavier office laptop that belongs to a family member. the older computer has a larger working area, yet it is inconvenient to move and feels slower when i keep documents, browser pages, and meeting software open together. the vista offers a better balance for portable document work. it is not intended to replace a desktop for unusually demanding tasks, but it gives me a dependable, manageable setup for the work i actually do. the longer warranty is another reassuring part of the purchase.",True
CORD000824,CUS00344,2019-11-05,Thompson,"[{""product"":""Candle Orbit 548"",""quantity"":2},{""product"":""Vela Core 957"",""quantity"":2},{""product"":""Candle Shift 916"",""quantity"":3}]",,13.74,-37.759513,144.876848,20,5318.85,Spring,False,8.5452,"vela pulse 163 has become a useful part of our living room because it handles both music and spoken content without demanding much attention. voices in podcasts and programmes remain distinct, and music has enough balance for casual listening while we cook or talk. starting playback is quick, and the controls are simple enough for different people in the household to use. the display is easy to check from the sofa, and the unit has remained responsive after repeated daily use. at higher volume the sound becomes less detailed, so i keep it at a moderate level or use another speaker when we want a fuller atmosphere. for ordinary listening, vela pulse 163 has been dependable and pleasant, providing clear playback whenever we want background entertainment.",True
CORD000825,CUS00439,2019-11-01,Bakers,"[{""product"":""Candle Flux 162"",""quantity"":1},{""product"":""Candle Edge 932"",""quantity"":1},{""product"":""Vela Halo 137"",""quantity"":3},{""product"":""Candle Orbit 548"",""quantity"":1}]",5086.51,11.81,-37.762713,145.025961,15,4335.34,Spring,False,5.9106,"i kept candle orbit 764 on my desk for music during focused work and compared it with both headphones and a larger room speaker. it gives me an open listening option without isolating me from what is happening around the room. pairing was uncomplicated, and the controls were easy to reach while i was working. the result is more relaxed than wearing headphones, though less enveloping than a larger speaker placed for the whole room. at a desk distance, music and spoken content were clear enough for long work sessions. the volume range suited quiet concentration, and i did not need to keep changing it when moving papers or switching tasks. headphones still provide better detail when i want complete focus, while the larger speaker creates a fuller sound away from the desk. candle orbit 764 therefore works best within the small area where it is placed. the limitations are mostly about scale. when i moved to another part of the room, the sound lost some presence, and higher volume did not make it behave like a room-filling system. the wireless connection was steady in my normal arrangement, although i occasionally had to reconnect after changing devices. those moments were minor, but they kept the product from feeling completely effortless during a busy day. the unit has handled daily desk use without looking worn, and the 12-month warranty is a useful safeguard. i see candle orbit 764 as a sensible middle choice for focused desk work: less isolating than headphones and less imposing than a large speaker, with adequate everyday sound. buyers wanting deep room coverage or detailed listening should compare it with equipment designed for those purposes.",True
CORD000826,CUS00132,2019-04-13,Thompson,"[{""product"":""Vela Nova 753"",""quantity"":2},{""product"":""Vela Halo 137"",""quantity"":1},{""product"":""Vela Core 957"",""quantity"":2}]",10110.05,11.65,-37.83885,144.887877,15,8605.19,Autumn,False,5.9582,"i used candle bloom 424 for video calls, online classes, and some background music, and the comparison between those uses is quite noticeable. speech comes through clearly enough for meetings, and the microphone has allowed other people to hear me without repeated requests to speak louder. the wireless connection was simple to establish with my usual devices, and moving around the room during a call did not immediately interrupt the conversation. for music, however, the sound is more ordinary. it works for podcasts and casual listening, but tracks with stronger bass lack the weight i hear from a separate speaker. compared with wired headphones i have used, candle bloom 424 is more convenient when i am moving between tasks, though it introduces another battery to manage. compared with a dedicated music headset, it offers less detail and a less immersive presentation. comfort was acceptable during a normal class, but after a longer meeting i became aware of pressure around the ears. the controls are within reach, although muting and changing volume took a little practice because the buttons feel similar. battery life has been sufficient for my usual schedule, but i would charge it before a full day of calls. nothing has failed during these weeks. the 12-month warranty is appropriate. overall, candle bloom 424 is a practical communication headset with clear advantages for calls and classes, while its musical performance, long-session comfort, and charging requirement make the result balanced rather than exceptional.",True
CORD000827,CUS00138,2019-08-05,Thompson,"[{""product"":""Candle Lumen 220"",""quantity"":1},{""product"":""Candle Orbit 548"",""quantity"":1},{""product"":""Vela Halo 137"",""quantity"":2}]",5305.24,18.88,-37.8413,144.892689,10,4793.6,Winter,False,5.7397,"vela nova 195 was installed for automated blind and curtain routines, but the schedules have not been dependable. a routine may run once and then fail without an obvious reason, leaving the blinds in the wrong position. manual control works, although the response is slow and the status is unclear. recreating routines did not solve the problem, so daily use became frustrating. the device can move the blinds, but its unreliable automation makes it a poor purchase.",False
CORD000828,CUS00053,2019-08-09,Thompson,"[{""product"":""Vela Core 957"",""quantity"":1},{""product"":""Candle Orbit 674"",""quantity"":1},{""product"":""Candle Vista 110"",""quantity"":1}]",2412.12,15.33,-37.798802,144.944108,5,2306.84,Winter,False,1.5642,"i bought vela wave 715 for scheduled control of a household power outlet, mainly so an appliance could follow a routine without someone remembering every switch. the first schedule was awkward to create. the control screen took several attempts to save the selected time, and the displayed state did not always match the physical outlet. i had to check the outlet manually because the application gave no dependable confirmation. for a short period the routine appeared to run, then the failures began. one scheduled switch happened late, while another did not happen at all. a manual command usually changed the outlet, but it sometimes took long enough to make me press the control again. that created uncertainty about whether the outlet was already active. the repeated checking removed the purpose of using an automated control in the first place. power interruptions made the situation worse. after the connection returned, vela wave 715 sometimes forgot the schedule and sometimes showed it as active without following it. i rebuilt the routine, restarted the unit, and checked the application permissions, but the same unreliable behaviour returned. the outlet itself could be controlled, yet the timing feature that mattered most remained inconsistent. the casing and button are ordinary, but physical operation is not the reason i purchased this device. i needed scheduled control that could be trusted without supervision. instead, vela wave 715 caused missed routines, confusing status reports, and unnecessary visits to the outlet. after 23 days, the product feels frustrating and poorly suited to household automation, so i cannot recommend it.",False
CORD000829,CUS00141,2019-04-12,Thompson,"[{""product"":""Vela Core 957"",""quantity"":2},{""product"":""Candle Orbit 674"",""quantity"":1},{""product"":""Vela Halo 137"",""quantity"":1},{""product"":""Vela Halo 281"",""quantity"":1},{""product"":""Candle Flux 162"",""quantity"":1}]",3217.92,7.92,-37.805921,144.957492,5,3064.94,Autumn,False,1.1841,"candle quest 138 has kept the shared devices in our home connected without demanding much attention. phones, a television and several smaller household devices have joined the network with little effort, and the management screen makes it possible to see what is connected. i particularly value the guest separation because visitors can use the internet without being placed alongside our ordinary household devices. the connection has remained steady during simultaneous browsing and streaming, and reconnecting after a brief interruption has been straightforward. the device list is not always instantly updated when somebody leaves the house, so it can look slightly out of date for a while. that minor delay has not affected actual use. candle quest 138 has simplified device management and reduced the amount of manual checking i used to do. it is a reliable network solution for a busy shared household.",True
CORD000830,CUS00187,2019-04-08,Nickolson,"[{""product"":""Candle Orbit 548"",""quantity"":1},{""product"":""Candle Shift 916"",""quantity"":1},{""product"":""Candle Edge 392"",""quantity"":2}]",2866.34,7.62,-37.815439,144.977678,20,2300.69,Autumn,False,0.7955,"candle shift 1078 has been a worthwhile change for my home network, where video meetings and media streaming often happen at the same time. before using it, the older network device would leave one activity struggling whenever another person started a call or streamed a programme. with candle shift 1078 in place, the connection has felt more even across the rooms i use most. meetings have remained usable while media is playing, and i have spent less time stopping one task to rescue another. setup was less intimidating than i expected. the instructions were readable, and the status information gave me enough confidence to know when the connection was active. i did not need to keep resetting it during the first couple of weeks, which is a pleasant contrast with my previous equipment. devices reconnect after being away from home, and the network has handled a mixture of work calls, phones, and streaming without turning every busy period into a troubleshooting exercise. the unit also fits discreetly beside the existing equipment rather than demanding much attention. the coverage is not identical in every corner of the house, and a distant room can still be less responsive when several people are online. i also needed to spend some time choosing a suitable position instead of hiding it behind furniture. these are ordinary placement considerations, not serious faults. compared with the older device, candle shift 1078 provides a calmer and more consistent experience for meetings and entertainment. it has reduced interruptions in my daily routine and gives me more confidence when several connections are active together.",True
CORD000831,CUS00274,2019-05-22,Nickolson,"[{""product"":""Candle Edge 392"",""quantity"":1},{""product"":""Candle Vista 110"",""quantity"":1}]",2192.34,10.55,-37.81264,144.966963,20,1764.42,Autumn,False,0.7001,"candle flux 504 produced sound during my commute, but the listening experience was disappointing. the wireless connection dropped near busy stations, speech became muffled whenever the volume changed, and the controls were awkward to use through a coat pocket. reconnecting took several attempts, which was particularly frustrating on crowded platforms. the earbuds remain in place, but that single functioning feature does not solve the unstable audio. i cannot recommend them for dependable spoken-content listening.",False
CORD000832,CUS00311,2019-10-04,Thompson,"[{""product"":""Vela Halo 281"",""quantity"":1},{""product"":""Candle Vista 110"",""quantity"":1}]",2347.33,12.13,-37.835397,144.880882,20,1889.99,Spring,False,6.3388,"the vela ridge 455 has been part of my evening routine for several weeks, controlling a lamp in the living room through the app. installation was manageable, and after the first connection the light usually responds quickly to a tap. i can switch it on while carrying groceries or turn it off from another room, which is genuinely convenient. the simple control suits my routine, and the lamp has continued working normally with the device in place. my reservations come from the uneven details. the app occasionally takes a moment to show the current state, so i have tapped again because i was unsure whether the command arrived. reconnecting after a brief wireless interruption was not difficult, but it interrupted the routine and left the light in its previous state. the control screen offers fewer details than expected, making troubleshooting feel like guesswork. these issues are minor for a single lamp but would become awkward with several rooms. the vela ridge 455 is a workable lighting controller with a helpful remote function, though its status feedback and recovery behaviour keep the experience mixed.",True
CORD000833,CUS00231,2019-03-26,Thompson,"[{""product"":""Vela Core 957"",""quantity"":1},{""product"":""Candle Shift 916"",""quantity"":2},{""product"":""Candle Orbit 674"",""quantity"":2},{""product"":""Candle Edge 932"",""quantity"":1}]",6127.61,11.73,-37.758346,144.941177,0,6139.34,Autumn,False,6.063,"vela ridge 1031 has been dependable for travel planning, directions and watching media during breaks. the display is comfortable for reading, and moving between maps, messages and video does not feel cumbersome. it fits well in a pocket and is easy to use one-handed. the finish is slippery enough that i prefer a case, which is a small inconvenience. otherwise, it has been an excellent phone for my routine.",True
CORD000834,CUS00474,2019-01-29,Thompson,"[{""product"":""Vela Core 957"",""quantity"":1},{""product"":""Candle Edge 392"",""quantity"":1},{""product"":""Candle Flux 162"",""quantity"":1}]",1707.51,19.36,-37.81125,144.924983,0,1726.87,Summer,True,1.9466,"candle arc 1086 has given me a more convenient way to play while travelling than the older portable system i owned. it fits into my bag without taking over the available space, and i can settle into a session during a quiet break or on a journey. controls feel responsive in the games i play most, while the display remains readable in different indoor settings. the overall experience is more comfortable than carrying a larger setup. against my previous hardware, the biggest gain is flexibility. i used to plan around where the system could be placed and whether its accessories were worth bringing. candle arc 1086 is easier to pick up for a short session and put away again. longer play has remained enjoyable, although the controls feel a little cramped when i hold it for several hours. that is not noticeable during brief sessions, which are how i usually use it. the battery has been sufficient for ordinary travel days, provided i remember to charge it beforehand. i have not treated it as an all-day replacement for a home console. some games benefit from a larger screen and a fixed controller, and i still prefer that arrangement when i am at home. the portable unit is better suited to convenience than to creating the most immersive possible setup. the old system still has a place for longer sessions, but candle arc 1086 is now the one i pack. its compact shape, straightforward controls and sensible endurance make portable gaming less awkward. anyone expecting the exact comfort of a full-size home arrangement may find compromises, but for travel and short breaks this has been a satisfying upgrade.",True
CORD000835,CUS00448,2019-10-07,Thompson,"[{""product"":""Candle Orbit 548"",""quantity"":1},{""product"":""Candle Orbit 674"",""quantity"":1}]",580.13,23.9,-37.740383,144.957253,15,517.01,Spring,True,8.088,"i bought vela nova 699 for a shared office where i often need my phone visible during calls and while following messages. the stand has made that arrangement much less awkward. it holds the device securely, leaves the screen at a useful angle, and keeps the phone from disappearing under notebooks or cables. i have moved it between two desks several times, and the base has remained steady on both surfaces. after more than a month of daily use, the adjustment points still feel firm without being difficult to reposition. i can glance at notifications, join a meeting, or keep a reference page open while working on my computer. it is not especially small when packed away, and the angle range is not unlimited, but those are minor compromises for a hands-free support that has become part of my normal workspace. vela nova 699 feels thoughtfully made and has performed consistently.",True
CORD000836,CUS00265,2019-06-20,Bakers,"[{""product"":""Candle Orbit 548"",""quantity"":1},{""product"":""Vela Nova 753"",""quantity"":1},{""product"":""Candle Edge 392"",""quantity"":1},{""product"":""Candle Lumen 220"",""quantity"":2}]",12094.21,14.27,-37.804671,145.052034,10,10899.06,Winter,False,5.0252,"candle flux 990 has handled travel documents, presentations, and meeting notes without slowing me down. it is manageable to carry, starts promptly, and the keyboard feels comfortable when i write on the move. the screen has remained easy to follow in different offices. the trackpad was a little sensitive until i changed its setting. overall, it has been a capable, pleasant laptop for regular travel-based work.",True
CORD000837,CUS00111,2019-01-14,Thompson,"[{""product"":""Candle Orbit 548"",""quantity"":3},{""product"":""Vela Core 957"",""quantity"":1}]",1039.68,13.29,-37.775065,144.875455,10,949,Summer,False,7.5554,"candle quest 246 has made recording games and sharing media pleasantly straightforward. it was easy to connect, capture remained consistent during longer sessions, and i could change sources without repeatedly restarting everything. the controls have held up well to regular use. the indicator lights are brighter than necessary, but that is a minor detail beside the reliable output.",True
CORD000838,CUS00475,2019-08-29,Bakers,"[{""product"":""Candle Lumen 220"",""quantity"":2},{""product"":""Candle Orbit 674"",""quantity"":1},{""product"":""Vela Halo 137"",""quantity"":2},{""product"":""Vela Core 957"",""quantity"":1},{""product"":""Candle Edge 392"",""quantity"":1}]",9549.84,18.45,-37.888328,145.0499,10,8613.31,Winter,False,9.9452,"i compared candle lumen 1066 with the older gaming hardware in our shared room, using it for casual games with friends and family over several weeks. the older setup worked, but it required more cable changes and made one person manage most of the controls. candle lumen 1066 made starting a session more straightforward, and the arrangement felt less like a private desk station. people could join in without a long explanation, which mattered more to us than advanced settings. the controls were comfortable during ordinary games, and the system responded promptly to the actions we used most. i liked that a short session could begin without a large preparation ritual. the display output looked clear from the seating area, while the previous hardware became difficult to follow when someone sat off to the side. we also moved the unit occasionally to make room for another activity, and reconnecting it did not take much work. this is best suited to casual shared play rather than demanding competitive use. the menu includes more choices than everyone in the household needs, and learning them takes a little time. the built-in sound is acceptable for a room session, although a separate audio setup gives a fuller result. compared with our old hardware, candle lumen 1066 has made gaming more welcoming and less cluttered. it encourages short, social sessions instead of leaving the equipment unused, and that practical improvement has made it a worthwhile addition to the room.",True
CORD000839,CUS00164,2019-06-10,Thompson,"[{""product"":""Candle Orbit 548"",""quantity"":1},{""product"":""Candle Edge 392"",""quantity"":1},{""product"":""Candle Lumen 220"",""quantity"":1}]",4161.21,15.34,-37.844462,144.887998,0,4176.55,Winter,False,6.2778,"the candle arc 348 has helped remove a weak coverage spot between my study and the back rooms. i placed it where the existing signal was still usable, and devices farther away now connect with much less interruption. video calls in the study have stayed steadier, while phones and tablets can move around the house without needing constant manual attention. the setup instructions were clear enough for me to complete the process without outside help. i have also moved the unit once to find a better position, and reconnecting it was uncomplicated. the indicator light is brighter than i would prefer at night, so i covered it rather than changing my room arrangement. performance naturally depends on placement and the surrounding walls, but within my home it has made a noticeable difference. the candle arc 348 is a practical way to extend coverage between rooms without making network management feel complicated.",True
CORD000840,CUS00171,2019-01-03,Bakers,"[{""product"":""Candle Flux 162"",""quantity"":1}]",1060.29,11.41,-37.779142,145.034644,20,859.64,Summer,False,4.8747,"candle shift 934 has been a reliable choice for music in our shared room. pairing was quick, and the connection has remained steady while i move around the house with my phone. voices in spoken content sound clear, and music has enough detail for relaxed listening during cooking, cleaning, or company. the controls are easy to reach, so changing the level or pausing a track does not interrupt what i am doing. it also looks unobtrusive on a shelf rather than dominating the room. the lowest settings are not especially powerful, but they suit ordinary indoor listening and keep the sound from becoming overwhelming. after regular use, the casing still feels solid and the connection resumes promptly. candle shift 934 has made shared listening simple and enjoyable. it is a practical speaker for everyday use and has performed consistently since i brought it home.",True
CORD000841,CUS00363,2019-10-03,Bakers,"[{""product"":""Candle Lumen 220"",""quantity"":1},{""product"":""Vela Halo 137"",""quantity"":1},{""product"":""Candle Orbit 548"",""quantity"":1},{""product"":""Candle Orbit 674"",""quantity"":1},{""product"":""Candle Flux 162"",""quantity"":1}]",5929.7,20.04,-37.788422,144.979018,5,5653.25,Spring,True,2.79,"the vela pulse 1081 has worked well for travel planning and casual media use during my 38 days of ownership. i have used it to check routes, read booking messages, browse local information, and watch short programmes while away from home. the screen is comfortable for maps and reading, while the device remains manageable in one hand. compared with the older phone i carried, apps open with less waiting and moving between travel information and messages feels more fluid. the vela pulse 1081 also compares favourably with relying on a small tablet. it fits into a pocket, connects promptly when i need information, and handles short viewing sessions without becoming awkward to carry. battery life has covered my normal days of navigation and casual media, though i take a charger when i expect extended use. the camera is suitable for quick snapshots and signs, but i would choose a dedicated camera for deliberate photography. there are a few compromises. the display can feel crowded when several travel pages are open, and the smooth finish is a little slippery without a case. heavy gaming would probably ask more of it than my routine does. for planning trips, keeping in touch, and filling quiet moments with media, the vela pulse 1081 compares well with both an older handset and a small tablet. the 24-month warranty provides useful reassurance, and i have found it a balanced, capable companion away from home.",True
CORD000842,CUS00383,2019-04-04,Bakers,"[{""product"":""Candle Flux 162"",""quantity"":1},{""product"":""Vela Core 957"",""quantity"":1},{""product"":""Candle Edge 392"",""quantity"":1},{""product"":""Candle Orbit 674"",""quantity"":1},{""product"":""Candle Vista 110"",""quantity"":1}]",3848.16,12.98,-37.754339,145.046606,5,3668.73,Autumn,False,7.6606,"vela atlas 359 gave me a better way to position a phone at my desk than the fixed stand i had been using. the old stand kept the device upright, but it allowed almost no adjustment, so the screen was often too low or angled away when i moved between typing, reading, and calls. this mount makes those small changes much less awkward. i use it during desk work, video calls, and when following instructions while keeping both hands available. the arm can be adjusted to suit the task, and the base has remained stable during ordinary repositioning. i particularly value being able to bring the screen closer for a quick glance and then move it aside when i need the working area. compared with the fixed stand, vela atlas 359 adapts to more than one posture and more than one person. it is also easier to share because another user can change the angle without rebuilding the setup. the adjustment points were initially firmer than i expected, but that stiffness helps the chosen position stay in place rather than drifting during use. it takes up more desk depth than a simple stand, and i would not treat it as a travel accessory. for a settled workspace, that is a fair exchange. after several weeks, vela atlas 359 has made my phone more visible and my desk less cluttered with improvised supports. it is a worthwhile improvement for anyone who needs flexible device positioning during the day.",True
CORD000843,CUS00062,2019-11-25,Thompson,"[{""product"":""Candle Orbit 548"",""quantity"":2},{""product"":""Candle Flux 162"",""quantity"":2},{""product"":""Vela Nova 753"",""quantity"":1},{""product"":""Candle Edge 392"",""quantity"":1}]",7412.08,21.89,-37.766489,144.963535,15,6322.16,Spring,True,5.3354,"vela nova 375 has helped me understand the changes in temperature and humidity inside my home instead of relying on how the room feels for a few minutes. i placed it in the area where i spend the most time and watched the readings through different parts of the day. the information was easy to interpret, and i soon noticed that the room became noticeably different after cooking or leaving windows closed overnight. that awareness has changed a few ordinary habits. i now open the room earlier when it feels stuffy and pay more attention to conditions before settling down to work. vela nova 375 has also been useful when comparing the living room with a quieter back room, where the air feels different even when the temperature seems similar. i am not using it for scientific work, but the repeated observations have given me a much more practical sense of the indoor environment. placement makes a difference. readings near a window or cooking area change quickly, so i had to choose a position that represented the room rather than a single local draft. the display is also less visible from across the room than i first expected, which means i usually walk over to check it. those are minor inconveniences, and they encouraged me to think about what i actually wanted to monitor. after forty-seven days, vela nova 375 has become a quiet but useful part of the house. it provides understandable temperature and humidity information, has prompted sensible ventilation habits, and does not demand constant attention. it cannot explain why a room changes, but it gives me a helpful starting point for making the space more comfortable.",True
CORD000844,CUS00431,2019-06-09,Thompson,"[{""product"":""Candle Lumen 220"",""quantity"":2},{""product"":""Vela Nova 753"",""quantity"":1}]",,12.64,-37.821885,144.913687,10,10328.79,Winter,False,3.1061,"candle arc 510 has been a dependable laptop for research, notes, and regular study sessions. articles load quickly, documents remain responsive, and the keyboard is pleasant when i am writing for a long stretch. its lighter build makes it convenient to move between the library and home. the display area can feel limited when several windows are open, but for reading, drafting, and organising coursework it has served me very well.",True
CORD000845,CUS00465,2019-07-05,Bakers,"[{""product"":""Vela Core 957"",""quantity"":2},{""product"":""Vela Halo 281"",""quantity"":2},{""product"":""Vela Halo 137"",""quantity"":1}]",2364.31,15.36,-37.828366,145.063206,0,2379.67,Winter,False,6.3105,"vela core 255 has made the lighting in our living room and hallway easier to manage. i grouped the lights by room and can now turn them on or off from the app instead of walking through the house to find each switch. the routines have been reliable, particularly the evening setting that gives us light in the hallway before anyone comes home. adjusting brightness for reading or relaxing is also quick. the app took a little time to understand because the room labels were not arranged exactly how i wanted, but changing them solved most of that annoyance. manual controls continue to work, which is reassuring when someone does not have a phone nearby. after weeks of regular use, the connection has remained stable. vela core 255 has added useful convenience without making ordinary lighting feel complicated.",True
CORD000846,CUS00151,2019-12-22,Bakers,"[{""product"":""Vela Core 957"",""quantity"":1},{""product"":""Candle Orbit 548"",""quantity"":1},{""product"":""Candle Flux 162"",""quantity"":1},{""product"":""Candle Lumen 220"",""quantity"":1}]",5117.22,9.8,-37.818989,145.022151,15,4359.44,Summer,,2.5674,"vela echo 943 is more useful in my home than the small screen i previously used for showing photos and presentation material. the larger display makes it easier for several people to see details at once, so i no longer need to pass a phone around or gather everyone close to a laptop. when i share a group of photos, faces and small background details remain visible from across the room, which makes the conversation more enjoyable. for presentations, the screen gives slides enough presence for a small meeting or family planning session. i can move through material at a sensible pace, pause when someone has a question, and keep the laptop on the table instead of turning it toward everyone. vela echo 943 is also convenient for reviewing images because the layout feels less cramped than on a phone. compared with a basic television, it is easier to position for a short session and use specifically for shared viewing. the device has a few practical limits. it needs a suitable surface and is more conspicuous than a tablet when not in use. in a very bright room, i sometimes adjust its position to avoid reflections. those considerations are manageable because the screen starts quickly and the controls do not require much explanation. visitors have been able to use the basic viewing functions without a long introduction. after extended ownership, i value its flexibility more than any single feature. vela echo 943 works for photographs, slides, and informal group viewing, while the 24-month warranty provides sensible reassurance. it is a thoughtful middle ground between a handheld screen and a permanently installed display.",True
CORD000847,CUS00115,2019-01-12,Bakers,"[{""product"":""Candle Orbit 674"",""quantity"":3},{""product"":""Vela Core 957"",""quantity"":2}]",1515.12,22.08,-37.819763,145.026637,5,,Summer,True,2.9648,"candle shift 574 was intended for video calls and online classes, but the audio has been unreliable throughout my use. the microphone volume changes without warning, so other people sometimes hear a faint voice and sometimes hear harsh distortion. background sounds are not handled consistently, and the speaker output becomes muffled when several people talk. the wireless connection has also dropped during classes, leaving a long silence before sound returns. controls on the unit are awkward to reach while taking notes, and adjusting the volume can trigger an unrelated command. voices are audible when the device behaves, but that basic function does not overcome the unstable connection and poor call clarity. candle shift 574 has made classes more stressful and is not dependable for regular meetings.",False
CORD000848,CUS00198,2019-07-03,Thompson,"[{""product"":""Vela Nova 753"",""quantity"":1},{""product"":""Candle Shift 916"",""quantity"":2},{""product"":""Candle Orbit 674"",""quantity"":1},{""product"":""Candle Edge 392"",""quantity"":1},{""product"":""Candle Orbit 548"",""quantity"":1}]",9077.03,14.12,-37.801475,144.893805,15,7729.6,Winter,False,4.8422,"candle flux 756 is more suitable for my long desktop gaming sessions than the compact hardware i had before. the earlier setup was convenient for quick play, but after an hour i wanted more room and found myself adjusting the controls repeatedly. this equipment gives the session a more settled feel, with controls that remain responsive during extended play and a layout that is easy to find without looking away from the screen. i compared both arrangements over several evenings, using the same casual games and varying the session length. the biggest difference is comfort: candle flux 756 lets me keep my hands in a natural position for longer, and the equipment stays steady when the pace becomes more active. it also fits the desktop without forcing me to clear everything else away, which makes starting a session less of a project. the system handled repeated use without unexpected pauses, and returning to ordinary desktop work afterward was straightforward. the controls may feel more substantial than necessary for someone who only plays for a few minutes at a time, and the larger form takes more space than my old device. those trade-offs make sense for the use case. i have not treated it as professional competitive equipment, but for extended home gaming it gives a convincing balance of response and comfort. after seventeen days, candle flux 756 has replaced the previous setup for most sessions because it reduces physical fuss and keeps the experience enjoyable from the opening round to the last.",True
CORD000849,CUS00020,2019-03-25,Thompson,"[{""product"":""Candle Orbit 548"",""quantity"":1},{""product"":""Candle Edge 932"",""quantity"":1},{""product"":""Candle Vista 110"",""quantity"":1},{""product"":""Vela Nova 753"",""quantity"":1},{""product"":""Candle Edge 392"",""quantity"":1}]",8342.5,23.84,-37.83704,144.919386,0,8366.34,Autumn,True,3.6405,"i compared vela echo 565 with a simpler timer used for a household outlet. the older timer is limited, but its schedule happens when expected. vela echo 565 has a more involved setup and still misses the basic task often enough to become frustrating. the first schedule ran correctly, then later activations occurred late or failed after the device had been left alone. i had to check the outlet manually, which defeats the point of scheduled control. the application adds more difficulty. creating a routine involves several screens, and editing one is awkward because the saved time is not always shown where i expect it. i removed and recreated the schedule twice, but the inconsistent behavior continued. the outlet can be switched manually, and that command usually operates after a pause. a manual command is not a solution when the purpose is to control a lamp or appliance while nobody is watching it. the connection indicator also changes without a clear explanation, leaving me unsure whether a missed schedule is caused by the network or the device. i tested it with different routines around the house and found no dependable pattern. it stayed connected for ordinary periods, then required a restart after a brief interruption. support recommended resetting the unit and rebuilding the schedule, which consumed time without resolving the failures. the warranty information is present, but the response did not offer a replacement or a clear diagnosis. compared with the basic timer, vela echo 565 is more complicated and less trustworthy. it can operate an outlet when the command reaches it, yet the delayed schedules, confusing controls, and repeated connection problems make it a poor home automation purchase. i would avoid relying on it.",False
CORD000850,CUS00211,2019-10-06,Nickolson,"[{""product"":""Candle Vista 110"",""quantity"":1},{""product"":""Candle Edge 932"",""quantity"":1},{""product"":""Candle Lumen 220"",""quantity"":1}]",6836.46,19.19,-37.83313,144.966835,10,,Spring,True,1.6337,"candle flux 684 has suited the way music is played in our shared room better than the small speaker we used previously. the sound reaches the seating area without requiring everyone to sit close to the unit, and it works well for background music during cooking, reading, or having friends over. compared with the older speaker, voices and instruments feel less crowded together, especially at moderate volume. i have moved it between a shelf and a side table depending on what the room is being used for. pairing different phones has been straightforward, which is important when several people want to contribute to the playlist. the wireless connection has remained steady during normal use, and the controls are simple enough that visitors can adjust playback without a tutorial. i appreciate that it does not dominate the room visually. a larger audio system might create more impact, but it would also take more space and encourage a more formal listening setup. at very high volume the sound becomes less refined, so i would not choose it for filling a large gathering or carefully evaluating music. for shared-room listening, that boundary has not mattered. the speaker has provided a warmer and more spacious experience than the basic unit it replaced, while remaining easy to place and use. the twelve-month warranty is reassuring. after several weeks, candle flux 684 feels like a sensible improvement for everyday music rather than an unnecessarily elaborate audio purchase.",True
CORD000851,CUS00442,2019-11-27,Nickolson,"[{""product"":""Vela Halo 281"",""quantity"":1},{""product"":""Candle Orbit 548"",""quantity"":2},{""product"":""Candle Vista 110"",""quantity"":1}]",2859.47,13.19,-37.882812,144.933912,0,2872.66,,False,7.7961,"i used candle lumen 310 for reading papers, writing notes and keeping research tabs open through a long study period. its restrained size suited a crowded desk, and i could carry it to the library without feeling as though i was transporting office equipment. the first setup was clear enough, and the screen made ordinary text comfortable to read for a couple of hours at a time. i liked being able to open it quickly between classes and continue from the same place without much preparation. for note taking and document work, performance has been consistent. browser pages, reference files and a word processor can remain open together, although the machine begins to feel less responsive when i add many more tabs. the keyboard has a reasonably firm feel, and the trackpad is accurate for selecting passages and navigating long articles. the display is not especially generous when comparing two pages side by side, so i often resize windows or use another screen. that is manageable, but it makes some research tasks slower than they would be on a larger laptop. after regular use, the battery has been sufficient for a morning of reading and writing, with the exact result depending on brightness and wireless activity. the casing has picked up a few ordinary marks from being carried around, but nothing has affected operation. i have not needed warranty assistance. candle lumen 310 has made study more portable and has remained dependable for the work i actually assign to it. i would not choose it for intensive software or large creative projects, yet for research, notes and everyday academic administration it offers a balanced mix of convenience and limitation.",True
CORD000852,CUS00084,2019-09-01,Bakers,"[{""product"":""Candle Flux 162"",""quantity"":1},{""product"":""Vela Core 957"",""quantity"":2}]",1603.23,20.07,-37.784551,144.994433,0,1623.3,Spring,True,2.8302,"candle lumen 238 has made it easier to manage our guest network and keep track of the devices connected at home. creating separate access for visitors was uncomplicated, and the management screen presents the important controls without overwhelming me with technical language. i have checked connected devices several times and found the information helpful when identifying which household equipment was active. the network has remained steady during normal browsing, calls, and streaming, while visitors have been able to connect without needing repeated assistance. some less common settings are tucked away, so i spent a little time exploring before i knew where everything lived. once configured, though, the routine checks take very little effort. the unit has operated quietly and has not needed frequent attention during these sixteen days. candle lumen 238 has provided a reassuring level of visibility and control, making our shared network easier to organise without adding unnecessary daily work.",True
CORD000853,CUS00143,2019-10-28,Nickolson,"[{""product"":""Candle Orbit 674"",""quantity"":2},{""product"":""Vela Halo 137"",""quantity"":2},{""product"":""Vela Halo 281"",""quantity"":1}]",2698.64,13.12,-37.887266,144.957861,15,2306.96,Spring,False,7.7045,"i bought vela nova 429 because charging leads had begun collecting in a drawer and on the edge of my desk. the accessory is compact, so placing it beside the socket did not require rearranging anything. i could separate the cables i use every day and keep the less frequently used ones behind them. that simple change made the area look calmer, although the organiser holds fewer thicker leads than i first expected. during the first week, i tried it with phone, tablet, and headphone cables. slimmer cables stayed in their channels without much movement, while a heavier lead occasionally pulled free when i lifted the device from the desk. the material has enough firmness to keep its shape, and the base does not slide much on the surface. it is not a complicated item, but the usefulness depends on placing it where the cables naturally arrive. when i moved it to a lower shelf, reaching the connectors became awkward and the tidy effect was reduced. after 41 days, the channels have not stretched and the finish still looks clean. vela nova 429 has solved the specific problem of loose everyday cables, though it has not replaced a larger storage box for spare accessories. i appreciate that it needs no setup and takes very little room. my view is mixed in a practical way: it is a neat solution for a small group of light cables, but the limited capacity and weaker grip on thick ones should be considered before buying. for my desk, it remains useful enough to keep.",True
CORD000854,CUS00078,2019-07-16,Thompson,"[{""product"":""Candle Orbit 674"",""quantity"":1},{""product"":""Candle Orbit 548"",""quantity"":1}]",580.13,15.42,-37.776064,144.891187,0,595.55,Winter,False,6.3782,"the vela core 1011 has been a noticeable improvement over the older phone i used for photographs and messaging. my previous handset could manage both tasks, but images often required patience and message handling became awkward when several conversations were active. the vela core 1011 feels more balanced. taking a quick photograph is straightforward, and the results are suitable for family moments, notes, and ordinary travel scenes without much adjustment. the messaging experience is also more comfortable because conversations are easier to follow and switching between them does not feel as cramped. compared with a smaller phone i considered, the vela core 1011 offers a better viewing area for reviewing photos, although it is slightly less convenient to operate with one hand. the connection has remained dependable during normal use, and i have not needed to restart it to recover from routine tasks. i use it for calls, messages, photographs, browsing, and occasional media, and that mixture has not exposed any serious weakness. battery life covers my ordinary day, though extended camera use and media can require an evening charge. the camera is not a replacement for dedicated equipment, particularly when conditions are difficult, but it is more capable than what i had before. setup and transferring my information were uncomplicated, which made the change less disruptive than expected. the vela core 1011 has become the phone i use without thinking about its limitations. it is not perfect for every hand size or photographic situation, but for everyday photography and messaging it has been a satisfying and dependable upgrade.",True
CORD000855,CUS00329,2019-09-30,Thompson,"[{""product"":""Candle Edge 932"",""quantity"":1},{""product"":""Vela Core 957"",""quantity"":1}]",1761.95,10.62,-37.786151,144.911925,15,1508.28,Spring,False,4.2699,"the vela atlas 593 has worked well in our meeting room for presentations and photo viewing. slides look crisp enough for a group to follow, and switching between a presentation and a folder of photographs is straightforward. i have used it for small team updates as well as showing travel pictures to visitors, and people can see the content clearly from the side of the room. the controls are sensibly arranged, so i did not need to keep searching for basic functions after the first session. it takes a moment to wake from standby, which is mildly inconvenient when a meeting starts suddenly, but it has not disrupted any presentation. photos have good colour and detail in normal lighting. the vela atlas 593 is a polished, dependable display for shared viewing.",True
CORD000856,CUS00437,2019-06-17,,"[{""product"":""Candle Vista 110"",""quantity"":1},{""product"":""Vela Nova 753"",""quantity"":1},{""product"":""Candle Orbit 548"",""quantity"":1}]",6476.27,15.3,-37.827115,144.983144,5,6167.76,Winter,False,1.5241,"i used the candle edge 608 for home-office coverage for several weeks and compared it with the older wireless unit it replaced. the edge 608 reaches one room that had been weak before, but the connection becomes unreliable elsewhere, which makes the claimed improvement feel narrow and not worth the disruption of changing equipment. setup was not difficult, yet the result was awkward to manage. the connection dropped during ordinary video meetings, and returning to the network sometimes required waiting and reconnecting devices one at a time. a laptop near the unit stayed connected more often than a laptop in the next room, but neither pattern was stable enough for work. moving the unit higher and clearing nearby objects produced no dependable change. the older unit had slower coverage at the far end of the home, but it did not interrupt calls as frequently in the office. with the candle edge 608, a meeting could begin normally and then become unreliable without any obvious reason. browsing would pause, shared documents would stop loading, and i would switch to another connection to finish a task. that extra workaround defeated the point of replacing the old equipment. the controls also compare poorly. the status information is limited, so it is hard to tell whether a problem comes from the wireless signal or from a device that has failed to reconnect. i could use the basic network connection, but that is the minimum expected from this category. after weeks of resets and cautious placement, the candle edge 608 has not delivered consistent home-office coverage. it is frustrating, weak under routine pressure, and i would avoid it for a workspace where interruptions matter.",False
CORD000857,CUS00447,2019-04-26,Thompson,"[{""product"":""Vela Core 957"",""quantity"":1},{""product"":""Candle Lumen 220"",""quantity"":1},{""product"":""Candle Orbit 548"",""quantity"":1}]",4056.93,12.34,-37.871661,144.924599,15,3460.73,Autumn,False,6.8495,"candle orbit 638 replaced a basic network unit that worked, but made guest access awkward. the new arrangement gives me a separate network for visitors and a clearer way to see the devices connected at home. i compared the setup process with the old unit, and the controls here are easier to follow when i want to change a password or check which household device is active. that extra visibility has made routine management less mysterious, especially when several phones and streaming devices are online together. i installed it in a shared living area and used it for ordinary browsing, television streaming, work calls, and a few visiting guests. connections have remained steady across the rooms i use most, and the guest network has kept visitors from needing access to the household settings. candle orbit 638 also makes it simple to pause or remove a device, which is more convenient than restarting the old unit whenever something behaved strangely. the first setup involved a few more steps than i expected, but the instructions were sensible and the process only needed to be done once. the older equipment offered fewer controls and occupied less visual space, so there is still a small trade-off. i also had to place candle orbit 638 carefully to keep its lights out of direct view at night. those are minor points beside the improved organisation. it is not aimed at someone managing a large office network, but for several shared household devices it provides a calm, practical balance. after more than a month, i am pleased with the coverage and especially with the guest-network separation.",True
CORD000858,CUS00190,2019-05-31,Thompson,"[{""product"":""Vela Nova 753"",""quantity"":1},{""product"":""Candle Orbit 548"",""quantity"":1},{""product"":""Vela Core 957"",""quantity"":2},{""product"":""Candle Flux 162"",""quantity"":2}]",7323.2,24.87,-37.742414,144.900828,25,5517.27,Autumn,True,8.8063,"vela wave 211 has been a clear improvement over my previous phone for casual photography and messaging. i take pictures during walks, family gatherings, and ordinary errands rather than setting up carefully, so i value a camera that responds quickly and gives me an image worth keeping. the phone has made that process less frustrating, and i can move from taking a picture to sending it without waiting around. the older handset was slimmer and easier to grip, while vela wave 211 feels a little broader in the hand. in exchange, the screen gives me a better view of photos and conversations, and the camera is more dependable when the light changes. daylight results are the strongest, but indoor snapshots have also been suitable for sharing. i do not expect perfect detail in every difficult scene, although the overall results compare favourably with what i had before. messaging has been straightforward during the ownership period. conversations open promptly, typing feels responsive, and sending a picture does not interrupt the rest of the phone for long. i have adjusted the notification settings so that frequent group messages do not dominate the day. battery coverage has been sufficient for my normal use, though taking many photos and using the screen heavily means charging earlier than on a quiet day. vela wave 211 is not the smallest phone and serious photography still belongs to dedicated equipment, but it is a capable everyday option. compared with my old device, it makes spontaneous photos and quick sharing more enjoyable. the broader shape is a minor compromise for the clearer screen and more responsive camera experience.",True
CORD000859,CUS00441,2019-10-12,Bakers,"[{""product"":""Candle Lumen 220"",""quantity"":1},{""product"":""Candle Orbit 548"",""quantity"":2},{""product"":""Candle Vista 110"",""quantity"":1},{""product"":""Candle Edge 392"",""quantity"":1},{""product"":""Vela Halo 281"",""quantity"":1}]",6764.61,11.86,-37.853091,145.035724,15,5761.78,Spring,False,5.9673,"candle arc 204 has made commuting more pleasant by giving me a reliable way to listen to music and spoken content on the move. pairing was quick, and the connection has remained steady during ordinary journeys through busy public spaces. voices in podcasts are clear, while music has enough balance for casual listening without becoming tiring. the fit stays comfortable through a commute, although after several hours i become aware of the ear pieces and need a short break. controls for pausing and adjusting volume are easy to use without looking, which is useful when walking. the carrying case takes little room in my bag, and the wireless connection has resumed promptly after i return. candle arc 204 is not aimed at studio-level listening, but for commuting, it has been dependable, comfortable and enjoyable.",True
CORD000860,CUS00333,2019-01-08,Thompson,"[{""product"":""Candle Lumen 220"",""quantity"":2},{""product"":""Candle Orbit 548"",""quantity"":2},{""product"":""Vela Halo 281"",""quantity"":1},{""product"":""Candle Edge 392"",""quantity"":1}]",8477.41,12.46,-37.86454,144.916399,15,7218.26,Summer,False,6.3652,"candle quest 1092 has become useful for sketching, marking up ideas, and handling small creative jobs when i do not want to sit at my main desk. the screen gives drawings enough room to develop, and the response feels natural for the light work i have tried. i can move from a rough sketch to notes or reference material without losing the flow of the task. the tablet is comfortable to hold for shorter sessions and easy to put away when i am finished. i would choose a more specialised setup for very detailed professional projects, since the available workspace can feel limited when a drawing becomes complex. for everyday creative work, candle quest 1092 has been responsive, portable, and genuinely enjoyable to use.",True
CORD000861,CUS00356,2019-04-02,Bakers,"[{""product"":""Candle Vista 110"",""quantity"":1},{""product"":""Candle Orbit 548"",""quantity"":3},{""product"":""Candle Lumen 220"",""quantity"":1}]",6114.19,11.35,-37.760248,145.003212,5,5819.83,Autumn,False,5.576,"for my creative projects, candle arc 870 has been a more satisfying compromise than the heavier laptop i used before. it is easier to carry between the desk and another room, yet still feels capable when i am editing media, arranging images, or working through a large document with several applications open. the older machine often made me wait between tasks, whereas candle arc 870 keeps the process moving with fewer pauses during my normal sessions. i especially notice the difference when i begin with a collection of images, make adjustments, and then switch to writing notes or checking reference material. the screen is comfortable for that routine, and the keyboard has a sensible feel for longer periods of typing. i have also used it away from the desk, where the lighter build is much less burdensome than my previous computer. it does not feel fragile when carried carefully, and the hinge has remained steady after regular opening and closing. there are a few compromises. the fan becomes audible during heavier editing, and the available connection choices are not as generous as on the older desktop setup, so i occasionally need an adapter. battery life also depends greatly on the kind of work i am doing. these points matter if the laptop will replace a full workstation. for portable creative work, however, candle arc 870 gives me a better blend of mobility and working speed than the bulky alternative i had been tolerating. it has earned a permanent place in my everyday workflow.",True
CORD000862,CUS00273,2019-09-24,Thompson,"[{""product"":""Candle Vista 110"",""quantity"":1},{""product"":""Candle Orbit 548"",""quantity"":2},{""product"":""Vela Core 957"",""quantity"":1},{""product"":""Candle Orbit 674"",""quantity"":1}]",2924.26,10.93,-37.84544,144.913326,0,2935.19,Spring,False,4.6966,"candle flux 432 has become the device we leave in the living room for family learning and shared browsing. it was simple to place on the stand, and the first setup did not require much technical knowledge. different members of the family use it for reading, looking up questions, practising lessons, and browsing together, so the straightforward interface has been more valuable than a large collection of complicated features. the screen is comfortable for a child to read and large enough for two people to examine something at once. touch responses have remained consistent, and switching between a learning activity and a browser page is generally smooth. when several demanding pages are open, the tablet may pause briefly, but closing an unused page usually restores the pace. i also like that the device can be passed around without feeling delicate, although we still keep it in one place when it is not being used. over the weeks, candle flux 432 has supported quiet homework time as well as relaxed weekend browsing. battery life is suitable for our normal use, and charging is easy to remember because the tablet returns to its stand each evening. the speakers are fine for spoken lessons, though headphones are preferable when someone else is watching television. the only recurring annoyance is that the screen gathers fingerprints quickly, which means i wipe it more often than expected. even with that minor chore, it has been a useful shared tool and has made family learning feel more accessible.",True
CORD000863,CUS00292,2019-12-06,Bakers,"[{""product"":""Candle Edge 392"",""quantity"":1},{""product"":""Vela Core 957"",""quantity"":1},{""product"":""Vela Halo 137"",""quantity"":2},{""product"":""Vela Halo 281"",""quantity"":1}]",2697.74,12.72,-37.784491,145.064913,25,2036.02,Summer,False,6.7474,"the candle shift 178 has been part of our home network long enough to show how it behaves beyond the first installation. i connected it for video meetings and media streaming, then left it running through busy evenings when several people were online. the initial setup was clear, and the connection has stayed steady while calls, films, and ordinary browsing share the network. meetings begin promptly, voices remain in sync, and streaming resumes quickly after a pause. that consistency has made the device fade into the background, which is exactly what i wanted from it. i also appreciate the practical design. the status information is easy to understand, and restarting the unit does not turn into a long troubleshooting session. during heavier use it becomes warm, though not alarmingly so, and the indicator light is brighter than necessary in a dark room. neither issue has affected our routine. the candle shift 178 has given us a calm, reliable experience for work and entertainment, with enough flexibility for the whole household. after using it regularly, i consider it a strong and worthwhile addition to our network.",True
CORD000864,CUS00384,2019-11-16,Thompson,"[{""product"":""Candle Edge 932"",""quantity"":2},{""product"":""Vela Halo 281"",""quantity"":3}]",4573.18,15.6,-37.773126,144.875563,10,4131.46,Spring,False,7.6692,"candle edge 302 handles plain reading, but annotation is where the trouble starts. handwritten notes often trail behind my pen, and small corrections can leave stray marks that take time to remove. after longer study sessions, the screen feels cramped for comparing a page with my notes. the tablet has enough battery for ordinary reading, yet the unreliable pen response makes serious annotation awkward. i regret buying it and cannot recommend it for study.",
CORD000865,CUS00356,2019-03-07,Bakers,"[{""product"":""Vela Halo 281"",""quantity"":1},{""product"":""Candle Orbit 548"",""quantity"":2}]",1042.88,11.35,-37.760248,145.003212,0,1054.23,Autumn,False,5.576,"for my creative projects, candle arc 870 has been a more satisfying compromise than the heavier laptop i used before. it is easier to carry between the desk and another room, yet still feels capable when i am editing media, arranging images, or working through a large document with several applications open. the older machine often made me wait between tasks, whereas candle arc 870 keeps the process moving with fewer pauses during my normal sessions. i especially notice the difference when i begin with a collection of images, make adjustments, and then switch to writing notes or checking reference material. the screen is comfortable for that routine, and the keyboard has a sensible feel for longer periods of typing. i have also used it away from the desk, where the lighter build is much less burdensome than my previous computer. it does not feel fragile when carried carefully, and the hinge has remained steady after regular opening and closing. there are a few compromises. the fan becomes audible during heavier editing, and the available connection choices are not as generous as on the older desktop setup, so i occasionally need an adapter. battery life also depends greatly on the kind of work i am doing. these points matter if the laptop will replace a full workstation. for portable creative work, however, candle arc 870 gives me a better blend of mobility and working speed than the bulky alternative i had been tolerating. it has earned a permanent place in my everyday workflow.",True
CORD000866,CUS00076,2019-07-15,Bakers,"[{""product"":""Vela Core 957"",""quantity"":1},{""product"":""Candle Orbit 548"",""quantity"":2},{""product"":""Candle Flux 162"",""quantity"":1}]",1843.9,13.93,-37.771281,145.014329,20,1489.05,Winter,False,4.6204,"candle vista 470 joined my workflow after i grew tired of moving between several devices for creative projects. i spent the first evening arranging my editing tools, files, and working preferences, then used it for a mixture of image work, writing, and media preparation. the screen gives my projects enough room to feel organised, and the overall experience remains responsive during the ordinary stages of editing. i can move from planning to making adjustments without the computer becoming the centre of attention. over the following days i tested it with longer sessions rather than only short demonstrations. it handled my usual creative routine without fuss, and the keyboard remained comfortable when an editing task turned into several hours of notes and revisions. carrying it between rooms has also been manageable because it does not feel like an awkward object to relocate. the finish has stayed clean despite regular handling, and the hinge and ports still feel secure after being used repeatedly. there are limits to any portable computer. the display is not as spacious as a full desktop arrangement, and i sometimes connect another screen when i want a broader view of a complex project. that is a normal compromise for this format. candle vista 470 has nevertheless made my creative work more contained and portable. the setup was smooth, daily performance has been dependable, and i am happy with the role it now plays in established projects.",True
CORD000867,CUS00389,2019-09-22,,"[{""product"":""Vela Halo 281"",""quantity"":2},{""product"":""Vela Halo 137"",""quantity"":1},{""product"":""Candle Orbit 674"",""quantity"":2}]",2469.49,12.28,-37.777519,145.057335,20,1987.87,Spring,False,6.5436,"the candle shift 898 has helped extend coverage to the parts of my home that used to be less consistent. i placed it between the main connection and the room where i often work, and devices there now remain connected during ordinary browsing and calls. setup was manageable, with the status information making placement easier than guessing. once positioned, it blends into the room and requires little attention. i have noticed that location still matters, so moving it too far from the main connection is not productive, but that is useful practical guidance rather than a flaw. the connection has stayed steady for the household devices i use most, and the improvement is noticeable during daily work. the candle shift 898 has made the network feel more even across the home and has reduced interruptions.",True
CORD000868,CUS00004,2019-02-15,Nickolson,"[{""product"":""Candle Orbit 674"",""quantity"":1},{""product"":""Candle Shift 916"",""quantity"":1},{""product"":""Candle Lumen 220"",""quantity"":2},{""product"":""Candle Vista 110"",""quantity"":1}]",11058.2,14.18,-37.871945,144.976639,10,9966.56,Summer,False,5.9648,"candle arc 996 has been disappointing for game streaming and media capture. the preview appears, but recording becomes choppy when the game action gets busy, and saved clips sometimes contain broken audio. changing sources takes several attempts, which is awkward during a live session. the casing also becomes hot after extended use, while the status light provides little warning before a recording stops. basic capture is possible, but the unreliable output makes this hardware frustrating.",False
CORD000869,CUS00336,2019-09-22,Thompson,"[{""product"":""Candle Orbit 674"",""quantity"":2},{""product"":""Candle Orbit 548"",""quantity"":1},{""product"":""Candle Edge 392"",""quantity"":1}]",1279.94,12.07,-37.842022,144.886274,5,1228.01,Spring,False,6.2579,"vela spark 333 has made casual living-room gaming more inviting than the older display in our house. the picture is bright enough for daytime play, and the controls feel responsive when several people take turns. i compared it with a larger screen that gives a more dramatic view, but vela spark 333 fits our room more naturally and is easier to see from the usual seating positions. the built-in functions are simple to reach, so changing between a game and ordinary viewing does not involve a long sequence of menus. it has also worked well for short family sessions where people are chatting, moving around, and not sitting directly in front of the screen. the sound is suitable for that relaxed setting, although anyone wanting a cinema-style result may still add separate equipment. i have found the display pleasant for everyday use rather than something that demands a dedicated entertainment area. its frame has remained stable on the stand, and the finish has not collected the smudges as readily as the screen we had before. a more expensive display may offer deeper adjustment and a larger image, but those advantages would matter less in our room than the convenient size and uncomplicated operation here. vela spark 333 has encouraged us to play together more often, which was the point of replacing the old unit. it provides a cheerful, capable experience and feels like a sensible match for casual gaming.",True
CORD000870,CUS00500,2019-07-17,Nickolson,"[{""product"":""Candle Orbit 548"",""quantity"":3},{""product"":""Candle Vista 110"",""quantity"":1}]",2584.8,13.01,-37.845269,144.947455,10,2339.33,Winter,False,3.5444,"the candle lumen 598 has made a noticeable difference in the far rooms of my home. i placed it between the main network point and the study, and the connection now reaches the hallway and back bedroom with much less interruption. video calls from the study remain steady, while ordinary browsing in the bedroom no longer drops whenever someone uses the kitchen. installation was uncomplicated, and the indicators gave me enough information to find a suitable position without repeated guesswork. the unit is not especially small, so it needs a visible shelf rather than a hidden corner, but that is a minor trade-off for the extra coverage. it has been running quietly and consistently since i installed it. the candle lumen 598 is a worthwhile solution for extending a home network between rooms.",True
CORD000871,CUS00230,2019-09-10,Bakers,"[{""product"":""Candle Flux 162"",""quantity"":1},{""product"":""Vela Core 957"",""quantity"":1},{""product"":""Candle Orbit 674"",""quantity"":2},{""product"":""Candle Edge 392"",""quantity"":1},{""product"":""Candle Vista 110"",""quantity"":1}]",4172.22,11.5,-37.811736,145.057498,15,3557.89,Spring,False,5.4734,"vela halo 965 has been a useful way to schedule a household power outlet without remembering the same task every day. compared with manually switching the outlet, the schedule removes a small chore from my evening routine. i use it for a lamp and occasionally for another low-demand household device, so the timing is simple and predictable. the device does not transform the whole home, but it gives one frequently used outlet a level of convenience that i notice whenever the schedule runs without my involvement. setting the timetable took some reading, although the process became clear after i understood the sequence of choices. once configured, vela halo 965 followed the planned on and off periods consistently. compared with a basic mechanical timer, the controls are more flexible when i want to change the routine for a different part of the week. i can also make a quick manual adjustment when needed, then return to the scheduled arrangement without starting over. the status information helps me see whether the outlet should currently be active. the main limitation is that it controls the outlet rather than understanding the behaviour of every appliance connected to it. i would not use it for equipment that should never be interrupted, and the first setup requires attention to safe placement and the device instructions. the unit also takes up some space beside the outlet, which may matter in a crowded area. compared with switching the lamp manually or using a less adaptable timer, vela halo 965 is a convenient improvement. after several weeks, its dependable schedule has made a small household routine easier, and i am pleased with the purchase.",True
CORD000872,CUS00314,2019-07-17,Bakers,"[{""product"":""Candle Orbit 548"",""quantity"":1},{""product"":""Vela Halo 281"",""quantity"":2}]",1317.55,13.81,-37.849478,145.005517,10,1199.61,Winter,False,4.4822,"candle orbit 782 has worked well as a shared tablet for learning, browsing, and occasional reading. different family members can pick it up without a long explanation, and pages remain responsive during ordinary use. the screen is pleasant for indoor viewing and the battery lasts through our usual sessions. it feels a little heavy after extended holding, but that is a minor trade-off for its capable performance.",True
CORD000873,CUS00339,2019-05-17,Thompson,"[{""product"":""Candle Edge 932"",""quantity"":1},{""product"":""Candle Orbit 548"",""quantity"":3}]",2258.69,19.55,-37.828932,144.937784,5,2165.31,Autumn,True,1.9834,"vela spark 585 has been monitoring door and window activity for several weeks, mainly at the front entrance and a ground-floor window. the alerts arrive quickly enough to tell me when someone has come home or when a window was left open, and the activity history is helpful when i am trying to remember what happened earlier. installation was uncomplicated, although aligning the two parts took a few attempts before the status appeared correctly. the app offers more notification choices than i expected, so the first evening involved some adjustment to avoid receiving unnecessary updates. since then, it has required little attention. the alert sound on my phone is easy to miss when i am busy, which means i still check the history rather than relying on one notification. vela spark 585 has nevertheless added useful awareness to our routine without making the home feel over-automated.",True
CORD000874,CUS00418,2019-10-15,Bakers,"[{""product"":""Candle Orbit 548"",""quantity"":1},{""product"":""Vela Halo 281"",""quantity"":1},{""product"":""Vela Core 957"",""quantity"":1},{""product"":""Candle Orbit 674"",""quantity"":1}]",1382.34,10.06,-37.82381,145.031125,10,1254.17,Spring,False,3.5071,"the candle quest 930 has become the shared laptop for bills, forms, household planning and occasional remote work. it starts promptly, handles several browser tabs without becoming awkward, and the keyboard is comfortable enough for longer stretches of typing. different members of the household have used it without needing much explanation, which says a lot about the layout and general clarity. video calls have been stable, and documents remain readable even when the screen is viewed from slightly off centre. the casing has collected a few fingerprints, but that is only a cosmetic nuisance. i would not choose this model for demanding creative work, though that is outside the role we bought it for. for everyday home-office administration, the candle quest 930 has been responsive, approachable and dependable. it feels like a sensible shared tool rather than a device that requires constant attention.",True
CORD000875,CUS00175,2019-04-16,Thompson,"[{""product"":""Candle Orbit 674"",""quantity"":2},{""product"":""Candle Lumen 220"",""quantity"":1},{""product"":""Vela Core 957"",""quantity"":1},{""product"":""Candle Flux 162"",""quantity"":2}]",6569.56,11.83,-37.804599,144.877308,20,5267.48,Autumn,False,6.194,"the vela spark 261 has replaced my previous phone for everyday messaging and casual photography. moving my accounts and contacts across was reasonably clear, and the phone felt familiar after a short adjustment. messages open quickly, calls are easy to manage, and the screen is comfortable for reading. its size works well for one-handed use, although typing with both hands is more relaxed when i am at a desk. the camera produces appealing results in daylight. i have taken indoor pictures, street scenes, and quick photos of documents, and most have been clear enough to share. in dim rooms the result becomes softer, and the camera sometimes takes a moment to settle before saving the image. that is not unusual for a phone in this range, but it means i have missed a couple of quick moments. the editing tools are simple and adequate for ordinary use. messaging has been the most dependable part of the experience. the keyboard responds well, and notifications arrive without much delay. battery life covers a normal day for me, though extended camera use or navigation drains it more quickly. the phone has remained stable with several apps open, but switching between them can occasionally feel less fluid than expected. the casing is easy to hold, though it attracts fingerprints. i see the vela spark 261 as a competent general phone with a camera that is strongest in good light. it does not have a serious weakness for my routine, but neither photography in darker places nor heavy multitasking feels exceptional. i am content with the change and expect to keep using it, while recognising that more demanding users may want a faster or more specialised device.",True
CORD000876,CUS00438,2019-12-22,Bakers,"[{""product"":""Vela Core 957"",""quantity"":1},{""product"":""Candle Orbit 674"",""quantity"":2},{""product"":""Candle Flux 162"",""quantity"":3}]",4100.46,24.5,-37.844853,145.05357,0,4124.96,Summer,True,,"vela echo 169 was bought for protective storage during travel, but the case feels too weak for that job. the outer material bends easily, and the closure opened inside my bag when other items pressed against it. the interior space is awkwardly shaped, leaving a phone or small device loose rather than held securely. a cable placed beside the device also pushed against the closure and made it difficult to shut. after several trips the edges showed marks, while the lining collected dust and offered little cushioning. the case can hold an item when left undisturbed, but that basic function does not amount to dependable protection. i became more concerned about damage each time the bag was moved. vela echo 169 has been disappointing for travel storage and is not an accessory i can trust.",False
CORD000877,CUS00261,2019-07-29,Bakers,"[{""product"":""Candle Lumen 220"",""quantity"":2},{""product"":""Candle Vista 110"",""quantity"":1}]",8875.37,14.33,-37.854363,145.009513,0,8889.7,Winter,False,5.0903,"candle lumen 1030 has become the shared home-office laptop in our house. it is used for forms, email, document editing, browsing, and video meetings, often by different people on the same day. the transition was smooth because the layout is familiar and the main tasks do not require much technical knowledge. i have been using it for regular administration, moving between several browser pages, documents, and calls. the laptop has stayed responsive during that routine, and the keyboard has remained comfortable when a short task turns into an hour of typing. the display is clear for reading and arranging documents, while the machine is portable enough to move away from the desk when another person needs the room. the video meeting camera works well for ordinary home-office conversations, and the microphone has picked up normal speech without making me lean forward. other members of the household have managed the basic controls without much help. we spent some time creating separate folders and arranging the desktop, but that made the shared use more orderly and was worth doing. the built-in speakers suit voices and light media. they are not the part i would choose for serious music listening, and i keep the charger nearby when several meetings fill the day. those are manageable details rather than reasons for concern. candle lumen 1030 has provided the steady, practical performance we wanted from a shared computer. it has made everyday administration less awkward and has earned a permanent place in our home office.",True
CORD000878,CUS00466,2019-02-25,Bakers,"[{""product"":""Candle Flux 162"",""quantity"":1},{""product"":""Vela Core 957"",""quantity"":1},{""product"":""Candle Orbit 674"",""quantity"":1},{""product"":""Candle Lumen 220"",""quantity"":1}]",5185.21,12.39,-37.754104,144.985373,15,4419.82,Summer,False,6.275,"candle arc 852 has become my preferred device for reading, annotating, and making handwritten notes because it offers a more natural working surface than my phone and less weight than a full laptop. i have used it for articles, marked-up documents, and quick notes during planning sessions. compared with my previous tablet, the writing experience feels more controlled, and i can move from reading to annotation without losing the thread of what i was doing. the display is comfortable for extended reading, and the size gives enough room for a page and notes without making the device awkward to carry. handwritten marks remain easy to review later, which is useful when i am away from my desk. the tablet has also handled ordinary document work without requiring much adjustment. a physical keyboard would still be preferable for long passages, and the device is not a substitute for that kind of typing. for its intended use, however, the trade-off is sensible. the casing has stayed in good condition through regular movement between rooms, and the controls have remained responsive. candle arc 852 compares favorably with both my phone and older tablet because it occupies a useful middle ground. it is focused enough for reading and notes, yet flexible for casual tasks. after repeated use, i find myself reaching for it first whenever i need to review material and write observations by hand.",True
CORD000879,CUS00500,2019-12-26,Nickolson,"[{""product"":""Candle Orbit 674"",""quantity"":1},{""product"":""Candle Flux 162"",""quantity"":1}]",1384.35,10.48,-37.845269,144.947455,20,1117.96,,False,3.5444,"the candle lumen 598 has made a noticeable difference in the far rooms of my home. i placed it between the main network point and the study, and the connection now reaches the hallway and back bedroom with much less interruption. video calls from the study remain steady, while ordinary browsing in the bedroom no longer drops whenever someone uses the kitchen. installation was uncomplicated, and the indicators gave me enough information to find a suitable position without repeated guesswork. the unit is not especially small, so it needs a visible shelf rather than a hidden corner, but that is a minor trade-off for the extra coverage. it has been running quietly and consistently since i installed it. the candle lumen 598 is a worthwhile solution for extending a home network between rooms.",True
CORD000880,CUS00474,2019-01-27,Thompson,"[{""product"":""Candle Vista 110"",""quantity"":2}]",3633.18,9.36,-37.81125,144.924983,0,3642.54,Summer,False,1.9466,"candle arc 1086 has given me a more convenient way to play while travelling than the older portable system i owned. it fits into my bag without taking over the available space, and i can settle into a session during a quiet break or on a journey. controls feel responsive in the games i play most, while the display remains readable in different indoor settings. the overall experience is more comfortable than carrying a larger setup. against my previous hardware, the biggest gain is flexibility. i used to plan around where the system could be placed and whether its accessories were worth bringing. candle arc 1086 is easier to pick up for a short session and put away again. longer play has remained enjoyable, although the controls feel a little cramped when i hold it for several hours. that is not noticeable during brief sessions, which are how i usually use it. the battery has been sufficient for ordinary travel days, provided i remember to charge it beforehand. i have not treated it as an all-day replacement for a home console. some games benefit from a larger screen and a fixed controller, and i still prefer that arrangement when i am at home. the portable unit is better suited to convenience than to creating the most immersive possible setup. the old system still has a place for longer sessions, but candle arc 1086 is now the one i pack. its compact shape, straightforward controls and sensible endurance make portable gaming less awkward. anyone expecting the exact comfort of a full-size home arrangement may find compromises, but for travel and short breaks this has been a satisfying upgrade.",True
CORD000881,CUS00034,2019-04-28,Bakers,"[{""product"":""Candle Vista 110"",""quantity"":1},{""product"":""Vela Halo 281"",""quantity"":1},{""product"":""Candle Orbit 674"",""quantity"":2},{""product"":""Vela Core 957"",""quantity"":2}]",3538.39,19.65,-37.793655,145.007454,0,3558.04,Autumn,True,2.1106,"vela atlas 575 has made it easier to keep an eye on temperature and humidity in my rooms. the readings update promptly and are clear enough to check at a glance. i have moved it between the bedroom and study, and it resumed monitoring without difficulty. it does not control the climate itself, so anyone expecting automatic adjustment should note that limitation. as a simple source of household information, however, it has been consistent and useful.",True
CORD000882,CUS00368,2019-09-22,Thompson,"[{""product"":""Candle Flux 162"",""quantity"":1},{""product"":""Candle Orbit 548"",""quantity"":1}]",1316.36,,-37.882257,144.891588,0,1330.53,Spring,False,9.1432,"the candle edge 644 has been my main choice for listening at home over extended periods. i have worn it while reading, doing chores, and working at my desk, and the fit has remained comfortable without needing frequent adjustment. pairing was quick, and the connection has not dropped during normal movement between rooms. spoken content is easy to follow, while music has a balanced sound that works well for my tastes. the controls are simple enough to use without interrupting what i am doing. the case takes up a little more space than i expected when stored, but that is a minor compromise. after several weeks, the candle edge 644 has delivered relaxed, dependable listening and has become part of my daily routine.",True
CORD000883,CUS00261,2019-10-25,Bakers,"[{""product"":""Candle Vista 110"",""quantity"":1},{""product"":""Vela Core 957"",""quantity"":1},{""product"":""Candle Shift 916"",""quantity"":1}]",3946.83,21.72,-37.854363,145.009513,15,3376.53,Spring,True,5.0903,"candle lumen 1030 has become the shared home-office laptop in our house. it is used for forms, email, document editing, browsing, and video meetings, often by different people on the same day. the transition was smooth because the layout is familiar and the main tasks do not require much technical knowledge. i have been using it for regular administration, moving between several browser pages, documents, and calls. the laptop has stayed responsive during that routine, and the keyboard has remained comfortable when a short task turns into an hour of typing. the display is clear for reading and arranging documents, while the machine is portable enough to move away from the desk when another person needs the room. the video meeting camera works well for ordinary home-office conversations, and the microphone has picked up normal speech without making me lean forward. other members of the household have managed the basic controls without much help. we spent some time creating separate folders and arranging the desktop, but that made the shared use more orderly and was worth doing. the built-in speakers suit voices and light media. they are not the part i would choose for serious music listening, and i keep the charger nearby when several meetings fill the day. those are manageable details rather than reasons for concern. candle lumen 1030 has provided the steady, practical performance we wanted from a shared computer. it has made everyday administration less awkward and has earned a permanent place in our home office.",True
CORD000884,CUS00288,2019-02-11,Bakers,"[{""product"":""Vela Core 957"",""quantity"":1},{""product"":""Vela Halo 137"",""quantity"":1},{""product"":""Candle Orbit 674"",""quantity"":1},{""product"":""Vela Nova 753"",""quantity"":1},{""product"":""Candle Edge 932"",""quantity"":2}]",8739.99,14.03,-37.872298,145.053462,15,7443.02,Summer,False,8.6104,"candle bloom 586 has been a welcome companion on trips where i wanted something more engaging than a phone. its portable design fits into my small travel bag, and i can start playing during a train journey or while waiting between activities. the controls feel responsive for the types of games i play, and the screen is comfortable indoors when i am seated close by. i have also used it at home for shorter sessions, so it is not limited to travel. the device wakes quickly and the basic interface was easy to understand. longer sessions make the controls feel a little cramped, particularly when i hold it with both hands for a while, but that is a reasonable compromise for the compact shape. candle bloom 586 has provided enjoyable entertainment without taking over my luggage, and its portability is the feature i value most.",True
CORD000885,CUS00357,2019-12-15,Nickolson,"[{""product"":""Vela Halo 137"",""quantity"":1},{""product"":""Candle Orbit 674"",""quantity"":1},{""product"":""Candle Orbit 548"",""quantity"":1}]",1340.02,13,-37.880256,144.992514,20,1085.02,Summer,False,,"candle shift 160 replaced an older laptop that had become slow whenever i had several research tabs, notes and documents open together. the change is most apparent during study sessions. i can move between a reading, a set of notes and a browser search without the long pauses that used to interrupt my train of thought. for writing assignments and organising references, it feels composed rather than hurried, and the keyboard has enough travel for extended typing. i have also compared it with a heavier work laptop used by a colleague. that machine feels more substantial and offers more room for demanding tasks, but it is inconvenient to carry between the library, home and class. candle shift 160 fits more naturally into that routine. the display is comfortable for documents, and the overall shape does not make my bag feel overloaded. battery life has generally covered a substantial study block, though i still carry the charger when i expect to be away all day. the trackpad is responsive, with occasional unwanted movement when my palm rests close to its edge. the computer is not intended as a specialist workstation, so i would choose something stronger for intensive creative or technical workloads. for study, research and note taking, however, its everyday balance has suited me well. it wakes promptly, handles ordinary multitasking without drama and has remained consistent through months of use. candle supplied a 24-month warranty, which adds useful peace of mind. compared with my previous laptop, candle shift 160 has made routine academic work less interrupted and much easier to carry from place to place.",True
CORD000886,CUS00189,2019-02-10,Bakers,"[{""product"":""Vela Halo 137"",""quantity"":2},{""product"":""Vela Halo 281"",""quantity"":1},{""product"":""Candle Orbit 548"",""quantity"":1},{""product"":""Candle Vista 110"",""quantity"":2}]",5939.77,15.39,-37.853871,145.063115,20,4767.21,Summer,False,7.7035,"candle vista 542 was intended for sketching, but the pen response makes creative work frustrating. lines appear late or uneven, and the screen occasionally ignores a short stroke. switching between tools is slow, while the surface becomes awkward to use during longer sessions. it opens drawing files, although that limited function does not make up for the poor control. after repeated attempts to adapt, i regret buying it and cannot recommend this tablet.",False
CORD000887,CUS00152,2019-04-05,Bakers,"[{""product"":""Candle Orbit 674"",""quantity"":1},{""product"":""Candle Vista 110"",""quantity"":2},{""product"":""Vela Halo 137"",""quantity"":1},{""product"":""Vela Nova 753"",""quantity"":2}]",,12.26,-37.831025,145.014766,5,12860.39,Autumn,False,2.9003,"candle shift 268 was installed to connect several shared household devices, but performance becomes poor as soon as the network is busy. one device may stream while another loses access, and a third can remain connected without loading anything. reconnecting requires repeated resets, which is frustrating when people are using the network at the same time. the setup screen gives little explanation for a failure, so troubleshooting becomes guesswork. i moved the unit, changed the wireless channel and reduced the number of devices, but the drops continued. a single phone can browse through it for a while, yet this narrow result does not meet the needs of a shared household. candle shift 268 has created unreliable access and more complaints instead of solving the connection problem.",False
CORD000888,CUS00302,2019-07-07,Nickolson,"[{""product"":""Vela Nova 753"",""quantity"":1},{""product"":""Candle Shift 916"",""quantity"":1},{""product"":""Vela Core 957"",""quantity"":2},{""product"":""Candle Flux 162"",""quantity"":1},{""product"":""Candle Orbit 674"",""quantity"":2}]",8513.73,31.3,-37.857894,144.998477,10,7693.66,Winter,True,5.0545,"vela halo 983 has been frustrating for casual living-room gaming. games appear on screen, but input response becomes delayed and movement sometimes stutters during play. source changes are slow as well, which interrupts short sessions and causes awkward waiting. it displays a game at a basic level, though the poor response makes the experience unreliable. i regret the purchase and cannot recommend it for shared gaming.",False
CORD000889,CUS00261,2019-06-07,Bakers,"[{""product"":""Vela Halo 281"",""quantity"":2},{""product"":""Vela Core 957"",""quantity"":1},{""product"":""Candle Edge 392"",""quantity"":2},{""product"":""Vela Nova 753"",""quantity"":2},{""product"":""Candle Orbit 548"",""quantity"":2}]",11403.81,14.33,-37.854363,145.009513,0,11418.14,Winter,False,5.0903,"candle lumen 1030 has become the shared home-office laptop in our house. it is used for forms, email, document editing, browsing, and video meetings, often by different people on the same day. the transition was smooth because the layout is familiar and the main tasks do not require much technical knowledge. i have been using it for regular administration, moving between several browser pages, documents, and calls. the laptop has stayed responsive during that routine, and the keyboard has remained comfortable when a short task turns into an hour of typing. the display is clear for reading and arranging documents, while the machine is portable enough to move away from the desk when another person needs the room. the video meeting camera works well for ordinary home-office conversations, and the microphone has picked up normal speech without making me lean forward. other members of the household have managed the basic controls without much help. we spent some time creating separate folders and arranging the desktop, but that made the shared use more orderly and was worth doing. the built-in speakers suit voices and light media. they are not the part i would choose for serious music listening, and i keep the charger nearby when several meetings fill the day. those are manageable details rather than reasons for concern. candle lumen 1030 has provided the steady, practical performance we wanted from a shared computer. it has made everyday administration less awkward and has earned a permanent place in our home office.",True
CORD000890,CUS00451,2019-12-29,Thompson,"[{""product"":""Candle Flux 162"",""quantity"":1},{""product"":""Candle Lumen 220"",""quantity"":1},{""product"":""Candle Orbit 674"",""quantity"":1},{""product"":""Vela Halo 137"",""quantity"":1}]",5673.63,10.06,-37.794297,144.923015,5,5400.01,,False,2.9396,"i have been using the candle flux 162 for portable videos, reading, and regular family calls, and it has settled into a useful place in my routine. the screen is pleasant for watching content, the tablet wakes quickly, and moving between a call and another app is generally straightforward. it is light enough to carry from room to room without becoming tiring, while the casing has remained free of obvious wear during daily handling. video calls are acceptable when the surrounding room is quiet, although voices can sound slightly thin and the other person sometimes asks me to repeat myself. the controls are simple, but the on-screen keyboard feels cramped when i am writing anything longer than a short message. i also notice occasional hesitation after several apps have been open for a while, which means i sometimes close everything and start again. battery life covers an ordinary day of mixed use, though extended video playback reduces it more quickly than i expected. the candle flux 162 performs its basic tasks without drama, but it feels more practical than polished.",True
CORD000891,CUS00044,2019-08-25,Thompson,"[{""product"":""Vela Core 957"",""quantity"":1},{""product"":""Candle Edge 932"",""quantity"":1},{""product"":""Candle Edge 392"",""quantity"":2}]",2513.45,17.73,-37.746562,144.886132,0,2531.18,Winter,False,9.0951,"vela wave 841 has handled family communication and casual apps comfortably during my regular use. calls are clear in normal settings, messages arrive promptly, and moving between conversations, maps, and simple apps feels responsive. the screen is bright enough for reading and photos indoors, while the shape remains manageable in one hand for quick replies. i have also used it for video chats with relatives, and the connection has been steady when the network is available. battery life covers my usual day, although frequent video use means i need to charge sooner. the camera is perfectly adequate for family snapshots but does not replace a dedicated camera in difficult light. setup was easy, and the phone has remained pleasant to use after the initial transfer of my information. the casing has handled being carried in a pocket with keys without obvious marks. vela wave 841 is a sensible, dependable smartphone for communication and everyday apps.",True
CORD000892,CUS00108,2019-05-29,Bakers,"[{""product"":""Vela Halo 137"",""quantity"":1},{""product"":""Vela Core 957"",""quantity"":1},{""product"":""Candle Orbit 674"",""quantity"":2}]",1679.48,14.58,-37.887379,145.046616,15,1442.14,Autumn,False,9.7157,"vela ridge 383 has worked nicely for casual gaming in the living room. games launch quickly, the display stays clear from the sofa, and the controls are approachable for people who do not play often. we have used it for both short sessions and relaxed weekends. the speakers are adequate but not especially full, so separate audio would help a larger room. it remains an enjoyable shared entertainment device.",True
CORD000893,CUS00120,2019-07-28,Thompson,"[{""product"":""Vela Core 957"",""quantity"":1},{""product"":""Candle Lumen 220"",""quantity"":2},{""product"":""Candle Orbit 548"",""quantity"":1}]",7586.32,16.27,-37.746306,144.947808,10,6843.96,Winter,False,7.38,"i installed the vela echo 745 to automate opening and closing routines for blinds and curtains in two rooms. the schedules have made morning and evening routines more convenient, and the controls respond well when i use them manually. the unit is unobtrusive, and family members can understand the basic operation after a short explanation. i also like being able to adjust a routine without physically reaching each window. setup was not entirely effortless. getting the timing right required several attempts, and the application does not always make it obvious whether a change has been saved. on one occasion a curtain stopped partway, so i now check the movement when changing a routine. the system has continued working after that adjustment, but i would prefer clearer feedback and more consistent motion. the vela echo 745 is a useful home automation aid for predictable schedules, though it still needs occasional supervision. it improves convenience without making the whole process feel completely automatic.",True
CORD000894,CUS00235,2019-03-12,Thompson,"[{""product"":""Candle Orbit 674"",""quantity"":1},{""product"":""Candle Vista 110"",""quantity"":1}]",2140.65,7.43,-37.807685,144.947722,0,2148.08,Autumn,False,0.5576,"vela echo 349 was intended to keep a phone upright during calls in a shared workspace, and it has done that without making the desk feel crowded. i used to balance my device against stationery or a cup, which worked only until someone moved an item. this support gives the phone a predictable place, so i can see incoming messages and join a call while keeping both hands available for notes. the adjustable position has been the most valuable part. i can set the screen toward myself during private work, then turn it slightly when a colleague needs to view a document. the base stays in place on the desk, and the support has held my phone securely during typing and charging. it has also reduced the awkward cable bends that happened when the phone was lying flat near the edge. over time, several people have used the accessory, and nobody has needed much instruction. the adjustment points remain firm, while changes are still possible without excessive force. i have moved it between two desks when needed, and the compact shape makes that simple. the finish has stayed presentable, although dust is visible on the darker surfaces and needs an occasional wipe. it can take a moment to find the right angle with a thicker case, and a very heavy device makes the support feel less balanced. those are minor constraints rather than serious defects. vela echo 349 has brought order to a messy part of the shared workspace and has made calls and reference tasks more comfortable. i am glad to have a simple accessory that continues to be useful every day.",True
CORD000895,CUS00244,2019-09-21,Thompson,"[{""product"":""Candle Lumen 220"",""quantity"":1},{""product"":""Candle Orbit 548"",""quantity"":2},{""product"":""Candle Orbit 674"",""quantity"":1},{""product"":""Vela Halo 137"",""quantity"":1}]",5125.48,11.47,-37.821878,144.886235,10,4624.4,Spring,False,5.4408,"candle vista 128 has made our home connection feel more consistent than the basic network equipment it replaced. i bought it mainly for video meetings and media streaming, so i paid attention to the moments when several people were online. in those situations, calls have stayed usable while someone else watches a programme, and the connection has not needed constant attention. the setup was straightforward for my household. once connected, the controls were easier to understand than those on the previous unit, especially when checking which devices were active. i have used it for work calls, evening streaming and ordinary browsing over nineteen days. the improvement is most noticeable in the reduced need to restart or rearrange things. it is not completely invisible. the indicator lights are brighter than i expected, and i needed to spend a little time choosing a suitable position near the desk. those points are minor compared with the steadier routine. the unit itself feels solid and has stayed in place, even when cables are moved around the back. compared with my old network device, candle vista 128 gives me fewer awkward interruptions and more confidence before a meeting begins. i cannot judge every advanced networking function, but the tasks i bought it for have been handled well. for a home with calls and streaming happening together, it has been a useful and sensible upgrade.",True
CORD000896,CUS00369,2019-02-24,Bakers,"[{""product"":""Candle Orbit 548"",""quantity"":1}]",256.07,9,-37.804281,145.00978,0,265.07,Summer,False,1.4273,"candle orbit 944 has covered music and spoken audio during long evenings at home. the sound is pleasant at moderate volume, and the connection remains steady around the room. after extended listening the fit becomes noticeable, while the buttons can be difficult to distinguish by touch. it is a reasonable choice for relaxed use, with comfort depending on the listener.",True
CORD000897,CUS00292,2019-04-02,Bakers,"[{""product"":""Vela Halo 137"",""quantity"":1},{""product"":""Vela Halo 281"",""quantity"":1},{""product"":""Candle Orbit 674"",""quantity"":1}]",1614.69,12.26,-37.784491,145.064913,0,1626.95,Autumn,,6.7474,"the candle shift 178 has been part of our home network long enough to show how it behaves beyond the first installation. i connected it for video meetings and media streaming, then left it running through busy evenings when several people were online. the initial setup was clear, and the connection has stayed steady while calls, films, and ordinary browsing share the network. meetings begin promptly, voices remain in sync, and streaming resumes quickly after a pause. that consistency has made the device fade into the background, which is exactly what i wanted from it. i also appreciate the practical design. the status information is easy to understand, and restarting the unit does not turn into a long troubleshooting session. during heavier use it becomes warm, though not alarmingly so, and the indicator light is brighter than necessary in a dark room. neither issue has affected our routine. the candle shift 178 has given us a calm, reliable experience for work and entertainment, with enough flexibility for the whole household. after using it regularly, i consider it a strong and worthwhile addition to our network.",True
CORD000898,CUS00338,2019-05-26,Thompson,"[{""product"":""Candle Flux 162"",""quantity"":1},{""product"":""Vela Nova 753"",""quantity"":2},{""product"":""Vela Halo 281"",""quantity"":1}]",10398.25,22.42,-37.800004,144.884614,25,7821.11,Autumn,True,5.6649,"the candle shift 952 has been my tablet for reading, annotation, and handwritten notes, and its usefulness depends on how much i value having those activities together. long documents are easier to carry than printed folders, and i can mark a passage without changing rooms to find a pen. compared with reading on a phone, the candle shift 952 gives the page enough space for comfortable review. compared with paper, it keeps annotations attached to the document and avoids a growing pile of loose sheets. handwritten notes feel more natural after some practice, although the surface does not exactly reproduce paper. my first pages looked less controlled because the pen movement was unfamiliar, but i adjusted the pressure and spacing over time. the device responds well enough for meeting notes and short comments. for dense diagrams or fast writing, i sometimes slow down because the digital line does not always appear with the same immediacy as ink. typed notes are possible, but the on-screen keyboard takes attention away from the reading task. this makes the candle shift 952 more appealing as an annotation tool than as a general writing tablet. compared with a conventional tablet, it feels designed around documents rather than entertainment. that focus is helpful when i want to avoid distractions, but it also means i miss the flexibility of a broader app environment. page changes are reasonable for study, while opening several references side by side is less convenient than on a laptop. the body is light enough for daily carrying, and the screen remains legible in the conditions where i usually read. i would choose it for someone who handles papers, marks passages, and writes moderate notes by hand. someone expecting instant paper imitation, rapid diagramming, or a complete desktop replacement may find the narrow purpose frustrating.",True
CORD000899,CUS00118,2019-04-03,Bakers,"[{""product"":""Vela Halo 281"",""quantity"":1}]",530.74,11.24,-37.77972,145.043794,20,435.83,Autumn,False,5.4352,"vela atlas 1043 has been useful for presentations and viewing family photos. images remain clear when people sit at different angles, and switching between slides or pictures feels quick. its compact shape makes it easy to move from the study to the dining room. the built-in sound suits small groups but is not powerful enough for a large gathering. for everyday sharing, it has stayed responsive and enjoyable.",True
CORD000900,CUS00204,2019-08-29,Bakers,"[{""product"":""Candle Orbit 674"",""quantity"":1}]",324.06,10.56,-37.815622,144.997559,5,318.42,Winter,False,0.6581,"i used vela ridge 131 for travel planning, maps, messages and media during three weeks of regular use. the screen is pleasant for reading directions and watching short videos, and switching between a map and a booking page has been straightforward. the phone connected reliably in the places i visited, although i did not test it in remote areas. compared with my previous handset, it feels quicker for ordinary navigation and more comfortable for viewing, but it is also slightly awkward to operate one-handed. the camera is sufficient for casual travel pictures, while the storage and general interface have not caused problems during this period. battery performance is mixed: light use lasts comfortably, but navigation, video and a bright display reduce the remaining charge noticeably. i found myself carrying a charger on longer outings, something i did less often with another phone i have used. charging itself has been uncomplicated, and the device did not become uncomfortably warm during my normal sessions. the casing has survived being moved in and out of a crowded bag without visible damage. the controls are placed sensibly, though the finish attracts fingerprints. vela ridge 131 gives a solid travel experience for maps and media, and it is a clear step above my older handset in responsiveness. its one-handed feel and demanding-use battery are ordinary rather than outstanding, so the phone suits moderate travellers better than people seeking maximum endurance.",True
CORD000901,CUS00448,2019-04-18,,"[{""product"":""Candle Edge 392"",""quantity"":2},{""product"":""Candle Edge 932"",""quantity"":1},{""product"":""Candle Orbit 548"",""quantity"":1},{""product"":""Candle Vista 110"",""quantity"":1}]",4314.64,13.31,-37.740383,144.957253,10,3896.49,Autumn,False,8.088,"i bought vela nova 699 for a shared office where i often need my phone visible during calls and while following messages. the stand has made that arrangement much less awkward. it holds the device securely, leaves the screen at a useful angle, and keeps the phone from disappearing under notebooks or cables. i have moved it between two desks several times, and the base has remained steady on both surfaces. after more than a month of daily use, the adjustment points still feel firm without being difficult to reposition. i can glance at notifications, join a meeting, or keep a reference page open while working on my computer. it is not especially small when packed away, and the angle range is not unlimited, but those are minor compromises for a hands-free support that has become part of my normal workspace. vela nova 699 feels thoughtfully made and has performed consistently.",True
CORD000902,CUS00164,2019-04-02,Thompson,"[{""product"":""Candle Orbit 548"",""quantity"":1},{""product"":""Candle Vista 110"",""quantity"":3}]",5705.84,11.9,-37.844462,144.887998,5,5432.45,Autumn,False,6.2778,"the candle arc 348 has helped remove a weak coverage spot between my study and the back rooms. i placed it where the existing signal was still usable, and devices farther away now connect with much less interruption. video calls in the study have stayed steadier, while phones and tablets can move around the house without needing constant manual attention. the setup instructions were clear enough for me to complete the process without outside help. i have also moved the unit once to find a better position, and reconnecting it was uncomplicated. the indicator light is brighter than i would prefer at night, so i covered it rather than changing my room arrangement. performance naturally depends on placement and the surrounding walls, but within my home it has made a noticeable difference. the candle arc 348 is a practical way to extend coverage between rooms without making network management feel complicated.",True
CORD000903,CUS00397,2019-12-27,Thompson,"[{""product"":""Vela Halo 281"",""quantity"":2},{""product"":""Candle Orbit 674"",""quantity"":1},{""product"":""Candle Vista 110"",""quantity"":1}]",3202.13,,-37.864687,144.931756,15,2735.97,Summer,False,5.938,"i bought the vela spark 783 after using a small television for casual living-room games, expecting the display to make that setup less awkward. the comparison was disappointing from the first evening. the screen shows an image and the built-in controls respond, but motion becomes smeared during quick scenes and small text is difficult to read from the sofa. my older television looks less modern, yet its picture stays steadier when a game becomes busy. the spark 783 therefore creates more visual irritation than improvement. the stand is another weak point. it sits on a level cabinet, although its shape leaves little room for arranging a console and cables. reaching the rear connections is awkward, and the supplied controls feel cramped when i need to change an input. after several sessions, i found myself leaning forward to check whether a command had registered. the display also takes an irritating pause when switching between sources, which makes short play sessions feel unnecessarily drawn out. i compared it with a plain monitor borrowed from another room. that monitor lacks the living-room features, but it also has an uninspiring picture and no convenient source handling. the vela unit takes less cabinet space, yet that limited advantage cannot excuse the unstable-looking motion and clumsy handling. i have not tested the warranty service, and i would rather not depend on a repair process for a problem present in ordinary use. for casual gaming, the vela spark 783 is a frustrating compromise that i regret choosing and cannot recommend.",False
CORD000904,CUS00040,2019-05-01,Nickolson,"[{""product"":""Vela Nova 753"",""quantity"":1},{""product"":""Candle Flux 162"",""quantity"":1},{""product"":""Candle Orbit 548"",""quantity"":1}]",5719.97,11.11,-37.822065,144.985179,0,5731.08,Autumn,False,1.4259,"i bought candle arc 942 for drawing and lightweight creative work, then compared it with a simpler tablet used by a family member. the larger set of creative controls has not helped because the pen response is inconsistent. lines sometimes appear a fraction behind the movement, and light strokes disappear when the hand moves quickly. the simpler tablet has fewer drawing options but produces steadier marks, which matters more than a crowded menu. candle arc 942 also struggles when a canvas contains several layers; rotating or zooming can freeze briefly, and returning to the drawing may show an older position. i have tried different brushes, reduced the canvas size, and restarted the device during several weeks of sketches. the delays remain. the screen surface attracts fingerprints and reflections, making fine work tiring near a window. the pen itself functions, but its tip feels loose and the pressure changes are difficult to control. for notes or a small rough sketch, the tablet is usable. for regular creative work, the uneven response and sluggish handling become a constant source of frustration. compared with a plain drawing tablet, candle arc 942 offers extra settings without delivering reliable control. files can be opened and saved, yet the basic operations do not excuse the poor drawing experience. i would not choose it for serious sketching and cannot recommend it to anyone expecting precise, steady work.",False
CORD000905,CUS00303,2019-08-26,Thompson,"[{""product"":""Candle Shift 916"",""quantity"":1}]",1858.77,14.68,-37.829862,144.888286,20,1501.7,Winter,False,5.5057,"i used the candle vista 326 for evening competitive games and regular voice conversations with friends. the headset sits securely without becoming painful during a short session, and directional sounds are reasonably easy to distinguish. the controls are reachable while playing, so changing the volume does not require leaving the game. voice communication has been less consistent. teammates sometimes ask me to repeat myself, and the microphone position needs careful adjustment to avoid a muffled sound. after longer sessions the ear cushions feel warm. the headset does its basic job and gives useful positional detail, but the uneven microphone performance matters when communication affects play. i consider it suitable for casual competition rather than a fully dependable choice.",True
CORD000906,CUS00490,2019-07-14,Bakers,"[{""product"":""Vela Core 957"",""quantity"":1},{""product"":""Candle Shift 916"",""quantity"":1}]",2130.24,10.88,-37.802938,144.98759,25,1608.56,Winter,False,1.0328,"i have used candle bloom 622 for field forms and client presentations, and it has become more useful than the general tablet i kept for occasional browsing. forms are readable outdoors in ordinary conditions, switching between pages is smooth, and the size makes it easier to carry from one appointment to the next. during presentations, the screen gives a clear view to a small group without requiring everyone to crowd around a laptop. the comparison with my older tablet is most noticeable during preparation. i can review a form, make a correction, and bring up the presentation without losing track of where i was. the casing feels suitable for regular travel between meetings, and the device has remained responsive after repeated handling. it is not as spacious as a full notebook for typing long notes, so i would not choose it for extended document writing. for short entries and visual material, however, that tradeoff is reasonable. over time, candle bloom 622 has made client visits feel more organised. the previous tablet was adequate for showing slides but less comfortable when a form also needed attention. this one handles both parts of the routine with fewer interruptions. its focused design does not offer every feature of a larger computer, yet it provides the portability and presentation clarity i wanted. i consider it a dependable choice for mobile forms and face-to-face demonstrations.",True
CORD000907,CUS00484,2019-01-05,Thompson,"[{""product"":""Candle Edge 392"",""quantity"":1},{""product"":""Candle Edge 932"",""quantity"":3},{""product"":""Candle Orbit 674"",""quantity"":1},{""product"":""Candle Flux 162"",""quantity"":1}]",6231.54,13.79,-37.73972,144.928524,5,5933.75,Summer,False,8.2741,"candle arc 690 has served me well for travel-based work, presentations, and quick document changes. it is easy to carry, starts promptly, and gives presentations a clear enough display for small groups. the keyboard is comfortable for shorter writing sessions, and ordinary multitasking remains smooth. i need a charger for particularly long working days, but that is expected with a portable computer. it has made travelling with work much simpler and more manageable.",True
CORD000908,CUS00303,2019-02-23,Thompson,"[{""product"":""Candle Lumen 220"",""quantity"":1},{""product"":""Vela Halo 137"",""quantity"":3},{""product"":""Candle Edge 392"",""quantity"":1},{""product"":""Candle Flux 162"",""quantity"":1},{""product"":""Vela Halo 281"",""quantity"":1}]",7775.84,11.85,-37.829862,144.888286,5,7398.9,Summer,False,5.5057,"i used the candle vista 326 for evening competitive games and regular voice conversations with friends. the headset sits securely without becoming painful during a short session, and directional sounds are reasonably easy to distinguish. the controls are reachable while playing, so changing the volume does not require leaving the game. voice communication has been less consistent. teammates sometimes ask me to repeat myself, and the microphone position needs careful adjustment to avoid a muffled sound. after longer sessions the ear cushions feel warm. the headset does its basic job and gives useful positional detail, but the uneven microphone performance matters when communication affects play. i consider it suitable for casual competition rather than a fully dependable choice.",True
CORD000909,CUS00118,2019-05-04,Bakers,"[{""product"":""Candle Orbit 674"",""quantity"":1},{""product"":""Vela Halo 281"",""quantity"":1},{""product"":""Candle Edge 392"",""quantity"":1}]",1230.55,11.24,-37.77972,145.043794,20,995.68,Autumn,False,5.4352,"vela atlas 1043 has been useful for presentations and viewing family photos. images remain clear when people sit at different angles, and switching between slides or pictures feels quick. its compact shape makes it easy to move from the study to the dining room. the built-in sound suits small groups but is not powerful enough for a large gathering. for everyday sharing, it has stayed responsive and enjoyable.",True
CORD000910,CUS00271,2019-07-29,Thompson,"[{""product"":""Vela Nova 753"",""quantity"":1},{""product"":""Candle Edge 392"",""quantity"":1}]",4779.36,17.23,-37.883581,144.910654,0,4796.59,Winter,False,8.5082,"i spent four weeks comparing the candle shift 592 with an older tablet while using both for sketching, light editing, reading references, and carrying ideas between rooms. the candle shift 592 feels more natural for this kind of creative work. the drawing surface responds predictably, and i can make short marks, adjust a composition, or review a page without waiting through the pauses that interrupted my previous workflow. it is also pleasant to use for reading when i am not drawing. the comparison was not completely one-sided. my older tablet had a slightly familiar layout, and i still reach for it when opening a project stored in an older format. once i am working, however, the candle shift 592 is easier to settle into. the size gives me room for a sketch without making the device awkward to carry, and the controls are close enough that i do not spend the whole session searching through menus. after a long drawing period the surface can feel warm, but it has remained comfortable for normal use. i would not choose this as the sole machine for demanding professional production. for lightweight creative work, quick drawings, and visual notes, it is a strong fit. the candle shift 592 has made me more willing to capture ideas immediately instead of waiting until i return to a desk. compared with my previous tablet, it offers a smoother and more focused experience, and i am very happy with the purchase.",True
CORD000911,CUS00336,2019-05-30,Thompson,"[{""product"":""Candle Orbit 674"",""quantity"":1}]",324.06,11.88,-37.842022,144.886274,20,271.13,Autumn,False,6.2579,"vela spark 333 has made casual living-room gaming more inviting than the older display in our house. the picture is bright enough for daytime play, and the controls feel responsive when several people take turns. i compared it with a larger screen that gives a more dramatic view, but vela spark 333 fits our room more naturally and is easier to see from the usual seating positions. the built-in functions are simple to reach, so changing between a game and ordinary viewing does not involve a long sequence of menus. it has also worked well for short family sessions where people are chatting, moving around, and not sitting directly in front of the screen. the sound is suitable for that relaxed setting, although anyone wanting a cinema-style result may still add separate equipment. i have found the display pleasant for everyday use rather than something that demands a dedicated entertainment area. its frame has remained stable on the stand, and the finish has not collected the smudges as readily as the screen we had before. a more expensive display may offer deeper adjustment and a larger image, but those advantages would matter less in our room than the convenient size and uncomplicated operation here. vela spark 333 has encouraged us to play together more often, which was the point of replacing the old unit. it provides a cheerful, capable experience and feels like a sensible match for casual gaming.",
CORD000912,CUS00039,2019-06-03,Bakers,"[{""product"":""Vela Core 957"",""quantity"":1},{""product"":""Vela Halo 281"",""quantity"":1},{""product"":""Candle Orbit 548"",""quantity"":1}]",1058.28,14.48,-37.846412,145.0336,5,1019.85,Winter,False,5.268,"the vela atlas 539 has been in my laptop bag for a month, and i use it when several devices need to connect through one compact adapter. its small size is the strongest advantage because it takes very little space and is easy to carry between home and work. in ordinary use it has allowed me to connect the accessories i need without unpacking a larger collection of separate pieces. the experience varies depending on how many connections are involved. with a light load, everything is simple and the adapter is convenient. when several devices are attached together, the cables crowd one another and moving the laptop becomes awkward. i have also had to pause briefly before a newly connected device was recognised. that has not happened every time, but it makes me check the connection rather than assuming it is ready. the casing has handled daily packing without visible damage, which is reassuring. i see the vela atlas 539 as a practical travel accessory for moderate use, not an answer to every connection problem. it saves space and generally performs its basic role, while crowded ports and occasional recognition delays limit the convenience.",True
CORD000913,CUS00397,2019-10-21,Thompson,"[{""product"":""Candle Shift 916"",""quantity"":1},{""product"":""Candle Lumen 220"",""quantity"":1},{""product"":""Candle Vista 110"",""quantity"":1}]",7204.75,14.33,-37.864687,144.931756,20,5778.13,Spring,False,5.938,"i bought the vela spark 783 after using a small television for casual living-room games, expecting the display to make that setup less awkward. the comparison was disappointing from the first evening. the screen shows an image and the built-in controls respond, but motion becomes smeared during quick scenes and small text is difficult to read from the sofa. my older television looks less modern, yet its picture stays steadier when a game becomes busy. the spark 783 therefore creates more visual irritation than improvement. the stand is another weak point. it sits on a level cabinet, although its shape leaves little room for arranging a console and cables. reaching the rear connections is awkward, and the supplied controls feel cramped when i need to change an input. after several sessions, i found myself leaning forward to check whether a command had registered. the display also takes an irritating pause when switching between sources, which makes short play sessions feel unnecessarily drawn out. i compared it with a plain monitor borrowed from another room. that monitor lacks the living-room features, but it also has an uninspiring picture and no convenient source handling. the vela unit takes less cabinet space, yet that limited advantage cannot excuse the unstable-looking motion and clumsy handling. i have not tested the warranty service, and i would rather not depend on a repair process for a problem present in ordinary use. for casual gaming, the vela spark 783 is a frustrating compromise that i regret choosing and cannot recommend.",False
CORD000914,CUS00427,2019-03-28,Thompson,"[{""product"":""Vela Core 957"",""quantity"":1},{""product"":""Candle Flux 162"",""quantity"":1}]",1331.76,21.97,-37.768021,144.934374,20,1087.38,Autumn,True,5.0889,"candle lumen 382 has worked well as a shared tablet for family learning and browsing. different people can pick it up for reading, looking up information, or completing a short learning activity without a lengthy setup each time. the screen is comfortable for ordinary text, and the interface is simple enough for younger and older users to understand after a little guidance. it handles several open pages adequately, although i would choose a laptop for heavier work or extensive typing. the casing has remained secure through frequent movement around the house, and the battery lasts comfortably through our usual sessions. i have also found it useful for displaying instructions while somebody works on a project nearby. candle lumen 382 has earned a permanent place in our shared space because it supports a variety of small tasks without creating extra complexity. it is a practical, approachable family tablet.",True
CORD000915,CUS00326,2019-10-31,Thompson,"[{""product"":""Candle Orbit 548"",""quantity"":1},{""product"":""Candle Vista 110"",""quantity"":1},{""product"":""Candle Flux 162"",""quantity"":1},{""product"":""Vela Halo 281"",""quantity"":2}]",4194.43,11.64,-37.85622,144.913445,10,3786.63,Spring,False,5.6715,"candle flux 864 has become my usual listening choice during long stretches of desk work. pairing was uncomplicated, and after that first connection it returned to my device without repeated searching or confusing menus. music has enough detail for background listening, with voices and ordinary instruments remaining distinct rather than turning into a blurred wall of sound. i also use it for podcasts, where spoken words stay understandable at a moderate level. the controls are easy to reach while i am working, although the smaller buttons require a little care when i am not looking at them. during several extended sessions i did not feel pressured to keep adjusting its position, which is a sign that the fit suits me. it is less impressive in a noisy room and does not replace a larger audio setup, but those are reasonable limitations for focused desk use. candle flux 864 has delivered a consistent, enjoyable listening experience and has removed one more distraction from my work routine.",True
CORD000916,CUS00271,2019-02-13,Thompson,"[{""product"":""Candle Edge 392"",""quantity"":1},{""product"":""Vela Core 957"",""quantity"":1},{""product"":""Candle Shift 916"",""quantity"":3},{""product"":""Candle Orbit 548"",""quantity"":1},{""product"":""Vela Halo 281"",""quantity"":1}]",7010.34,13.96,-37.883581,144.910654,0,7024.3,Summer,False,8.5082,"i spent four weeks comparing the candle shift 592 with an older tablet while using both for sketching, light editing, reading references, and carrying ideas between rooms. the candle shift 592 feels more natural for this kind of creative work. the drawing surface responds predictably, and i can make short marks, adjust a composition, or review a page without waiting through the pauses that interrupted my previous workflow. it is also pleasant to use for reading when i am not drawing. the comparison was not completely one-sided. my older tablet had a slightly familiar layout, and i still reach for it when opening a project stored in an older format. once i am working, however, the candle shift 592 is easier to settle into. the size gives me room for a sketch without making the device awkward to carry, and the controls are close enough that i do not spend the whole session searching through menus. after a long drawing period the surface can feel warm, but it has remained comfortable for normal use. i would not choose this as the sole machine for demanding professional production. for lightweight creative work, quick drawings, and visual notes, it is a strong fit. the candle shift 592 has made me more willing to capture ideas immediately instead of waiting until i return to a desk. compared with my previous tablet, it offers a smoother and more focused experience, and i am very happy with the purchase.",True
CORD000917,CUS00269,2019-02-21,Nickolson,"[{""product"":""Candle Orbit 548"",""quantity"":1},{""product"":""Vela Halo 281"",""quantity"":1},{""product"":""Candle Flux 162"",""quantity"":1}]",1847.1,13.98,-37.86824,144.984799,10,1676.37,Summer,False,5.6803,"we used vela nova 573 for family media streaming and compared it with the older display in the living room. the screen shows programmes and the basic streaming applications open, but shared use is frustrating. menus respond slowly after the device has been running for a while, and switching profiles often leaves the previous selection visible. more than once, someone started a programme only to find that the stream had paused or returned to an earlier point. the remote makes the situation worse. its buttons are difficult to distinguish in low light, and commands sometimes arrive several seconds late. children repeatedly pressed the button because nothing happened, then the display reacted to all the commands at once. sound is sufficient for ordinary dialogue, yet it becomes weak during music and action scenes. the older display is less ambitious but reacts more consistently, so it causes fewer interruptions during a shared evening. vela nova 573 also lost its network connection on several occasions and needed a restart before streaming resumed. the picture itself remained visible once a programme was playing, but that limited success does not solve the unreliable start-up and awkward navigation. a family device should reduce disputes, not create them. the warranty may provide a route for a fault report, although i have little interest in spending more time diagnosing a product that performs worse than the simpler display it replaced. i would avoid this model.",False
CORD000918,CUS00375,2019-06-28,Thompson,"[{""product"":""Candle Lumen 220"",""quantity"":1},{""product"":""Vela Core 957"",""quantity"":2},{""product"":""Vela Nova 753"",""quantity"":1}]",8475.94,13.6,-37.792883,144.905909,0,8489.54,Winter,False,4.2331,"i have used vela core 471 for work calls, messages, and calendar management, and it has handled those duties confidently. calls connect promptly, voices remain understandable, and calendar alerts appear at the times i expect. moving from an appointment to an email or message is smooth enough for a busy morning. the phone stays comfortable to hold during longer conversations, though the surface shows fingerprints quickly. battery capacity has been sufficient for a full working day. for communication and scheduling, vela core 471 has been a dependable companion.",True
CORD000919,CUS00205,2019-06-05,Bakers,"[{""product"":""Vela Nova 753"",""quantity"":2},{""product"":""Candle Edge 932"",""quantity"":1}]",10297.7,16.27,-37.860653,145.049383,0,10313.97,Winter,False,7.3718,"before using candle flux 1098, the connection in our back room was noticeably weaker than in the main living area. after placing it between the rooms, coverage became much more consistent for browsing, calls and ordinary streaming. setup was clear enough that i did not need specialist knowledge, and the indicator made it easier to find a sensible position. several household devices now remain connected while people move around, with fewer pauses than we had before. the unit has also remained stable over weeks of use rather than requiring frequent restarts. its shape is not especially discreet on a shelf, and the first placement took some experimenting, but those are small concerns. candle flux 1098 has improved the practical reach of our home network and has been a dependable solution for the troublesome area.",True
CORD000920,CUS00156,2019-03-13,Bakers,"[{""product"":""Vela Halo 281"",""quantity"":2},{""product"":""Candle Lumen 220"",""quantity"":1},{""product"":""Candle Orbit 674"",""quantity"":2}]",5238.99,12.1,-37.784016,145.061998,0,5251.09,Autumn,False,6.5391,"the vela halo 641 became my main phone for family messages, calls, maps, and the casual applications i use during the day. moving across was uncomplicated, and within a short time i had the contacts and accounts i needed in place. messages arrive promptly, calls have been clear in the places where i normally use them, and the screen is comfortable for reading a long conversation or checking directions. it handles ordinary communication without demanding much attention. the phone is less convincing when i ask it to do several things at once. switching between a video, a message thread, and another application can produce a short pause, and i have seen the interface hesitate after a busy stretch. that does not stop basic use, but it interrupts the flow. the camera is adequate for quick family pictures in daylight; indoors, results look less consistent and i often need to take a second photograph. battery life has been acceptable for my routine, though a long day away from a charger requires some planning. i have kept the vela halo 641 because it is familiar and dependable enough for the tasks that matter most to me. it is easy to recommend as an uncomplicated family communication device, but i would not describe it as especially exciting or powerful. the balance is quite even: pleasant screen and clear calls on one side, modest performance and average photography on the other. it has earned a place in my daily routine, although i still notice its limits whenever my usage becomes more demanding.",True
CORD000921,CUS00174,2019-07-07,Bakers,"[{""product"":""Candle Orbit 548"",""quantity"":1},{""product"":""Vela Halo 281"",""quantity"":1},{""product"":""Candle Flux 162"",""quantity"":1}]",1847.1,12.46,-37.790795,144.972984,0,1859.56,Winter,False,2.8947,"for several weeks, the vela wave 985 has watched the main entry and a frequently used window in my home. installation took little time because the pieces are light and placement is flexible. alerts arrive promptly when a door opens or the window moves, and the wording identifies the activated point. i have tested it at different times and from different phones in the household, with the same basic result. i can check the activity history after returning home and see whether an opening event occurred. the unit blends into the frame and has not shifted despite repeated use. i did spend time adjusting alert preferences because the first setting produced more messages than i wanted, but that was easy to correct. it has not sent unexplained warnings during normal use. the vela wave 985 performs its focused job neatly, and the 12-month warranty adds confidence. for straightforward door and window activity alerts, it has been a worthwhile addition.",True
CORD000922,CUS00170,2019-04-22,Thompson,"[{""product"":""Candle Flux 162"",""quantity"":1},{""product"":""Vela Core 957"",""quantity"":1},{""product"":""Vela Halo 137"",""quantity"":1}]",2091.65,8.49,-37.802536,144.929492,0,2100.14,Autumn,False,1.9118,"i have worn the vela halo 677 during exercise sessions to review a simple summary afterward. the information gives me a convenient reminder of how long i was active and how each session compared with the previous one. i like being able to glance at the result without carrying a phone during the activity. the device is light enough for ordinary movement, and the display has remained readable when i check it after finishing. compared with recording sessions manually, the vela halo 677 saves effort and makes patterns easier to notice over several weeks. compared with keeping detailed training notes, it provides less context about how the session actually felt or what i was trying to achieve. the summaries are therefore useful prompts rather than a complete account. i have found the fit acceptable for routine exercise, although the band can become more noticeable when i am moving vigorously or adjusting equipment. that is a personal comfort issue rather than a serious obstacle. the device has continued to record ordinary sessions, but i do not treat every figure as a precise measurement. a summary can describe activity without explaining fatigue, terrain or changes in routine, so my own judgement still matters. battery management is straightforward, though i have learned to charge it before a particularly busy week. overall, the vela halo 677 sits between a basic activity reminder and a detailed training instrument. it makes review more convenient while leaving enough uncertainty that i would not use it as my only source of information.",True
CORD000923,CUS00271,2019-04-21,Thompson,"[{""product"":""Candle Flux 162"",""quantity"":1},{""product"":""Vela Halo 281"",""quantity"":1},{""product"":""Vela Halo 137"",""quantity"":1}]",2350.92,24.64,-37.883581,144.910654,0,2375.56,Autumn,True,8.5082,"i spent four weeks comparing the candle shift 592 with an older tablet while using both for sketching, light editing, reading references, and carrying ideas between rooms. the candle shift 592 feels more natural for this kind of creative work. the drawing surface responds predictably, and i can make short marks, adjust a composition, or review a page without waiting through the pauses that interrupted my previous workflow. it is also pleasant to use for reading when i am not drawing. the comparison was not completely one-sided. my older tablet had a slightly familiar layout, and i still reach for it when opening a project stored in an older format. once i am working, however, the candle shift 592 is easier to settle into. the size gives me room for a sketch without making the device awkward to carry, and the controls are close enough that i do not spend the whole session searching through menus. after a long drawing period the surface can feel warm, but it has remained comfortable for normal use. i would not choose this as the sole machine for demanding professional production. for lightweight creative work, quick drawings, and visual notes, it is a strong fit. the candle shift 592 has made me more willing to capture ideas immediately instead of waiting until i return to a desk. compared with my previous tablet, it offers a smoother and more focused experience, and i am very happy with the purchase.",True
CORD000924,CUS00009,2019-04-03,Thompson,"[{""product"":""Vela Halo 281"",""quantity"":1},{""product"":""Candle Flux 162"",""quantity"":2},{""product"":""Candle Orbit 548"",""quantity"":1}]",2907.39,10.22,-37.775597,144.946417,10,2626.87,Autumn,False,4.1231,"vela halo 1073 has become the screen we use most often for family media during the past twenty-six days. the main advantage over watching separately on phones or a small display is that everyone can see the same programme without crowding together. the viewing area works well for ordinary evenings, and switching from one family member's choice to another has been simple enough to avoid arguments about complicated controls. it has made shared viewing feel more natural. compared with a dedicated cinema-style setup, this is less ambitious and easier to live with. it does not require the room to be arranged around it, and it remains useful for shorter viewing sessions rather than only planned film nights. vela halo 1073 has also worked for showing photos and occasional clips, so it earns its space through several ordinary uses. a phone is more private, but it is not a satisfying solution when the point is to watch together. the limitations are mostly about expectations. someone seeking a highly specialised entertainment system may want more elaborate controls and a larger presentation. for our household, the straightforward experience has been more valuable than those extras. the display has stayed stable, the controls are accessible, and the warranty provides reassurance. it compares favourably with both small personal screens and more demanding home setups because it supports shared media without turning it into a project.",True
CORD000925,CUS00156,2019-04-26,Bakers,"[{""product"":""Candle Orbit 548"",""quantity"":1},{""product"":""Vela Halo 281"",""quantity"":1},{""product"":""Candle Shift 916"",""quantity"":1}]",2645.58,12.1,-37.784016,145.061998,20,2128.56,Autumn,False,,"the vela halo 641 became my main phone for family messages, calls, maps, and the casual applications i use during the day. moving across was uncomplicated, and within a short time i had the contacts and accounts i needed in place. messages arrive promptly, calls have been clear in the places where i normally use them, and the screen is comfortable for reading a long conversation or checking directions. it handles ordinary communication without demanding much attention. the phone is less convincing when i ask it to do several things at once. switching between a video, a message thread, and another application can produce a short pause, and i have seen the interface hesitate after a busy stretch. that does not stop basic use, but it interrupts the flow. the camera is adequate for quick family pictures in daylight; indoors, results look less consistent and i often need to take a second photograph. battery life has been acceptable for my routine, though a long day away from a charger requires some planning. i have kept the vela halo 641 because it is familiar and dependable enough for the tasks that matter most to me. it is easy to recommend as an uncomplicated family communication device, but i would not describe it as especially exciting or powerful. the balance is quite even: pleasant screen and clear calls on one side, modest performance and average photography on the other. it has earned a place in my daily routine, although i still notice its limits whenever my usage becomes more demanding.",True
CORD000926,CUS00410,2019-11-09,Bakers,"[{""product"":""Vela Halo 281"",""quantity"":1},{""product"":""Candle Orbit 674"",""quantity"":1},{""product"":""Candle Lumen 220"",""quantity"":2},{""product"":""Candle Vista 110"",""quantity"":1},{""product"":""Candle Orbit 548"",""quantity"":1}]",9986.24,15.74,-37.739436,145.000473,20,8004.73,Spring,False,7.8594,"i used candle edge 1040 for travel-based work and presentations, then compared it with a heavier laptop that had been dependable for the same tasks. the older machine was inconvenient to carry, but it opened documents without long pauses and handled a presentation while several browser tabs were running. candle edge 1040 was lighter in the bag yet more difficult to trust. resuming from sleep sometimes left the screen dark, and i had to close and reopen the lid before work could continue. the keyboard feels cramped during long typing sessions, with several keys requiring an awkward reach. the trackpad also registered unintended touches while i was writing, which caused missed words and accidental selections. during a presentation, switching between slides and notes produced delays that were not present on the older laptop. these interruptions were embarrassing in front of other people and made preparation more stressful than the reduced weight justified. battery use was another poor comparison. short sessions away from a power outlet were manageable, but longer travel days required constant attention to the remaining charge. the casing picked up marks quickly, and the hinge developed a loose feel after ordinary opening and closing. candle support recommended updates and a restart, but the sleep and presentation problems returned. candle edge 1040 performs basic office tasks, yet its awkward keyboard, unreliable resume behavior, and weak travel endurance leave it behind a less portable but far less frustrating alternative.",False
CORD000927,CUS00051,2019-04-29,Nickolson,"[{""product"":""Candle Edge 932"",""quantity"":1},{""product"":""Candle Lumen 220"",""quantity"":1}]",5019.87,15.44,-37.87241,145.010284,20,4031.34,Autumn,False,6.9714,"vela nova 1077 was used for exercise session summaries, but the recorded results have been unreliable. a walk can appear with missing sections, and the device has ended a session while i was still moving. the screen is difficult to read outdoors, making it awkward to check whether tracking is active. syncing to the phone often takes several attempts, and older summaries sometimes disappear from the history. the strap shifts during movement and collects sweat around the fastening point, which becomes uncomfortable over longer sessions. it records some activity, so the basic feature is present, but incomplete summaries are not useful for reviewing a workout. the repeated gaps have been disappointing. i cannot recommend vela nova 1077 for regular exercise tracking.",False
CORD000928,CUS00031,2019-01-11,Bakers,"[{""product"":""Candle Orbit 674"",""quantity"":1},{""product"":""Candle Orbit 548"",""quantity"":1},{""product"":""Vela Halo 137"",""quantity"":3}]",2859.8,14.05,-37.840943,145.048119,5,2730.86,Summer,False,5.7809,"candle lumen 220 replaced my previous laptop for creative projects and media editing, but the newer machine has not handled that work as expected. the old laptop was bulky and slow to carry, yet it kept editing applications responsive during ordinary projects. candle lumen 220 pauses when i move between a project file and a media folder, and the preview can freeze while i adjust a clip. i have lost track of whether an edit was accepted and have repeated actions that were already waiting to process. that uncertainty has created extra corrections and made short tasks stretch across much longer sessions. the keyboard is shallow, with little separation between keys, so typing notes beside the timeline feels awkward. the screen shows detail, although reflections become distracting when i work near a window. i have reduced background applications and restarted the machine before editing, but the sluggish behaviour returns once the project becomes more involved. exporting a finished file also leaves the laptop warm and difficult to use for another task at the same time. my former computer was not pleasant to carry, but it behaved more predictably under the workload. candle lumen 220 opens files and can complete a basic edit when i wait through each pause. those functions do not compensate for the weak multitasking, frozen previews, and tiring keyboard. compared with the old laptop, this replacement creates more uncertainty and more wasted effort. for creative work and media editing, candle lumen 220 is a frustrating and unreliable choice that i would avoid.",False
CORD000929,CUS00489,2019-04-17,Thompson,"[{""product"":""Candle Shift 916"",""quantity"":1},{""product"":""Candle Flux 162"",""quantity"":1},{""product"":""Candle Orbit 548"",""quantity"":1},{""product"":""Candle Edge 932"",""quantity"":2}]",6156.09,11.76,-37.77951,144.891698,20,4936.63,Autumn,False,6.1048,"candle flux 1026 has suited competitive play where quick voice communication matters. game sounds remain detailed enough to follow what is happening, and teammates hear my calls without repeated requests. i adjusted the controls during the first few sessions, but the arrangement now feels natural. it has stayed comfortable during longer matches, feels well made, and has improved the overall rhythm of my gaming setup.",True
CORD000930,CUS00318,2019-11-06,Bakers,"[{""product"":""Candle Edge 392"",""quantity"":1},{""product"":""Candle Vista 110"",""quantity"":1},{""product"":""Vela Halo 281"",""quantity"":2},{""product"":""Vela Halo 137"",""quantity"":1}]",4013.71,12.6,-37.751556,144.96624,15,3424.25,Spring,False,6.9799,"i bought candle bloom 406 after spending too many evenings with a gaming accessory that looked impressive but became uncomfortable during longer sessions. the older setup had brighter lighting and a heavier frame, yet i was constantly adjusting it. candle bloom 406 is less showy and much easier to live with at a desktop. its controls stay within reach, the fit remains comfortable, and it does not make the desk feel crowded. during extended gaming, the most useful improvement is consistency. the connection has remained stable, and the controls respond without a noticeable pause. i can move from a competitive match to a slower game without changing the whole arrangement. sound and voice communication are clear enough for team play, while the physical design prevents the small pressure points that bothered me before. after several hours, i notice the session rather than the equipment, which is exactly what i wanted. i compared it with a smaller model that a friend uses. that one is easier to pack, but candle bloom 406 feels steadier on the desk and provides better support when i lean back. a more expensive option offered richer audio, although its software was more involved and occasionally distracting. candle bloom 406 has fewer fine adjustments, but i prefer its direct approach for regular use. the finish shows fingerprints, and the controls would benefit from more separation because two buttons are close together. neither issue has affected performance. it has handled everyday play, voice chats, and several long weekend sessions without a loose joint or unreliable connection. candle bloom 406 is not the flashiest choice, but compared with the equipment i have used before, it gives me the best combination of comfort, stability, and uncomplicated desktop gaming.",True
CORD000931,CUS00190,2019-05-25,Thompson,"[{""product"":""Vela Core 957"",""quantity"":1},{""product"":""Vela Halo 281"",""quantity"":1},{""product"":""Candle Orbit 548"",""quantity"":2},{""product"":""Vela Nova 753"",""quantity"":1}]",5717.96,13.87,-37.742414,144.900828,0,5731.83,Autumn,False,8.8063,"vela wave 211 has been a clear improvement over my previous phone for casual photography and messaging. i take pictures during walks, family gatherings, and ordinary errands rather than setting up carefully, so i value a camera that responds quickly and gives me an image worth keeping. the phone has made that process less frustrating, and i can move from taking a picture to sending it without waiting around. the older handset was slimmer and easier to grip, while vela wave 211 feels a little broader in the hand. in exchange, the screen gives me a better view of photos and conversations, and the camera is more dependable when the light changes. daylight results are the strongest, but indoor snapshots have also been suitable for sharing. i do not expect perfect detail in every difficult scene, although the overall results compare favourably with what i had before. messaging has been straightforward during the ownership period. conversations open promptly, typing feels responsive, and sending a picture does not interrupt the rest of the phone for long. i have adjusted the notification settings so that frequent group messages do not dominate the day. battery coverage has been sufficient for my normal use, though taking many photos and using the screen heavily means charging earlier than on a quiet day. vela wave 211 is not the smallest phone and serious photography still belongs to dedicated equipment, but it is a capable everyday option. compared with my old device, it makes spontaneous photos and quick sharing more enjoyable. the broader shape is a minor compromise for the clearer screen and more responsive camera experience.",True
CORD000932,CUS00160,2019-01-30,Bakers,"[{""product"":""Candle Lumen 220"",""quantity"":1},{""product"":""Vela Halo 137"",""quantity"":1},{""product"":""Candle Edge 392"",""quantity"":1},{""product"":""Candle Orbit 548"",""quantity"":1}]",4921.1,9.62,-37.802122,145.019558,0,4930.72,Summer,False,2.3095,"i compared vela ridge 905 with the ordinary wall-switch routine in our main room, and the app control has proved genuinely convenient. i can turn the lights on before carrying things into the room, dim them while watching a film, or switch everything off without walking back across the space. the first setup required patience because i wanted the controls arranged in a sensible order, but once that was done the daily actions were quick to understand. the main improvement over a manual switch is flexibility. vela ridge 905 lets me make small lighting changes from where i am instead of choosing only on or off. i have also used it when one person is reading and another is relaxing, which avoids the repeated negotiation that used to happen with a single fixed switch. app control naturally depends on having a phone nearby, and a physical switch remains useful when someone does not want to use the app, but those details have not outweighed the convenience. after two weeks, the routines have become familiar and the system has responded consistently for normal room lighting. i like being able to set a calmer level in the evening and restore a brighter setting later without starting from scratch. the hardware blends into the room, while the twelve-month warranty is a welcome safeguard. for app-controlled lighting, vela ridge 905 feels more adaptable than the basic arrangement it replaced and has been a worthwhile household upgrade.",True
CORD000933,CUS00427,2019-10-22,Thompson,"[{""product"":""Vela Core 957"",""quantity"":1},{""product"":""Vela Halo 137"",""quantity"":1}]",1031.36,11.21,-37.768021,144.934374,5,991,Spring,False,5.0889,"candle lumen 382 has worked well as a shared tablet for family learning and browsing. different people can pick it up for reading, looking up information, or completing a short learning activity without a lengthy setup each time. the screen is comfortable for ordinary text, and the interface is simple enough for younger and older users to understand after a little guidance. it handles several open pages adequately, although i would choose a laptop for heavier work or extensive typing. the casing has remained secure through frequent movement around the house, and the battery lasts comfortably through our usual sessions. i have also found it useful for displaying instructions while somebody works on a project nearby. candle lumen 382 has earned a permanent place in our shared space because it supports a variety of small tasks without creating extra complexity. it is a practical, approachable family tablet.",True
CORD000934,CUS00481,2019-10-30,Bakers,"[{""product"":""Candle Edge 392"",""quantity"":2},{""product"":""Candle Orbit 674"",""quantity"":1},{""product"":""Vela Halo 137"",""quantity"":1},{""product"":""Candle Vista 110"",""quantity"":1}]",3652.04,18.91,-37.814188,145.008431,25,2757.94,Spring,True,1.2497,"vela atlas 521 became my main work phone after my previous device started making calls and calendar tasks feel unnecessarily slow. i use it throughout the day for meetings, messages, and keeping track of appointments, and it has handled that combination in a calm, dependable way. the first setup involved transferring accounts and arranging the calendar view to suit me, but the process was orderly and i was ready to work after an afternoon of adjustments. calls have been clear in the places where i normally take them, including at my desk and while walking between buildings. the calendar is easy to scan when i am moving from one meeting to the next, and adding a new appointment does not require a long sequence of steps. i appreciate the screen during shared planning sessions because dates and notes remain readable without constant zooming. the phone also feels balanced in my hand, which matters when i am carrying it between rooms and checking information repeatedly. with regular use, the device has remained responsive even when i have several work conversations and calendar entries open. the battery lasts through my usual working day, though i still charge it overnight as a routine. my one minor reservation is that the camera application takes a moment to open when i launch it unexpectedly, but photography is not central to why i purchased it. for calls and calendar management, vela atlas 521 has made my workday smoother and has earned a permanent place in my bag.",True
CORD000935,CUS00021,2019-12-25,Thompson,"[{""product"":""Candle Orbit 548"",""quantity"":3},{""product"":""Candle Orbit 674"",""quantity"":1}]",1092.27,22.88,-37.770499,144.888454,20,896.7,Summer,True,6.9656,"i have used candle flux 792 for sketches, notes and small creative projects, and it has become a convenient part of my routine. the drawing surface feels responsive enough for rough ideas and light editing. it is easy to carry between rooms and the interface stays uncluttered. artists needing advanced tools may want more, but it performs very well for lightweight work.",True
CORD000936,CUS00323,2019-12-14,Nickolson,"[{""product"":""Candle Shift 916"",""quantity"":1}]",1858.77,10.12,-37.844102,144.981529,10,1683.01,Summer,False,3.025,"vela echo 1087 has been worn mainly during workdays so i can glance at calendar alerts and check short messages without reaching for my phone. notifications arrive promptly most of the time, and the text is readable enough for deciding whether something needs immediate attention. the band is light, and i have been able to wear it through meetings without it becoming a distraction. its basic activity view is a welcome extra for walks. the small display limits what i can do with a message. longer notes require opening the phone, and replying or managing several alerts is not particularly convenient. notifications can also become crowded when many applications are active, making the useful items harder to find. i have occasionally needed to check the phone because an alert appeared later than expected, although this was not constant. vela echo 1087 is best understood as a quick notification window. it saves a few interruptions and looks unobtrusive, but the limited interaction and occasional delay mean it complements a phone rather than replacing any part of its communication role.",True
CORD000937,CUS00306,2019-09-24,Thompson,"[{""product"":""Candle Orbit 548"",""quantity"":1},{""product"":""Candle Vista 110"",""quantity"":1}]",,7.81,-37.810815,144.942843,0,2080.47,Spring,False,0.4249,"i moved to vela core 111 mainly for mobile photography and messaging, and the change from my previous phone has been rewarding. everyday photos look more balanced, especially when i am taking pictures indoors or in changing light. i do not need to spend as much time correcting images before sending them, and faces and ordinary household details remain recognizable without making every shot look artificial. messaging is quick, notifications arrive when expected, and the phone has handled a busy mixture of conversations, camera use and casual browsing without becoming troublesome. compared with my older handset, vela core 111 feels more responsive when moving between the camera and a message thread. the screen is comfortable for reading, and the phone is easy to carry without feeling fragile. i also compared its camera results with a family member's more basic phone; vela core 111 produced clearer images in dim rooms and focused more confidently on nearby subjects. battery performance has been suitable for my routine, though heavy camera use can still require a top-up before the end of a particularly busy day. that limitation is normal for the way i use it and has not changed my overall view. calls and messages remain the most important functions, and both have been steady. after several weeks, i appreciate that vela core 111 improves the parts of smartphone ownership i notice most often without introducing unnecessary complexity. it is a capable, polished replacement and a clear improvement over my previous device.",True
CORD000938,CUS00061,2019-11-16,Bakers,"[{""product"":""Candle Orbit 674"",""quantity"":2},{""product"":""Vela Core 957"",""quantity"":2},{""product"":""Candle Flux 162"",""quantity"":2}]",3311.64,13.47,-37.739254,144.969769,0,3325.11,Spring,False,8.1783,"candle vista 542 has become my preferred surface for sketching and lightweight creative work. before using it, i divided the task between paper notes and a laptop, which made revisions and reference images awkward to manage. the tablet gives me a more direct way to draw, review ideas, and make small changes without setting up a full desk. compared with the laptop, it feels more natural for quick sketches and is easier to carry from one room to another. i have used candle vista 542 for rough illustrations, colour planning, handwritten annotations, and simple creative experiments. the screen is large enough for the work i do, and the response feels immediate during ordinary drawing. it is also convenient to show a draft to someone nearby without passing around loose pages. the tablet is not intended for heavy professional projects, and demanding files can make the experience less fluid. i also find the surface a little reflective under strong light, so i choose my working position carefully. paper remains pleasant for spontaneous ideas, while the laptop is better for detailed editing and extended typing. candle vista 542 sits between those options and handles the early, flexible stage particularly well. its portable form and approachable controls have encouraged me to draw more often instead of postponing small projects. after regular use, i am satisfied with its creative usefulness and think it offers a strong balance for lightweight work.",True
CORD000939,CUS00268,2019-05-31,Bakers,"[{""product"":""Vela Core 957"",""quantity"":1},{""product"":""Candle Orbit 674"",""quantity"":2},{""product"":""Candle Vista 110"",""quantity"":1},{""product"":""Candle Flux 162"",""quantity"":1}]",3796.47,9.82,-37.815725,145.0358,25,2857.17,Autumn,False,3.6202,"the candle quest 516 has worked well for casual gaming in our shared room. we wanted something that could be enjoyed in short sessions without taking over the space or requiring a complicated arrangement. connecting it was straightforward, and the controls became comfortable after a little practice. different people in the household have been able to pick it up and play, which is more important to us than having every advanced feature available. our usual sessions happen after dinner or on a quiet weekend afternoon. the hardware responds promptly during the games we play, and the display remains easy to follow from the seating area. i appreciate that starting a game does not involve a long sequence of settings. the unit also fits neatly beside the other entertainment equipment, and the controls can be put away when the room needs to serve another purpose. longer sessions make the controls feel slightly firm, and the selection is better suited to relaxed play than to someone seeking a demanding specialist setup. the candle quest 516 has brought more shared time into the room without creating arguments about complicated rules or equipment. guests have been able to join in quickly, and younger family members enjoy the sense of progress in the simpler games. it is not designed for every gaming style, but that matches what we wanted. for casual entertainment in a shared room, it is approachable, responsive, and enjoyable. after using it regularly, i would happily keep it as part of our evening routine.",True
CORD000940,CUS00047,2019-02-09,Thompson,"[{""product"":""Candle Lumen 220"",""quantity"":2},{""product"":""Candle Orbit 548"",""quantity"":1},{""product"":""Vela Core 957"",""quantity"":1},{""product"":""Candle Shift 916"",""quantity"":1}]",9445.09,12.96,-37.749354,144.938244,0,9458.05,Summer,False,7.0833,"i installed the candle shift 448 to improve coverage between rooms where the main connection had become inconsistent. compared with relying on the central router alone, it gives the back room a more usable signal, and ordinary browsing has been less interrupted since i positioned it near the middle of the house. the unit is small enough to avoid taking over the shelf, and moving it during setup was not difficult. for phones, casual streaming and routine work, the extended area has been a noticeable improvement over the previous weak spot. the result depends more on placement than i expected. when i put it too close to the room needing coverage, the benefit was limited, so finding a suitable position took several attempts. the connection is also not identical to being close to the main router; busy use in different rooms can still feel slower than the direct connection. my older extender had fewer settings and was quicker to understand, while the candle shift 448 provides more control but asks the user to pay attention during setup. once configured, i have not needed to change it often. the casing has remained cool and the connection has stayed present through normal household use. i cannot say whether it would suit a much larger home or heavy simultaneous traffic because my needs are moderate. the longer warranty is reassuring, although support has not been required. in comparison, this device is more effective than my old extender at filling the particular gap i had, but it is not a universal solution. its performance is acceptable when the layout and expectations are realistic.",True
CORD000941,CUS00381,2019-03-19,Thompson,"[{""product"":""Candle Orbit 674"",""quantity"":1},{""product"":""Candle Shift 916"",""quantity"":2},{""product"":""Candle Flux 162"",""quantity"":2},{""product"":""Candle Edge 932"",""quantity"":1},{""product"":""Candle Edge 392"",""quantity"":1}]",8028.41,14.73,-37.790463,144.884011,15,6838.88,Autumn,False,6.0658,"vela echo 691 was intended for family communication and casual apps, but routine use is frustrating. applications take too long to open, messages sometimes remain pending, and switching between tasks causes noticeable pauses. the screen is adequate for reading, although the touch response feels inconsistent near the edges. calls can be made, but that basic function does not excuse the poor software behaviour. this 5g smartphone feels unreliable and underpowered, so i regret buying it.",False
CORD000942,CUS00285,2019-07-21,Nickolson,"[{""product"":""Vela Core 957"",""quantity"":1},{""product"":""Candle Edge 392"",""quantity"":2},{""product"":""Candle Orbit 674"",""quantity"":1}]",1347.03,18.06,-37.86132,144.975477,5,1297.74,Winter,False,4.7792,"vela wave 1057 was supposed to replace an older activity band, so i compared the two during walks, desk days, and overnight wear. the older band gave rough but consistent results, while this one produced irregular activity totals from similar routines. it recorded movement during a walk, but the count changed noticeably when i repeated the same route. sleep tracking was even more disappointing: some nights appeared complete, while others ended with missing sections despite the band remaining on my wrist. the display shows the time and recorded measures, but checking them during movement is awkward because the screen does not wake reliably with a wrist turn. notifications arrive occasionally, although the delay makes them less useful for quick checks. the strap feels restrictive after several hours, and its edge catches on clothing when putting on a jacket. battery use was not the main problem, but the charge indicator did not make it clear how much recording time remained, which created another avoidable worry. compared with my former tracker, vela wave 1057 offers more interruptions and less confidence in the information. a step count can appear, and a sleep summary can be generated, but inconsistent recording undermines both functions. after twenty-two days i find the device frustrating for daily activity and sleep tracking. the weak wrist detection, incomplete nights, and unreliable totals make me regret the purchase, and i cannot recommend vela wave 1057.",False
CORD000943,CUS00130,2019-03-31,Nickolson,"[{""product"":""Vela Halo 281"",""quantity"":1},{""product"":""Candle Lumen 220"",""quantity"":1},{""product"":""Candle Orbit 548"",""quantity"":1},{""product"":""Vela Nova 753"",""quantity"":2}]",13123.42,8.63,-37.836745,144.963524,15,11163.54,Autumn,False,2.0865,"i bought the vela nova 519 before a period of frequent travel because i wanted protective storage for my phone and a few small mobile items. it has been moved through a backpack, a tote, and a crowded side pocket, so it has had more practical use than it would receive sitting in a drawer. the outside has kept its shape, and the contents have stayed together instead of collecting loose at the bottom of the bag. what i appreciate most is the simple separation it provides. i can find the phone quickly, while a cable or small adapter stays in its own area rather than becoming tangled with everything else. at a hotel or a shared workspace, i can place the vela nova 519 on the table and see what i brought without unpacking the whole bag. the interior is not luxurious, but it feels designed for movement and ordinary handling. i have carried it by hand for short walks and packed it into a fuller bag without a problem. there are boundaries to the capacity. if i add too many accessories, the case becomes bulky and the closure feels less convenient. it is better for a small travel kit than for storing every cable i own. i also wish the interior were a little easier to rearrange, since my contents change from one trip to another. those are minor compromises, and they are clearer now that i have used it in several different situations. the vela nova 519 has made packing and unpacking less scattered. i spend less time checking pockets for a charger and less time worrying about the phone rubbing against other objects. the included warranty is a welcome reassurance, while the case itself has already proved useful. for protective mobile storage during travel, it is a tidy, practical solution that i am glad to have bought.",True
CORD000944,CUS00468,2019-05-01,Thompson,"[{""product"":""Candle Orbit 548"",""quantity"":1},{""product"":""Vela Nova 753"",""quantity"":1},{""product"":""Vela Core 957"",""quantity"":1},{""product"":""Candle Vista 110"",""quantity"":3}]",10380.92,12.79,-37.76463,144.888313,10,9355.62,Autumn,False,7.4295,"candle arc 888 has made guest-network and device management much easier in my home. i wanted a clearer way to separate visitors from everyday devices, and the setup gave me a practical arrangement without requiring specialist knowledge. adding or checking devices is straightforward, and the controls make it easier to understand what is connected when several people are using the network. i have also found the guest option useful when friends visit, because i can provide access without changing the rest of the household setup. the management screen contains more information than i need on a quiet day, but it becomes helpful when i want to investigate a connection. after several weeks, the system has remained stable and responsive. candle arc 888 has brought welcome order to a previously untidy network and given me more confidence when managing shared access.",True
CORD000945,CUS00227,2019-10-01,Thompson,"[{""product"":""Candle Shift 916"",""quantity"":1},{""product"":""Vela Core 957"",""quantity"":1},{""product"":""Vela Halo 281"",""quantity"":1},{""product"":""Candle Edge 392"",""quantity"":2}]",3412.48,14.72,-37.739783,144.882625,5,3256.58,Spring,False,9.8879,"vela core 1011 has worked out better than the phone i used before it, particularly for everyday photography and messaging. the older phone often made me wait between opening a camera view and taking a picture, while this one feels more responsive during ordinary use. family photos look balanced in indoor light, and the result is usually ready to share without much adjustment. i am not treating it as a specialist camera, but for quick moments it gives me a more dependable routine. messaging is another clear improvement in comparison. conversations open promptly, typing feels natural, and moving between a message, a photo, and another app is less disruptive than it was on my previous device. i use it for family communication throughout the day, and vela core 1011 has handled that pattern without making simple tasks feel like work. calls and notifications have also fitted smoothly into the routine, which matters more to me than having an unusual collection of features. the phone is not especially compact, and the finish shows fingerprints more readily than my old handset. i also needed time to arrange the settings in the way i prefer. those are manageable compromises. compared with the older model, vela core 1011 feels quicker, more capable with casual photos, and more pleasant for regular messaging. it has become the phone i reach for without thinking, which is a strong result for this kind of upgrade.",True
CORD000946,CUS00398,2019-03-04,Bakers,"[{""product"":""Candle Edge 932"",""quantity"":2},{""product"":""Vela Halo 281"",""quantity"":1},{""product"":""Candle Orbit 548"",""quantity"":1},{""product"":""Candle Orbit 674"",""quantity"":1}]",4091.83,22.3,-37.795117,144.997153,0,4114.13,Autumn,True,1.6631,"i compared vela atlas 1043 with a plain display i had used for presentations and family photos. the older display was less ambitious, but it behaved predictably whenever a laptop or storage device was connected. vela atlas 1043 has a sharper-looking interface, yet the practical experience is much worse. presentation files take too long to appear, and the display occasionally returns to its home screen while i am moving between slides. that interruption is embarrassing and makes the device unsuitable for work in front of other people. the problem is not limited to one type of file. during several family viewing sessions, photographs loaded in an uneven order and some thumbnails remained blank until i reopened the folder. compared with the straightforward photo viewer on the older display, this process feels needlessly complicated. the controls respond after a delay, so a second press can register as another command and send the screen somewhere unexpected. i began using the remote slowly and checking every selection, which defeats the purpose of a shared display. i tested the unit with different presentation sources and found no dependable pattern. one session proceeded for a while, then the screen froze during a transition. another required unplugging the display before it would accept the input again. the basic panel still produces an image, but that limited success does not compensate for the unreliable switching and awkward navigation. vela atlas 1043 also takes longer to become ready than the simpler equipment it replaced. the warranty may help if the faults are treated as a defect, but the ownership period has already involved too many interruptions. a basic screen with a separate presentation source would be less frustrating and easier to control. for photo viewing, the slow loading and missing previews are equally disappointing. vela atlas 1043 looks more capable than my previous display, yet it performs worse where i actually need it. i regret the purchase and cannot recommend it for presentations or family use.",False
CORD000947,CUS00050,2019-06-26,Thompson,"[{""product"":""Candle Vista 110"",""quantity"":1},{""product"":""Candle Edge 392"",""quantity"":1},{""product"":""Vela Core 957"",""quantity"":2},{""product"":""Vela Halo 281"",""quantity"":1}]",3266.02,15.95,-37.752038,144.925886,0,3281.97,Winter,False,6.9946,"vela nova 123 has made family viewing less awkward than it was with our previous display. we have used it for films, television programmes, and shorter clips, and the main difference is how readily everyone can join in. the picture is easy to see from the side of the room, and the interface is clear enough for different family members to browse without asking for help. our old display worked, but its menus felt slow and individual streaming choices often turned into a small argument about who was controlling it. the sound is suitable for ordinary evening viewing, with voices remaining understandable when the room is occupied. i would still use separate equipment for a more serious cinema experience, but that is not what we needed. vela nova 123 handles the everyday job with less fuss. switching between services is straightforward, and the remote has not caused the repeated confusion that came with the older unit. the screen also wakes promptly when we settle down for a programme, so there is less waiting before everyone can watch. the one limitation is that the built-in options do not remove every reason to use another device. a few less common services are more convenient from a separate player, and the screen can feel rather large when viewed from close up. those are manageable points in our room. compared with the display it replaced, vela nova 123 is more welcoming for shared film and television sessions, and it has become the screen the household reaches for first.",True
CORD000948,CUS00058,2019-11-04,Bakers,"[{""product"":""Vela Halo 137"",""quantity"":2},{""product"":""Vela Core 957"",""quantity"":1},{""product"":""Candle Orbit 548"",""quantity"":1},{""product"":""Candle Edge 392"",""quantity"":1},{""product"":""Vela Nova 753"",""quantity"":2}]",11230.29,14.71,-37.756294,144.967332,0,11245,Spring,False,6.4552,"i used the vela spark 981 for travel planning, calls, maps, and media during a month of ownership. compared with my previous phone, arranging an itinerary took more effort because the screen often reacted slowly after switching between travel pages and messages. the basic phone functions operate, but the delays make ordinary planning frustrating. loading a saved route sometimes left a blank view for several seconds, and returning to the calendar could discard the place where i had been reading. that made quick checks awkward when i was moving between rooms or waiting for transport. media use exposed more problems. video playback continued, yet the sound seemed thin and the display became uncomfortable to use for longer sessions because brightness changes were uneven. the battery also fell faster than expected when navigation and streaming were used together, so i had to carry a charger instead of relying on the phone through an outing. compared with another older handset in the household, the vela spark 981 felt less responsive and less dependable for the same tasks. i found myself reducing background activity and restarting it when applications stalled. the warranty period is reassuring on paper, but it does not remove the daily inconvenience. this phone can place calls and open travel applications, but its sluggish behaviour, weak endurance, and awkward media experience make it a disappointing choice for regular travel use.",False
CORD000949,CUS00483,2019-02-15,Thompson,"[{""product"":""Vela Core 957"",""quantity"":2},{""product"":""Candle Orbit 548"",""quantity"":1},{""product"":""Candle Lumen 220"",""quantity"":3},{""product"":""Candle Orbit 674"",""quantity"":1}]",11711.24,14.56,-37.860412,144.90408,20,9383.55,Summer,False,6.5139,"vela core 687 was purchased for calendar alerts and quick message checks, but notifications are unreliable. some reminders appear long after the scheduled time, while messages occasionally fail to show until the watch is opened manually. the small display makes longer text awkward to read, and the vibration is easy to miss in a busy room. it shows information when prompted, but delayed alerts and weak visibility make it a frustrating daily accessory.",False
CORD000950,CUS00430,2019-03-23,Nickolson,"[{""product"":""Vela Halo 281"",""quantity"":1},{""product"":""Candle Edge 392"",""quantity"":1}]",906.49,14.37,-37.86723,144.952688,5,875.54,Autumn,False,5.607,"candle quest 534 has been disappointing in a shared room. it connected on some attempts but disappeared from the playback list after sitting unused. music then resumed with a harsh burst, which was unpleasant at moderate volume. the controls responded slowly, and changing tracks from across the room often failed. sound remained audible, but bass was weak and voices became sharp. the unreliable connection and poor control response make this speaker awkward for regular household listening.",False
CORD000951,CUS00142,2019-04-27,Bakers,"[{""product"":""Candle Orbit 674"",""quantity"":1},{""product"":""Candle Orbit 548"",""quantity"":1},{""product"":""Candle Lumen 220"",""quantity"":2},{""product"":""Vela Core 957"",""quantity"":1},{""product"":""Candle Flux 162"",""quantity"":1}]",8970.67,10.88,-37.801796,145.050965,15,7635.95,Autumn,False,4.9806,"the vela pulse 901 has been my daily phone for forty days, covering messages, navigation, calls, and ordinary browsing. it feels responsive during routine switching, and the map is readable when i am walking through unfamiliar parts of town. compared with my previous handset, navigation resumes more quickly after a short pause, and the screen is easier to see when i am checking directions. calls and messages have behaved as expected, which matters more to me than a long list of extra features. the phone is not uniformly better. its size is comfortable for reading but slightly awkward when i need to type with one hand, and the smooth back makes a case feel necessary. the vela pulse 901 handles normal travel well, although extended map use reduces the remaining battery more quickly than i would like. photos taken in ordinary daylight are fine for records, while low-light results are less convincing and often need a second attempt. i have found the menus familiar, but some settings are buried enough that i still pause before changing them. the connection has remained steady in my usual places, and the handset has not frozen during daily use. it is a sensible replacement for an ageing phone, offering a clear improvement in navigation and responsiveness. i would not call it a major advance in camera performance or one-handed comfort, so its appeal depends on which part of daily use matters most.",True
CORD000952,CUS00172,2019-05-11,Thompson,"[{""product"":""Candle Flux 162"",""quantity"":1},{""product"":""Candle Shift 916"",""quantity"":1}]",2919.06,12.32,-37.859018,144.896296,25,2201.62,Autumn,False,6.8145,"candle vista 596 has made game streaming and media capture less complicated than my earlier arrangement. before using it, i had several separate pieces connected together, and a small change often meant checking multiple settings. this hardware gives me a more orderly starting point for recording gameplay and sharing sessions. setup required some patience while i arranged the connections, but once that was done, the process of beginning a stream became much more direct. compared with my older capture arrangement, previewing the source feels more responsive and recordings have been consistent during the games i play. audio and video stay together in ordinary sessions, which is the improvement i noticed first when reviewing clips. the design also fits neatly beside my existing equipment instead of requiring a large change to the desk. long sessions create warmth, but i have not experienced random interruptions or unexplained drops. it is not a complete production studio, and anyone making highly edited professional content may eventually want more specialised controls. for casual streams, demonstrations, and saving memorable matches, those missing extras are not a concern. candle vista 596 has reduced the number of little technical obstacles between playing and sharing. it feels more approachable than a complicated enthusiast setup while still providing a clear step up from recording directly through a basic game device.",True
CORD000953,CUS00113,2019-11-18,Bakers,"[{""product"":""Vela Nova 753"",""quantity"":1},{""product"":""Candle Edge 392"",""quantity"":2},{""product"":""Candle Shift 916"",""quantity"":1}]",7013.88,11.24,-37.849196,145.025825,15,5973.04,Spring,False,5.1204,"i bought vela nova 357 to get a clearer view of my daily movement and sleeping routine, and it has provided exactly the sort of gentle overview i wanted. i wear it through ordinary days, during walks, and overnight, then look back at the summaries when i have time. seeing patterns across several nights is more useful to me than checking a single reading, and the information is presented without making the process feel complicated. the wearable sits comfortably enough that i often forget it is there, including when i am resting. its basic tracking has continued without interruptions, and the accompanying review screen is pleasant to browse. the first few days involved some adjustment to the fit and to remembering the charging routine, but that became automatic fairly quickly. i would prefer a slightly quicker way to reach older summaries, since finding a particular past entry takes a few extra taps. even with that minor inconvenience, vela nova 357 has encouraged me to pay more attention to my habits without becoming intrusive. it is a practical, approachable device for everyday tracking.",True
CORD000954,CUS00005,2019-10-30,Nickolson,"[{""product"":""Candle Orbit 674"",""quantity"":1}]",324.06,11.23,-37.858606,144.998015,15,286.68,Spring,False,5.1031,"the candle vista 938 has been running our home network for thirty-six days, and it compares well with the simpler arrangement it replaced. my main reason for changing was to separate guest access from household devices and to make it easier to see what was connected. the candle vista 938 has done both without turning ordinary network management into a daily project. visitors can use their own connection, while the devices we rely on remain in a separate space, and i can review the setup without guessing which item belongs to whom. compared with the old arrangement, the controls are more informative and the network has been easier to manage when someone brings a new phone or laptop into the house. i have used it during quiet evenings and busier periods when several people were streaming, studying, or making calls. the connection has remained steady for normal household use, and changes to access have taken effect without repeated restarts. i especially value being able to tidy up old connections rather than leaving them indefinitely in the background. the candle vista 938 has made the network feel more organised. the interface contains more choices than a basic home device, so the first setup required concentration. i also had to spend time deciding which devices deserved separate access. once those decisions were made, routine management became much easier. the coverage is still affected by the layout of the house, as expected, and moving the unit improved one weaker area. compared with my former setup, the candle vista 938 offers clearer control, steadier shared use, and much better visibility of what is happening on the network.",True
CORD000955,CUS00064,2019-04-19,Thompson,"[{""product"":""Candle Edge 392"",""quantity"":1},{""product"":""Candle Orbit 548"",""quantity"":1},{""product"":""Vela Nova 753"",""quantity"":1},{""product"":""Vela Halo 137"",""quantity"":1}]",5795.32,,-37.8828,144.907555,20,4649.92,Autumn,False,8.5348,"candle quest 354 has been useful on train rides and walks when i want spoken content without carrying much equipment. voices in podcasts and recorded talks sound distinct, and the controls are easy to reach when i need to pause before entering a station. pairing has remained consistent across my phone and tablet, with no repeated searching or unexplained disconnections. the fit is comfortable for my usual commute, although after a long uninterrupted stretch i prefer to remove it for a short break. music is enjoyable at moderate volume, but this is not the device i would choose for detailed listening. for spoken content and everyday travel, candle quest 354 has proved reliable, light, and pleasantly uncomplicated.",True
CORD000956,CUS00345,2019-12-03,Thompson,"[{""product"":""Candle Edge 932"",""quantity"":1},{""product"":""Candle Lumen 220"",""quantity"":1},{""product"":""Candle Orbit 548"",""quantity"":2}]",5532.01,10.64,-37.81723,144.904538,10,4989.45,Summer,,3.7703,"the vela core 705 has made room lighting easier to control when i am already settled at my desk or on the sofa. the app responds quickly to ordinary on and off commands, and setting a routine for the evening was straightforward. i can also make a manual change when the weather or my schedule is different. i have used it for a desk lamp, hallway light, and a small routine that turns lights on before i arrive home. the current state is represented clearly, so i do not have to guess whether a command worked. other household members learned the basic controls quickly, which matters more to me than a long list of advanced features. the system is focused on simple lighting rather than elaborate scenes, and that keeps it approachable. vela core 705 has been consistent in ordinary use and has reduced the need to cross the room for small adjustments. it is a modest automation device, but it performs its intended task well.",True
CORD000957,CUS00229,2019-03-31,Bakers,"[{""product"":""Candle Edge 932"",""quantity"":2},{""product"":""Vela Nova 753"",""quantity"":1},{""product"":""Vela Halo 281"",""quantity"":3}]",8976.79,21.11,-37.842687,145.013812,10,8100.22,Autumn,True,3.9846,"candle arc 150 has accompanied me through a long stretch of document work and video meetings, and its portable design has proved genuinely helpful. i carry it between rooms and take it with me when i need to work away from my usual desk. it wakes promptly, handles several documents together, and keeps my regular work applications moving without making the experience feel laborious. the screen is comfortable for extended reading, while the keyboard has enough travel for writing notes throughout a meeting. video calls have been particularly straightforward. the camera and microphone are serviceable for meetings, and conversations remain natural when i am working from a quieter room. i appreciate not having to rearrange my workspace every time a call appears on my calendar. the battery has also suited my routine, giving me useful working time away from a power point, although i still recharge before a full day of intensive use. its weight and shape make it easy to place on a small table without feeling cramped. the machine is not designed to replace a large desktop for demanding work, and the compact form means that the display area can feel limited when several windows are open. i knew that trade-off when choosing it. after owning candle arc 150 for a while, i value the way it supports ordinary writing, research, and meetings with very little drama. it has earned a permanent place in my work bag because it is capable, portable, and pleasant to use.",True
CORD000958,CUS00365,2019-05-18,Bakers,"[{""product"":""Candle Edge 932"",""quantity"":2},{""product"":""Vela Core 957"",""quantity"":1},{""product"":""Vela Halo 137"",""quantity"":1}]",4012.32,8.68,-37.797995,145.014565,10,3619.77,Autumn,False,2.16,"the candle flux 954 has accompanied me on commutes and while listening to spoken content around the house. voices are distinct, which matters more to me than exaggerated bass, and i can follow podcasts without repeatedly adjusting the volume. pairing has been uncomplicated, and the connection has stayed intact while i move through normal indoor spaces. the controls are usable once i remember their layout, although i initially pressed the wrong button a few times. the fit is light enough for a full journey and has not become irritating during longer listening periods. music is enjoyable as well, though these are not a substitute for larger speakers. for commuting, lectures, and spoken programs, the candle flux 954 has been a dependable daily companion.",True
CORD000959,CUS00095,2019-05-31,,"[{""product"":""Vela Halo 137"",""quantity"":1},{""product"":""Candle Orbit 548"",""quantity"":1},{""product"":""Candle Shift 916"",""quantity"":1},{""product"":""Vela Nova 753"",""quantity"":1}]",7278.34,22.63,-37.762626,145.026276,10,6573.14,Autumn,True,5.9319,"vela echo 925 has given me a more useful view of indoor conditions than relying on how the room happens to feel. i compared it with occasional checks from a basic instrument and with simply opening a window when the air seemed uncomfortable. after forty-five days, the continuous monitoring has made changes in temperature and humidity easier to notice. the readings are available without much effort, and i can compare one part of the day with another instead of trying to remember what the room felt like earlier. compared with the basic instrument, vela echo 925 is better suited to observing patterns because it stays in place and remains ready to check. the compact design fits on a shelf without distracting from the room, and the setup did not take long once i chose a sensible location. i have found the information useful when deciding whether to ventilate or adjust the room, though i treat it as guidance rather than an exact account of every corner. placement matters, and a sensor near a window will naturally describe a different spot from one near a desk. that is the main limitation and was easy to understand. the device has remained consistent during routine use, and i enjoy having an objective reference before changing the room. it is more informative than guessing and less intrusive than repeatedly checking a separate instrument. vela echo 925 has therefore become a small but worthwhile part of my home routine, especially when i want to understand indoor temperature and humidity over time.",True
CORD000960,CUS00466,2019-08-03,Bakers,"[{""product"":""Candle Vista 110"",""quantity"":1},{""product"":""Vela Nova 753"",""quantity"":1}]",6220.2,15.33,-37.754104,144.985373,0,6235.53,Winter,False,6.275,"candle arc 852 has become my preferred device for reading, annotating, and making handwritten notes because it offers a more natural working surface than my phone and less weight than a full laptop. i have used it for articles, marked-up documents, and quick notes during planning sessions. compared with my previous tablet, the writing experience feels more controlled, and i can move from reading to annotation without losing the thread of what i was doing. the display is comfortable for extended reading, and the size gives enough room for a page and notes without making the device awkward to carry. handwritten marks remain easy to review later, which is useful when i am away from my desk. the tablet has also handled ordinary document work without requiring much adjustment. a physical keyboard would still be preferable for long passages, and the device is not a substitute for that kind of typing. for its intended use, however, the trade-off is sensible. the casing has stayed in good condition through regular movement between rooms, and the controls have remained responsive. candle arc 852 compares favorably with both my phone and older tablet because it occupies a useful middle ground. it is focused enough for reading and notes, yet flexible for casual tasks. after repeated use, i find myself reaching for it first whenever i need to review material and write observations by hand.",True
CORD000961,CUS00325,2019-02-03,Bakers,"[{""product"":""Vela Halo 137"",""quantity"":1}]",759.89,10.28,-37.82284,145.028594,15,656.19,Summer,False,3.2601,"after a month with the vela pulse 721, i have a fairly balanced view of it. i bought it mainly for work calls and calendar management, and those tasks have been handled without drama. calls sound crisp in a quiet room, the screen is readable during a meeting, and calendar alerts arrive promptly. moving between a call, an email, and the calendar feels responsive enough for an ordinary workday. the phone also feels manageable in one hand, although the smooth finish can make it awkward to grip when i am carrying other things. compared with my previous phone, the vela pulse 721 makes schedule changes quicker because the calendar view is more spacious and the display wakes promptly. the 5g connection has also been a benefit on my commute, where pages generally load without the pauses i was used to. on the other hand, my older phone had a simpler notification layout. i needed several days to get used to finding missed call alerts among the other icons, and the amount of visible information can feel busy. battery life has been sufficient for a normal day of calls, messages, and calendar checks, but a long stretch of video or hotspot use leaves less reserve than i expected. setup was straightforward, and transferring contacts and appointments took little effort. the build seems solid after regular handling, with no looseness around the buttons or charging port. i have not needed support, so i cannot judge how the warranty service would perform. for work, the pulse 721 is a capable step up in connectivity and screen space, but it is not an automatic upgrade for someone who values a quieter interface or spends heavily on demanding apps. i am satisfied with its core role and will keep using it, while still seeing a few practical reasons to compare alternatives before buying.",True
CORD000962,CUS00143,2019-07-28,Nickolson,"[{""product"":""Candle Edge 392"",""quantity"":1},{""product"":""Candle Orbit 674"",""quantity"":1},{""product"":""Vela Core 957"",""quantity"":1}]",971.28,16.55,-37.887266,144.957861,0,987.83,Winter,False,7.7045,"i bought vela nova 429 because charging leads had begun collecting in a drawer and on the edge of my desk. the accessory is compact, so placing it beside the socket did not require rearranging anything. i could separate the cables i use every day and keep the less frequently used ones behind them. that simple change made the area look calmer, although the organiser holds fewer thicker leads than i first expected. during the first week, i tried it with phone, tablet, and headphone cables. slimmer cables stayed in their channels without much movement, while a heavier lead occasionally pulled free when i lifted the device from the desk. the material has enough firmness to keep its shape, and the base does not slide much on the surface. it is not a complicated item, but the usefulness depends on placing it where the cables naturally arrive. when i moved it to a lower shelf, reaching the connectors became awkward and the tidy effect was reduced. after 41 days, the channels have not stretched and the finish still looks clean. vela nova 429 has solved the specific problem of loose everyday cables, though it has not replaced a larger storage box for spare accessories. i appreciate that it needs no setup and takes very little room. my view is mixed in a practical way: it is a neat solution for a small group of light cables, but the limited capacity and weaker grip on thick ones should be considered before buying. for my desk, it remains useful enough to keep.",True
CORD000963,CUS00253,2019-11-26,Bakers,"[{""product"":""Candle Orbit 674"",""quantity"":1},{""product"":""Vela Core 957"",""quantity"":1},{""product"":""Candle Vista 110"",""quantity"":2}]",4228.71,8.73,-37.799448,145.009064,5,4026,Spring,False,1.6889,"for a quick comparison with my phone, i chose the vela echo 187 mainly for calendar alerts and message checks. the wearable is faster for glancing at an appointment when my hands are occupied, and the alert is easier to notice than a quiet phone vibration in a jacket pocket. the phone remains better for reading a long message or changing calendar details. that division of roles has made the wearable feel practical without making my phone redundant. during the first part of ownership i paid attention to how often i would actually look at it. short alerts are readable at a glance, and the display wakes promptly when i raise my wrist. in bright outdoor light i sometimes need to angle my arm before the text stands out, whereas the phone screen is more forgiving. i also found the wearable less distracting during errands because i can decide whether a message needs a full reply before taking out the phone. battery use has been manageable for my normal routine, and the light weight is less noticeable than the phone in a pocket. i still reach for the phone when i need context, so the wearable earns its place through speed rather than breadth. the vela echo 187 compares favourably with checking the phone for small pieces of information, but it is not a replacement for the phone's larger screen or fuller controls. calendar notifications have arrived consistently in my routine use, while message previews are most useful when they are brief. the band has stayed comfortable through ordinary days, though i would prefer a quicker way to review several alerts. i would keep it for reminders and quick checks, with the phone still handling everything more involved.",True
CORD000964,CUS00266,2019-12-10,Bakers,"[{""product"":""Candle Orbit 548"",""quantity"":1},{""product"":""Vela Core 957"",""quantity"":3},{""product"":""Vela Halo 137"",""quantity"":1},{""product"":""Candle Edge 392"",""quantity"":1}]",2206.12,13.32,-37.74422,144.971619,10,1998.83,Summer,False,7.6027,"the vela echo 349 has made my shared workspace less cluttered. i use it to keep a phone visible during calls, timers, and quick reference tasks, and it is more convenient than propping the phone against a mug or a stack of notebooks. compared with those improvised arrangements, the base feels planted and the viewing angle is easier to adjust. i can see the screen while sitting at the desk, then turn it slightly when someone beside me needs to look at it. i tried it with more than one phone case and did not have trouble seating the devices. the support holds the phone without making the buttons difficult to reach, and lifting the device out does not drag the stand across the desk. that matters in our shared room because i often need to move between typing and checking a message. after nearly four weeks, the hinge still feels controlled rather than loose. a colleague also borrowed it for a presentation, and the stand kept the phone visible without becoming a distraction. the echo 349 is not designed to replace a full desk mount. it has a compact range of adjustment, so a very low or unusually angled setup may need a book underneath. the surface can also collect dust around the support, which is a minor maintenance issue. those points are easy to accept because the accessory is small, stable, and simple to reposition. compared with my previous makeshift holder, the vela echo 349 looks tidier and works more predictably. it is a modest purchase, but it has earned a permanent place at my desk.",True
CORD000965,CUS00027,2019-10-14,Bakers,"[{""product"":""Candle Flux 162"",""quantity"":1},{""product"":""Candle Edge 392"",""quantity"":1},{""product"":""Vela Halo 137"",""quantity"":1}]",2195.93,,-37.853932,145.038011,10,1998.84,Spring,True,6.163,"i placed the vela wave 625 in the main living area to keep an eye on temperature and humidity, and it has worked quietly in the background. the readings update regularly and give me a useful comparison between the living room and the smaller rooms nearby. the app presents the information in a way that is easy to check, and i can review changes without standing beside the sensor. setup took only a few minutes, with the connection remaining stable after the first configuration. the unit is unobtrusive and can sit on a shelf without changing the appearance of the room. i would have liked more historical detail in the display, but the basic monitoring is dependable for everyday use. the vela wave 625 is a sensible household device for anyone who wants clearer awareness of indoor conditions without a complicated installation.",True
CORD000966,CUS00395,2019-06-19,Thompson,"[{""product"":""Candle Orbit 548"",""quantity"":1}]",256.07,28.34,-37.767785,144.903669,20,233.2,Winter,True,6.2815,"vela ridge 401 has been a noticeable improvement over my previous phone for the way i actually use a smartphone. i compared the two during commuting, navigation, messaging, and evening media, rather than focusing on specifications. the older phone often felt hesitant when i moved between maps and messages, while vela ridge 401 has kept those everyday changes feeling smooth enough that i no longer plan around them. navigation is the clearest difference. i use it while walking through unfamiliar areas and when checking a route before leaving home. the position updates have stayed consistent, and the screen remains readable during normal outdoor use. messages and calls are also straightforward, with no unusual interruption during my ownership. i have used the phone for regular communication, directions, photos, and streaming, and it has handled that mixture without the stuttering i had begun to expect from the older device. the display and overall shape make it comfortable for reading longer messages and checking a map, though the size means it is not especially discreet in a small pocket. that is a trade-off i noticed immediately, but i prefer the larger view to the cramped screen on my former phone. the controls are familiar, so moving my usual accounts and routines across did not become a drawn-out project. after the initial setup, i spent more time using the phone and less time correcting small annoyances. the battery has lasted through my normal day of calls, navigation checks, and occasional video, although heavy navigation and bright outdoor viewing require more attention. i would not describe it as exceptional for every demanding task, and people wanting a very small handset may feel differently. compared with the phone it replaced, vela ridge 401 is more capable and less frustrating for daily communication and travel planning. its 24-month warranty is another reassuring difference from my previous purchase, and overall i am pleased with the change.",True
CORD000967,CUS00390,2019-10-08,Nickolson,"[{""product"":""Vela Core 957"",""quantity"":1},{""product"":""Candle Orbit 674"",""quantity"":1},{""product"":""Candle Orbit 548"",""quantity"":2}]",1107.67,22.8,-37.877735,144.972164,0,1130.47,Spring,True,,"i bought the vela core 471 mainly for work calls and calendar management, and it has performed well in both areas. calls connect quickly, voices remain clear in ordinary indoor use, and the microphone has been understood without people asking me to repeat myself. the calendar is simple to organise, with appointments easy to review while travelling between meetings. notifications arrive promptly, and i can move from an invitation to an email or message without the phone becoming sluggish. the screen is comfortable for reading schedules, while the size still fits easily in a pocket. battery life has covered my usual working day with room for evening messages, although frequent video use would require more attention to charging. i also like that the interface feels uncluttered rather than demanding constant adjustment. the camera is serviceable for quick documents but is not the reason to choose this model. for communication, planning, and everyday use, the vela core 471 has been a dependable and pleasantly uncomplicated phone.",True
CORD000968,CUS00291,2019-10-02,,"[{""product"":""Candle Shift 916"",""quantity"":2},{""product"":""Vela Halo 281"",""quantity"":2}]",4779.02,25.31,-37.876871,144.955693,10,4326.43,Spring,True,6.5932,"the vela pulse 739 was meant to connect several devices through one compact adapter, but it has caused repeated problems at my desk. the adapter is small, yet its ports are positioned so closely that wider cables block neighbouring sockets. devices are detected inconsistently, especially after the computer wakes from sleep, and reconnecting often requires unplugging everything. during heavier use, one connected device has disappeared without warning. the casing also becomes noticeably warm, which makes me hesitant to leave it attached for long periods. it can pass a connection through a single port, but that basic operation is not enough for a multi-device setup. the cramped layout and unreliable detection are frustrating. i regret buying the vela pulse 739.",False
CORD000969,CUS00249,2019-08-06,Thompson,"[{""product"":""Candle Flux 162"",""quantity"":1},{""product"":""Candle Edge 392"",""quantity"":2},{""product"":""Candle Lumen 220"",""quantity"":1},{""product"":""Vela Nova 753"",""quantity"":1}]",9744.79,14.82,-37.767891,144.916162,5,9272.37,Winter,False,5.672,"i have used the candle vista 1010 for research, note taking, and ordinary study sessions, comparing it with a heavier home laptop and a tablet. its middle-ground design suits the way i work. it is easier to carry between the library, kitchen table, and lecture room than the larger laptop, while providing a more comfortable typing experience than the tablet. documents, browser research, and written notes remain easy to manage when i am moving between locations. the candle vista 1010 has handled my regular study workload without demanding much attention. the keyboard is suitable for extended writing, and the system wakes promptly for short tasks between classes. i can keep several research pages open beside a document, which is more practical than using the tablet for the same work. compared with the heavier machine, it takes less effort to pack and does not dominate a small desk. the restrained size has become useful during long days away from home. the compromise appears when i need a broad view or a more elaborate project. the screen feels less spacious than the larger laptop, so i adjust windows more often while comparing sources. the keyboard area also leaves less room for my hands than the home machine, and i prefer a separate display for a long editing session. the candle vista 1010 is designed around portability and study rather than demanding production work. it completes my normal tasks, but it does not remove every reason to keep another computer. after established use, i see it as a balanced option for students and researchers who value movement. it is more productive for typing than a tablet and more portable than a full-sized laptop, with a smaller display as the main trade-off. i would select it for everyday study and note taking, while comparing a larger model if screen space or intensive work mattered most.",True
CORD000970,CUS00308,2019-10-15,Bakers,"[{""product"":""Candle Edge 932"",""quantity"":1},{""product"":""Vela Nova 753"",""quantity"":1},{""product"":""Candle Edge 392"",""quantity"":1}]",6269.84,8.17,-37.803751,144.988381,15,5337.53,Spring,False,0.919,"candle quest 480 has settled into our home office better than expected. i use it for household forms, browsing, email, and shared administration, and it handles switching between those tasks without distracting pauses. the keyboard is comfortable for longer notes, while the screen remains readable from the side when someone else is checking a document. it wakes promptly and has remained consistent through repeated sessions around the house. the compact design also makes it simple to move from the desk to the kitchen table. i would prefer slightly stronger speakers for occasional video calls, but voices are still understandable. after owning it for a while, i value its calm, dependable performance and sensible everyday design.",True
CORD000971,CUS00138,2019-01-16,Thompson,"[{""product"":""Candle Flux 162"",""quantity"":1},{""product"":""Candle Orbit 548"",""quantity"":1}]",1316.36,14.02,-37.8413,144.892689,20,1067.11,Summer,False,5.7397,"vela nova 195 was installed for automated blind and curtain routines, but the schedules have not been dependable. a routine may run once and then fail without an obvious reason, leaving the blinds in the wrong position. manual control works, although the response is slow and the status is unclear. recreating routines did not solve the problem, so daily use became frustrating. the device can move the blinds, but its unreliable automation makes it a poor purchase.",False
CORD000972,CUS00233,2019-11-05,Thompson,"[{""product"":""Vela Nova 753"",""quantity"":2},{""product"":""Vela Halo 137"",""quantity"":1},{""product"":""Vela Halo 281"",""quantity"":1}]",10097.85,12.33,-37.786211,144.879558,15,8595.5,Spring,False,6.6214,"vela ridge 959 replaced a fixed stand that forced my phone into one position beside the monitor. the old stand was acceptable for checking messages, but it became awkward when i needed to view a call, follow a recipe, or share a screen with someone sitting at a different angle. adjustable positioning has made the phone fit the task instead of making the task fit the stand. the mount is especially useful during desk work. i can raise the phone, turn it toward me, or move it aside without picking up the whole base. compared with my previous stand, vela ridge 959 gives me a better view during calls and leaves more room for papers and a keyboard. the adjustment points have remained firm during regular use, while still allowing deliberate repositioning when i change activities. i have used it with the phone in portrait and landscape positions, with a case fitted, and at different points on the desk. it has handled those variations without feeling precarious. the base occupies some space, so it is not ideal for a very small surface, and i would not treat it as a travel accessory. at a permanent work area, however, that footprint is a fair exchange for the range of positions. a basic stand is cheaper and takes up less room, but vela ridge 959 offers noticeably more control. it has improved calls, viewing, and quick reference tasks without adding much effort. after several weeks, i prefer its adjustable design to the rigid holder i used before and consider it a useful upgrade for my desk.",True
CORD000973,CUS00100,2019-03-16,Thompson,"[{""product"":""Candle Lumen 220"",""quantity"":2},{""product"":""Candle Orbit 674"",""quantity"":1},{""product"":""Vela Halo 281"",""quantity"":2},{""product"":""Vela Halo 137"",""quantity"":1}]",9204.21,23.78,-37.87589,144.920151,15,7847.36,Autumn,True,7.4162,"vela wave 337 has replaced the repeated phone checking i used to do for calendar alerts and quick messages. my previous routine involved picking up the phone for every notification, then getting distracted by unrelated apps. this wearable gives me enough information at a glance to decide whether something needs a full reply or can wait. the calendar alerts are the most useful feature in my working day. a brief reminder on my wrist is easier to notice when the phone is in a bag or across the room. i also use it for short message checks, particularly when i am moving between tasks. it does not turn a short notification into a long conversation, and that limitation is actually helpful because it keeps the interaction focused. compared with checking the phone directly, vela wave 337 is quicker for simple decisions but less suitable for writing a detailed response. the band is comfortable during work and ordinary activity, and i have not found it distracting once the alerts were adjusted to match my schedule. the compact screen means some messages need to be opened on the phone, which is expected. it is not a replacement for a calendar application or a handset, yet it complements both better than my old habit did. after sustained use, vela wave 337 has made reminders more visible and small message checks less disruptive. for someone who wants timely awareness without constantly holding a phone, it is a practical improvement.",True
CORD000974,CUS00087,2019-07-15,Bakers,"[{""product"":""Candle Lumen 220"",""quantity"":2},{""product"":""Candle Edge 392"",""quantity"":1},{""product"":""Candle Flux 162"",""quantity"":2},{""product"":""Vela Core 957"",""quantity"":1}]",9826.58,,-37.790395,145.037344,10,8870.57,Winter,True,4.2942,"i have used candle quest 966 for about three weeks in a shared room, mainly for casual games after work. setup was straightforward, and the controls were quickly understood by everyone in the household. it handles ordinary sessions without drama, with responsive input and a pleasant enough picture from the usual viewing distance. the compact shape also makes it easier to move aside when the room is being used for something else. longer sessions revealed a few compromises. the sound is adequate but becomes thin when several people are talking, so we often lower the game volume. i also found the menus slightly awkward when switching between users, and the supplied controls feel less comfortable after an extended session. those points have not stopped us using it, but they prevent it from feeling especially polished. candle quest 966 is a sensible option for occasional shared-room play, though dedicated players may want more refinement.",True
CORD000975,CUS00432,2019-06-05,Thompson,"[{""product"":""Candle Orbit 548"",""quantity"":1},{""product"":""Vela Core 957"",""quantity"":1},{""product"":""Candle Orbit 674"",""quantity"":2}]",1175.66,15.18,-37.775526,144.896132,5,1132.06,Winter,False,6.0905,"candle shift 304 has made my commute more enjoyable, especially when i want spoken content rather than a screen to look at. podcasts and recorded talks are easy to follow, and music has a balanced sound that works well in the background. the wireless connection has stayed consistent through the journey, and reconnecting when i start the day has been uncomplicated. the controls are easy to find while walking, so i can pause or adjust playback without stopping for long. i find the fit comfortable for a normal trip, although after a particularly long day i prefer some quiet time. that is a reasonable part of wearing any audio device. candle shift 304 has become a dependable travel companion, giving me clear listening and a simple routine from the moment i leave home.",True
CORD000976,CUS00494,2019-08-26,Bakers,"[{""product"":""Vela Core 957"",""quantity"":1},{""product"":""Candle Orbit 548"",""quantity"":1},{""product"":""Candle Orbit 674"",""quantity"":1},{""product"":""Vela Nova 753"",""quantity"":1}]",5255.21,10.44,-37.812326,144.990077,10,4740.13,Winter,False,0.5217,"i started using vela atlas 377 because i wanted a simple record of my exercise sessions rather than a device that demanded constant attention. over several weeks, it has helped me notice how different walks, rides, and short workouts affect the shape of a session. the initial setup was quick, and the wearable felt light enough that i was comfortable leaving it on during ordinary parts of the day. the most useful moment comes after finishing an activity. the summary gives me something concrete to review while the session is still fresh, and the information is presented in a way that does not require technical knowledge. a gentle walk looks different from a faster session, which makes it easier to compare my own habits. i have become more consistent simply because i enjoy seeing the record accumulate. the display remains readable in normal indoor light, and the controls respond well when i begin, pause, or finish an exercise. they are less convenient when my fingers are damp, so i usually wipe the screen first. battery life has supported my routine without surprise, and charging has become an occasional habit rather than a daily concern. i also appreciate that the wearable does not feel bulky under a sleeve. vela atlas 377 has encouraged a more attentive approach to exercise without turning it into a chore. its summaries are practical, the fit is unobtrusive, and the information gives me a reason to return to the next session. that is a meaningful result from a small device.",True
CORD000977,CUS00277,2019-01-14,Thompson,"[{""product"":""Candle Shift 916"",""quantity"":1}]",1858.77,26.45,-37.874342,144.876858,0,1885.22,Summer,True,9.2213,"i used the candle edge 554 on public transport for music and spoken content, and the weaknesses were obvious from the first commute. pairing was repeated and unreliable, with the connection sometimes disappearing when the device was placed in a pocket. background noise leaked through heavily, so spoken passages were difficult to follow and i had to raise the volume. music sounded thin, with harsh treble that became tiring during longer journeys. the controls were awkward to locate without looking, and pressing them often paused playback twice or skipped a track. the ear pieces stayed in place during ordinary walking, although they became uncomfortable before the end of a longer trip. a recording can be heard through them, but the poor isolation and unstable connection make that basic function inadequate. after several weeks, the candle edge 554 felt frustrating and poorly suited to commuting.",False
CORD000978,CUS00382,2019-01-12,Bakers,"[{""product"":""Candle Orbit 674"",""quantity"":1}]",324.06,13.24,-37.874465,145.020045,5,321.1,Summer,False,7.4924,"candle vista 776 has replaced the older gaming hardware i used for competitive play and voice communication, and the difference is clearest during longer sessions. inputs feel responsive, while the voice channel stays understandable when several people are speaking. i can concentrate on the match instead of adjusting equipment after every round. my previous setup handled casual play, but it became awkward when i needed to coordinate quickly with teammates or change position at the desk. the new hardware is not perfect. it takes more room than the compact equipment i owned, and i spent some time finding a comfortable arrangement for the controls and microphone. those are manageable trade-offs for my use. once positioned, candle vista 776 has remained secure, and the controls have been straightforward to reach without looking away from the screen. friends in voice sessions have commented that my speech is easier to follow, which is more meaningful to me than a long list of settings. i would not buy it solely for occasional single-player gaming, where the difference may be less important. for competitive play, communication is part of the experience, and this device compares favourably with what i had before. the twenty-four-month warranty is another practical advantage. candle vista 776 has made sessions more focused, less interrupted, and more enjoyable without requiring a complete change to the rest of my setup.",True
CORD000979,CUS00235,2019-07-23,Thompson,"[{""product"":""Vela Core 957"",""quantity"":1},{""product"":""Vela Nova 753"",""quantity"":2},{""product"":""Candle Orbit 548"",""quantity"":3},{""product"":""Candle Flux 162"",""quantity"":1},{""product"":""Candle Vista 110"",""quantity"":1}]",12723.78,10.47,-37.807685,144.947722,25,9553.31,Winter,False,0.5576,"vela echo 349 was intended to keep a phone upright during calls in a shared workspace, and it has done that without making the desk feel crowded. i used to balance my device against stationery or a cup, which worked only until someone moved an item. this support gives the phone a predictable place, so i can see incoming messages and join a call while keeping both hands available for notes. the adjustable position has been the most valuable part. i can set the screen toward myself during private work, then turn it slightly when a colleague needs to view a document. the base stays in place on the desk, and the support has held my phone securely during typing and charging. it has also reduced the awkward cable bends that happened when the phone was lying flat near the edge. over time, several people have used the accessory, and nobody has needed much instruction. the adjustment points remain firm, while changes are still possible without excessive force. i have moved it between two desks when needed, and the compact shape makes that simple. the finish has stayed presentable, although dust is visible on the darker surfaces and needs an occasional wipe. it can take a moment to find the right angle with a thicker case, and a very heavy device makes the support feel less balanced. those are minor constraints rather than serious defects. vela echo 349 has brought order to a messy part of the shared workspace and has made calls and reference tasks more comfortable. i am glad to have a simple accessory that continues to be useful every day.",True
CORD000980,CUS00097,2019-08-31,Bakers,"[{""product"":""Candle Orbit 548"",""quantity"":1},{""product"":""Candle Flux 162"",""quantity"":1},{""product"":""Vela Core 957"",""quantity"":1},{""product"":""Vela Nova 753"",""quantity"":1},{""product"":""Vela Halo 137"",""quantity"":2}]",7511.22,13.63,-37.774609,145.014069,0,7524.85,Winter,False,4.2688,"the candle edge 932 has become the shared tablet in our home for lessons, reading, and ordinary browsing. switching between educational pages and a video call has been smooth, and the display is large enough for two people to look at a worksheet together. the controls are uncomplicated, which has helped younger users find their way around without constant assistance. it is light enough to carry from the dining table to a sofa, and the battery has covered several short sessions before needing attention. the speakers are adequate for lessons but lack richness for serious music listening. that limitation is easy to accept because it is not the tablet's main purpose. for family learning and shared browsing, the candle edge 932 has been reliable and convenient.",True
CORD000981,CUS00294,2019-08-06,Bakers,"[{""product"":""Candle Orbit 548"",""quantity"":1},{""product"":""Candle Lumen 220"",""quantity"":2}]",7314.85,21.64,-37.74474,145.055577,5,6970.75,Winter,False,8.9878,"the vela ridge 473 was placed in the living room for family media streaming, but it caused repeated interruptions. programmes could start, yet playback often paused during ordinary viewing and took too long to resume. when the connection returned, the stream sometimes jumped forward or restarted from an earlier point. the remote response was slow, especially after changing applications, and the menu made it awkward to find the correct profile. the screen is visible, but reflections reduced the image from the side of the room, leaving some family members unable to watch comfortably. i also had to restart the display after it stopped responding to commands. the vela ridge 473 provides basic access to media, but a shared streaming device needs consistent playback and simple control. its poor stability, sluggish menus, and irritating interruptions made family viewing disappointing, so i cannot recommend it.",False
CORD000982,CUS00025,2019-09-01,Thompson,"[{""product"":""Candle Shift 916"",""quantity"":1},{""product"":""Candle Orbit 674"",""quantity"":1},{""product"":""Candle Orbit 548"",""quantity"":1}]",2438.9,14.59,-37.743464,144.87974,5,2331.55,Spring,False,9.7077,"vela ridge 239 has reduced the clutter caused by connecting several devices. it takes little space in my work bag, and moving between the connected items has been straightforward during daily use. the connections have stayed in place rather than requiring constant adjustment. its small size means the ports are close together, so large plugs can feel awkward, but the adapter still performs its main job well. i am happy with its practicality.",True
CORD000983,CUS00140,2019-05-28,Thompson,"[{""product"":""Candle Vista 110"",""quantity"":2},{""product"":""Vela Core 957"",""quantity"":1},{""product"":""Vela Halo 281"",""quantity"":1}]",4435.39,12.01,-37.760594,144.915296,15,3782.09,Autumn,False,6.4289,"candle orbit 764 has supplied clear enough music during focused desk work and stayed connected through normal sessions. voices and instruments remain distinct, and the sound is comfortable at moderate volume. the buttons are small, and changing between sources involves more steps than expected. it is a reasonable single-device companion for work, but the controls make shared or frequently changing use less convenient.",True
CORD000984,CUS00486,2019-03-25,Thompson,"[{""product"":""Vela Halo 281"",""quantity"":3},{""product"":""Candle Vista 110"",""quantity"":1},{""product"":""Candle Orbit 548"",""quantity"":1},{""product"":""Candle Shift 916"",""quantity"":1}]",5523.65,20.21,-37.799877,144.91919,5,5267.68,Autumn,True,2.8326,"vela nova 141 has settled into my family routine nicely. calls connect promptly, messages arrive when expected, and casual apps remain responsive while i move between them. the camera is sufficient for quick family photos, although it struggles a little in dim rooms. i have also appreciated not having to restart the phone during busy days. it feels like a practical handset that handles communication and ordinary browsing without creating extra work.",True
CORD000985,CUS00070,2019-02-19,Nickolson,"[{""product"":""Vela Halo 281"",""quantity"":1},{""product"":""Candle Edge 932"",""quantity"":1},{""product"":""Candle Orbit 674"",""quantity"":1}]",2345.28,11.64,-37.839523,144.972799,15,2005.13,Summer,False,2.3445,"i purchased vela core 615 to schedule a household outlet while i was away from the room. the physical setup was not especially complicated, but the instructions were vague about the order of pairing, adding the outlet, and creating a schedule. the first attempt ended with the outlet visible but unavailable for control. i had to remove it and start again, and the application did not explain what had gone wrong. that early confusion became a warning about the amount of supervision this product would require. the schedules were unreliable in everyday use. an outlet could turn on at the expected point one day and miss the same routine the next day. the application sometimes displayed the schedule as active even though the connected appliance remained off. i recreated the routine, changed the time settings, and restarted both the outlet and the control application. none of those steps removed the uncertainty. manual switching from the control screen usually produced a response, but the product was bought for scheduled control, so a command that works only when watched is not enough. i used it with a lamp and a small household device, keeping the routine simple. even with that limited arrangement, a missed action meant checking the outlet physically and correcting it by hand. after a network interruption, i found the schedule still listed but no longer operating. the indicator on the unit was too limited to show whether the next action was queued or lost. i became reluctant to connect anything that needed predictable timing because the failure was quiet and easy to overlook. the warranty support exchange added to the frustration. the response suggested resetting the outlet and rebuilding the schedule, which i had already done several times. there was no explanation for the disagreement between the displayed status and the physical outlet. vela core 615 can switch when directly commanded, but the scheduled behaviour remains inconsistent and the feedback is poor. instead of reducing routine checks, it created them. the missed actions, awkward setup, and lack of dependable status make this a disappointing purchase that i cannot recommend.",False
CORD000986,CUS00267,2019-08-17,Thompson,"[{""product"":""Candle Lumen 220"",""quantity"":1},{""product"":""Candle Edge 392"",""quantity"":1},{""product"":""Vela Core 957"",""quantity"":1},{""product"":""Candle Orbit 548"",""quantity"":1},{""product"":""Candle Flux 162"",""quantity"":2}]",6553.26,16.14,-37.756578,144.905529,5,6241.74,Winter,False,7.2272,"vela atlas 197 has fitted into my daily routine more naturally than the wearable i tried before. i mainly use it for timekeeping and habit reminders, and those functions are presented without making me manage the device constantly. the previous wearable sent reminders in a way that felt intrusive, while this one is easier to notice and then dismiss when i am busy. i have kept using it because it supports small routines without taking over my attention. the display is readable during normal indoor use, and the controls became familiar after a short period. i can check the time quickly, review a reminder, and continue with whatever i was doing. its lighter feel is also preferable to my older device, which became uncomfortable by the end of a long day. the strap has remained secure during ordinary movement, although i would prefer a little more flexibility when adjusting it for different clothing. i do not use every available function, and some of the health-related information is more detailed than i need. battery performance has been consistent enough for my routine, but frequent interaction means charging becomes more regular. those are manageable limitations rather than reasons to stop wearing it. compared with the earlier wearable, vela atlas 197 is calmer, easier to read, and more practical for reminders and everyday timekeeping. it has become a quiet prompt for habits rather than another device demanding attention.",True
CORD000987,CUS00055,2019-11-30,Bakers,"[{""product"":""Candle Orbit 674"",""quantity"":1},{""product"":""Vela Core 957"",""quantity"":1},{""product"":""Candle Shift 916"",""quantity"":1},{""product"":""Vela Halo 137"",""quantity"":1},{""product"":""Candle Edge 392"",""quantity"":1}]",3589.94,9.75,-37.784681,144.98092,15,3061.2,Spring,False,3.083,"vela spark 279 solved an untidy problem that i had tolerated for far too long. my charging cables used to collect in a drawer, become tangled, and then turn up in the wrong bag. this organiser gives each cable a more definite place, so preparing for work or travel takes less searching. compared with the simple pouch i used before, it is easier to see what is stored and easier to return everything after use. the improvement is most apparent when i am packing quickly. i can keep the cables together without wrapping them into a tight knot, and the organiser does not take up much room beside other mobile accessories. at home it has stopped the charging area from becoming a loose pile. the materials feel sufficiently sturdy for ordinary handling, and after repeated opening and closing it has not become difficult to use. vela spark 279 is not exciting technology, but it removes a small source of daily irritation. there are limits to the compact design. a particularly bulky cable or a larger charging block needs to be carried separately, and filling every space can make the organiser less flexible. i also had to change my habit of dropping everything into one pocket. once that adjustment was made, the comparison with my old pouch was clear: the pouch stored cables, while vela spark 279 helps me keep them organised. it is a modest purchase, yet it has made travel preparation and everyday charging noticeably more orderly.",True
CORD000988,CUS00295,2019-02-14,Bakers,"[{""product"":""Candle Edge 392"",""quantity"":1},{""product"":""Vela Core 957"",""quantity"":1},{""product"":""Candle Flux 162"",""quantity"":1},{""product"":""Candle Orbit 674"",""quantity"":1}]",2031.57,11.24,-37.850578,145.006856,5,1941.23,Summer,False,4.6266,"candle arc 564 has settled into my work routine better than the older wireless set i was using. i mainly listen while concentrating at my desk, so i wanted sound that would remain enjoyable without demanding constant adjustment. these headphones provide a fuller presentation than my previous pair, with voices staying distinct and music retaining enough separation to avoid sounding flat during longer sessions. the biggest difference is consistency. my old set occasionally needed reconnecting when i moved around the room, whereas candle arc 564 has kept its connection through normal movement between the desk and nearby shelves. pairing was straightforward, and after the first setup i have not had to repeat the process. the controls are simple enough to operate by touch, although i sometimes press the wrong button when i am wearing gloves or moving quickly. for comparison, a smaller pair i own is lighter and easier to carry, but it sounds thinner and becomes tiring sooner. candle arc 564 feels more substantial and suits focused listening at home. the ear cushions became warm after a particularly long afternoon, so i would not call the fit perfect for every season. even with that limitation, the headband stayed comfortable enough for ordinary work and did not need frequent repositioning. i have used it for music, spoken audio, and background sound while handling routine tasks. it does not turn a noisy room into silence, but it keeps my attention on what i am listening to and avoids the interruptions i experienced with the previous set. candle arc 564 is a strong choice for home desk listening, especially if stable wireless performance and a richer sound are more important than the lightest possible design.",True
CORD000989,CUS00297,2019-05-30,Bakers,"[{""product"":""Candle Edge 392"",""quantity"":1},{""product"":""Candle Orbit 674"",""quantity"":1},{""product"":""Candle Orbit 548"",""quantity"":2}]",1211.95,11.63,-37.780131,145.051223,10,1102.39,Autumn,False,5.9357,"vela atlas 971 has spent the last nineteen days handling the practical side of my workday: calls, calendar changes, reminders, and quick messages. i transferred my schedule during the first evening and used the phone the next morning for a full set of meetings. the calendar was easy to scan between calls, and i could move an appointment or add a note without losing track of the rest of the day. that made the phone feel useful immediately rather than requiring a long period of adjustment. outside work, i have used it for navigation, photographs, reading, and family video calls. voice conversations have remained clear in the places where i normally take them, and the device has moved smoothly between the calendar and other applications. i have carried it in a pocket and kept it on the desk during long periods of planning without finding it awkward. battery life has covered my usual day of calls and screen checks, with an overnight charge keeping the routine simple. the phone has not surprised me with crashes or interruptions during ordinary use. one-handed typing is not perfect for me, and i still need to reduce distractions when several appointments arrive together. those are habits i can manage. vela atlas 971 has given me a dependable centre for work communication and planning while remaining capable for everyday personal use. it feels responsive, practical, and well matched to the tasks that led me to buy it. after using it through busy and quiet days alike, i am pleased with the choice.",True
CORD000990,CUS00144,2019-03-01,Nickolson,"[{""product"":""Candle Orbit 548"",""quantity"":1},{""product"":""Vela Core 957"",""quantity"":2}]",799.01,27.08,-37.887891,144.983435,10,746.19,Autumn,True,7.8012,"candle lumen 778 has been used for video meetings and home media streaming, and it compares poorly with the previous network device. a connection is available, but performance changes without warning. during meetings, speech becomes broken while other devices are streaming, and the problem takes long enough to correct that conversations are interrupted. the old unit had fewer controls, yet it behaved less erratically under the same household workload. streaming on one device can continue, but adding a second screen often leads to pauses and repeated buffering. the administration page shows activity without making the source of the problem obvious, so i have spent too much time restarting equipment and checking cables. device status information is present, although it is too vague to explain the failures. this is not a total loss of connection every time; the intermittent nature is what makes candle lumen 778 especially frustrating. the quest family positioning suggests a flexible home network, but daily use has exposed weak management and poor stability. the setup process did not match the instructions, and the support material gives broad advice that does not help with meeting interruptions. compared with the previous device, i have less confidence when scheduling a call or starting a film. the network performs basic tasks, but unreliable handling of shared traffic makes it unsuitable for my household. i regret replacing the older unit and would avoid this model.",False
CORD000991,CUS00320,2019-06-19,Thompson,"[{""product"":""Vela Core 957"",""quantity"":1},{""product"":""Candle Orbit 674"",""quantity"":2},{""product"":""Vela Halo 281"",""quantity"":1}]",1450.33,16.87,-37.743519,144.91876,15,1249.65,Winter,False,8.0821,"vela ridge 617 has fitted neatly into my walking and commuting routine. notifications appear quickly, the time is easy to read during a glance, and the band stays comfortable when worn for several hours. the companion setup was uncomplicated, and charging does not take much planning. bright sunlight makes the display less visible, which is the main limitation i have noticed. otherwise, it is a practical and dependable daily wearable.",True
CORD000992,CUS00246,2019-12-24,Thompson,"[{""product"":""Vela Core 957"",""quantity"":1},{""product"":""Candle Orbit 674"",""quantity"":2},{""product"":""Vela Halo 137"",""quantity"":1},{""product"":""Vela Halo 281"",""quantity"":1}]",2210.22,22.38,-37.759543,144.923658,0,2232.6,Summer,True,6.2558,"candle lumen 112 has worked well as a portable screen for watching media and joining video calls. i can move it from the living room to the bedroom without much effort, and the display remains clear when i am sitting at different angles. spoken content is easy to follow, while the microphone and camera have been sufficient for family calls and informal meetings. the interface responds quickly enough for switching between a film, messages and browsing. battery life supports several hours of mixed use, though i generally charge it overnight when i expect a busy day. the casing can show fingerprints, and the speakers lack some depth at higher volume, but those are modest compromises. candle lumen 112 has proved flexible, enjoyable and well suited to portable entertainment and communication.",True
CORD000993,CUS00212,2019-06-15,Bakers,"[{""product"":""Candle Orbit 548"",""quantity"":1},{""product"":""Candle Shift 916"",""quantity"":1},{""product"":""Candle Orbit 674"",""quantity"":3},{""product"":""Vela Halo 281"",""quantity"":1}]",3617.76,13.58,-37.844829,145.014104,10,3269.56,Winter,False,4.213,"vela ridge 401 handles the ordinary tasks i bought it for, including calls, messages, maps, and browsing, and it feels more current than my previous phone in several small ways. navigation stayed responsive during local trips, and switching between communication and map use did not cause the interruptions i had begun to expect from the older device. the handset is comfortable enough for short periods, although i find it tiring to hold for long reading sessions. the screen is clear indoors, but i needed more adjustment than expected in strong outdoor light. compared with a budget phone i used before, vela ridge 401 is quicker when several everyday apps are open. compared with a phone from a higher range that i have handled, it offers less polish in the camera and a less consistent battery experience. my normal day ended with sufficient charge, but heavier navigation and media use reduced that margin noticeably. the 5g connection worked where it was available, while ordinary coverage remained the more important factor for most of my use. i appreciate that the phone does not make basic communication complicated, yet i would not choose it solely for demanding photography or long journeys without access to charging. after three weeks, there have been no major problems, but neither has it transformed my routine. the 24-month warranty makes the purchase easier to live with. vela ridge 401 is a competent middle-ground smartphone with clear strengths for daily communication and some compromises in comfort and endurance.",True
CORD000994,CUS00278,2019-10-17,Bakers,"[{""product"":""Vela Core 957"",""quantity"":1},{""product"":""Candle Lumen 220"",""quantity"":1}]",3800.86,10.36,-37.777733,144.977447,5,3621.18,Spring,False,3.9131,"candle edge 428 was installed to improve the connection in the room where i work and watch media. compared with the previous network arrangement, video meetings now remain more consistent when another person is streaming elsewhere in the home. i notice fewer moments where a conversation freezes or the picture becomes difficult to follow. streaming has also become less interrupted during normal evening use, which is a meaningful improvement over the occasional buffering i had accepted before. i spent time comparing different positions because the placement made more difference than i expected. once it was settled, candle edge 428 handled calls, browsing, and media playback without needing regular attention. it did not remove every fluctuation during heavier household use, and the room farthest away is still not identical to the room where the equipment sits. those limits are understandable for a connected network intended to extend coverage, and they have not affected my main work area. the older setup required more awareness of which device was using the connection. with candle edge 428, i can join a meeting while someone else watches a program without planning around it. the result is not dramatic in every room, but it is clear in the spaces that previously caused trouble. for a home that combines remote meetings and streaming, this has been a worthwhile and practical improvement.",True
CORD000995,CUS00385,2019-04-30,Bakers,"[{""product"":""Candle Lumen 220"",""quantity"":1},{""product"":""Candle Edge 392"",""quantity"":1}]",3905.14,12.54,-37.754674,145.035595,5,3722.42,Autumn,False,7.101,"candle arc 420 has handled my creative projects and media editing with encouraging consistency. i have used it for arranging images, trimming clips and keeping reference material open beside my work. the screen gives me enough room to see the timeline without constantly hiding other panels, and the keyboard is comfortable when i switch back to writing descriptions or planning notes. projects open promptly and ordinary edits remain responsive. exporting a larger piece makes the fan audible and the body warm, so i avoid placing it on soft furniture during longer sessions. that is expected for the workload and has not interrupted my progress. the lighter design is convenient when i take work to another room, though i pack it carefully. after seventeen days, candle arc 420 has proved versatile without feeling unnecessarily complicated. it supports both creative experimentation and routine writing, which makes it a useful all-round machine for my current projects.",True
CORD000996,CUS00192,2019-12-19,Thompson,"[{""product"":""Candle Vista 110"",""quantity"":1},{""product"":""Vela Nova 753"",""quantity"":1}]",6220.2,12.47,-37.835383,144.919018,0,6232.67,,False,3.528,"i bought candle bloom 370 for creative projects and occasional media editing, expecting it to handle a mixture of writing, images, and video work. the first setup took longer than it should have because updates interrupted the process more than once. basic browsing was possible, but the machine became sluggish as soon as several applications were open. windows took a long time to appear, and switching between editing tasks produced repeated pauses that broke my concentration. during a longer editing session, the fan became loud and the case grew uncomfortably warm near the keyboard. previewing a project led to stuttering, and exporting left the laptop unresponsive for several minutes. i had to save repeatedly because the software froze without warning. the display showed the material, but its limited viewing angle made colour decisions difficult when i shifted in my chair. these issues were not occasional annoyances; they kept returning throughout the month. the keyboard has a shallow, hollow feel, and the touchpad sometimes ignored a deliberate click. battery use was also disappointing during demanding work, forcing me to remain near an outlet. candle bloom 370 can perform simple office tasks, but that basic function does not make it suitable for creative projects and media editing. the long warranty cannot compensate for the poor performance, heat, noise, and unreliable workflow. i regret choosing this laptop and would avoid it for demanding work.",False
CORD000997,CUS00188,2019-06-15,Thompson,"[{""product"":""Vela Halo 281"",""quantity"":1},{""product"":""Candle Orbit 548"",""quantity"":2},{""product"":""Candle Edge 392"",""quantity"":2},{""product"":""Vela Halo 137"",""quantity"":1}]",2554.27,13.35,-37.816781,144.902519,15,2184.48,Winter,False,3.94,"i have worn vela core 1047 for about twenty days, using it mainly for habit reminders and checking the time during ordinary routines. the lightweight design is comfortable, and the display is clear enough for a quick glance while walking or working. setting a reminder was straightforward, and the alerts have helped me remember small tasks without reaching for my phone. timekeeping has remained consistent, which is the part i use most often. the device feels more limited when i try to manage several reminders or review older activity. the menus require a few extra taps, and the small screen is not ideal for reading longer information. one reminder did not appear until i reopened the connected application, so i still keep important tasks elsewhere. vela core 1047 is a pleasant basic wearable for time checks and occasional prompts. it does those jobs with little fuss, but the cramped interface and one delayed alert leave it feeling more suitable for simple routines than detailed daily planning.",True
CORD000998,CUS00049,2019-04-08,Bakers,"[{""product"":""Candle Orbit 548"",""quantity"":1},{""product"":""Candle Orbit 674"",""quantity"":1}]",580.13,12.73,-37.764765,145.056151,0,592.86,Autumn,False,7.3453,"candle arc 438 has made managing our guest access and connected devices much more orderly. i can separate visitors from the main household network and review which devices are active without digging through a confusing sequence of settings. that matters when several phones, televisions, and work devices are online at once. the connection has remained steady during ordinary use, including video calls and streaming, and the management controls are clear enough to revisit after the initial setup. i needed a little patience to name everything sensibly, but that was a one-time organisation task rather than a problem with the hardware. the unit also sits unobtrusively near the rest of our equipment. candle arc 438 has given me better visibility and control over a busy home network. it is a practical choice for anyone who wants guest access to remain separate without making everyday connectivity feel complicated.",True
CORD000999,CUS00260,2019-06-23,Bakers,"[{""product"":""Candle Lumen 220"",""quantity"":1},{""product"":""Vela Halo 281"",""quantity"":1},{""product"":""Candle Orbit 674"",""quantity"":1},{""product"":""Candle Orbit 548"",""quantity"":1}]",4640.26,14.66,-37.763206,145.014766,0,4654.92,Winter,False,5.4787,"vela core 669 has protected my mobile devices during travel for roughly two years, moving between work bags, overnight luggage and a crowded drawer at home. the outer material has kept its shape, while the interior padding prevents the screen and corners from rubbing against other items. i like the separate space for a cable because it stops the accessory from winding around the device. the closure has remained secure without being difficult to open, and the case has picked up only light marks despite frequent handling. it is not large enough for every charger or a bulky power pack, so i still pack those separately. the inside can also be a tight fit when the device has a thick cover attached. for a slim phone or tablet setup, however, vela core 669 has offered clean, reassuring protection and has made packing for short trips noticeably easier.",True
CORD001000,CUS00228,2019-03-17,Bakers,"[{""product"":""Vela Core 957"",""quantity"":2},{""product"":""Candle Orbit 548"",""quantity"":1},{""product"":""Candle Edge 392"",""quantity"":2},{""product"":""Candle Shift 916"",""quantity"":1}]",3409.28,23.86,-37.762831,145.056503,5,3262.68,Autumn,True,7.5164,"vela atlas 323 has worked nicely for shared films and television at home. everyone can find the main controls quickly, streaming resumes smoothly, and the picture remains enjoyable from different seats. the built-in speakers lack depth for a dramatic film, but ordinary programs sound clear enough. after regular family use, the display has proved straightforward and dependable, with very little time spent solving small annoyances.",True
