order_id,customer_id,date,nearest_warehouse,shopping_cart,order_price,delivery_charges,customer_lat,customer_long,coupon_discount,order_total,season,is_expedited_delivery,distance_to_nearest_warehouse,latest_customer_review,is_happy_customer
CORD001001,CUS00413,2019-01-28,Nickolson,"[{""product"":""Vela Halo 281"",""quantity"":1},{""product"":""Candle Vista 110"",""quantity"":1}]",2347.33,23.06,-37.875253,145.009878,10,2135.66,Summer,True,7.227,"candle vista 488 has helped me manage a busy home network without making routine changes feel difficult. i created a separate guest network quickly, and visitors have been able to connect without seeing the household devices. the device list is also useful when i want to check what is currently online or remove something i no longer recognise. coverage has remained steady across the rooms where we use phones, laptops and a television. i spent a little time learning where the management options were located, but the layout became familiar after that first setup. the unit is larger than some alternatives, although it sits neatly on a shelf. candle vista 488 has given me clearer control over shared access and has kept everyday connections running smoothly.",True
CORD001002,CUS00147,2019-03-29,Thompson,"[{""product"":""Vela Halo 281"",""quantity"":1},{""product"":""Vela Core 957"",""quantity"":1},{""product"":""Candle Orbit 674"",""quantity"":1}]",1126.27,8.7,-37.795587,144.935013,5,1078.66,Autumn,False,2.1752,"candle lumen 994 has been a pleasant choice for listening at home. the wireless link stayed intact as i moved between rooms, and the fit remained comfortable through long evening sessions. voices sound natural and music has a balanced character that suits relaxed listening. the charging port is not easy to see in dim light, but i quickly learned its position. for everyday use, it has been reliable and enjoyable.",True
CORD001003,CUS00338,2019-02-03,Thompson,"[{""product"":""Candle Edge 392"",""quantity"":1},{""product"":""Candle Orbit 548"",""quantity"":1},{""product"":""Candle Flux 162"",""quantity"":1},{""product"":""Candle Lumen 220"",""quantity"":1}]",5221.5,11.97,-37.800004,144.884614,20,4189.17,Summer,False,5.6649,"i have used the vela halo 443 for several weeks in a small home office, mainly for presentation slides and rotating family photos. getting it running was straightforward, and the screen gave the room a pleasant focal point without taking much desk space. photos look bright enough for casual viewing, while text in presentations stays readable from the other side of the room. i also liked being able to leave a collection running during meetings instead of opening files one at a time. the first surprise was how much time i spent adjusting the viewing angle. from directly in front, the image is clear and balanced, but it becomes less convincing when i move to the side. that is manageable for a single viewer, though it is noticeable when several people gather around a table. the controls are simple once understood, but the menu is not especially quick when i want to change between a presentation and a photo display. after repeated use, the vela halo 443 has settled into a useful role rather than becoming the centre of my setup. it starts reliably and has handled ordinary switching between slides and pictures without drama. i would have preferred a more forgiving viewing angle and faster menu navigation, yet the basic display experience remains pleasant. it is a reasonable choice for a shared room where clear presentations and simple photo viewing matter more than advanced features.",True
CORD001004,CUS00232,2019-04-12,Nickolson,"[{""product"":""Candle Orbit 548"",""quantity"":1},{""product"":""Vela Core 957"",""quantity"":2},{""product"":""Candle Edge 392"",""quantity"":1}]",1174.76,15.54,-37.875084,145.007182,20,955.35,Autumn,False,7.0974,"vela echo 223 was compared with an older living-room display used for family media streaming. the older display had fewer built-in options, but everyone could start a programme without waiting through repeated loading screens. vela echo 223 takes a long time to open some applications, and returning to the home screen can leave a blank image. those delays quickly become irritating when different family members are trying to choose something to watch. once a programme starts, playback is not consistently stable. videos pause even when other household devices are idle, and the picture sometimes drops to a low-quality image before recovering. the sound becomes thin during these changes, then jumps louder when playback resumes. menus are crowded and difficult for younger users to follow, so they often select the wrong item or cannot find the way back. the older display is less feature-heavy, but it creates fewer arguments over controls. after weeks of use, the remote became another weak point. button presses are not always registered, and the response can arrive several seconds late. battery replacement did not remove the delay. a support reply suggested restarting the display and checking the connection, but both had already been done and the interruptions continued. vela echo 223 can stream when conditions are favourable, yet its loading delays, poor menu handling, and repeated pauses make family use frustrating. compared with the older display, it is less dependable and harder to share. i regret choosing it and cannot recommend it for family streaming.",False
CORD001005,CUS00106,2019-05-10,Bakers,"[{""product"":""Candle Vista 110"",""quantity"":1},{""product"":""Candle Orbit 548"",""quantity"":3},{""product"":""Vela Core 957"",""quantity"":1}]",2856.27,9.63,-37.782916,144.977965,15,2437.46,Autumn,False,3.3718,"vela atlas 629 has made a small but persistent desk problem much easier to manage. before using it, my charging cables collected beside the power outlet, slipped behind the desk, and became tangled whenever i needed one. i compared this organiser with a simple loose tray and found that vela atlas 629 keeps each cable in a more predictable position. it takes only a moment to place a cable back, which means the desk stays orderly even on busy mornings. i have used it for the cables connected to my phone, tablet, and headphones, changing the arrangement as devices move around the room. the openings hold the cables without making them difficult to remove, and the organiser has stayed in place during ordinary handling. the material feels sufficiently firm for daily use, while the shape does not take over the available workspace. a tray can hide several cables, but it still leaves them crossing over one another; this design makes individual leads easier to identify before i unplug anything. the capacity is limited if someone wants to store a large collection in one spot, and very thick cable ends need a little patience when being positioned. for my everyday set, those limitations are minor. vela atlas 629 is more convenient than leaving cables loose and more accessible than putting them in a drawer. it has improved the appearance of my desk and removed an irritating little task from my routine, so i am pleased with the purchase.",True
CORD001006,CUS00174,2019-01-23,Bakers,"[{""product"":""Candle Vista 110"",""quantity"":2},{""product"":""Vela Core 957"",""quantity"":1},{""product"":""Vela Nova 753"",""quantity"":1}]",8308.26,10.03,-37.790795,144.972984,10,7487.46,Summer,False,2.8947,"for several weeks, the vela wave 985 has watched the main entry and a frequently used window in my home. installation took little time because the pieces are light and placement is flexible. alerts arrive promptly when a door opens or the window moves, and the wording identifies the activated point. i have tested it at different times and from different phones in the household, with the same basic result. i can check the activity history after returning home and see whether an opening event occurred. the unit blends into the frame and has not shifted despite repeated use. i did spend time adjusting alert preferences because the first setting produced more messages than i wanted, but that was easy to correct. it has not sent unexplained warnings during normal use. the vela wave 985 performs its focused job neatly, and the 12-month warranty adds confidence. for straightforward door and window activity alerts, it has been a worthwhile addition.",True
CORD001007,CUS00445,2019-07-01,Nickolson,"[{""product"":""Candle Orbit 674"",""quantity"":1},{""product"":""Candle Edge 392"",""quantity"":1},{""product"":""Vela Halo 137"",""quantity"":1}]",1459.7,27.96,-37.865113,144.938701,10,1341.69,Winter,True,5.839,"i bought candle orbit 620 for creative projects and media editing, and it has kept pace with my regular workflow. editing sessions feel responsive, and moving between applications is smooth enough that i can concentrate on the work instead of the machine. the screen gives me a comfortable area for timelines and panels. the fan becomes noticeable during longer exports, but it has not disrupted my routine. it is a capable laptop for projects that need more than basic office tasks.",True
CORD001008,CUS00054,2019-08-03,Bakers,"[{""product"":""Candle Orbit 674"",""quantity"":1},{""product"":""Vela Halo 281"",""quantity"":1},{""product"":""Vela Core 957"",""quantity"":2}]",1397.74,14.75,-37.788096,145.052497,0,1412.49,Winter,False,5.5898,"vela atlas 593 has become a useful second screen in my home because it handles both presentations and photo viewing without feeling dedicated to only one task. compared with using a laptop for showing slides to a small group, the larger display is easier for people around the room to see. it also makes browsing photos more enjoyable than passing a phone around. i have used it in a living room and at a small table, and its placement has been simple to change when the room is rearranged. for presentations, the screen gives the material more presence and keeps the audience from leaning over a laptop. compared with a more specialised presentation setup, it is less involved and better suited to occasional use. photo viewing is where i notice the greatest everyday benefit: family pictures are visible from several seats, and changing between images feels natural. it is not the sort of product i would buy for a large event or demanding professional display, but that is not how i use it. over the first fortnight, i tried it with work slides, travel photographs, and a few informal gatherings. the screen responded promptly, and the controls did not make visitors feel as though they needed a lesson before viewing anything. the compact design also leaves room on the furniture for other things. compared with keeping an old tablet on a stand, vela atlas 593 feels more purposeful and easier to share. it has a narrower role than a complete entertainment system, yet for presentations and casual photo viewing it has been a pleasingly adaptable choice. i would recommend it to someone who wants one approachable display for both activities.",True
CORD001009,CUS00158,2019-02-04,Thompson,"[{""product"":""Candle Flux 162"",""quantity"":1},{""product"":""Candle Vista 110"",""quantity"":2},{""product"":""Candle Orbit 548"",""quantity"":1}]",4949.54,10.26,-37.784299,144.939267,10,4464.85,Summer,False,3.2287,"candle shift 898 has given the far room a much steadier connection. i can move between rooms during a call without the awkward pauses i had before, and media continues playing when the signal travels through the hallway. the status light is clear and the unit has required little attention after setup. it is larger than some compact alternatives, but the coverage has been worth it.",True
CORD001010,CUS00168,2019-01-31,Bakers,"[{""product"":""Candle Vista 110"",""quantity"":2}]",3633.18,8.25,-37.812683,144.997538,15,3096.45,Summer,False,0.361,"candle edge 572 has been helpful during field visits where i need to complete forms and show information to clients. the screen remains readable in ordinary indoor settings, and the tablet is quick to wake when i need to record a response. handwritten notes and typed entries both feel natural, which lets me work in the way that suits the situation. i have carried it between appointments without worrying about the construction, and the battery has covered my usual working day. the display is harder to read in strong outdoor glare, and a protective case adds noticeable weight. those points are reasonable for a portable work device. candle edge 572 has made field administration more organised and has given client presentations a more direct, professional feel.",True
CORD001011,CUS00083,2019-12-10,Thompson,"[{""product"":""Vela Core 957"",""quantity"":1}]",271.47,12.86,-37.750247,144.945854,20,230.04,Summer,False,6.9423,"the vela atlas 791 became the shared point of contact for our family, handling calls, messages, maps, and the casual applications we use during the day. i was not looking for a specialised device; i wanted a phone that different family members could pick up and understand. it has met that expectation. text is readable, the touch response feels natural, and moving between a message and another app does not require much patience. we used it at home first, then took it on errands and short outings. communication remained dependable, and the camera was sufficient for quick snapshots of everyday moments. nobody in the household has needed a long explanation before using the main features. the vela atlas 791 also feels manageable in one hand, which is useful when carrying bags or helping a child at the same time. its finish is smooth and attractive, though it can be slippery on a bare surface, so a case is sensible. the battery has covered our ordinary day, including messaging, browsing, and occasional video, although heavy use means charging before the evening is over. that seems reasonable for the way we use it. the built-in speaker works for calls and short clips, while headphones are preferable for longer listening. i have encountered a brief pause when several applications are resumed together, but it has not become a pattern. what has mattered most is the phone's predictability: family members can call, share information, and use casual apps without fuss. the vela atlas 791 has been a pleasant everyday device, and it has earned a steady place in our household.",True
CORD001012,CUS00239,2019-11-23,Thompson,"[{""product"":""Candle Orbit 674"",""quantity"":1},{""product"":""Candle Orbit 548"",""quantity"":1},{""product"":""Vela Core 957"",""quantity"":1},{""product"":""Candle Edge 392"",""quantity"":1},{""product"":""Vela Halo 281"",""quantity"":1}]",1758.09,22.22,-37.822685,144.923514,5,1692.41,Spring,True,2.3496,"i compared candle arc 204 with the wireless headphones i had been using during commutes and spoken-content listening. pairing was possible, but the connection dropped whenever i put the phone in a coat pocket or moved through a crowded station. playback then paused until i opened the phone and reconnected. my previous headphones were not impressive in appearance, but they maintained a usable link through the same journey. spoken content exposed the poor sound balance. voices were quiet while nearby traffic and low background noise remained prominent, so i had to raise the volume and still missed parts of conversations and podcasts. the controls were difficult to locate by touch, and pressing the wrong area often skipped forward. after extended use the ear pieces became uncomfortable, especially when i was carrying a bag and adjusting them repeatedly. these problems made an ordinary commute tiring. the headphones charged and produced sound when the connection stayed active, but that basic operation was not enough. battery level also fell unpredictably, leaving no confidence that they would last through a return trip. i reset the pairing and tried a different device, with the same dropouts and weak speech clarity. compared with the headphones they replaced, candle arc 204 is unreliable, awkward, and frustrating for travel. i cannot recommend it for regular commuting or spoken-content listening.",False
CORD001013,CUS00390,2019-05-02,Nickolson,"[{""product"":""Candle Orbit 548"",""quantity"":1},{""product"":""Vela Core 957"",""quantity"":1}]",527.54,12.13,-37.877735,144.972164,15,460.54,Autumn,False,6.5801,"i bought the vela core 471 mainly for work calls and calendar management, and it has performed well in both areas. calls connect quickly, voices remain clear in ordinary indoor use, and the microphone has been understood without people asking me to repeat myself. the calendar is simple to organise, with appointments easy to review while travelling between meetings. notifications arrive promptly, and i can move from an invitation to an email or message without the phone becoming sluggish. the screen is comfortable for reading schedules, while the size still fits easily in a pocket. battery life has covered my usual working day with room for evening messages, although frequent video use would require more attention to charging. i also like that the interface feels uncluttered rather than demanding constant adjustment. the camera is serviceable for quick documents but is not the reason to choose this model. for communication, planning, and everyday use, the vela core 471 has been a dependable and pleasantly uncomplicated phone.",True
CORD001014,CUS00114,2019-03-07,Thompson,"[{""product"":""Vela Halo 281"",""quantity"":2},{""product"":""Candle Orbit 548"",""quantity"":1},{""product"":""Candle Edge 392"",""quantity"":1},{""product"":""Vela Core 957"",""quantity"":1}]",1964.77,25.26,-37.831619,144.901817,25,1484.09,Autumn,False,4.4985,"vela wave 409 has helped keep my phone at a convenient angle beside the monitor during calls and desk work. the arm adjusts smoothly and the base remains stable on a normal surface. the joint needs firm tightening, and a bump can make the phone drift from its chosen position. it is a practical accessory for daily positioning, although the adjustable design would benefit from a stronger hold.",True
CORD001015,CUS00158,2019-02-04,Thompson,"[{""product"":""Candle Lumen 220"",""quantity"":1},{""product"":""Candle Orbit 674"",""quantity"":1},{""product"":""Candle Edge 932"",""quantity"":1},{""product"":""Candle Orbit 548"",""quantity"":1}]",5600,10.26,-37.784299,144.939267,10,5050.26,Summer,False,3.2287,"candle shift 898 has given the far room a much steadier connection. i can move between rooms during a call without the awkward pauses i had before, and media continues playing when the signal travels through the hallway. the status light is clear and the unit has required little attention after setup. it is larger than some compact alternatives, but the coverage has been worth it.",True
CORD001016,CUS00500,2019-08-05,Nickolson,"[{""product"":""Vela Halo 281"",""quantity"":1},{""product"":""Candle Orbit 548"",""quantity"":1},{""product"":""Vela Core 957"",""quantity"":1},{""product"":""Vela Halo 137"",""quantity"":2}]",2578.06,13.01,-37.845269,144.947455,10,2333.26,Winter,False,3.5444,"the candle lumen 598 has made a noticeable difference in the far rooms of my home. i placed it between the main network point and the study, and the connection now reaches the hallway and back bedroom with much less interruption. video calls from the study remain steady, while ordinary browsing in the bedroom no longer drops whenever someone uses the kitchen. installation was uncomplicated, and the indicators gave me enough information to find a suitable position without repeated guesswork. the unit is not especially small, so it needs a visible shelf rather than a hidden corner, but that is a minor trade-off for the extra coverage. it has been running quietly and consistently since i installed it. the candle lumen 598 is a worthwhile solution for extending a home network between rooms.",True
CORD001017,CUS00235,2019-03-15,Thompson,"[{""product"":""Vela Core 957"",""quantity"":2}]",542.94,7.43,-37.807685,144.947722,5,523.22,Autumn,False,0.5576,"vela echo 349 was intended to keep a phone upright during calls in a shared workspace, and it has done that without making the desk feel crowded. i used to balance my device against stationery or a cup, which worked only until someone moved an item. this support gives the phone a predictable place, so i can see incoming messages and join a call while keeping both hands available for notes. the adjustable position has been the most valuable part. i can set the screen toward myself during private work, then turn it slightly when a colleague needs to view a document. the base stays in place on the desk, and the support has held my phone securely during typing and charging. it has also reduced the awkward cable bends that happened when the phone was lying flat near the edge. over time, several people have used the accessory, and nobody has needed much instruction. the adjustment points remain firm, while changes are still possible without excessive force. i have moved it between two desks when needed, and the compact shape makes that simple. the finish has stayed presentable, although dust is visible on the darker surfaces and needs an occasional wipe. it can take a moment to find the right angle with a thicker case, and a very heavy device makes the support feel less balanced. those are minor constraints rather than serious defects. vela echo 349 has brought order to a messy part of the shared workspace and has made calls and reference tasks more comfortable. i am glad to have a simple accessory that continues to be useful every day.",True
CORD001018,CUS00470,2019-07-08,Thompson,"[{""product"":""Candle Orbit 548"",""quantity"":1},{""product"":""Vela Core 957"",""quantity"":1},{""product"":""Candle Edge 392"",""quantity"":2},{""product"":""Vela Nova 753"",""quantity"":1},{""product"":""Vela Halo 281"",""quantity"":2}]",6744.13,10.86,-37.82172,144.948429,15,5743.37,Winter,False,1.013,"candle flux 108 has improved the wireless coverage in the part of the house where i work. video meetings, document uploads, and ordinary browsing have continued with fewer interruptions, even when another person is using the network elsewhere. installation was manageable, and the setup process gave me enough information to connect the devices i use every day. the unit does not take much space on the desk, and its operation has been quiet and unobtrusive. i did need to reposition it once to get the best result, and the lights are brighter than i prefer during evening work. these are easy adjustments rather than serious faults. candle flux 108 has made my home-office routine calmer because i spend less time wondering whether a call or upload will fail. it is a practical improvement for shared household connectivity.",True
CORD001019,CUS00389,2019-02-05,Bakers,"[{""product"":""Candle Orbit 548"",""quantity"":1},{""product"":""Vela Halo 281"",""quantity"":1},{""product"":""Candle Flux 162"",""quantity"":1},{""product"":""Candle Edge 392"",""quantity"":1}]",2222.85,12.58,-37.777519,145.057335,15,1902,Summer,False,6.5436,"the candle shift 898 has helped extend coverage to the parts of my home that used to be less consistent. i placed it between the main connection and the room where i often work, and devices there now remain connected during ordinary browsing and calls. setup was manageable, with the status information making placement easier than guessing. once positioned, it blends into the room and requires little attention. i have noticed that location still matters, so moving it too far from the main connection is not productive, but that is useful practical guidance rather than a flaw. the connection has stayed steady for the household devices i use most, and the improvement is noticeable during daily work. the candle shift 898 has made the network feel more even across the home and has reduced interruptions.",True
CORD001020,CUS00455,2019-05-20,Bakers,"[{""product"":""Vela Nova 753"",""quantity"":1},{""product"":""Candle Lumen 220"",""quantity"":1}]",7933,9.92,-37.776436,144.9986,10,7149.62,Autumn,False,3.7434,"i have used candle vista 200 for document work, video meetings, and preparation while moving between rooms and offices. the keyboard is comfortable for longer typing sessions, and the screen gives documents enough space without making the laptop cumbersome to carry. video meetings have been stable, with clear enough sound for normal conversations. i can keep several work windows open and switch between them without the system feeling sluggish. the hinge holds its position well when i use it on a small desk, and the casing has handled regular travel without creaking. battery life is suitable for my usual schedule, although heavier meeting days may call for a top-up. the webcam is adequate rather than exceptional, but it has not caused complaints from colleagues. candle vista 200 has become a dependable portable office for the routine tasks i need to complete.",True
CORD001021,CUS00267,2019-07-12,Thompson,"[{""product"":""Candle Orbit 548"",""quantity"":2},{""product"":""Candle Edge 392"",""quantity"":2},{""product"":""Vela Halo 137"",""quantity"":2}]",2783.42,16.14,-37.756578,144.905529,5,2660.39,Winter,False,7.2272,"vela atlas 197 has fitted into my daily routine more naturally than the wearable i tried before. i mainly use it for timekeeping and habit reminders, and those functions are presented without making me manage the device constantly. the previous wearable sent reminders in a way that felt intrusive, while this one is easier to notice and then dismiss when i am busy. i have kept using it because it supports small routines without taking over my attention. the display is readable during normal indoor use, and the controls became familiar after a short period. i can check the time quickly, review a reminder, and continue with whatever i was doing. its lighter feel is also preferable to my older device, which became uncomfortable by the end of a long day. the strap has remained secure during ordinary movement, although i would prefer a little more flexibility when adjusting it for different clothing. i do not use every available function, and some of the health-related information is more detailed than i need. battery performance has been consistent enough for my routine, but frequent interaction means charging becomes more regular. those are manageable limitations rather than reasons to stop wearing it. compared with the earlier wearable, vela atlas 197 is calmer, easier to read, and more practical for reminders and everyday timekeeping. it has become a quiet prompt for habits rather than another device demanding attention.",True
CORD001022,CUS00472,2019-10-22,Thompson,"[{""product"":""Candle Orbit 548"",""quantity"":1},{""product"":""Vela Halo 281"",""quantity"":1},{""product"":""Vela Nova 753"",""quantity"":1}]",5190.42,9.78,-37.801831,144.914224,0,5200.2,Spring,False,3.1272,"vela atlas 665 has made scheduled control of a household power outlet much more consistent than the plug timer i previously used. i set it for routine lamps and a small appliance, and the schedule has followed the same pattern without the drift that developed with the older timer. being able to change the timing without reaching behind furniture is the most noticeable convenience. the controls are simple enough for occasional adjustments. i can pause a schedule when plans change and restore it later, which is more flexible than manually turning the old timer’s dial. the outlet remains usable for ordinary switching, and the device has fitted into the existing space without making the surrounding plugs difficult to reach. i still check the setting after a power interruption because i prefer not to assume that every schedule will survive every household event. compared with my previous timer, vela atlas 665 gives me a clearer view of what is supposed to happen and when. that has been useful for a lamp that needs to operate at different times on different days. the physical button is slightly awkward to press when the outlet is tucked behind a cabinet, and the indicator is not very visible from across the room. those are minor design limitations rather than problems with the routine control itself. i do not use it for anything that must be supervised as a safety measure, and i keep the schedule modest. within that boundary, it has been dependable and less fiddly than the mechanical timer. vela atlas 665 is a practical upgrade for simple household routines because it replaces guesswork and repeated manual adjustments with predictable control.",True
CORD001023,CUS00216,2019-11-03,Thompson,"[{""product"":""Vela Halo 281"",""quantity"":1},{""product"":""Candle Flux 162"",""quantity"":1},{""product"":""Vela Core 957"",""quantity"":1},{""product"":""Candle Orbit 548"",""quantity"":1}]",2118.57,10.44,-37.777893,144.959997,25,1599.37,Spring,False,4.0307,"the candle vista 596 has made game streaming and media capture more manageable than the arrangement i used before. during fifteen days of testing, i have recorded gameplay, prepared short streams, and switched between game footage and other media. the controls are understandable after a brief introduction, and the captured picture remains clear enough for sharing. i spend less time correcting the setup and more time actually playing or reviewing the material. compared with my previous capture equipment, the candle vista 596 handles transitions with fewer interruptions. connecting the sources was straightforward, and the unit has remained stable during longer sessions. the layout makes it possible to see what is being recorded without constantly opening another window. audio levels need a little attention when changing between sources, but once adjusted they have stayed consistent. the casing feels solid enough for a desk that is rearranged often. i also compared it with recording directly through software alone. software is convenient for quick clips, while the candle vista 596 gives me a clearer physical workflow when i am streaming and monitoring several elements at once. it is not the smallest accessory on the desk, and first-time users may need to read the controls carefully, but those are minor trade-offs for the added organisation. the candle vista 596 has reduced the awkward parts of my setup and produced dependable results. for streaming and media capture, i would choose it over my older equipment.",True
CORD001024,CUS00229,2019-06-06,Bakers,"[{""product"":""Vela Nova 753"",""quantity"":1}]",4403.61,13.39,-37.842687,145.013812,5,4196.82,Winter,False,3.9846,"candle arc 150 has accompanied me through a long stretch of document work and video meetings, and its portable design has proved genuinely helpful. i carry it between rooms and take it with me when i need to work away from my usual desk. it wakes promptly, handles several documents together, and keeps my regular work applications moving without making the experience feel laborious. the screen is comfortable for extended reading, while the keyboard has enough travel for writing notes throughout a meeting. video calls have been particularly straightforward. the camera and microphone are serviceable for meetings, and conversations remain natural when i am working from a quieter room. i appreciate not having to rearrange my workspace every time a call appears on my calendar. the battery has also suited my routine, giving me useful working time away from a power point, although i still recharge before a full day of intensive use. its weight and shape make it easy to place on a small table without feeling cramped. the machine is not designed to replace a large desktop for demanding work, and the compact form means that the display area can feel limited when several windows are open. i knew that trade-off when choosing it. after owning candle arc 150 for a while, i value the way it supports ordinary writing, research, and meetings with very little drama. it has earned a permanent place in my work bag because it is capable, portable, and pleasant to use.",True
CORD001025,CUS00475,2019-11-19,Bakers,"[{""product"":""Vela Halo 281"",""quantity"":1},{""product"":""Candle Orbit 548"",""quantity"":1},{""product"":""Candle Flux 162"",""quantity"":1},{""product"":""Vela Core 957"",""quantity"":1}]",2118.57,14.76,-37.888328,145.0499,20,1709.62,Spring,False,9.9452,"i compared candle lumen 1066 with the older gaming hardware in our shared room, using it for casual games with friends and family over several weeks. the older setup worked, but it required more cable changes and made one person manage most of the controls. candle lumen 1066 made starting a session more straightforward, and the arrangement felt less like a private desk station. people could join in without a long explanation, which mattered more to us than advanced settings. the controls were comfortable during ordinary games, and the system responded promptly to the actions we used most. i liked that a short session could begin without a large preparation ritual. the display output looked clear from the seating area, while the previous hardware became difficult to follow when someone sat off to the side. we also moved the unit occasionally to make room for another activity, and reconnecting it did not take much work. this is best suited to casual shared play rather than demanding competitive use. the menu includes more choices than everyone in the household needs, and learning them takes a little time. the built-in sound is acceptable for a room session, although a separate audio setup gives a fuller result. compared with our old hardware, candle lumen 1066 has made gaming more welcoming and less cluttered. it encourages short, social sessions instead of leaving the equipment unused, and that practical improvement has made it a worthwhile addition to the room.",True
CORD001026,CUS00107,2019-11-23,Thompson,"[{""product"":""Candle Orbit 548"",""quantity"":2},{""product"":""Candle Edge 392"",""quantity"":1},{""product"":""Candle Flux 162"",""quantity"":1},{""product"":""Vela Halo 281"",""quantity"":1},{""product"":""Candle Orbit 674"",""quantity"":2}]",3127.04,13.59,-37.758517,144.881405,0,3140.63,Spring,False,8.3403,"i have used candle vista 920 for creative projects and media editing, and it compares favourably with the general-purpose laptop it replaced. the difference is most apparent when i have a browser, reference material, and an editing project open together. i can move between tasks without the constant pauses that made my previous workflow feel disjointed. it handles photo adjustments, document preparation, and moderate media work in a way that suits my regular routine. the screen gives images and timelines enough room to inspect details, while the keyboard remains comfortable for writing notes and project descriptions. i also value the portability. it is easy to move from my desk to a shared table, and i can continue working without rebuilding the whole setup. candle vista 920 feels more purposeful for creative work than a basic office laptop, yet it does not demand a complicated learning period before becoming useful. over longer sessions, the layout and response have mattered as much as raw capability. windows open where i expect them, common applications launch promptly, and the trackpad supports precise selections when i am away from a mouse. exporting a finished project takes patience for larger files, so i still plan heavier tasks rather than assuming they will be instant. that is a reasonable compromise for a portable machine used across several kinds of work. the 24-month warranty adds confidence for an expensive piece of equipment, and the overall build has remained composed through frequent movement. compared with a simpler laptop, candle vista 920 offers a more satisfying balance for editing, research, and creative planning. it is not the lightest option i have handled, but its flexibility and steady everyday performance make it a strong long-term choice.",True
CORD001027,CUS00135,2019-04-23,Bakers,"[{""product"":""Vela Core 957"",""quantity"":1},{""product"":""Candle Flux 162"",""quantity"":1},{""product"":""Candle Edge 392"",""quantity"":1}]",1707.51,8.3,-37.824436,145.000201,0,1715.81,Autumn,False,1.6639,"the candle edge 1076 has made competitive play and voice communication more organised than my previous collection of loosely connected accessories. after 38 days, i have used it for regular matches, team conversations, and longer sessions with friends. the controls are easy to reach without pulling attention away from the game, and voice communication has remained clear enough for quick instructions. compared with switching between separate devices, the whole arrangement feels more coherent. the candle edge 1076 also compares well with using a general computer setup for everything. it gives the gaming area a clear centre, keeps the cables manageable, and makes it simple to adjust the balance between game sound and conversation. friends joining a session have understood the basic controls quickly, which avoids the long pauses that used to occur while someone searched through menus. the casing has stayed firm on the desk despite regular handling. it is not a complete answer for every competitive player. people who want extensive customisation may find the available controls limited, and the unit occupies noticeable space beside a monitor. i also needed a few sessions to settle on settings that suited different games. once adjusted, though, the candle edge 1076 has been dependable and pleasant to use. the 24-month warranty adds reassurance for frequently used gaming hardware. compared with my earlier improvised setup, it provides a cleaner, more consistent experience and has made team sessions easier to manage.",True
CORD001028,CUS00010,2019-06-25,Bakers,"[{""product"":""Candle Vista 110"",""quantity"":1},{""product"":""Candle Flux 162"",""quantity"":1},{""product"":""Candle Lumen 220"",""quantity"":1},{""product"":""Vela Core 957"",""quantity"":1}]",6677.74,26.15,-37.811634,145.03732,0,6703.89,Winter,True,3.7018,"candle shift 646 has produced usable recordings for game streaming and media capture. after the initial configuration, the main workflow is straightforward and footage remains consistent during ordinary sessions. changing sources mid-stream is awkward, and longer recording periods make the unit noticeably warm. the controls provide the necessary options but are not arranged especially intuitively. it is suitable for occasional capture work, while frequent streaming would benefit from a smoother setup.",True
CORD001029,CUS00236,2019-11-10,Thompson,"[{""product"":""Candle Orbit 548"",""quantity"":1}]",256.07,8.4,-37.822088,144.954622,5,251.67,Spring,False,1.2394,"i bought the vela nova 987 to keep calendar reminders and short message checks close while i was away from my desk. after several weeks, the alerts have been convenient for appointments, and the small screen is readable when i only need a quick glance. notifications usually appear without requiring me to take out my phone, which is the main reason i kept using it. reading a longer message is less comfortable because the display gives limited room and scrolling feels slow. the strap is acceptable for daily wear, though it does not feel particularly refined and can become noticeable during a long afternoon. battery use has been predictable, but i still prefer carrying a charger for longer outings. the vela nova 987 handles its basic purpose without drama, yet it does not replace a phone or offer much beyond quick information. i regard it as a useful reminder accessory with average comfort and modest convenience rather than an essential wearable.",True
CORD001030,CUS00459,2019-05-29,Bakers,"[{""product"":""Candle Orbit 548"",""quantity"":1},{""product"":""Vela Halo 281"",""quantity"":1},{""product"":""Candle Edge 932"",""quantity"":1},{""product"":""Candle Orbit 674"",""quantity"":1},{""product"":""Candle Lumen 220"",""quantity"":1}]",6130.74,10.26,-37.784074,145.02975,20,4914.85,Autumn,False,4.1841,"vela core 147 has been useful for keeping small habits visible throughout the day. i use it for reminders, checking the time and nudging myself to stand up when i have been sitting too long. the display is easy to read indoors, and the vibration is noticeable without being disruptive during meetings. the strap has remained comfortable through ordinary workdays, though it can feel warm after a long walk in humid weather. i like that the reminder controls are simple enough to change without reaching for a manual each time. timekeeping has remained consistent, and charging has fitted comfortably into my evening routine. this is not a device for detailed training analysis, but that was not what i wanted. for everyday prompts and quick time checks, vela core 147 has been dependable, unobtrusive and genuinely useful.",True
CORD001031,CUS00346,2019-03-11,Bakers,"[{""product"":""Vela Nova 753"",""quantity"":1},{""product"":""Candle Flux 162"",""quantity"":2},{""product"":""Vela Core 957"",""quantity"":1}]",6795.66,23.63,-37.780957,145.006269,15,5799.94,Autumn,True,3.3715,"i compared vela nova 717 with a basic watch i had used for walking and commute notifications. the older watch had a plain display, but it showed alerts more consistently. vela nova 717 missed several messages while the phone was in my bag, then delivered multiple notifications together after i had already reached my destination. that timing made the feature unreliable rather than useful. i could see that the phone was connected, yet the watch gave no clear warning when alerts stopped arriving. walking records were also uneven. similar routes produced noticeably different totals, and the screen sometimes failed to wake when i lifted my wrist. i had to press the side button while crossing a street, which was awkward and distracting. the display was visible indoors, but direct sunlight made small text difficult to read. the strap stayed closed during walks, although its edge rubbed my wrist during longer use and left me unwilling to wear it continuously. i tried changing notification permissions, restarting the watch, and keeping the phone closer. those steps reduced the number of missed alerts for a short time but did not remove the problem. battery use was difficult to judge because the remaining indicator dropped unevenly, and the watch required charging sooner after days with more notifications. the basic time display operates, but that is not the reason i bought a health wearable. compared with the older watch, vela nova 717 looks more current while providing less dependable alerts, less consistent walking records, and a more awkward fit. the device asks for repeated checking, which defeats the convenience of receiving information at a glance. i wanted a quiet aid for commuting, not another source of uncertainty. its weaknesses continued through weeks of use, and i cannot recommend it for walking records or commute notifications.",False
CORD001032,CUS00496,2019-05-01,Thompson,"[{""product"":""Candle Orbit 674"",""quantity"":2},{""product"":""Vela Halo 137"",""quantity"":1},{""product"":""Candle Vista 110"",""quantity"":1}]",3224.6,13.08,-37.753669,144.899253,15,2753.99,Autumn,False,7.7913,"i have used vela spark 171 mainly for work calls, calendar entries, and checking messages during the day. in those tasks it has been serviceable: calls connect without drama, the calendar is readable, and moving between a meeting reminder and a message does not feel confusing. my comparison is with an older everyday phone rather than a premium model. vela spark 171 feels more current in handling work information, but the difference is not large enough to make every part of the change feel essential. the device is easy to carry and the screen gives calendar details enough space for quick checks. i was less impressed when several tasks accumulated. after a call, a message, and calendar changes in close succession, i sometimes paused before the next screen appeared. nothing failed outright, yet the small delays made the phone feel less polished than expected. battery use also varied with how much i relied on calls and mobile data, so i became accustomed to charging before a busy day. the phone has remained physically sound and the call function is the most dependable part of the experience. compared with a basic handset, it provides a broader work routine; compared with a higher-end smartphone, it feels more ordinary. i would describe vela spark 171 as adequate for communication and scheduling, with enough strengths for practical ownership but no compelling reason to overlook its slower moments.",True
CORD001033,CUS00364,2019-04-13,Thompson,"[{""product"":""Vela Nova 753"",""quantity"":1},{""product"":""Candle Edge 932"",""quantity"":1},{""product"":""Candle Flux 162"",""quantity"":1}]",6954.38,8.97,-37.793793,144.962977,10,6267.91,Autumn,False,2.522,"i bought candle shift 214 for music while working at my desk, and after several weeks it has become part of my daily routine. setup was straightforward, and the wireless connection settled quickly whenever i started a listening session. i usually leave it nearby while reading, writing, or sorting through a long afternoon of tasks. the sound has a pleasant balance for the music i play most often. vocals remain easy to follow, softer tracks retain their detail, and the overall presentation does not become tiring during extended use. it is not a replacement for a larger room system, and the lowest notes lack some weight, but that limitation is reasonable for focused desk listening. at moderate volume, it gives my workspace an enjoyable atmosphere without becoming distracting. what i appreciate most is the simple ownership experience. i can move around the desk without worrying about a cable, and reconnecting after stepping away has been consistent. the controls took only a little practice to remember, and the exterior has handled regular handling without looking worn. i have used it during quiet mornings and busier evenings, and the performance has remained stable. there have been a couple of moments when i needed to reconnect manually after switching between devices, so the wireless behavior is not completely invisible. even so, that small inconvenience has been rare and easy to resolve. candle shift 214 has delivered clear, enjoyable music with very little fuss, and it continues to suit the focused work setting for which i purchased it.",True
CORD001034,CUS00181,2019-09-25,Nickolson,"[{""product"":""Vela Halo 137"",""quantity"":1},{""product"":""Candle Lumen 220"",""quantity"":1},{""product"":""Candle Orbit 548"",""quantity"":1}]",4545.35,11.33,-37.859093,145.000141,25,3420.34,Spring,False,5.2435,"vela spark 639 has reduced the clutter involved in connecting several devices. it is small enough to keep in my work bag, and the connections have remained steady during ordinary use. having one adapter available is convenient when i move between desks or travel. it does not remove the need for separate cables, but it has made my setup more flexible and has performed reliably.",True
CORD001035,CUS00084,2019-12-13,Bakers,"[{""product"":""Candle Orbit 548"",""quantity"":2},{""product"":""Vela Halo 281"",""quantity"":1},{""product"":""Candle Shift 916"",""quantity"":2}]",4760.42,9.98,-37.784551,144.994433,10,4294.36,Summer,False,2.8302,"candle lumen 238 has made it easier to manage our guest network and keep track of the devices connected at home. creating separate access for visitors was uncomplicated, and the management screen presents the important controls without overwhelming me with technical language. i have checked connected devices several times and found the information helpful when identifying which household equipment was active. the network has remained steady during normal browsing, calls, and streaming, while visitors have been able to connect without needing repeated assistance. some less common settings are tucked away, so i spent a little time exploring before i knew where everything lived. once configured, though, the routine checks take very little effort. the unit has operated quietly and has not needed frequent attention during these sixteen days. candle lumen 238 has provided a reassuring level of visibility and control, making our shared network easier to organise without adding unnecessary daily work.",True
CORD001036,CUS00106,2019-01-04,Bakers,"[{""product"":""Candle Orbit 548"",""quantity"":2},{""product"":""Candle Edge 392"",""quantity"":1},{""product"":""Candle Flux 162"",""quantity"":1},{""product"":""Vela Halo 137"",""quantity"":2}]",3467.96,10.36,-37.782916,144.977965,0,3478.32,Summer,False,3.3718,"i have compared candle arc 276 with the gaming hardware i used before, particularly during competitive matches where small interruptions become noticeable. the main improvement is not a single spectacular feature; it is the way the whole setup behaves over a long session. voice communication has remained consistent, controls respond without an irritating delay, and i spend less time adjusting equipment than i used to. that leaves more attention for the match itself. during ordinary desktop play, the fit has stayed comfortable and the controls are easy to reach. i have used it for short evening rounds and for longer sessions with friends, and the experience has been positive in both cases. teammates can hear my voice clearly when i speak at a normal level, while game audio remains separate enough for me to follow conversation. the adjustment range has suited my desk, though someone with a much larger setup may want to check the available space first. the previous hardware had a tendency to make me repeat myself whenever a session ran long. candle arc 276 has been less troublesome. i have not had to restart a match because communication disappeared, and reconnecting after a computer restart has been uncomplicated. that reliability is more valuable to me than decorative features. the construction also feels capable of everyday handling, although i avoid treating it roughly because the moving parts are still relatively light. it is not flawless. the buttons can feel close together when i am moving quickly, and the default sound balance needed a little adjustment for my preference. neither issue has become a serious obstacle. for competitive play and voice communication, candle arc 276 is a noticeable improvement over my former setup. it gives me a clean, stable routine and has earned a permanent place on my gaming desk.",True
CORD001037,CUS00495,2019-11-01,Bakers,"[{""product"":""Candle Orbit 674"",""quantity"":1},{""product"":""Candle Edge 932"",""quantity"":1},{""product"":""Candle Orbit 548"",""quantity"":2},{""product"":""Candle Flux 162"",""quantity"":1}]",3386.97,24.07,-37.740229,145.029426,5,3241.69,Spring,True,8.3195,"candle bloom 1036 has become my regular choice for gaming away from home. it is compact enough to fit into a travel bag without taking over the available space, yet it feels substantial when held. setup was quick, and i could start playing after connecting it in a few different places. the controls responded cleanly during casual games, with no distracting delay in the sessions i played. i particularly appreciate how manageable it is on a small table or in a shared room. i can use it for a short break without needing a large arrangement of equipment, and packing it away is just as simple. the display remains comfortable for ordinary play, though some smaller interface details can feel cramped when viewed from farther away. that is a minor limitation for a portable device rather than a serious obstacle. after continued use, candle bloom 1036 has held up well and has made travel gaming much less awkward. it offers an enjoyable balance of convenience and capability, and it has earned a permanent place in my travel kit.",True
CORD001038,CUS00095,2019-06-14,Bakers,"[{""product"":""Vela Nova 753"",""quantity"":1},{""product"":""Vela Core 957"",""quantity"":2},{""product"":""Candle Orbit 548"",""quantity"":2},{""product"":""Vela Halo 281"",""quantity"":1}]",5989.43,15.04,-37.762626,145.026276,15,5106.06,Winter,False,5.9319,"vela echo 925 has given me a more useful view of indoor conditions than relying on how the room happens to feel. i compared it with occasional checks from a basic instrument and with simply opening a window when the air seemed uncomfortable. after forty-five days, the continuous monitoring has made changes in temperature and humidity easier to notice. the readings are available without much effort, and i can compare one part of the day with another instead of trying to remember what the room felt like earlier. compared with the basic instrument, vela echo 925 is better suited to observing patterns because it stays in place and remains ready to check. the compact design fits on a shelf without distracting from the room, and the setup did not take long once i chose a sensible location. i have found the information useful when deciding whether to ventilate or adjust the room, though i treat it as guidance rather than an exact account of every corner. placement matters, and a sensor near a window will naturally describe a different spot from one near a desk. that is the main limitation and was easy to understand. the device has remained consistent during routine use, and i enjoy having an objective reference before changing the room. it is more informative than guessing and less intrusive than repeatedly checking a separate instrument. vela echo 925 has therefore become a small but worthwhile part of my home routine, especially when i want to understand indoor temperature and humidity over time.",True
CORD001039,CUS00351,2019-06-18,Thompson,"[{""product"":""Candle Edge 932"",""quantity"":1},{""product"":""Candle Orbit 548"",""quantity"":1},{""product"":""Vela Nova 753"",""quantity"":1},{""product"":""Candle Vista 110"",""quantity"":2},{""product"":""Candle Edge 392"",""quantity"":2}]",10534.84,24.39,-37.800872,144.95822,25,7925.52,Winter,True,1.6376,"after several weeks with the candle orbit 962, i find it more versatile than the older tablet i used for travel. its screen gives videos enough space to enjoy, while the weight remains manageable in a small bag. i mainly use it for streaming, joining video calls, checking messages, and reading documents, and it handles those changes of activity without fuss. compared with my previous device, switching between a call and a browser page feels quicker, and the display is easier to follow when i am sitting away from a desk. the camera and microphones are suitable for ordinary video conversations. my voice comes through clearly in a quiet room, and the image is perfectly adequate for classes or family calls. the speakers are also more open than on my old tablet, although they are not a replacement for a dedicated audio system. battery life has been dependable through a day of mixed use, especially when i am not watching video continuously. charging is straightforward, and the tablet is ready again by the time i need it the next morning. i compared the candle orbit 962 with a larger tablet borrowed from work. the larger model is better for reading two full pages side by side, but it is much less convenient to carry. the orbit 962 strikes a more practical balance for portable media and communication. its controls are familiar, the interface is pleasant to use, and the construction has stayed solid despite being moved between rooms and bags. i would choose the larger screen for intensive document work, but for travel, calls, and everyday entertainment, this tablet has been a worthwhile step up.",True
CORD001040,CUS00456,2019-09-06,Thompson,"[{""product"":""Candle Edge 932"",""quantity"":1},{""product"":""Candle Vista 110"",""quantity"":1},{""product"":""Candle Flux 162"",""quantity"":1},{""product"":""Candle Lumen 220"",""quantity"":1}]",7896.75,11.49,-37.821939,144.885926,15,6723.73,Spring,False,5.4688,"i placed vela ridge 1085 near the main entry and used it to watch door and window activity. the alerts have been useful when i am working in another room, and the application records enough recent activity to help me understand what happened. installation was manageable, although positioning the sensor took a little trial and error before the messages arrived consistently. most openings are reported promptly, but there have been occasional delays that make the system feel less immediate than a security-focused product. the alert sound is noticeable without being overwhelming, and the battery compartment is easy to access. i appreciate the simple purpose and have kept it in daily use. its coverage and timing are satisfactory for awareness around the house, but i would still check a door directly when it matters.",True
CORD001041,CUS00296,2019-02-18,Nickolson,"[{""product"":""Candle Shift 916"",""quantity"":1},{""product"":""Vela Halo 281"",""quantity"":1},{""product"":""Candle Edge 392"",""quantity"":1},{""product"":""Candle Orbit 548"",""quantity"":1}]",3021.33,13.41,-37.885249,144.944641,15,2581.54,Summer,False,7.7275,"candle bloom 568 has kept our shared household devices connected with little attention. the management view helps me identify what is using the network, and everyday equipment has rejoined normally after routine interruptions. installation was not difficult, though the cable arrangement is less tidy than i wanted. it lacks some advanced options, but for a busy home it has provided stable, useful service.",True
CORD001042,CUS00365,2019-09-06,Bakers,"[{""product"":""Candle Orbit 548"",""quantity"":1},{""product"":""Candle Orbit 674"",""quantity"":1},{""product"":""Candle Lumen 220"",""quantity"":1},{""product"":""Vela Core 957"",""quantity"":1}]",4380.99,9.08,-37.797995,145.014565,15,3732.92,Spring,False,2.16,"the candle flux 954 has accompanied me on commutes and while listening to spoken content around the house. voices are distinct, which matters more to me than exaggerated bass, and i can follow podcasts without repeatedly adjusting the volume. pairing has been uncomplicated, and the connection has stayed intact while i move through normal indoor spaces. the controls are usable once i remember their layout, although i initially pressed the wrong button a few times. the fit is light enough for a full journey and has not become irritating during longer listening periods. music is enjoyable as well, though these are not a substitute for larger speakers. for commuting, lectures, and spoken programs, the candle flux 954 has been a dependable daily companion.",True
CORD001043,CUS00170,2019-11-30,Thompson,"[{""product"":""Candle Flux 162"",""quantity"":1},{""product"":""Candle Shift 916"",""quantity"":1}]",2919.06,8.9,-37.802536,144.929492,0,2927.96,Spring,False,1.9118,"i have worn the vela halo 677 during exercise sessions to review a simple summary afterward. the information gives me a convenient reminder of how long i was active and how each session compared with the previous one. i like being able to glance at the result without carrying a phone during the activity. the device is light enough for ordinary movement, and the display has remained readable when i check it after finishing. compared with recording sessions manually, the vela halo 677 saves effort and makes patterns easier to notice over several weeks. compared with keeping detailed training notes, it provides less context about how the session actually felt or what i was trying to achieve. the summaries are therefore useful prompts rather than a complete account. i have found the fit acceptable for routine exercise, although the band can become more noticeable when i am moving vigorously or adjusting equipment. that is a personal comfort issue rather than a serious obstacle. the device has continued to record ordinary sessions, but i do not treat every figure as a precise measurement. a summary can describe activity without explaining fatigue, terrain or changes in routine, so my own judgement still matters. battery management is straightforward, though i have learned to charge it before a particularly busy week. overall, the vela halo 677 sits between a basic activity reminder and a detailed training instrument. it makes review more convenient while leaving enough uncertainty that i would not use it as my only source of information.",True
CORD001044,CUS00208,2019-07-12,Thompson,"[{""product"":""Vela Core 957"",""quantity"":1},{""product"":""Candle Orbit 548"",""quantity"":1},{""product"":""Candle Flux 162"",""quantity"":1}]",1587.83,16.09,-37.874118,144.922729,0,1603.92,Winter,False,7.1589,"vela core 831 has handled travel planning, maps, messages and media without trouble. apps open promptly, the screen is comfortable for route checking, and photos look lively in ordinary daylight. i appreciate having one dependable device while moving between places. it becomes warm during extended video use, but that has not outweighed its practical performance.",True
CORD001045,CUS00057,2019-01-22,Bakers,"[{""product"":""Candle Edge 392"",""quantity"":1},{""product"":""Candle Flux 162"",""quantity"":1},{""product"":""Vela Core 957"",""quantity"":1}]",1707.51,12.64,-37.823793,145.034504,10,1549.4,Summer,False,3.7755,"vela halo 389 has caused repeated problems when connecting several devices through one adapter. one connection often disappears after another device is added, and reconnecting requires removing everything first. the compact body becomes hot during ordinary use, while the ports are too close together for bulky cables. a single device can be connected, but shared use is awkward and unreliable. the interruptions make this accessory frustrating for a desk or travel setup.",False
CORD001046,CUS00287,2019-01-12,Thompson,"[{""product"":""Candle Orbit 548"",""quantity"":1},{""product"":""Candle Edge 392"",""quantity"":1},{""product"":""Candle Orbit 674"",""quantity"":1},{""product"":""Candle Flux 162"",""quantity"":1}]",2016.17,12.98,-37.749491,144.959811,0,2029.15,Summer,False,7.1142,"the vela wave 1057 has been used throughout the day and overnight to track activity and sleep. step counts update regularly and give me a helpful sense of whether i have been moving enough, though the figures differ from another tracker on some walks. the sleep view identifies bedtime and waking reasonably well but sometimes records quiet reading as sleep. the band is light and did not interfere with ordinary tasks, although its clasp needs checking after changing clothes. notifications are visible but not the main reason i wear it, since longer messages are difficult to read on the small screen. charging is simple and the battery lasts several days with normal use. i would not rely on the measurements for detailed analysis, but the broad trends are useful. it provides a fair daily overview while remaining limited in precision and presentation.",True
CORD001047,CUS00001,2019-04-25,Thompson,"[{""product"":""Vela Halo 137"",""quantity"":1},{""product"":""Candle Shift 916"",""quantity"":2},{""product"":""Vela Nova 753"",""quantity"":1},{""product"":""Candle Edge 392"",""quantity"":1}]",9256.79,7.45,-37.817768,144.945742,10,8338.56,Autumn,False,0.5784,No review submitted,True
CORD001048,CUS00233,2019-10-01,Thompson,"[{""product"":""Candle Orbit 674"",""quantity"":1},{""product"":""Candle Flux 162"",""quantity"":1},{""product"":""Candle Edge 392"",""quantity"":2},{""product"":""Candle Orbit 548"",""quantity"":1}]",2391.92,12.33,-37.786211,144.879558,5,2284.65,Spring,False,6.6214,"vela ridge 959 replaced a fixed stand that forced my phone into one position beside the monitor. the old stand was acceptable for checking messages, but it became awkward when i needed to view a call, follow a recipe, or share a screen with someone sitting at a different angle. adjustable positioning has made the phone fit the task instead of making the task fit the stand. the mount is especially useful during desk work. i can raise the phone, turn it toward me, or move it aside without picking up the whole base. compared with my previous stand, vela ridge 959 gives me a better view during calls and leaves more room for papers and a keyboard. the adjustment points have remained firm during regular use, while still allowing deliberate repositioning when i change activities. i have used it with the phone in portrait and landscape positions, with a case fitted, and at different points on the desk. it has handled those variations without feeling precarious. the base occupies some space, so it is not ideal for a very small surface, and i would not treat it as a travel accessory. at a permanent work area, however, that footprint is a fair exchange for the range of positions. a basic stand is cheaper and takes up less room, but vela ridge 959 offers noticeably more control. it has improved calls, viewing, and quick reference tasks without adding much effort. after several weeks, i prefer its adjustable design to the rigid holder i used before and consider it a useful upgrade for my desk.",True
CORD001049,CUS00387,2019-01-09,Thompson,"[{""product"":""Candle Orbit 548"",""quantity"":1},{""product"":""Candle Lumen 220"",""quantity"":1},{""product"":""Candle Vista 110"",""quantity"":2}]",7418.64,21.17,-37.773179,144.93447,5,7068.88,Summer,True,4.5289,"candle flux 612 has become my preferred device for watching media and joining video calls away from my desk. it is light enough to hold for a programme, and the display remains clear when i move near a window. calls have been straightforward, with the camera giving a natural view from a table. the speakers are fine for voices but lack depth for music. for portable viewing and conversation, though, the tablet has been dependable and pleasant to use.",True
CORD001050,CUS00232,2019-05-23,Nickolson,"[{""product"":""Candle Orbit 548"",""quantity"":1},{""product"":""Candle Shift 916"",""quantity"":1}]",2114.84,15.54,-37.875084,145.007182,20,1707.41,Autumn,False,7.0974,"vela echo 223 was compared with an older living-room display used for family media streaming. the older display had fewer built-in options, but everyone could start a programme without waiting through repeated loading screens. vela echo 223 takes a long time to open some applications, and returning to the home screen can leave a blank image. those delays quickly become irritating when different family members are trying to choose something to watch. once a programme starts, playback is not consistently stable. videos pause even when other household devices are idle, and the picture sometimes drops to a low-quality image before recovering. the sound becomes thin during these changes, then jumps louder when playback resumes. menus are crowded and difficult for younger users to follow, so they often select the wrong item or cannot find the way back. the older display is less feature-heavy, but it creates fewer arguments over controls. after weeks of use, the remote became another weak point. button presses are not always registered, and the response can arrive several seconds late. battery replacement did not remove the delay. a support reply suggested restarting the display and checking the connection, but both had already been done and the interruptions continued. vela echo 223 can stream when conditions are favourable, yet its loading delays, poor menu handling, and repeated pauses make family use frustrating. compared with the older display, it is less dependable and harder to share. i regret choosing it and cannot recommend it for family streaming.",False
CORD001051,CUS00137,2019-12-30,Nickolson,"[{""product"":""Candle Orbit 674"",""quantity"":1},{""product"":""Vela Halo 281"",""quantity"":2},{""product"":""Candle Edge 392"",""quantity"":1}]",1761.29,13.59,-37.864196,144.978074,10,1598.75,Summer,False,5.1255,"candle shift 196 was purchased for game streaming and media capture, yet the first month of ownership was dominated by awkward setup and unreliable results. the connection was detected, but the capture application repeatedly lost contact after sleep or restart. i had to remove the device, reconnect it, and wait through the same frustrating process before a session could begin. its basic capture function operates under ideal conditions, but that is a weak consolation when preparation takes longer than expected. during actual play, the stream sometimes showed a frozen image while sound continued. on other occasions the picture returned with a noticeable delay, making the recording difficult to follow. longer sessions exposed further problems: the unit became warm, the cable connection felt loose, and moving it slightly caused another interruption. the software offered no clear explanation for the failures. i tried different ports and restarted the computer several times, but the behaviour remained unreliable. friends waiting to watch made the delays particularly irritating, and the device turned a casual evening into troubleshooting. media capture was no less disappointing. files occasionally stopped before the session ended, leaving incomplete footage that could not be used. the warranty is longer than the time i kept testing the unit, but support supplied generic instructions and did not address the repeated disconnects. candle shift 196 may perform a simple task when nothing goes wrong, but the fragile connection and inconsistent recording make it poor equipment for streaming. i regret buying it and cannot recommend it for regular use.",False
CORD001052,CUS00330,2019-11-22,Thompson,"[{""product"":""Candle Edge 392"",""quantity"":1},{""product"":""Vela Core 957"",""quantity"":1},{""product"":""Candle Shift 916"",""quantity"":1},{""product"":""Vela Halo 281"",""quantity"":3}]",4098.21,19.08,-37.818503,144.931889,5,3912.38,Spring,True,1.4827,"vela nova 537 has been useful during the last seventeen days because it lets me notice calendar alerts and short messages without reaching for my phone. pairing took little effort, and alerts have appeared promptly during commutes, meetings and household tasks. the display is readable at a glance, while the vibration is noticeable without being intrusive. i have found the quick message checks especially handy when my phone is in a bag, although longer replies still belong on the phone itself. the band has stayed comfortable through ordinary daytime wear and has not shifted much while i was walking. battery use has matched my expectations, with no need to interrupt the day for constant charging. the design is discreet enough for work and casual clothes, and the controls have behaved consistently. vela nova 537 offers a focused set of conveniences rather than a crowded collection of features, which is exactly why i keep reaching for it.",True
CORD001053,CUS00213,2019-11-14,Thompson,"[{""product"":""Candle Lumen 220"",""quantity"":1},{""product"":""Candle Flux 162"",""quantity"":1},{""product"":""Candle Edge 932"",""quantity"":1}]",6080.16,9.47,-37.83505,144.935299,0,6089.63,Spring,False,2.6944,"vela core 507 has quietly tracked my daily activity and sleep for 27 days. the band is light enough to wear through ordinary tasks and overnight, and the companion view makes patterns easy to check in the morning. step information has been consistent with my routine, while sleep summaries give me a useful prompt to notice habits. the display is small, but that keeps it unobtrusive. it has been a helpful everyday companion.",True
CORD001054,CUS00182,2019-10-20,Bakers,"[{""product"":""Vela Core 957"",""quantity"":2},{""product"":""Vela Halo 281"",""quantity"":2},{""product"":""Vela Halo 137"",""quantity"":2},{""product"":""Candle Orbit 548"",""quantity"":1}]",3380.27,23.11,-37.84134,145.004277,10,3065.35,Spring,True,3.5747,"i bought the vela ridge 833 for the living room because i wanted something that could handle occasional games without taking over the space. after twenty-three days, it has become another source of frustration. the initial setup was awkward. the menus paused while i was trying to connect a controller, and the screen went black twice before i could finish the basic settings. i had to repeat several steps because the display did not always register a selection. during short gaming sessions, the picture is usually visible, but that is not enough to make the experience acceptable. motion becomes smeared when a scene changes quickly, and darker areas lose detail in a muddy block. the built-in controls feel delayed, especially after the display has been sitting idle. on several evenings the audio arrived a moment after the action, which made even a casual game feel poorly assembled. switching between a game and another input also takes long enough to break the flow. the casing attracts fingerprints and the stand feels less secure than it should. a small bump to the cabinet made the panel wobble for several seconds. heat from the rear is noticeable during longer use, while the side buttons are difficult to find in a dim room. the remote has a narrow response angle, so i often have to point directly at the screen and press a button more than once. i contacted support after the black-screen problem returned. the reply only repeated the setup instructions and did not address the intermittent delay. i eventually stopped trying to troubleshoot it because the process was consuming more time than the display was worth. the vela ridge 833 can show an image and launch a game, but its sluggish controls, unstable switching, and weak motion handling make it a disappointing purchase. i regret choosing it and cannot recommend it for a living-room gaming setup.",False
CORD001055,CUS00025,2019-07-28,Thompson,"[{""product"":""Candle Orbit 548"",""quantity"":1},{""product"":""Candle Edge 392"",""quantity"":1},{""product"":""Vela Halo 281"",""quantity"":1},{""product"":""Vela Nova 753"",""quantity"":1}]",5566.17,18.25,-37.743464,144.87974,10,5027.8,Winter,False,9.7077,"vela ridge 239 has reduced the clutter caused by connecting several devices. it takes little space in my work bag, and moving between the connected items has been straightforward during daily use. the connections have stayed in place rather than requiring constant adjustment. its small size means the ports are close together, so large plugs can feel awkward, but the adapter still performs its main job well. i am happy with its practicality.",True
CORD001056,CUS00170,2019-08-09,Thompson,"[{""product"":""Candle Orbit 548"",""quantity"":2},{""product"":""Candle Orbit 674"",""quantity"":2},{""product"":""Candle Lumen 220"",""quantity"":1},{""product"":""Candle Shift 916"",""quantity"":2}]",8407.19,11.63,-37.802536,144.929492,5,7998.46,Winter,False,1.9118,"i have worn the vela halo 677 during exercise sessions to review a simple summary afterward. the information gives me a convenient reminder of how long i was active and how each session compared with the previous one. i like being able to glance at the result without carrying a phone during the activity. the device is light enough for ordinary movement, and the display has remained readable when i check it after finishing. compared with recording sessions manually, the vela halo 677 saves effort and makes patterns easier to notice over several weeks. compared with keeping detailed training notes, it provides less context about how the session actually felt or what i was trying to achieve. the summaries are therefore useful prompts rather than a complete account. i have found the fit acceptable for routine exercise, although the band can become more noticeable when i am moving vigorously or adjusting equipment. that is a personal comfort issue rather than a serious obstacle. the device has continued to record ordinary sessions, but i do not treat every figure as a precise measurement. a summary can describe activity without explaining fatigue, terrain or changes in routine, so my own judgement still matters. battery management is straightforward, though i have learned to charge it before a particularly busy week. overall, the vela halo 677 sits between a basic activity reminder and a detailed training instrument. it makes review more convenient while leaving enough uncertainty that i would not use it as my only source of information.",True
CORD001057,CUS00147,2019-01-29,Thompson,"[{""product"":""Vela Halo 137"",""quantity"":2}]",1519.78,9.52,-37.795587,144.935013,20,1225.34,Summer,False,2.1752,"candle lumen 994 has been a pleasant choice for listening at home. the wireless link stayed intact as i moved between rooms, and the fit remained comfortable through long evening sessions. voices sound natural and music has a balanced character that suits relaxed listening. the charging port is not easy to see in dim light, but i quickly learned its position. for everyday use, it has been reliable and enjoyable.",True
CORD001058,CUS00167,2019-11-27,Bakers,"[{""product"":""Vela Core 957"",""quantity"":2},{""product"":""Vela Halo 281"",""quantity"":1},{""product"":""Candle Shift 916"",""quantity"":2}]",4791.22,11.87,-37.862415,145.010586,0,4803.09,Spring,False,5.9827,"vela atlas 305 has made controlling room lighting much more convenient. the app is responsive, changes take effect quickly, and setting up a few preferred scenes was uncomplicated. it has continued working reliably after regular use by several people. the interface could explain some options better, but the main lighting controls are genuinely helpful.",True
CORD001059,CUS00397,2019-06-05,Thompson,"[{""product"":""Candle Edge 392"",""quantity"":1}]",375.75,19.05,-37.864687,144.931756,0,394.8,Winter,False,5.938,"i bought the vela spark 783 after using a small television for casual living-room games, expecting the display to make that setup less awkward. the comparison was disappointing from the first evening. the screen shows an image and the built-in controls respond, but motion becomes smeared during quick scenes and small text is difficult to read from the sofa. my older television looks less modern, yet its picture stays steadier when a game becomes busy. the spark 783 therefore creates more visual irritation than improvement. the stand is another weak point. it sits on a level cabinet, although its shape leaves little room for arranging a console and cables. reaching the rear connections is awkward, and the supplied controls feel cramped when i need to change an input. after several sessions, i found myself leaning forward to check whether a command had registered. the display also takes an irritating pause when switching between sources, which makes short play sessions feel unnecessarily drawn out. i compared it with a plain monitor borrowed from another room. that monitor lacks the living-room features, but it also has an uninspiring picture and no convenient source handling. the vela unit takes less cabinet space, yet that limited advantage cannot excuse the unstable-looking motion and clumsy handling. i have not tested the warranty service, and i would rather not depend on a repair process for a problem present in ordinary use. for casual gaming, the vela spark 783 is a frustrating compromise that i regret choosing and cannot recommend.",False
CORD001060,CUS00252,2019-01-05,Bakers,"[{""product"":""Candle Edge 932"",""quantity"":1},{""product"":""Candle Orbit 548"",""quantity"":1},{""product"":""Vela Core 957"",""quantity"":3}]",2560.96,10.22,-37.811441,144.992135,15,2187.04,Summer,False,0.316,"i compared candle bloom 370 with an older laptop while preparing creative projects and editing media. the newer machine looks intended for that workload, but the experience has been frustrating. opening larger project files produces long pauses, and switching between an editor, reference material, and a browser can leave the system unresponsive. my older laptop is slower in ordinary tasks, yet it behaves more predictably once a project is open. the display is serviceable for documents, but colour changes noticeably when i move the screen or alter the angle. that makes visual decisions difficult during editing. fan noise also becomes intrusive during sustained work, and the base grows unpleasantly warm near my hands. keyboard travel feels shallow compared with the older machine, while the trackpad sometimes ignores a light touch and then registers a later movement abruptly. these details make long sessions tiring rather than productive. i have spent forty-three days trying different project sizes and background applications. small files are manageable, but heavier timelines expose weak performance and awkward delays. exporting leaves little room for other work, and the machine becomes sluggish before the task finishes. candle bloom 370 has the expected basic laptop functions, but those functions do not compensate for poor editing behaviour, screen inconsistency, and distracting heat. against my older laptop, it feels like an expensive step backward. i regret choosing it and cannot recommend it for creative projects.",False
CORD001061,CUS00052,2019-05-26,Thompson,"[{""product"":""Candle Edge 392"",""quantity"":1},{""product"":""Candle Orbit 548"",""quantity"":2},{""product"":""Candle Shift 916"",""quantity"":2},{""product"":""Vela Nova 753"",""quantity"":2},{""product"":""Candle Lumen 220"",""quantity"":1}]",16942.04,11.79,-37.833314,144.945892,0,16953.83,Autumn,False,2.2975,"i compared vela echo 745 with the simple timer setup it replaced because i wanted automated blind and curtain routines. the old arrangement required manual adjustment, but it behaved consistently. vela echo 745 introduces scheduled control and then makes me check whether the schedule happened. on several mornings the blinds moved late, while on other mornings one side moved and the other remained still. that uneven result is frustrating, particularly when i am leaving the house and do not have time to troubleshoot. the app adds more uncertainty. a routine can appear active while the blind does not respond, and the status may not update until i close and reopen the app. manual commands sometimes work immediately, but occasionally the motor pauses halfway and needs another command. vela echo 745 also loses its connection after the home network restarts, leaving the scheduled actions unavailable until i pair it again. the older timer lacked remote control, yet it did not require this repeated supervision. installation was not the main problem; the difficult part has been maintaining predictable behavior. i checked the mounting, adjusted the schedule, and reset the connection several times. each attempt produced a short improvement followed by another missed routine. support sent general pairing instructions and did not address the inconsistent movement. the 12-month warranty offers limited reassurance for a device that controls a daily household task. vela echo 745 can move the blinds when conditions cooperate, but missed schedules, incomplete movement, and unreliable status reporting make it a poor comparison with the simple timer. i would avoid it for unattended routines.",False
CORD001062,CUS00432,2019-10-18,Thompson,"[{""product"":""Candle Orbit 674"",""quantity"":3},{""product"":""Vela Halo 137"",""quantity"":1},{""product"":""Candle Orbit 548"",""quantity"":1},{""product"":""Candle Edge 392"",""quantity"":1}]",2363.89,11.95,-37.775526,144.896132,0,2375.84,Spring,False,6.0905,"candle shift 304 has made my commute more enjoyable, especially when i want spoken content rather than a screen to look at. podcasts and recorded talks are easy to follow, and music has a balanced sound that works well in the background. the wireless connection has stayed consistent through the journey, and reconnecting when i start the day has been uncomplicated. the controls are easy to find while walking, so i can pause or adjust playback without stopping for long. i find the fit comfortable for a normal trip, although after a particularly long day i prefer some quiet time. that is a reasonable part of wearing any audio device. candle shift 304 has become a dependable travel companion, giving me clear listening and a simple routine from the moment i leave home.",True
CORD001063,CUS00293,2019-12-30,Thompson,"[{""product"":""Vela Nova 753"",""quantity"":2},{""product"":""Candle Orbit 548"",""quantity"":1}]",9063.29,12.09,-37.786755,144.889302,10,8169.05,Summer,False,5.8366,"after 29 days with the vela wave 121, it has settled into my work routine nicely. calls stay intelligible while i move between rooms, and the calendar view is quick to check before a meeting. i also value being able to switch from a call to an appointment without the phone feeling confusing. the finish has picked up a small mark, but the handset still feels solid and dependable for everyday office use. it is a sensible phone for someone who mainly needs communication and scheduling.",True
CORD001064,CUS00030,2019-06-02,Thompson,"[{""product"":""Vela Core 957"",""quantity"":1}]",271.47,14.12,-37.832567,144.897941,10,258.44,Winter,False,4.8491,"vela pulse 397 has fitted neatly into my day for habit reminders and quick time checks. the screen is readable, alerts are noticeable, and the basic controls are easy to understand. wearing it for a full day can become less comfortable, while changing a reminder takes more taps than it should. it is a pleasant, focused wearable for simple routines, although anyone seeking extensive features may find it limited.",True
CORD001065,CUS00045,2019-11-02,Thompson,"[{""product"":""Vela Core 957"",""quantity"":1},{""product"":""Candle Orbit 674"",""quantity"":2},{""product"":""Candle Vista 110"",""quantity"":1},{""product"":""Candle Flux 162"",""quantity"":3}]",5917.05,15.61,-37.769645,144.878542,0,5932.66,Spring,False,7.691,"i wore vela wave 967 while walking and commuting, mainly for alerts, but notifications have been too unreliable. some messages arrive well after the phone displays them, and others never appear on the wearable. the vibration is weak enough to miss in a noisy street, while the small display makes longer messages awkward to read. step tracking also seems inconsistent, with totals changing after the device reconnects. the strap rubs against the wrist during longer walks and becomes irritating in warm weather. charging requires careful alignment and occasionally fails without an obvious sign. the device can show a short alert under favourable conditions, but the missed notifications, poor readability, and weak tracking make vela wave 967 a frustrating commute companion.",False
CORD001066,CUS00007,2019-09-19,Thompson,"[{""product"":""Vela Core 957"",""quantity"":1},{""product"":""Candle Lumen 220"",""quantity"":2},{""product"":""Candle Vista 110"",""quantity"":1}]",9146.84,12.03,-37.813537,144.876477,0,9158.87,Spring,False,6.2019,"vela echo 349 has made my shared workspace more comfortable and less cluttered. before using it, my phone usually sat flat beside the keyboard or leaned against whatever object happened to be nearby. that arrangement worked in a basic sense, but it was unstable and made incoming calls or messages difficult to see. with vela echo 349, the phone has a consistent place, the screen stays visible, and i can use both hands for notes or keyboard work without constantly moving the device. compared with an improvised stand, this accessory feels much more deliberate. the base stays in position during ordinary use, and the support holds the phone at an angle that suits quick glances. i have used it beside colleagues, during video calls, and while following instructions on the phone. it has been particularly useful when the desk is busy because the device remains raised above papers and cables rather than disappearing underneath them. vela echo 349 also folds away easily enough when the workspace needs to be cleared. i tested it with different cases that i already own, and the fit remained practical. very bulky cases make the phone sit slightly higher, but i have not needed to remove my usual case. the finish has stayed neat after being carried between rooms, and the moving section still feels firm rather than loose. my only small reservation is that the footprint takes more desk space than a completely flat holder. that trade-off seems worthwhile because the phone is far easier to locate and view. after 37 days, vela echo 349 has replaced a collection of awkward temporary solutions. it does not add unnecessary complexity; it simply keeps a phone supported, visible, and ready for hands-free use. for a shared workspace, that practical improvement has been genuinely valuable.",True
CORD001067,CUS00422,2019-11-03,Nickolson,"[{""product"":""Candle Orbit 674"",""quantity"":1},{""product"":""Candle Orbit 548"",""quantity"":1}]",580.13,13.7,-37.856684,145.001248,0,593.83,Spring,False,5.0681,"vela core 273 was intended for family streaming, yet it has been a disappointing addition to the room. applications occasionally freeze while changing programmes, and restarting the display has become a routine annoyance. the interface is awkward for children to navigate, with delayed responses that lead to repeated selections. video can play once everything is working, but the interruptions and poor control experience leave me unable to recommend it for shared use.",False
CORD001068,CUS00288,2019-09-24,Bakers,"[{""product"":""Candle Edge 392"",""quantity"":1},{""product"":""Candle Orbit 548"",""quantity"":1},{""product"":""Vela Halo 281"",""quantity"":1},{""product"":""Candle Lumen 220"",""quantity"":1},{""product"":""Vela Nova 753"",""quantity"":2}]",13499.17,13.79,-37.872298,145.053462,5,12838,Spring,False,8.6104,"candle bloom 586 has been a welcome companion on trips where i wanted something more engaging than a phone. its portable design fits into my small travel bag, and i can start playing during a train journey or while waiting between activities. the controls feel responsive for the types of games i play, and the screen is comfortable indoors when i am seated close by. i have also used it at home for shorter sessions, so it is not limited to travel. the device wakes quickly and the basic interface was easy to understand. longer sessions make the controls feel a little cramped, particularly when i hold it with both hands for a while, but that is a reasonable compromise for the compact shape. candle bloom 586 has provided enjoyable entertainment without taking over my luggage, and its portability is the feature i value most.",True
CORD001069,CUS00073,2019-01-21,Thompson,"[{""product"":""Candle Flux 162"",""quantity"":2},{""product"":""Vela Core 957"",""quantity"":1},{""product"":""Candle Orbit 548"",""quantity"":1},{""product"":""Candle Lumen 220"",""quantity"":2},{""product"":""Vela Halo 281"",""quantity"":2}]",10768.38,15.03,-37.887802,144.883515,25,8091.31,Summer,False,10.0462,"for the last sixteen days, vela core 993 has served as a shared display for presentations and family photo viewing. i have used it to show slides during small discussions, browse albums after dinner, and display images while several people are gathered around the room. the picture remains easy to see from the side, and changing between content is simple enough that nobody needs a long explanation. its size makes it more suitable for a room or table than for carrying around, and the stand takes a little space on a crowded surface. those details have not reduced its usefulness in the setting where i use it. vela core 993 gives our household a clear, convenient way to share visual material without setting up a complicated arrangement.",True
CORD001070,CUS00188,2019-10-10,Thompson,"[{""product"":""Candle Orbit 548"",""quantity"":1},{""product"":""Candle Edge 392"",""quantity"":2},{""product"":""Candle Orbit 674"",""quantity"":1}]",1331.63,10.38,-37.816781,144.902519,5,1275.43,Spring,False,3.94,"i have worn vela core 1047 for about twenty days, using it mainly for habit reminders and checking the time during ordinary routines. the lightweight design is comfortable, and the display is clear enough for a quick glance while walking or working. setting a reminder was straightforward, and the alerts have helped me remember small tasks without reaching for my phone. timekeeping has remained consistent, which is the part i use most often. the device feels more limited when i try to manage several reminders or review older activity. the menus require a few extra taps, and the small screen is not ideal for reading longer information. one reminder did not appear until i reopened the connected application, so i still keep important tasks elsewhere. vela core 1047 is a pleasant basic wearable for time checks and occasional prompts. it does those jobs with little fuss, but the cramped interface and one delayed alert leave it feeling more suitable for simple routines than detailed daily planning.",True
CORD001071,CUS00316,2019-10-27,Bakers,"[{""product"":""Candle Flux 162"",""quantity"":1},{""product"":""Vela Halo 281"",""quantity"":1},{""product"":""Vela Core 957"",""quantity"":1},{""product"":""Candle Edge 392"",""quantity"":1},{""product"":""Candle Orbit 548"",""quantity"":2}]",2750.39,14.32,-37.807015,145.062552,0,2764.71,Spring,False,5.9234,"candle flux 630 was used for shared home-office administration, but routine tasks became frustrating. applications opened slowly, switching between documents caused delays, and the system occasionally stopped responding during simple form work. the keyboard feels cramped and the fan becomes distracting. it handles basic typing, yet the sluggish performance and awkward ergonomics make daily use unpleasant. i regret choosing it and would avoid this laptop.",False
CORD001072,CUS00495,2019-11-03,Bakers,"[{""product"":""Candle Vista 110"",""quantity"":3},{""product"":""Candle Lumen 220"",""quantity"":1},{""product"":""Candle Flux 162"",""quantity"":1},{""product"":""Vela Halo 281"",""quantity"":1}]",10570.19,13.57,-37.740229,145.029426,5,10055.25,Spring,False,8.3195,"candle bloom 1036 has become my regular choice for gaming away from home. it is compact enough to fit into a travel bag without taking over the available space, yet it feels substantial when held. setup was quick, and i could start playing after connecting it in a few different places. the controls responded cleanly during casual games, with no distracting delay in the sessions i played. i particularly appreciate how manageable it is on a small table or in a shared room. i can use it for a short break without needing a large arrangement of equipment, and packing it away is just as simple. the display remains comfortable for ordinary play, though some smaller interface details can feel cramped when viewed from farther away. that is a minor limitation for a portable device rather than a serious obstacle. after continued use, candle bloom 1036 has held up well and has made travel gaming much less awkward. it offers an enjoyable balance of convenience and capability, and it has earned a permanent place in my travel kit.",True
CORD001073,CUS00282,2019-05-25,Bakers,"[{""product"":""Candle Orbit 674"",""quantity"":1},{""product"":""Vela Core 957"",""quantity"":1},{""product"":""Candle Orbit 548"",""quantity"":2},{""product"":""Vela Halo 281"",""quantity"":2}]",2169.15,11.78,-37.759588,144.967001,15,1855.56,Autumn,False,6.1296,"i chose candle vista 1064 for music during focused desk work, hoping for something that could stay in the background without demanding attention. that is largely how it has worked out. on the first morning i paired it beside my monitor and played a quiet album while sorting through notes. since then it has accompanied reading, writing, and routine administrative work, with enough presence to make the room feel less sterile without overwhelming conversations or concentration. the sound is balanced for the small workspace, and spoken audio remains understandable when i switch from music to a podcast. i can hear it from the doorway or while making tea, yet i do not feel that it is shouting across the room. pairing has remained dependable over time, and the connection normally returns without a lengthy sequence of button presses. the simple controls are useful when i want to pause quickly, although changing several settings from the unit itself is not especially intuitive. i have also moved candle vista 1064 to another desk a few times. it is light enough to reposition easily, and the housing has handled those moves without visible damage. it is not intended to replace a larger system for a party or a serious listening session, and the lowest tones lose some weight when the volume is pushed. for my actual routine, that trade-off is sensible. candle vista 1064 has provided steady, pleasant desk audio for a long period and remains a purchase i am happy to have made.",True
CORD001074,CUS00106,2019-08-13,Bakers,"[{""product"":""Candle Edge 392"",""quantity"":2},{""product"":""Candle Orbit 548"",""quantity"":1},{""product"":""Candle Vista 110"",""quantity"":1}]",2824.16,12.87,-37.782916,144.977965,5,2695.82,Winter,False,3.3718,"vela atlas 629 has made a small but persistent desk problem much easier to manage. before using it, my charging cables collected beside the power outlet, slipped behind the desk, and became tangled whenever i needed one. i compared this organiser with a simple loose tray and found that vela atlas 629 keeps each cable in a more predictable position. it takes only a moment to place a cable back, which means the desk stays orderly even on busy mornings. i have used it for the cables connected to my phone, tablet, and headphones, changing the arrangement as devices move around the room. the openings hold the cables without making them difficult to remove, and the organiser has stayed in place during ordinary handling. the material feels sufficiently firm for daily use, while the shape does not take over the available workspace. a tray can hide several cables, but it still leaves them crossing over one another; this design makes individual leads easier to identify before i unplug anything. the capacity is limited if someone wants to store a large collection in one spot, and very thick cable ends need a little patience when being positioned. for my everyday set, those limitations are minor. vela atlas 629 is more convenient than leaving cables loose and more accessible than putting them in a drawer. it has improved the appearance of my desk and removed an irritating little task from my routine, so i am pleased with the purchase.",True
CORD001075,CUS00464,2019-06-01,Bakers,"[{""product"":""Vela Nova 753"",""quantity"":1},{""product"":""Candle Orbit 674"",""quantity"":1}]",4727.67,14.47,-37.849073,145.028948,15,4032.99,Winter,False,5.2582,"after using the vela nova 105 for a little over two weeks, i have settled into a routine with it and remain very pleased. i installed it in the main room and now reach for the app whenever i want to change the lighting without getting up. the controls respond promptly, and the room changes feel consistent from one use to the next. i enjoy setting the atmosphere before reading or winding down in the evening; the adjustment feels natural rather than gimmicky. the hardware fits neatly into the room, with a simple appearance that does not draw attention when switched off. setup was straightforward, and the instructions answered my questions without making the process feel drawn out. i have opened the app at different times of day and found the layout easy to follow when making a quick change. my only small reservation is that i sometimes need an extra moment to find the setting i want, but that has become familiar with practice. vela nova 105 has made everyday lighting more flexible, and it has earned a permanent place in my home.",True
CORD001076,CUS00429,2019-05-22,Thompson,"[{""product"":""Vela Core 957"",""quantity"":1},{""product"":""Vela Halo 281"",""quantity"":1},{""product"":""Candle Edge 932"",""quantity"":2}]",3783.17,11.91,-37.867786,144.930844,0,3795.08,Autumn,False,6.2917,"vela wave 967 fits neatly into my walking and commuting routine. during walks it records activity without requiring constant attention, and the notification display lets me see a message or reminder before reaching for my phone. i have found the alerts timely enough for everyday appointments and transport updates. the band is light and did not distract me during longer walks, although the small text can be difficult to read in bright sunlight. charging has been simple, and the wearable has continued working through ordinary movement and occasional rain exposure. i do not use every available feature, but the parts that matter to me have been consistent. vela wave 967 is a useful companion for staying aware while moving around.",True
CORD001077,CUS00293,2019-10-31,Thompson,"[{""product"":""Candle Edge 392"",""quantity"":1},{""product"":""Vela Nova 753"",""quantity"":1},{""product"":""Candle Edge 932"",""quantity"":2}]",7760.32,11.76,-37.786755,144.889302,15,6608.03,Spring,False,5.8366,"after 29 days with the vela wave 121, it has settled into my work routine nicely. calls stay intelligible while i move between rooms, and the calendar view is quick to check before a meeting. i also value being able to switch from a call to an appointment without the phone feeling confusing. the finish has picked up a small mark, but the handset still feels solid and dependable for everyday office use. it is a sensible phone for someone who mainly needs communication and scheduling.",True
CORD001078,CUS00029,2019-06-29,Thompson,"[{""product"":""Candle Shift 916"",""quantity"":1}]",1858.77,17.99,-37.885124,144.891903,25,1412.07,Winter,False,9.4002,"candle quest 408 was added to cover a home-office corner where the wireless signal had been inconsistent. positioning it took a few attempts, but once i moved it away from a thick shelf the desk connection became much steadier. video calls remained connected through normal work, and transferring smaller documents felt noticeably less interrupted than before. i also used the connection from a nearby room and found the range adequate for the way my household is arranged. the unit is not entirely invisible in use. a laptop occasionally showed a connection pause when waking from sleep, and the recovery took long enough to interrupt the beginning of a meeting. restarting the unit fixed it, but that is not something i want to make part of a weekly routine. the setup screen explains the basic choices but gives limited guidance when the signal changes from one room to another. when several devices were active in the evening, performance remained acceptable rather than especially quick. after three weeks, candle quest 408 has solved the main coverage problem and earns credit for that. it makes the office corner more usable and has reduced the number of dropped calls i was experiencing. the wake-up pauses and ordinary performance under a busy load keep my view measured. i would retain it for the coverage, while expecting occasional maintenance and a little experimentation with placement.",True
CORD001079,CUS00438,2019-05-13,Bakers,"[{""product"":""Candle Orbit 548"",""quantity"":1},{""product"":""Candle Edge 392"",""quantity"":1}]",631.82,26.01,-37.844853,145.05357,20,531.47,Autumn,True,6.4246,"vela echo 169 was bought for protective storage during travel, but the case feels too weak for that job. the outer material bends easily, and the closure opened inside my bag when other items pressed against it. the interior space is awkwardly shaped, leaving a phone or small device loose rather than held securely. a cable placed beside the device also pushed against the closure and made it difficult to shut. after several trips the edges showed marks, while the lining collected dust and offered little cushioning. the case can hold an item when left undisturbed, but that basic function does not amount to dependable protection. i became more concerned about damage each time the bag was moved. vela echo 169 has been disappointing for travel storage and is not an accessory i can trust.",False
CORD001080,CUS00353,2019-03-08,Thompson,"[{""product"":""Candle Orbit 548"",""quantity"":3}]",768.21,13.5,-37.864498,144.878465,10,704.89,Autumn,False,8.3368,"candle orbit 656 replaced a dated gaming setup that had become awkward during long desktop sessions. i noticed the difference during the first weekend because the arrangement felt less cramped and i could settle into a game without repeatedly shifting equipment around. the controls respond consistently, and the overall design supports the kind of extended play i usually do rather than only short bursts. compared with my previous hardware, it feels more composed when several things are happening at once. i have used candle orbit 656 for competitive matches, slower strategy games, and voice conversations between sessions. the controls are easy to locate after a little practice, and the connection has remained steady through normal use. i also appreciate that the equipment does not dominate the desk. it fits into my existing arrangement without forcing me to move everything else. the finish has held up through regular handling, though dust is visible on the darker surfaces and i clean it more often than i expected. there are modest limitations. the setup takes some time to tune, and the default arrangement did not suit every game or volume level. the cable placement also needs thought if the desk is already crowded. once i made those adjustments, the comparison with my old equipment became clear: candle orbit 656 is less distracting, more comfortable for long play, and easier to manage across different games. it has become the dependable centre of my desktop gaming routine, with only minor maintenance and setup work required.",True
CORD001081,CUS00231,2019-12-01,Thompson,"[{""product"":""Vela Core 957"",""quantity"":1},{""product"":""Candle Edge 932"",""quantity"":1}]",1761.95,12.24,-37.758346,144.941177,5,1686.09,Summer,False,6.063,"vela ridge 1031 has been dependable for travel planning, directions and watching media during breaks. the display is comfortable for reading, and moving between maps, messages and video does not feel cumbersome. it fits well in a pocket and is easy to use one-handed. the finish is slippery enough that i prefer a case, which is a small inconvenience. otherwise, it has been an excellent phone for my routine.",True
CORD001082,CUS00424,2019-12-05,Bakers,"[{""product"":""Vela Core 957"",""quantity"":1},{""product"":""Vela Halo 281"",""quantity"":1},{""product"":""Candle Lumen 220"",""quantity"":1}]",4331.6,21.88,-37.763466,144.972469,5,4136.9,Summer,True,5.5471,"vela core 435 has been installed on the main door and a frequently used window, and it has given me a much clearer idea of activity around the house. alerts arrive soon after the door or window is opened, so i can notice movement when i am upstairs or busy in another room. the installation did not require much effort, and the small units do not look intrusive once positioned. i especially value the record of activity when several people are coming and going, because it removes the need to guess whether something was left open. occasionally an alert arrives a little later than expected, and the notification sound is easy to miss when my phone is on silent. even so, the system has remained consistent over several weeks. vela core 435 performs its central task well and has added a modest but worthwhile sense of awareness at home.",True
CORD001083,CUS00324,2019-04-23,Bakers,"[{""product"":""Candle Flux 162"",""quantity"":2},{""product"":""Candle Lumen 220"",""quantity"":1},{""product"":""Candle Edge 932"",""quantity"":2}]",8630.93,15.64,-37.865418,145.038429,15,7351.93,Autumn,False,7.2366,"candle orbit 728 was installed to support video meetings and media streaming, but the connection has been unreliable since the first week. meetings often begin with a frozen image or broken audio, even when the device shows an active connection. streaming pauses without warning and then takes several attempts to resume. placement changes the result, yet the useful coverage area is much smaller than expected, leaving one room with a weak signal. the setup instructions were vague about the indicator lights, so diagnosing a failure became unnecessarily frustrating. i also had to restart the unit after ordinary overnight use because connected devices could no longer reach the network. the casing stays cool, but that does not offset the repeated interruptions. support suggested changing channels without explaining the recurring drops. it provides a connection in short bursts, but candle orbit 728 has been a poor choice for a busy home.",False
CORD001084,CUS00484,2019-05-25,Thompson,"[{""product"":""Candle Edge 392"",""quantity"":1},{""product"":""Candle Flux 162"",""quantity"":1}]",1436.04,13.45,-37.73972,144.928524,0,1449.49,Autumn,False,8.2741,"candle arc 690 has served me well for travel-based work, presentations, and quick document changes. it is easy to carry, starts promptly, and gives presentations a clear enough display for small groups. the keyboard is comfortable for shorter writing sessions, and ordinary multitasking remains smooth. i need a charger for particularly long working days, but that is expected with a portable computer. it has made travelling with work much simpler and more manageable.",True
CORD001085,CUS00147,2019-07-21,Thompson,"[{""product"":""Candle Edge 392"",""quantity"":1},{""product"":""Candle Orbit 548"",""quantity"":1},{""product"":""Candle Orbit 674"",""quantity"":1},{""product"":""Candle Flux 162"",""quantity"":1}]",2016.17,11.85,-37.795587,144.935013,0,2028.02,Winter,False,2.1752,"candle lumen 994 has been a pleasant choice for listening at home. the wireless link stayed intact as i moved between rooms, and the fit remained comfortable through long evening sessions. voices sound natural and music has a balanced character that suits relaxed listening. the charging port is not easy to see in dim light, but i quickly learned its position. for everyday use, it has been reliable and enjoyable.",True
CORD001086,CUS00023,2019-08-24,Thompson,"[{""product"":""Candle Lumen 220"",""quantity"":1},{""product"":""Candle Orbit 674"",""quantity"":2},{""product"":""Candle Orbit 548"",""quantity"":1}]",4433.58,15.26,-37.768836,144.903618,0,4448.84,Winter,False,6.1918,"the candle orbit 386 has been a welcome option for gaming while travelling or moving around the house. its portable design makes it easy to pack, and the controls remain comfortable enough for sessions that last longer than a quick break. games respond promptly, with no distracting delay during the titles i have played, and the display is easy to follow in ordinary indoor lighting. setup is simple when i move between locations, and the hardware has survived being packed and unpacked without developing loose connections. battery duration depends on how demanding the game is, so i carry a charger for longer journeys, but that is a sensible precaution for portable equipment. the speakers are suitable for casual play, while headphones provide a more immersive experience. after several weeks of use, the candle orbit 386 has delivered dependable entertainment in places where a desktop setup would be impractical.",True
CORD001087,CUS00135,2019-10-08,Bakers,"[{""product"":""Candle Flux 162"",""quantity"":1},{""product"":""Candle Orbit 548"",""quantity"":1},{""product"":""Vela Halo 137"",""quantity"":2},{""product"":""Candle Lumen 220"",""quantity"":1}]",6365.53,8.71,-37.824436,145.000201,0,6374.24,Spring,False,1.6639,"the candle edge 1076 has made competitive play and voice communication more organised than my previous collection of loosely connected accessories. after 38 days, i have used it for regular matches, team conversations, and longer sessions with friends. the controls are easy to reach without pulling attention away from the game, and voice communication has remained clear enough for quick instructions. compared with switching between separate devices, the whole arrangement feels more coherent. the candle edge 1076 also compares well with using a general computer setup for everything. it gives the gaming area a clear centre, keeps the cables manageable, and makes it simple to adjust the balance between game sound and conversation. friends joining a session have understood the basic controls quickly, which avoids the long pauses that used to occur while someone searched through menus. the casing has stayed firm on the desk despite regular handling. it is not a complete answer for every competitive player. people who want extensive customisation may find the available controls limited, and the unit occupies noticeable space beside a monitor. i also needed a few sessions to settle on settings that suited different games. once adjusted, though, the candle edge 1076 has been dependable and pleasant to use. the 24-month warranty adds reassurance for frequently used gaming hardware. compared with my earlier improvised setup, it provides a cleaner, more consistent experience and has made team sessions easier to manage.",True
CORD001088,CUS00280,2019-04-20,Bakers,"[{""product"":""Vela Nova 753"",""quantity"":1},{""product"":""Candle Vista 110"",""quantity"":1},{""product"":""Candle Orbit 674"",""quantity"":1}]",6544.26,12.74,-37.869159,145.032635,25,4920.93,Autumn,False,7.353,"vela pulse 1063 has improved the way we listen to music and spoken content in the living room. compared with the small speaker we had before, it gives voices more presence and makes dialogue easier to follow when someone is cooking or moving around. music is balanced at ordinary volume, and the controls are simple enough for different people in the household to start, pause, or change what is playing. i have used it for podcasts, radio-style programmes, playlists, and occasional background sound while working. the connection has remained stable during regular sessions, and the unit remembers enough of its setup that i am not rebuilding the arrangement each time. its shape fits neatly on a shelf, with no awkward tangle of cables across the furniture. at higher volume, busy music can lose some separation, so dedicated audio equipment would still be better for careful listening. that limitation is easy to accept because vela pulse 1063 is aimed at shared everyday playback rather than a specialist listening room. it has also been more convenient than moving a phone around whenever somebody wants to hear a programme. the casing feels solid, and routine handling has not left it looking worn. i compared it with a basic portable speaker and preferred this model because the spoken word is less tiring to follow over a longer session. for a shared room, it delivers clear, pleasant playback with very little effort and has earned regular use in our home.",True
CORD001089,CUS00381,2019-05-29,Thompson,"[{""product"":""Candle Edge 392"",""quantity"":1},{""product"":""Vela Halo 281"",""quantity"":1}]",906.49,14.73,-37.790463,144.884011,15,785.25,Autumn,False,6.0658,"vela echo 691 was intended for family communication and casual apps, but routine use is frustrating. applications take too long to open, messages sometimes remain pending, and switching between tasks causes noticeable pauses. the screen is adequate for reading, although the touch response feels inconsistent near the edges. calls can be made, but that basic function does not excuse the poor software behaviour. this 5g smartphone feels unreliable and underpowered, so i regret buying it.",False
CORD001090,CUS00158,2019-06-07,Thompson,"[{""product"":""Candle Edge 392"",""quantity"":1},{""product"":""Vela Halo 137"",""quantity"":2},{""product"":""Candle Orbit 674"",""quantity"":1}]",2219.59,12.74,-37.784299,144.939267,10,2010.37,Winter,False,3.2287,"candle shift 898 has given the far room a much steadier connection. i can move between rooms during a call without the awkward pauses i had before, and media continues playing when the signal travels through the hallway. the status light is clear and the unit has required little attention after setup. it is larger than some compact alternatives, but the coverage has been worth it.",True
CORD001091,CUS00083,2019-09-25,Thompson,"[{""product"":""Vela Core 957"",""quantity"":2},{""product"":""Candle Orbit 548"",""quantity"":1},{""product"":""Vela Nova 753"",""quantity"":1},{""product"":""Candle Shift 916"",""quantity"":1}]",7061.39,12.57,-37.750247,144.945854,0,7073.96,Spring,False,6.9423,"the vela atlas 791 became the shared point of contact for our family, handling calls, messages, maps, and the casual applications we use during the day. i was not looking for a specialised device; i wanted a phone that different family members could pick up and understand. it has met that expectation. text is readable, the touch response feels natural, and moving between a message and another app does not require much patience. we used it at home first, then took it on errands and short outings. communication remained dependable, and the camera was sufficient for quick snapshots of everyday moments. nobody in the household has needed a long explanation before using the main features. the vela atlas 791 also feels manageable in one hand, which is useful when carrying bags or helping a child at the same time. its finish is smooth and attractive, though it can be slippery on a bare surface, so a case is sensible. the battery has covered our ordinary day, including messaging, browsing, and occasional video, although heavy use means charging before the evening is over. that seems reasonable for the way we use it. the built-in speaker works for calls and short clips, while headphones are preferable for longer listening. i have encountered a brief pause when several applications are resumed together, but it has not become a pattern. what has mattered most is the phone's predictability: family members can call, share information, and use casual apps without fuss. the vela atlas 791 has been a pleasant everyday device, and it has earned a steady place in our household.",True
CORD001092,CUS00377,2019-08-29,Nickolson,"[{""product"":""Candle Orbit 548"",""quantity"":2},{""product"":""Candle Shift 916"",""quantity"":1},{""product"":""Vela Halo 281"",""quantity"":1}]",2901.65,20.94,-37.887601,145.001203,15,2487.34,Winter,False,8.1608,"candle orbit 782 was bought for family learning and shared browsing, but sharing it has been more troublesome than expected. the tablet starts and opens ordinary pages, although switching between users is slow and the screen often remains on the previous activity longer than it should. during learning sessions, pages occasionally stalled, and returning to an earlier lesson required several unnecessary taps. the display attracts fingerprints quickly, while the speaker becomes harsh when several people are listening. battery performance has also been unreliable; a session that began with plenty of charge sometimes ended sooner than expected. i tried keeping fewer tabs open, but the sluggish response remained. after repeated use by different family members, the tablet feels poorly suited to a busy household. candle orbit 782 performs basic browsing, but the awkward sharing process and recurring delays make it frustrating to use. i regret buying it and cannot recommend it for family learning.",False
CORD001093,CUS00172,2019-06-28,Thompson,"[{""product"":""Candle Orbit 674"",""quantity"":2},{""product"":""Vela Core 957"",""quantity"":1}]",919.59,25.29,-37.859018,144.896296,0,935.38,Winter,False,6.8145,"candle vista 596 has made game streaming and media capture less complicated than my earlier arrangement. before using it, i had several separate pieces connected together, and a small change often meant checking multiple settings. this hardware gives me a more orderly starting point for recording gameplay and sharing sessions. setup required some patience while i arranged the connections, but once that was done, the process of beginning a stream became much more direct. compared with my older capture arrangement, previewing the source feels more responsive and recordings have been consistent during the games i play. audio and video stay together in ordinary sessions, which is the improvement i noticed first when reviewing clips. the design also fits neatly beside my existing equipment instead of requiring a large change to the desk. long sessions create warmth, but i have not experienced random interruptions or unexplained drops. it is not a complete production studio, and anyone making highly edited professional content may eventually want more specialised controls. for casual streams, demonstrations, and saving memorable matches, those missing extras are not a concern. candle vista 596 has reduced the number of little technical obstacles between playing and sharing. it feels more approachable than a complicated enthusiast setup while still providing a clear step up from recording directly through a basic game device.",True
CORD001094,CUS00354,2019-11-06,Nickolson,"[{""product"":""Candle Orbit 548"",""quantity"":2},{""product"":""Candle Edge 932"",""quantity"":1},{""product"":""Vela Core 957"",""quantity"":1}]",2274.09,10.08,-37.849488,144.960191,5,2170.47,Spring,False,3.5321,"the vela atlas 755 has made room lighting easier to manage at home. i installed it for the main living area and now use the app when i want to switch the lights on before entering, turn them off after everyone has gone upstairs, or change the atmosphere without getting up. the first setup required patience while i worked through the pairing steps, but afterwards the controls were clear. commands have generally been carried out promptly, and the household has adapted to using the app without much explanation. it is especially handy when my hands are full or when i am already settled for the evening. i have noticed that the response can be slower when the network is busy, so i would not describe it as instant every time. the app also offers more choices than i regularly need, which makes the first few visits feel slightly crowded. even with those small limitations, the vela atlas 755 has been dependable over several weeks. its everyday convenience is more valuable than i expected, particularly for routines at the start and end of the day.",True
CORD001095,CUS00143,2019-07-25,Nickolson,"[{""product"":""Candle Orbit 548"",""quantity"":1},{""product"":""Vela Nova 753"",""quantity"":1},{""product"":""Candle Edge 932"",""quantity"":2}]",7640.64,38.55,-37.887266,144.957861,10,6893.13,Winter,False,7.7045,"i bought vela nova 429 because charging leads had begun collecting in a drawer and on the edge of my desk. the accessory is compact, so placing it beside the socket did not require rearranging anything. i could separate the cables i use every day and keep the less frequently used ones behind them. that simple change made the area look calmer, although the organiser holds fewer thicker leads than i first expected. during the first week, i tried it with phone, tablet, and headphone cables. slimmer cables stayed in their channels without much movement, while a heavier lead occasionally pulled free when i lifted the device from the desk. the material has enough firmness to keep its shape, and the base does not slide much on the surface. it is not a complicated item, but the usefulness depends on placing it where the cables naturally arrive. when i moved it to a lower shelf, reaching the connectors became awkward and the tidy effect was reduced. after 41 days, the channels have not stretched and the finish still looks clean. vela nova 429 has solved the specific problem of loose everyday cables, though it has not replaced a larger storage box for spare accessories. i appreciate that it needs no setup and takes very little room. my view is mixed in a practical way: it is a neat solution for a small group of light cables, but the limited capacity and weaker grip on thick ones should be considered before buying. for my desk, it remains useful enough to keep.",True
CORD001096,CUS00140,2019-08-23,Thompson,"[{""product"":""Vela Halo 281"",""quantity"":2},{""product"":""Vela Core 957"",""quantity"":2},{""product"":""Candle Edge 392"",""quantity"":1},{""product"":""Vela Halo 137"",""quantity"":1}]",2740.06,15.46,-37.760594,144.915296,15,2344.51,Winter,False,6.4289,"candle orbit 764 has supplied clear enough music during focused desk work and stayed connected through normal sessions. voices and instruments remain distinct, and the sound is comfortable at moderate volume. the buttons are small, and changing between sources involves more steps than expected. it is a reasonable single-device companion for work, but the controls make shared or frequently changing use less convenient.",True
CORD001097,CUS00307,2019-03-19,Nickolson,"[{""product"":""Candle Orbit 548"",""quantity"":1},{""product"":""Vela Halo 281"",""quantity"":1},{""product"":""Candle Edge 392"",""quantity"":1}]",1162.56,31.86,-37.866177,144.949168,5,1126.79,Autumn,True,5.5854,"vela core 849 has made hands-free device use much easier at our shared workspace. we use it to support a phone during calls, reference documents, and occasional demonstrations, and the device stays at a sensible viewing angle instead of sliding around among papers. several people can use it without needing to adjust the stand dramatically each time. the base occupies little desk space, while the support feels firm during ordinary tapping and swiping. i have moved it between desks and found the construction solid enough for regular handling. very large or unusually heavy devices may need more careful positioning, so i would not assume every size will behave identically. for the phones and tablets we normally use, vela core 849 has remained stable and convenient. it has reduced neck bending during calls and made shared information easier to see, which is exactly the modest improvement i wanted from this accessory.",True
CORD001098,CUS00476,2019-09-01,Bakers,"[{""product"":""Candle Shift 916"",""quantity"":1},{""product"":""Vela Core 957"",""quantity"":1}]",2130.24,13.7,-37.88329,145.022321,15,1824.4,Spring,False,8.4899,"after living with candle quest 768 for several weeks, i have found it a dependable centre for the shared devices in our home. setup was straightforward: the connection came online without a frustrating round of resets, and phones, a television and laptops have stayed connected during ordinary evenings. moving between rooms has not caused the awkward dropouts i had experienced with an older unit. daily use has been pleasantly uneventful. the casing feels solid on the shelf, the status lights are easy to interpret, and reconnecting a device after sleep has been quick. during busier periods, several people have browsed and streamed at once without creating interruptions. the supplied warranty adds welcome reassurance for equipment left running continuously. my only reservation is that the setup information could explain a few less common options more fully, so i spent extra time exploring them. even with that minor inconvenience, candle quest 768 has made our home network stable and convenient, and i am pleased with the purchase.",True
CORD001099,CUS00257,2019-05-11,Thompson,"[{""product"":""Candle Flux 162"",""quantity"":3},{""product"":""Candle Edge 392"",""quantity"":1}]",3556.62,11.44,-37.831533,144.886854,15,3034.57,Autumn,False,5.6896,"after 44 days with candle quest 1020, i have settled into using it for photo sorting, light video work, and everyday writing. the screen makes timelines and image details comfortable to inspect, while the keyboard has a firm, pleasant response during longer sessions. it wakes promptly and handles several creative applications without becoming distracting. i also appreciate how easily it slips into my work bag when i move between rooms. fan noise becomes noticeable during heavier editing, and the included storage feels more suited to active projects than a large archive, but neither issue has interrupted my routine. the build still feels dependable after regular travel, and the 24-month warranty adds welcome reassurance. candle quest 1020 has made my creative workflow smoother and is a worthwhile ultrabook for this kind of ownership.",True
CORD001100,CUS00228,2019-01-28,Bakers,"[{""product"":""Candle Vista 110"",""quantity"":1},{""product"":""Candle Lumen 220"",""quantity"":1},{""product"":""Candle Edge 392"",""quantity"":1}]",5721.73,29.51,-37.762831,145.056503,25,4314.56,Summer,True,7.5164,"vela atlas 323 has worked nicely for shared films and television at home. everyone can find the main controls quickly, streaming resumes smoothly, and the picture remains enjoyable from different seats. the built-in speakers lack depth for a dramatic film, but ordinary programs sound clear enough. after regular family use, the display has proved straightforward and dependable, with very little time spent solving small annoyances.",True
CORD001101,CUS00368,2019-07-16,Thompson,"[{""product"":""Candle Lumen 220"",""quantity"":1},{""product"":""Vela Halo 137"",""quantity"":3},{""product"":""Candle Edge 392"",""quantity"":1}]",6184.81,17.77,-37.882257,144.891588,15,5274.86,Winter,False,9.1432,"the candle edge 644 has been my main choice for listening at home over extended periods. i have worn it while reading, doing chores, and working at my desk, and the fit has remained comfortable without needing frequent adjustment. pairing was quick, and the connection has not dropped during normal movement between rooms. spoken content is easy to follow, while music has a balanced sound that works well for my tastes. the controls are simple enough to use without interrupting what i am doing. the case takes up a little more space than i expected when stored, but that is a minor compromise. after several weeks, the candle edge 644 has delivered relaxed, dependable listening and has become part of my daily routine.",True
CORD001102,CUS00312,2019-02-14,Bakers,"[{""product"":""Vela Halo 281"",""quantity"":1},{""product"":""Candle Orbit 548"",""quantity"":1}]",786.81,11.52,-37.765252,145.003675,0,798.33,Summer,False,5.0303,"vela pulse 199 sits on a shared desk where different people use it to hold a phone during calls, reference work and short video meetings. the base stays in place on the desk, and the support keeps a device visible without requiring someone to hold it. this has made shared work less cluttered, especially when a phone is needed beside a laptop. the adjustment range is narrower than i expected, so taller users often need to move the whole stand rather than simply change the angle. a larger phone in a thick case also fits tightly. the hinge has remained firm during ordinary use, though it takes both hands to make a major adjustment. vela pulse 199 is a sensible desk accessory for a fixed setup and handles its basic support role, but the restricted angle range and case compatibility reduce its flexibility in a busy shared workspace.",True
CORD001103,CUS00149,2019-09-25,Thompson,"[{""product"":""Vela Halo 281"",""quantity"":1},{""product"":""Candle Vista 110"",""quantity"":1},{""product"":""Candle Lumen 220"",""quantity"":1},{""product"":""Candle Edge 392"",""quantity"":1}]",6252.47,10.69,-37.773384,144.945601,15,5325.29,Spring,False,4.3706,"candle flux 612 has been convenient for watching media and joining video calls away from my desk. the screen is comfortable for short viewing, and the tablet is easy to carry around the house. the camera and call controls take some searching, while longer sessions leave the battery lower than expected. it handles portable entertainment well, but it is not equally polished for every task.",True
CORD001104,CUS00043,2019-01-25,Thompson,"[{""product"":""Vela Core 957"",""quantity"":1},{""product"":""Candle Vista 110"",""quantity"":3},{""product"":""Candle Orbit 674"",""quantity"":1},{""product"":""Vela Halo 281"",""quantity"":1}]",6576.04,23.34,-37.745018,144.961294,5,6270.58,Summer,True,7.6261,"candle flux 540 has handled my travel-based work with very little friction. i use it for preparing presentations, reviewing documents, joining meetings, and showing material to other people, and it remains responsive across that mix. the body is light enough to carry between locations without making my bag feel overloaded. its keyboard is comfortable for writing notes during a meeting, while the screen gives presentations a clean, readable appearance in ordinary rooms. starting work after a short break is quick, and the battery has generally covered a workday with moderate use. i have noticed the fan during longer periods of video calls, but it settles once that heavier activity ends. the ports are adequate for my usual accessories, although i carry a small adapter when visiting unfamiliar meeting rooms. after weeks of use, candle flux 540 feels like a well-balanced ultrabook: portable, capable, and dependable for the work i actually do.",True
CORD001105,CUS00138,2019-12-24,Thompson,"[{""product"":""Vela Core 957"",""quantity"":1},{""product"":""Candle Flux 162"",""quantity"":1},{""product"":""Candle Orbit 674"",""quantity"":1}]",1655.82,14.02,-37.8413,144.892689,10,1504.26,Summer,False,5.7397,"vela nova 195 was installed for automated blind and curtain routines, but the schedules have not been dependable. a routine may run once and then fail without an obvious reason, leaving the blinds in the wrong position. manual control works, although the response is slow and the status is unclear. recreating routines did not solve the problem, so daily use became frustrating. the device can move the blinds, but its unreliable automation makes it a poor purchase.",False
CORD001106,CUS00132,2019-04-22,Thompson,"[{""product"":""Candle Vista 110"",""quantity"":1},{""product"":""Candle Edge 392"",""quantity"":2},{""product"":""Candle Flux 162"",""quantity"":1},{""product"":""Candle Lumen 220"",""quantity"":1}]",7157.77,11.65,-37.83885,144.887877,10,6453.64,Autumn,False,5.9582,"i used candle bloom 424 for video calls, online classes, and some background music, and the comparison between those uses is quite noticeable. speech comes through clearly enough for meetings, and the microphone has allowed other people to hear me without repeated requests to speak louder. the wireless connection was simple to establish with my usual devices, and moving around the room during a call did not immediately interrupt the conversation. for music, however, the sound is more ordinary. it works for podcasts and casual listening, but tracks with stronger bass lack the weight i hear from a separate speaker. compared with wired headphones i have used, candle bloom 424 is more convenient when i am moving between tasks, though it introduces another battery to manage. compared with a dedicated music headset, it offers less detail and a less immersive presentation. comfort was acceptable during a normal class, but after a longer meeting i became aware of pressure around the ears. the controls are within reach, although muting and changing volume took a little practice because the buttons feel similar. battery life has been sufficient for my usual schedule, but i would charge it before a full day of calls. nothing has failed during these weeks. the 12-month warranty is appropriate. overall, candle bloom 424 is a practical communication headset with clear advantages for calls and classes, while its musical performance, long-session comfort, and charging requirement make the result balanced rather than exceptional.",True
CORD001107,CUS00373,2019-08-29,Nickolson,"[{""product"":""Candle Orbit 674"",""quantity"":1},{""product"":""Candle Lumen 220"",""quantity"":1}]",3853.45,32.16,-37.873206,144.96744,0,3885.61,Winter,True,6.0753,"candle arc 528 was purchased for video meetings and evening streaming, and i compared it with the uncomplicated network unit it replaced. the comparison became negative almost immediately. initial setup was not especially difficult, but the connection became unreliable once several devices were active. a meeting could begin normally and then develop broken audio, frozen video, or repeated reconnecting. streaming in another room made the problem more obvious rather than less. the older unit had a smaller range of settings, yet it behaved more predictably in daily use. candle arc 528 offers a busier control panel without making the underlying connection feel stronger. the signal drops in parts of the home where the previous unit remained usable, and moving a laptop only a short distance can produce an awkward interruption. restarting the network device clears the problem temporarily, but having to do that during work is frustrating and disruptive. i also disliked the way the status information is presented. several warnings are vague, so it is difficult to tell whether the fault involves the connection, the device, or the meeting service. the casing is plain and the device does transmit data when conditions are quiet, but that is a basic requirement rather than a meaningful advantage. for home meetings and media streaming, candle arc 528 created more uncertainty than the older equipment and proved too unreliable to recommend.",False
CORD001108,CUS00273,2019-09-14,Thompson,"[{""product"":""Candle Flux 162"",""quantity"":1}]",1060.29,10.93,-37.84544,144.913326,15,912.18,Spring,False,4.6966,"candle flux 432 has become the device we leave in the living room for family learning and shared browsing. it was simple to place on the stand, and the first setup did not require much technical knowledge. different members of the family use it for reading, looking up questions, practising lessons, and browsing together, so the straightforward interface has been more valuable than a large collection of complicated features. the screen is comfortable for a child to read and large enough for two people to examine something at once. touch responses have remained consistent, and switching between a learning activity and a browser page is generally smooth. when several demanding pages are open, the tablet may pause briefly, but closing an unused page usually restores the pace. i also like that the device can be passed around without feeling delicate, although we still keep it in one place when it is not being used. over the weeks, candle flux 432 has supported quiet homework time as well as relaxed weekend browsing. battery life is suitable for our normal use, and charging is easy to remember because the tablet returns to its stand each evening. the speakers are fine for spoken lessons, though headphones are preferable when someone else is watching television. the only recurring annoyance is that the screen gathers fingerprints quickly, which means i wipe it more often than expected. even with that minor chore, it has been a useful shared tool and has made family learning feel more accessible.",True
CORD001109,CUS00110,2019-12-18,Nickolson,"[{""product"":""Vela Halo 137"",""quantity"":1},{""product"":""Vela Core 957"",""quantity"":1},{""product"":""Candle Orbit 548"",""quantity"":3}]",1799.57,10.85,-37.851402,144.948947,5,1720.44,Summer,False,4.0721,"i installed vela spark 1035 to keep track of door and window activity in a home where people often come and go at different times. the setup was more manageable than the sensor arrangement i had tried previously. the instructions explained the basic sequence clearly, and i was able to place it without turning the installation into a larger project. once it was in position, the activity alerts were easy to understand rather than filled with unnecessary detail. compared with relying on memory or a quick visual check, vela spark 1035 gives me a convenient record of what has happened. i notice it most when i am already in bed and want to know whether a side door was closed, or when a family member leaves earlier than i do. the alerts have arrived consistently during normal use. i still check the door physically when something seems unusual, because an alert is not a substitute for a proper security system, but the device provides a useful extra prompt. i compared it with a basic reminder routine on my phone. the phone reminder was easy to ignore and could not tell me whether anything had actually moved. vela spark 1035 is more relevant because its message is connected to an event. it also avoids the repeated manual checking that made the old routine tiresome. placement matters, and i needed to spend a little time finding a position that did not interfere with the door, but that adjustment was straightforward. the device has worked quietly in the background and has not demanded much attention after installation. its alerts are more helpful for routine awareness than for serious protection, and i would not claim more than it can provide. even with that boundary, vela spark 1035 is a clear improvement over my previous method. it has made small household checks easier to remember and gives me useful information without making the home feel over-automated.",True
CORD001110,CUS00276,2019-09-30,Bakers,"[{""product"":""Candle Orbit 548"",""quantity"":1},{""product"":""Candle Lumen 220"",""quantity"":2}]",7314.85,14.33,-37.805406,145.062474,10,6597.7,Spring,False,5.9294,"candle vista 542 was used for drawing and lightweight creative work, but the input behavior made the process unnecessarily difficult. lines sometimes appeared after a delay, and quick strokes were recorded as broken marks rather than a continuous movement. the screen also ignored occasional touches near the edge, forcing me to repeat details that had already taken time. switching between a sketch and a reference image caused pauses, while the battery dropped rapidly during longer sessions. holding the tablet flat on a desk was awkward because the body shifted whenever pressure was applied. it can display a canvas and accept basic marks, but that is a poor result for creative work requiring controlled input. after repeated interruptions i returned to paper for rough ideas and stopped carrying the tablet. candle vista 542 was frustrating, limited, and not worth relying on for drawing.",False
CORD001111,CUS00020,2019-07-28,Thompson,"[{""product"":""Candle Flux 162"",""quantity"":1},{""product"":""Vela Halo 137"",""quantity"":1},{""product"":""Candle Orbit 548"",""quantity"":1},{""product"":""Candle Edge 392"",""quantity"":1}]",2452,17.09,-37.83704,144.919386,25,1856.09,Winter,False,3.6405,"i compared vela echo 565 with a simpler timer used for a household outlet. the older timer is limited, but its schedule happens when expected. vela echo 565 has a more involved setup and still misses the basic task often enough to become frustrating. the first schedule ran correctly, then later activations occurred late or failed after the device had been left alone. i had to check the outlet manually, which defeats the point of scheduled control. the application adds more difficulty. creating a routine involves several screens, and editing one is awkward because the saved time is not always shown where i expect it. i removed and recreated the schedule twice, but the inconsistent behavior continued. the outlet can be switched manually, and that command usually operates after a pause. a manual command is not a solution when the purpose is to control a lamp or appliance while nobody is watching it. the connection indicator also changes without a clear explanation, leaving me unsure whether a missed schedule is caused by the network or the device. i tested it with different routines around the house and found no dependable pattern. it stayed connected for ordinary periods, then required a restart after a brief interruption. support recommended resetting the unit and rebuilding the schedule, which consumed time without resolving the failures. the warranty information is present, but the response did not offer a replacement or a clear diagnosis. compared with the basic timer, vela echo 565 is more complicated and less trustworthy. it can operate an outlet when the command reaches it, yet the delayed schedules, confusing controls, and repeated connection problems make it a poor home automation purchase. i would avoid relying on it.",False
CORD001112,CUS00025,2019-04-09,Thompson,"[{""product"":""Candle Orbit 674"",""quantity"":1},{""product"":""Vela Halo 137"",""quantity"":1},{""product"":""Candle Orbit 548"",""quantity"":1},{""product"":""Candle Flux 162"",""quantity"":1}]",2400.31,14.57,-37.743464,144.87974,0,2414.88,Autumn,False,9.7077,"vela ridge 239 has reduced the clutter caused by connecting several devices. it takes little space in my work bag, and moving between the connected items has been straightforward during daily use. the connections have stayed in place rather than requiring constant adjustment. its small size means the ports are close together, so large plugs can feel awkward, but the adapter still performs its main job well. i am happy with its practicality.",True
CORD001113,CUS00113,2019-10-15,Bakers,"[{""product"":""Candle Edge 392"",""quantity"":3},{""product"":""Candle Lumen 220"",""quantity"":3},{""product"":""Candle Edge 932"",""quantity"":1}]",13205.9,11.24,-37.849196,145.025825,5,12556.84,Spring,False,5.1204,"i bought vela nova 357 to get a clearer view of my daily movement and sleeping routine, and it has provided exactly the sort of gentle overview i wanted. i wear it through ordinary days, during walks, and overnight, then look back at the summaries when i have time. seeing patterns across several nights is more useful to me than checking a single reading, and the information is presented without making the process feel complicated. the wearable sits comfortably enough that i often forget it is there, including when i am resting. its basic tracking has continued without interruptions, and the accompanying review screen is pleasant to browse. the first few days involved some adjustment to the fit and to remembering the charging routine, but that became automatic fairly quickly. i would prefer a slightly quicker way to reach older summaries, since finding a particular past entry takes a few extra taps. even with that minor inconvenience, vela nova 357 has encouraged me to pay more attention to my habits without becoming intrusive. it is a practical, approachable device for everyday tracking.",True
CORD001114,CUS00066,2019-02-07,Nickolson,"[{""product"":""Candle Orbit 674"",""quantity"":2},{""product"":""Vela Halo 137"",""quantity"":1},{""product"":""Vela Nova 753"",""quantity"":1}]",5811.62,12.85,-37.880608,144.977071,15,4952.73,Summer,False,6.9271,"the candle lumen 652 has become part of my reading and meeting routine. handwritten notes feel natural once the page is set up, and annotation is straightforward when reviewing documents. the screen is fine for short reading sessions, although i find myself zooming in on dense pages and occasionally repositioning my hand to avoid unwanted marks. it handles the main purpose without drama, but the overall experience is not especially refined. i would describe it as a useful working tablet with a few ergonomic compromises.",True
CORD001115,CUS00402,2019-06-20,Bakers,"[{""product"":""Candle Edge 392"",""quantity"":2},{""product"":""Candle Orbit 674"",""quantity"":1},{""product"":""Vela Core 957"",""quantity"":1}]",1347.03,26.36,-37.813801,145.040002,10,1238.69,Winter,True,3.9556,"the candle bloom 442 has been useful for the kind of drawing i usually postpone because setting up a larger workspace feels excessive. i have used it for thumbnails, handwritten planning, simple illustrations, and light edits to images. the first setup was calm and uncomplicated, and i was able to begin sketching soon afterward. the tablet is light enough to carry from my desk to the living room, which means i can work wherever a spare half hour appears. the pen response feels natural for ordinary lines and shading, and the surface gives enough control for rough work without making every mark feel slippery. i have kept a reference image open while sketching and found the arrangement easy to manage. during a longer session i prefer to rest the tablet on a table rather than hold it, but that is more comfortable for any screen-based drawing. the display is bright enough indoors, and the controls are simple to find once the basic gestures become familiar. in the evenings i have also used the candle bloom 442 for notes and reviewing drafts. it wakes quickly and has enough battery for several short sessions before i put it on charge. it is not intended to replace a full creative workstation, especially when a project becomes complex, but it handles lightweight creative work with much less friction. the only recurring nuisance is cleaning fingerprints from the screen. overall, it has made drawing more spontaneous and has been a genuinely enjoyable addition to my routine.",True
CORD001116,CUS00214,2019-08-13,Bakers,"[{""product"":""Candle Vista 110"",""quantity"":2},{""product"":""Candle Orbit 674"",""quantity"":1},{""product"":""Candle Orbit 548"",""quantity"":1}]",4213.31,30.08,-37.873247,145.045995,25,3190.06,Winter,True,8.3268,"candle bloom 766 has been used in our shared room for casual games over the last month. it starts without much delay and gives a playable experience for short sessions. the controls are responsive enough for the games we normally choose, and the unit does not take up an unreasonable amount of space beside the television. longer sessions reveal a few limits: the casing becomes warm, and the controls feel less comfortable once several hours have passed. setup was uncomplicated, although switching between users is not particularly elegant. performance has been consistent for lighter games, but i would not expect it to suit demanding titles or someone looking for a premium setup. candle bloom 766 occupies a middle ground. it makes shared, occasional gaming possible and avoids major problems, but its ordinary build and limited comfort keep it from feeling like a complete long-session solution.",True
CORD001117,CUS00022,2019-05-08,Thompson,"[{""product"":""Candle Orbit 548"",""quantity"":1},{""product"":""Candle Flux 162"",""quantity"":1},{""product"":""Vela Core 957"",""quantity"":1},{""product"":""Candle Orbit 674"",""quantity"":1}]",1911.89,21.36,-37.850213,144.935195,0,1933.25,Autumn,True,4.3025,"i bought vela atlas 611 mainly for taking photos and keeping in touch, and it has settled comfortably into both parts of my day. the camera produces bright, detailed pictures in daylight, and the messaging screen is quick to open when i am moving between conversations. i have used it for family photos, documents, and casual shots while travelling locally, with results that are consistently pleasing on the phone itself. calls connect promptly, and switching between messages, maps, and other everyday apps has felt fluid. the handset is easy to carry, though its smooth finish means i prefer using it with a case. after a month of regular use, i have not needed to restart it to resolve anything troublesome. vela atlas 611 is not a specialist camera, but it gives me a balanced combination of photography, communication, and ordinary mobile tasks.",True
CORD001118,CUS00447,2019-12-24,Thompson,"[{""product"":""Candle Orbit 548"",""quantity"":1},{""product"":""Vela Halo 137"",""quantity"":1}]",1015.96,12.79,-37.871661,144.924599,0,1028.75,Summer,False,6.8495,"candle orbit 638 replaced a basic network unit that worked, but made guest access awkward. the new arrangement gives me a separate network for visitors and a clearer way to see the devices connected at home. i compared the setup process with the old unit, and the controls here are easier to follow when i want to change a password or check which household device is active. that extra visibility has made routine management less mysterious, especially when several phones and streaming devices are online together. i installed it in a shared living area and used it for ordinary browsing, television streaming, work calls, and a few visiting guests. connections have remained steady across the rooms i use most, and the guest network has kept visitors from needing access to the household settings. candle orbit 638 also makes it simple to pause or remove a device, which is more convenient than restarting the old unit whenever something behaved strangely. the first setup involved a few more steps than i expected, but the instructions were sensible and the process only needed to be done once. the older equipment offered fewer controls and occupied less visual space, so there is still a small trade-off. i also had to place candle orbit 638 carefully to keep its lights out of direct view at night. those are minor points beside the improved organisation. it is not aimed at someone managing a large office network, but for several shared household devices it provides a calm, practical balance. after more than a month, i am pleased with the coverage and especially with the guest-network separation.",True
CORD001119,CUS00199,2019-03-31,Thompson,"[{""product"":""Vela Halo 281"",""quantity"":2},{""product"":""Candle Flux 162"",""quantity"":1},{""product"":""Candle Lumen 220"",""quantity"":1}]",5651.16,13.32,-37.740914,144.963001,5,5381.92,Autumn,False,8.1012,"the candle arc 582 is used by several people in my household for browsing, reading, and family learning activities. its larger screen makes shared questions easier to investigate than passing a phone around, and the touch controls respond predictably for ordinary pages. my child can use it for educational exercises while i sit nearby, then i can switch to a recipe or article without moving to another room. the body is light enough to carry, although i prefer setting it on a stand for longer sessions. sharing it has exposed some limitations. different users leave tabs and applications open, so returning to my own work sometimes involves tidying the screen first. the keyboard that appears for longer writing takes up much of the display, and i would not choose the tablet for composing a substantial document. a few websites also behave differently from their desktop versions, which means the tablet is better for browsing than for every kind of task. battery use is moderate, but video and interactive lessons reduce the remaining charge noticeably. after forty-one days, the candle arc 582 has become a useful household screen without replacing a laptop. it works well for shared browsing, reading, and short learning sessions, and the clear touch response makes it approachable for different ages. the limited space for typing and the effort of managing several users keep the experience balanced. i am glad to have it for quick family activities, but anyone expecting a complete work computer may find its boundaries frustrating.",True
CORD001120,CUS00213,2019-01-11,Thompson,"[{""product"":""Vela Core 957"",""quantity"":1}]",271.47,16.14,-37.83505,144.935299,10,254.21,Summer,False,2.6944,"vela core 507 has quietly tracked my daily activity and sleep for 27 days. the band is light enough to wear through ordinary tasks and overnight, and the companion view makes patterns easy to check in the morning. step information has been consistent with my routine, while sleep summaries give me a useful prompt to notice habits. the display is small, but that keeps it unobtrusive. it has been a helpful everyday companion.",True
CORD001121,CUS00458,2019-03-04,Nickolson,"[{""product"":""Vela Halo 281"",""quantity"":1}]",530.74,11.13,-37.829195,144.979082,0,541.87,Autumn,False,1.4457,"the vela echo 403 was placed in a shared room for films and television, but family viewing quickly became frustrating. the display produces an image, yet streaming applications sometimes stalled while the rest of the household waited. resuming a programme could return to the wrong position, and the remote response was slow when several commands were entered close together. sound remained audible, but dialogue became difficult to follow during scenes with quieter voices, so the volume had to be adjusted repeatedly. the screen also showed distracting reflections during daytime viewing. i found the menus confusing when switching between family profiles, and occasional network drops required a full restart. these are not minor inconveniences when the device is meant for relaxed group use. after several weeks, the vela echo 403 felt unreliable and awkward rather than convenient. its poor streaming stability, weak interface, and inconsistent response made shared entertainment more difficult.",False
CORD001122,CUS00207,2019-03-03,Bakers,"[{""product"":""Candle Edge 392"",""quantity"":1},{""product"":""Candle Orbit 548"",""quantity"":1},{""product"":""Candle Orbit 674"",""quantity"":1}]",955.88,14.78,-37.854916,145.035669,15,827.28,Autumn,False,6.1287,"i installed the vela halo 785 for door and window activity alerts, but the system has been unreliable. the sensor paired after several attempts, then stopped reporting one opening until i removed and added it again. alerts sometimes arrive late, while other activity appears in the history without a notification. the application status is confusing because it can show a closed door even after the sensor has changed. the adhesive backing also loosened on a frequently used frame, forcing me to reposition the unit. it records an event when the connection holds, but that basic operation does not provide dependable awareness of the home. repeated gaps and unclear messages are frustrating. the vela halo 785 is disappointing, and i would avoid relying on it for alerts.",False
CORD001123,CUS00189,2019-02-19,Bakers,"[{""product"":""Vela Core 957"",""quantity"":3},{""product"":""Candle Orbit 674"",""quantity"":1},{""product"":""Candle Orbit 548"",""quantity"":1},{""product"":""Candle Edge 932"",""quantity"":1}]",2885.02,15.39,-37.853871,145.063115,25,2179.15,Summer,False,7.7035,"candle vista 542 was intended for sketching, but the pen response makes creative work frustrating. lines appear late or uneven, and the screen occasionally ignores a short stroke. switching between tools is slow, while the surface becomes awkward to use during longer sessions. it opens drawing files, although that limited function does not make up for the poor control. after repeated attempts to adapt, i regret buying it and cannot recommend this tablet.",False
CORD001124,CUS00011,2019-10-13,Bakers,"[{""product"":""Candle Orbit 548"",""quantity"":2},{""product"":""Candle Flux 162"",""quantity"":2},{""product"":""Candle Lumen 220"",""quantity"":1}]",6162.11,19.48,-37.8568,145.062111,10,5559.13,Spring,False,7.8474,"candle flux 234 has been a welcome addition to our shared room because different people can enjoy music without complicated setup. pairing is quick, and the controls are visible enough that visitors can adjust playback without searching through an app. sound carries well at ordinary volume, with voices and instruments remaining distinct. we have used it during meals, weekend cleaning, and relaxed evenings, and it has handled the changes in listening position well. the bass is restrained, so anyone seeking a strong club-like effect may want something larger. for background music and spoken content, that balance is comfortable. the casing has also survived being moved between shelves without showing much wear. candle flux 234 has made shared playback easy to start and easy to hand over, which suits our household better than a complicated system.",True
CORD001125,CUS00162,2019-02-22,Nickolson,"[{""product"":""Vela Core 957"",""quantity"":1},{""product"":""Candle Shift 916"",""quantity"":2},{""product"":""Candle Orbit 548"",""quantity"":1}]",4245.08,15.27,-37.883444,144.944697,0,4260.35,Summer,False,7.5338,"vela echo 115 was purchased to manage a household power outlet on a schedule, but the experience has been disappointing from the beginning. setup required several attempts before the outlet appeared in the application, and the instructions did not make the failure clear. once connected, manual switching worked often enough to suggest the hardware was functioning, yet scheduled control was far less dependable. some routines ran at the expected time, while others were delayed or ignored without a useful explanation. i used it for a lamp and later for a small appliance, and both behaved inconsistently. checking the application repeatedly became part of the routine, which defeated the purpose of automation. when the network connection changed, i had to reconnect the outlet and recreate part of the schedule. the application is also awkward. the current outlet state can be found, but the schedule screen makes it difficult to tell whether a rule is active. notifications do not clearly distinguish a completed action from a failed one. the outlet itself switches on when commanded manually, so its basic function operates, but the unreliable scheduling is the reason i bought it and the reason i am unhappy. vela echo 115 has not given me enough confidence to leave an appliance under its control. missed schedules, poor status information, and repeated reconnection make it frustrating to use. i now check the outlet by hand and have removed it from the appliance i originally intended to automate. this is an unreliable product that i cannot recommend.",False
CORD001126,CUS00121,2019-03-11,Nickolson,"[{""product"":""Candle Edge 392"",""quantity"":1},{""product"":""Candle Edge 932"",""quantity"":1},{""product"":""Vela Core 957"",""quantity"":1}]",2137.7,8.47,-37.834314,144.961665,0,2146.17,Autumn,False,1.8801,"candle lumen 850 has become my regular machine for documents, research, and video meetings at home and away from my desk. it is light enough to carry with notebooks, yet the keyboard does not feel cramped during longer writing sessions. documents open promptly, switching between browser tabs and meeting software has been smooth, and the camera has been adequate for ordinary calls. i appreciate that the screen can be positioned without the whole base shifting. after sixteen days of daily use, the hinge and keyboard still feel firm. the speakers are serviceable rather than especially rich, so i use headphones when listening to longer recordings. setup required a few updates and personal adjustments, but nothing was confusing. candle lumen 850 has made portable document work uncomplicated and has handled my meeting routine with confidence.",True
CORD001127,CUS00462,2019-01-20,Bakers,"[{""product"":""Candle Edge 932"",""quantity"":1},{""product"":""Candle Orbit 548"",""quantity"":1},{""product"":""Candle Vista 110"",""quantity"":1},{""product"":""Vela Halo 281"",""quantity"":1}]",4093.88,13.83,-37.741721,145.034191,15,3493.63,Summer,False,8.3283,"candle bloom 262 has become the tablet i carry around the house for videos, reading, and calls. i compared it with the older tablet i had been using, and the main advantage is not one spectacular feature but the way several ordinary tasks fit together. it wakes promptly, the display is pleasant for media, and the size makes it easier to move from a desk to the sofa or kitchen table. i have used it for long video sessions and several calls without wishing i had brought a laptop instead. the older device often felt like a compromise in those situations, while candle bloom 262 feels designed for this kind of portable use. for video calls, the image and sound have been consistent enough for ordinary conversations. the microphone picks up my voice without requiring me to lean close, and i have not needed to restart a call because of a routine connection problem. switching from a call to a show or a reading app is also uncomplicated. the interface was familiar, so i needed little adjustment time. i particularly like being able to hold it comfortably for a while; the shape does not make my hands work hard during a longer programme. it is not weightless, but it is easier to manage than the larger device i previously kept in the living room. the limitations are modest. the screen is more suited to personal viewing than to sharing with a group, and the built-in audio is adequate rather than room-filling. i also found that the first setup took a little patience while i arranged my accounts and preferences. once that was done, daily use became smooth. candle bloom 262 will not replace a computer for substantial writing or demanding work, but that is not the role i wanted it to fill. compared with my former tablet, it offers a more agreeable mix of portability, media playback, and video-call convenience. after this period of ownership, it is the device i reach for first when i want a simple screen that can follow me around.",True
CORD001128,CUS00413,2019-03-01,Nickolson,"[{""product"":""Vela Nova 753"",""quantity"":2},{""product"":""Candle Lumen 220"",""quantity"":2},{""product"":""Candle Vista 110"",""quantity"":3},{""product"":""Candle Edge 932"",""quantity"":1}]",22806.25,12.64,-37.875253,145.009878,25,17117.33,Autumn,False,7.227,"candle vista 488 has helped me manage a busy home network without making routine changes feel difficult. i created a separate guest network quickly, and visitors have been able to connect without seeing the household devices. the device list is also useful when i want to check what is currently online or remove something i no longer recognise. coverage has remained steady across the rooms where we use phones, laptops and a television. i spent a little time learning where the management options were located, but the layout became familiar after that first setup. the unit is larger than some alternatives, although it sits neatly on a shelf. candle vista 488 has given me clearer control over shared access and has kept everyday connections running smoothly.",True
CORD001129,CUS00186,2019-04-12,Thompson,"[{""product"":""Candle Flux 162"",""quantity"":1},{""product"":""Vela Halo 137"",""quantity"":1}]",1820.18,8.67,-37.795015,144.937457,0,1828.85,Autumn,False,2.1374,"i have worn vela core 867 for walks and commuting long enough to form a fairly settled opinion. it sits lightly on my wrist and the display is readable while moving between home, the station, and work. walking summaries are easy to review afterward, and notification previews save me from reaching for my phone whenever a message arrives. the vibration is noticeable without being distracting in a quiet office. pairing took a couple of attempts because i had to revisit the phone settings, but the connection has remained stable since then. the strap is not especially soft during very warm afternoons, which is the only recurring comfort issue i have noticed. otherwise the device has become a useful part of my routine, with sensible information and no unnecessary fuss.",True
CORD001130,CUS00057,2019-09-21,Bakers,"[{""product"":""Vela Nova 753"",""quantity"":1},{""product"":""Candle Orbit 548"",""quantity"":1},{""product"":""Vela Halo 281"",""quantity"":1}]",5190.42,12.76,-37.823793,145.034504,5,4943.66,Spring,False,3.7755,"vela halo 389 has caused repeated problems when connecting several devices through one adapter. one connection often disappears after another device is added, and reconnecting requires removing everything first. the compact body becomes hot during ordinary use, while the ports are too close together for bulky cables. a single device can be connected, but shared use is awkward and unreliable. the interruptions make this accessory frustrating for a desk or travel setup.",False
CORD001131,CUS00112,2019-04-12,Bakers,"[{""product"":""Vela Halo 281"",""quantity"":1},{""product"":""Candle Edge 392"",""quantity"":1},{""product"":""Vela Core 957"",""quantity"":1},{""product"":""Vela Nova 753"",""quantity"":1},{""product"":""Candle Vista 110"",""quantity"":1}]",7398.16,11.45,-37.826383,144.991301,5,7039.7,Autumn,False,1.8546,"vela core 255 has been a poor solution for controlling room lights. commands sometimes arrive, but the app loses contact often enough that i cannot depend on it when entering a dark room. reopening the app and repeating the request has become routine, while the response delay is awkward when several lights are involved. the unreliable control is frustrating, and i regret the purchase.",False
CORD001132,CUS00318,2019-12-06,Bakers,"[{""product"":""Candle Edge 932"",""quantity"":1},{""product"":""Candle Orbit 548"",""quantity"":2}]",2002.62,12.89,-37.751556,144.96624,20,1614.99,Summer,False,6.9799,"i bought candle bloom 406 after spending too many evenings with a gaming accessory that looked impressive but became uncomfortable during longer sessions. the older setup had brighter lighting and a heavier frame, yet i was constantly adjusting it. candle bloom 406 is less showy and much easier to live with at a desktop. its controls stay within reach, the fit remains comfortable, and it does not make the desk feel crowded. during extended gaming, the most useful improvement is consistency. the connection has remained stable, and the controls respond without a noticeable pause. i can move from a competitive match to a slower game without changing the whole arrangement. sound and voice communication are clear enough for team play, while the physical design prevents the small pressure points that bothered me before. after several hours, i notice the session rather than the equipment, which is exactly what i wanted. i compared it with a smaller model that a friend uses. that one is easier to pack, but candle bloom 406 feels steadier on the desk and provides better support when i lean back. a more expensive option offered richer audio, although its software was more involved and occasionally distracting. candle bloom 406 has fewer fine adjustments, but i prefer its direct approach for regular use. the finish shows fingerprints, and the controls would benefit from more separation because two buttons are close together. neither issue has affected performance. it has handled everyday play, voice chats, and several long weekend sessions without a loose joint or unreliable connection. candle bloom 406 is not the flashiest choice, but compared with the equipment i have used before, it gives me the best combination of comfort, stability, and uncomplicated desktop gaming.",True
CORD001133,CUS00188,2019-06-06,Thompson,"[{""product"":""Candle Flux 162"",""quantity"":1},{""product"":""Vela Core 957"",""quantity"":1},{""product"":""Candle Orbit 674"",""quantity"":3}]",2303.94,13.35,-37.816781,144.902519,15,1971.7,Winter,False,3.94,"i have worn vela core 1047 for about twenty days, using it mainly for habit reminders and checking the time during ordinary routines. the lightweight design is comfortable, and the display is clear enough for a quick glance while walking or working. setting a reminder was straightforward, and the alerts have helped me remember small tasks without reaching for my phone. timekeeping has remained consistent, which is the part i use most often. the device feels more limited when i try to manage several reminders or review older activity. the menus require a few extra taps, and the small screen is not ideal for reading longer information. one reminder did not appear until i reopened the connected application, so i still keep important tasks elsewhere. vela core 1047 is a pleasant basic wearable for time checks and occasional prompts. it does those jobs with little fuss, but the cramped interface and one delayed alert leave it feeling more suitable for simple routines than detailed daily planning.",True
CORD001134,CUS00238,2019-01-14,Thompson,"[{""product"":""Candle Orbit 548"",""quantity"":1},{""product"":""Vela Core 957"",""quantity"":1},{""product"":""Vela Nova 753"",""quantity"":2},{""product"":""Candle Vista 110"",""quantity"":1},{""product"":""Candle Flux 162"",""quantity"":1}]",12211.64,12.7,-37.866649,144.912773,5,11613.76,Summer,False,6.7151,"vela atlas 665 has helped me schedule a household power outlet for routines that would otherwise require remembering a manual switch. once the schedule was in place, the outlet followed the ordinary pattern and reduced a small amount of daily effort. i like being able to change the routine when my plans shift, and manual control remains available when i need it immediately. the setup deserves care because some of the wording is less obvious than it should be. i checked the schedule more than once before trusting it, and the history does not always make a missed action easy to understand. the connected control has remained available during my ownership. overall, vela atlas 665 is useful for simple household automation, but it is best suited to owners who are willing to verify the routine rather than assume every programmed action will be self-explanatory.",True
CORD001135,CUS00155,2019-04-16,Bakers,"[{""product"":""Candle Orbit 548"",""quantity"":1},{""product"":""Candle Lumen 220"",""quantity"":1},{""product"":""Vela Nova 753"",""quantity"":1},{""product"":""Vela Halo 137"",""quantity"":2}]",9708.85,20.86,-37.780949,145.015083,15,8273.38,Autumn,True,3.6708,"vela atlas 917 has become a practical part of my walking routine because it handles the small reminders i used to miss on my phone. compared with checking a screen in my pocket, seeing a short notification on my wrist is quicker and less disruptive. the display is readable during daytime walks, and the controls do not require much thought once the basic arrangement is familiar. i mainly use it for commute messages, time checks, and reminders to move, so i cannot judge features intended for serious training, but it suits my ordinary habits very well. the difference from my previous wearable is most noticeable during travel. i can glance at an incoming message while carrying a bag or waiting at a crossing, then decide whether it needs a reply. alerts arrive without the constant interruption of a phone buzzing in a pocket. on walks, the device feels secure and does not become an irritation after an hour. the strap has remained comfortable through changing parts of the day, and the watch face is simple enough that i can read it without stopping. battery behaviour has also been encouraging. i charge it as part of my normal evening routine rather than worrying about it midway through a commute. its activity information is useful as a prompt, although i treat the measurements as general guidance rather than precise records. vela atlas 917 is not a replacement for a dedicated fitness device, and the notification choices take a little patience to arrange. even so, compared with carrying a phone for every glance, it makes daily movement and commuting feel more organised. after several weeks, i appreciate how quietly it supports my routine and consider it a worthwhile everyday wearable.",True
CORD001136,CUS00007,2019-03-17,Thompson,"[{""product"":""Candle Orbit 548"",""quantity"":2},{""product"":""Vela Halo 281"",""quantity"":1},{""product"":""Candle Lumen 220"",""quantity"":3},{""product"":""Candle Orbit 674"",""quantity"":1},{""product"":""Vela Core 957"",""quantity"":1}]",12226.58,11.84,-37.813537,144.876477,10,11015.76,Autumn,False,6.2019,"vela echo 349 has made my shared workspace more comfortable and less cluttered. before using it, my phone usually sat flat beside the keyboard or leaned against whatever object happened to be nearby. that arrangement worked in a basic sense, but it was unstable and made incoming calls or messages difficult to see. with vela echo 349, the phone has a consistent place, the screen stays visible, and i can use both hands for notes or keyboard work without constantly moving the device. compared with an improvised stand, this accessory feels much more deliberate. the base stays in position during ordinary use, and the support holds the phone at an angle that suits quick glances. i have used it beside colleagues, during video calls, and while following instructions on the phone. it has been particularly useful when the desk is busy because the device remains raised above papers and cables rather than disappearing underneath them. vela echo 349 also folds away easily enough when the workspace needs to be cleared. i tested it with different cases that i already own, and the fit remained practical. very bulky cases make the phone sit slightly higher, but i have not needed to remove my usual case. the finish has stayed neat after being carried between rooms, and the moving section still feels firm rather than loose. my only small reservation is that the footprint takes more desk space than a completely flat holder. that trade-off seems worthwhile because the phone is far easier to locate and view. after 37 days, vela echo 349 has replaced a collection of awkward temporary solutions. it does not add unnecessary complexity; it simply keeps a phone supported, visible, and ready for hands-free use. for a shared workspace, that practical improvement has been genuinely valuable.",True
CORD001137,CUS00393,2019-02-25,Thompson,"[{""product"":""Candle Lumen 220"",""quantity"":3},{""product"":""Vela Nova 753"",""quantity"":1},{""product"":""Candle Shift 916"",""quantity"":1},{""product"":""Vela Halo 137"",""quantity"":1}]",17610.44,14.25,-37.747619,144.887597,15,14983.12,Summer,False,8.9244,"vela core 615 has made a few household routines easier to manage. i use it to control a power outlet on a schedule, so a device can switch on or off without me remembering the exact moment. the routine has been consistent during ordinary days, and i can change the schedule when my evening plans are different. the setup was reasonably clear, though i checked the instructions before making the first schedule because i wanted to avoid an unintended change. after that, the controls felt straightforward. i like having a quick way to check the current state, and the unit has remained unobtrusive near the furniture. the scheduling options are less flexible than i would want for complicated routines, but they cover my needs. vela core 615 is a useful, dependable addition for simple household automation.",True
CORD001138,CUS00125,2019-09-08,Nickolson,"[{""product"":""Vela Halo 137"",""quantity"":1}]",759.89,18.75,-37.826647,144.975383,15,664.66,Spring,True,1.0315,"the candle orbit 566 suits casual gaming in our shared room because it does not require a large dedicated setup. i can connect it to the existing screen, start a short game, and put everything away when someone else needs the space. controls are responsive for the games we play, and the menus are easy for different family members to understand. multiplayer sessions have remained enjoyable without complicated preparation. the device becomes warm during longer use, and the supplied controls feel less comfortable after several hours, so we tend to play in shorter periods. that limitation fits our casual habits. the candle orbit 566 has added an accessible entertainment option to the room and has been simple enough for everyone here to use.",True
CORD001139,CUS00109,2019-02-07,Thompson,"[{""product"":""Candle Lumen 220"",""quantity"":1},{""product"":""Vela Halo 281"",""quantity"":1},{""product"":""Candle Orbit 548"",""quantity"":1}]",4316.2,8.85,-37.802918,144.9409,0,4325.05,Summer,False,1.2126,"vela pulse 1099 has improved the way i use my phone during shared work sessions. i can keep the device visible for calls, notes, and quick checks without holding it throughout the day. the support stays in place on my desk, and adjusting the viewing angle is simple when someone else needs to see the screen. its footprint is small enough not to crowd my keyboard or notebook, while the structure feels sturdy during ordinary repositioning. the adjustment joint is slightly firm at first, but i prefer that to a mount that gradually droops. after several weeks, the holder still feels secure and practical. vela pulse 1099 is a modest accessory, yet it removes a repeated annoyance from my workspace and makes hands-free use much more convenient.",True
CORD001140,CUS00012,2019-02-28,Bakers,"[{""product"":""Candle Orbit 548"",""quantity"":1},{""product"":""Candle Orbit 674"",""quantity"":2},{""product"":""Candle Lumen 220"",""quantity"":1}]",4433.58,9.12,-37.805831,145.012606,0,4442.7,Summer,False,1.5951,"i use vela wave 499 in a shared workspace where my phone is often needed but the desk is rarely spacious. before getting it, i was constantly leaning the device against notebooks, mugs, or whatever happened to be nearby. this accessory gave it a consistent place and made hands-free calls and reference checks much less awkward. the first setup took only a few minutes, and i soon stopped thinking about the arrangement because it fit naturally beside my keyboard. over the following weeks i used it during video calls, while following instructions on my phone, and when keeping a message visible while working. the support has remained steady during ordinary handling. i can place the phone down, lift it for a quick check, and return it without having to reset the position every time. that matters in a shared area because i sometimes move my things aside for another person and then put them back in a hurry. vela wave 499 still feels simple after repeated use rather than becoming a source of extra adjustments. the footprint is not tiny, so anyone with a very crowded surface may need to make room for it. it also works best when placed on a reasonably level section of the desk; an uneven edge makes the angle less useful. those details were easy to accommodate in my setup. what i value most is the reduction in little interruptions. the phone stays visible, my hands remain available for other work, and the shared desk looks less improvised. vela wave 499 has proved practical, unobtrusive, and well suited to the hands-free support i wanted.",True
CORD001141,CUS00442,2019-10-08,Nickolson,"[{""product"":""Candle Shift 916"",""quantity"":2},{""product"":""Candle Vista 110"",""quantity"":2},{""product"":""Candle Flux 162"",""quantity"":1}]",8411.01,23.69,-37.882812,144.933912,25,6331.95,Spring,True,7.7961,"i used candle lumen 310 for reading papers, writing notes and keeping research tabs open through a long study period. its restrained size suited a crowded desk, and i could carry it to the library without feeling as though i was transporting office equipment. the first setup was clear enough, and the screen made ordinary text comfortable to read for a couple of hours at a time. i liked being able to open it quickly between classes and continue from the same place without much preparation. for note taking and document work, performance has been consistent. browser pages, reference files and a word processor can remain open together, although the machine begins to feel less responsive when i add many more tabs. the keyboard has a reasonably firm feel, and the trackpad is accurate for selecting passages and navigating long articles. the display is not especially generous when comparing two pages side by side, so i often resize windows or use another screen. that is manageable, but it makes some research tasks slower than they would be on a larger laptop. after regular use, the battery has been sufficient for a morning of reading and writing, with the exact result depending on brightness and wireless activity. the casing has picked up a few ordinary marks from being carried around, but nothing has affected operation. i have not needed warranty assistance. candle lumen 310 has made study more portable and has remained dependable for the work i actually assign to it. i would not choose it for intensive software or large creative projects, yet for research, notes and everyday academic administration it offers a balanced mix of convenience and limitation.",True
CORD001142,CUS00455,2019-08-16,Bakers,"[{""product"":""Vela Core 957"",""quantity"":1},{""product"":""Candle Orbit 548"",""quantity"":1},{""product"":""Candle Orbit 674"",""quantity"":2}]",1175.66,13.18,-37.776436,144.9986,20,953.71,Winter,False,3.7434,"i have used candle vista 200 for document work, video meetings, and preparation while moving between rooms and offices. the keyboard is comfortable for longer typing sessions, and the screen gives documents enough space without making the laptop cumbersome to carry. video meetings have been stable, with clear enough sound for normal conversations. i can keep several work windows open and switch between them without the system feeling sluggish. the hinge holds its position well when i use it on a small desk, and the casing has handled regular travel without creaking. battery life is suitable for my usual schedule, although heavier meeting days may call for a top-up. the webcam is adequate rather than exceptional, but it has not caused complaints from colleagues. candle vista 200 has become a dependable portable office for the routine tasks i need to complete.",True
CORD001143,CUS00199,2019-11-05,Thompson,"[{""product"":""Candle Flux 162"",""quantity"":1},{""product"":""Candle Edge 392"",""quantity"":1},{""product"":""Candle Orbit 548"",""quantity"":1}]",1692.11,13.41,-37.740914,144.963001,10,1536.31,Spring,False,8.1012,"the candle arc 582 is used by several people in my household for browsing, reading, and family learning activities. its larger screen makes shared questions easier to investigate than passing a phone around, and the touch controls respond predictably for ordinary pages. my child can use it for educational exercises while i sit nearby, then i can switch to a recipe or article without moving to another room. the body is light enough to carry, although i prefer setting it on a stand for longer sessions. sharing it has exposed some limitations. different users leave tabs and applications open, so returning to my own work sometimes involves tidying the screen first. the keyboard that appears for longer writing takes up much of the display, and i would not choose the tablet for composing a substantial document. a few websites also behave differently from their desktop versions, which means the tablet is better for browsing than for every kind of task. battery use is moderate, but video and interactive lessons reduce the remaining charge noticeably. after forty-one days, the candle arc 582 has become a useful household screen without replacing a laptop. it works well for shared browsing, reading, and short learning sessions, and the clear touch response makes it approachable for different ages. the limited space for typing and the effort of managing several users keep the experience balanced. i am glad to have it for quick family activities, but anyone expecting a complete work computer may find its boundaries frustrating.",True
CORD001144,CUS00014,2019-05-26,Nickolson,"[{""product"":""Vela Halo 137"",""quantity"":1},{""product"":""Vela Core 957"",""quantity"":1},{""product"":""Candle Edge 392"",""quantity"":1},{""product"":""Vela Nova 753"",""quantity"":1}]",5810.72,14.98,-37.838559,144.970102,25,4366.77,Autumn,False,2.2204,"i chose candle orbit 926 because i wanted gaming hardware that could keep up with competitive matches and regular voice communication. over the past month and a half, it has become part of my usual setup. the controls respond promptly during quick exchanges, and i have found it easy to stay focused on the game rather than thinking about the equipment. in team sessions, voices come through with enough clarity for callouts, even when several people are speaking in quick succession. my first evening was mostly spent finding a comfortable arrangement and setting the communication level for different friends. once those choices were made, the hardware felt natural during longer matches. i have used it for short practice rounds as well as extended weekend sessions, and the handling has remained consistent. the construction has a reassuring solidity without making the setup feel cumbersome. it also fits neatly with the rest of my desk, leaving enough room for the other things i use while playing. there is a little adjustment involved if you switch between very different game types, since i prefer slightly different settings for each one. that is easy to manage and has not interrupted play. candle orbit 926 has given me the responsive experience and dependable voice communication i was hoping for. the 24-month warranty adds confidence for continued use, and i would happily keep it as the main part of my competitive setup.",True
CORD001145,CUS00357,2019-02-02,Nickolson,"[{""product"":""Vela Core 957"",""quantity"":1},{""product"":""Candle Orbit 548"",""quantity"":2}]",783.61,13,-37.880256,144.992514,15,679.07,Summer,False,7.1467,"candle shift 160 replaced an older laptop that had become slow whenever i had several research tabs, notes and documents open together. the change is most apparent during study sessions. i can move between a reading, a set of notes and a browser search without the long pauses that used to interrupt my train of thought. for writing assignments and organising references, it feels composed rather than hurried, and the keyboard has enough travel for extended typing. i have also compared it with a heavier work laptop used by a colleague. that machine feels more substantial and offers more room for demanding tasks, but it is inconvenient to carry between the library, home and class. candle shift 160 fits more naturally into that routine. the display is comfortable for documents, and the overall shape does not make my bag feel overloaded. battery life has generally covered a substantial study block, though i still carry the charger when i expect to be away all day. the trackpad is responsive, with occasional unwanted movement when my palm rests close to its edge. the computer is not intended as a specialist workstation, so i would choose something stronger for intensive creative or technical workloads. for study, research and note taking, however, its everyday balance has suited me well. it wakes promptly, handles ordinary multitasking without drama and has remained consistent through months of use. candle supplied a 24-month warranty, which adds useful peace of mind. compared with my previous laptop, candle shift 160 has made routine academic work less interrupted and much easier to carry from place to place.",True
CORD001146,CUS00152,2019-08-08,Bakers,"[{""product"":""Candle Lumen 220"",""quantity"":1},{""product"":""Candle Shift 916"",""quantity"":1},{""product"":""Candle Flux 162"",""quantity"":2},{""product"":""Candle Orbit 548"",""quantity"":1}]",7764.81,16.47,-37.831025,145.014766,5,7393.04,Winter,False,2.9003,"candle shift 268 was installed to connect several shared household devices, but performance becomes poor as soon as the network is busy. one device may stream while another loses access, and a third can remain connected without loading anything. reconnecting requires repeated resets, which is frustrating when people are using the network at the same time. the setup screen gives little explanation for a failure, so troubleshooting becomes guesswork. i moved the unit, changed the wireless channel and reduced the number of devices, but the drops continued. a single phone can browse through it for a while, yet this narrow result does not meet the needs of a shared household. candle shift 268 has created unreliable access and more complaints instead of solving the connection problem.",False
CORD001147,CUS00277,2019-10-21,Thompson,"[{""product"":""Candle Orbit 548"",""quantity"":2},{""product"":""Vela Nova 753"",""quantity"":1}]",4915.75,27.23,-37.874342,144.876858,0,4942.98,Spring,True,9.2213,"i used the candle edge 554 on public transport for music and spoken content, and the weaknesses were obvious from the first commute. pairing was repeated and unreliable, with the connection sometimes disappearing when the device was placed in a pocket. background noise leaked through heavily, so spoken passages were difficult to follow and i had to raise the volume. music sounded thin, with harsh treble that became tiring during longer journeys. the controls were awkward to locate without looking, and pressing them often paused playback twice or skipped a track. the ear pieces stayed in place during ordinary walking, although they became uncomfortable before the end of a longer trip. a recording can be heard through them, but the poor isolation and unstable connection make that basic function inadequate. after several weeks, the candle edge 554 felt frustrating and poorly suited to commuting.",False
CORD001148,CUS00281,2019-05-16,Bakers,"[{""product"":""Candle Orbit 548"",""quantity"":1},{""product"":""Candle Shift 916"",""quantity"":1},{""product"":""Candle Edge 932"",""quantity"":2},{""product"":""Candle Edge 392"",""quantity"":1},{""product"":""Candle Orbit 674"",""quantity"":1}]",5795.61,11.05,-37.824708,145.051394,15,4937.32,Autumn,False,5.1975,"candle orbit 224 has been especially useful for online classes and video calls. voices come through clearly enough that i can follow a discussion without repeatedly asking people to speak up, and the microphone has given others a consistent impression of my voice. pairing took little time, and the connection has remained steady while i move around my desk. it is comfortable for a full lecture and does not press unpleasantly after extended use. music sounds balanced for casual listening, though the presentation is not especially powerful. the controls are small but become familiar quickly. over several months, i have used it for classes, work meetings, and occasional podcasts with few interruptions. candle orbit 224 is a practical audio device that reduces the strain of remote communication and performs its main job reliably.",True
CORD001149,CUS00196,2019-01-26,Nickolson,"[{""product"":""Candle Orbit 674"",""quantity"":1},{""product"":""Candle Lumen 220"",""quantity"":2}]",7382.84,11.47,-37.86302,144.975131,10,6656.03,Summer,False,4.9641,"vela ridge 563 started as a convenient speaker for the kitchen, but it gradually found a place in several parts of my day. during breakfast i use it for music, then later i switch to spoken content while preparing food or tidying up. the display makes the current selection visible without requiring me to pick up my phone, which is especially handy when my hands are busy. sound carries well through the room for ordinary listening, and voices remain distinct enough for talks, interviews, and short news programmes. i appreciated how quickly it became familiar. the first setup involved a little trial and error with the controls, but after that i could start playback, pause, and change selections without thinking much about the process. in the living room it works at a moderate level without overwhelming conversation. when i move around the house, the listening experience changes with the room, so i would not choose it for serious music sessions, but that is not what i bought it to do. its role is casual background entertainment, and it handles that role consistently. the screen is useful for confirming what is playing, although the compact size limits how much information can appear at once. i also found that voice commands are less convenient when there is a lot of background noise, so i use the physical controls or my phone in those situations. those are small limitations beside the convenience of having music and spoken content available where i need it. the housing has remained neat despite regular handling, and the longer warranty is a welcome detail. vela ridge 563 has been an easy addition to my home rather than another device that needs constant management.",True
CORD001150,CUS00343,2019-03-23,Thompson,"[{""product"":""Vela Halo 281"",""quantity"":1},{""product"":""Candle Orbit 548"",""quantity"":3},{""product"":""Candle Flux 162"",""quantity"":3},{""product"":""Vela Halo 137"",""quantity"":1}]",5239.71,26.9,-37.860974,144.903223,5,4989.87,Autumn,False,6.6085,"the vela core 1011 has become my everyday phone for taking quick photographs, sending messages, and keeping up with family conversations. photos taken outdoors have good colour and enough detail for sharing, while indoor results are still usable when the room is reasonably bright. opening the camera and returning to messages feels quick, so i do not miss many spontaneous moments. the screen is comfortable for reading longer conversations, and the phone fits easily in one hand for short tasks. during several weeks of commuting, it has kept a steady connection and handled repeated messaging without unusual delays. the battery has covered my normal day, though heavy camera use means i prefer to recharge before an evening outing. a few small settings are tucked away more deeply than i expected, but i learned their locations quickly. i appreciate that the vela core 1011 feels balanced rather than focused on only one feature. its photography, messaging, and general handling have all worked well enough to make it a dependable part of my routine.",True
CORD001151,CUS00035,2019-08-25,Thompson,"[{""product"":""Vela Nova 753"",""quantity"":2},{""product"":""Candle Edge 392"",""quantity"":1},{""product"":""Vela Halo 281"",""quantity"":1},{""product"":""Candle Orbit 548"",""quantity"":1}]",9969.78,20.58,-37.756626,144.894838,10,8993.38,Winter,False,7.74,"the vela spark 927 was purchased to give me a record of exercise sessions without needing to carry my phone. at first, the pairing process seemed manageable, although the instructions left out enough detail that i had to try several times before the wearable appeared in the companion application. the strap was not especially awkward, but the device did not inspire confidence from the beginning. the main problem appeared after a few walks and indoor exercise sessions. the vela spark 927 often recorded that a session had started, then produced a summary with missing sections or an unexpectedly short duration. on one occasion, the session disappeared entirely after synchronisation. another time, the summary remained on the wearable but failed to transfer until i restarted both devices. these were not isolated annoyances because they continued throughout the ownership period. the display can show basic information, yet moving through the screens during exercise is frustrating. a swipe is sometimes ignored, and repeated attempts make it difficult to check anything while moving. the device also shifted on my wrist during faster activity, leaving me uncertain whether the recorded result represented the session at all. battery performance became another concern because it needed charging sooner than expected after several recorded activities. i cannot say that every function fails. it displays the time and occasionally produces a complete summary, but that basic operation does not compensate for missing records and unreliable syncing. the vela spark 927 turned exercise tracking into another task to monitor. after several weeks, i stopped trusting its summaries and cannot recommend it for anyone who needs consistent records.",False
CORD001152,CUS00187,2019-01-26,Nickolson,"[{""product"":""Candle Orbit 548"",""quantity"":1},{""product"":""Candle Edge 392"",""quantity"":1},{""product"":""Vela Core 957"",""quantity"":1},{""product"":""Candle Flux 162"",""quantity"":2}]",3023.87,8.56,-37.815439,144.977678,15,2578.85,Summer,False,0.7955,"candle shift 1078 has been a worthwhile change for my home network, where video meetings and media streaming often happen at the same time. before using it, the older network device would leave one activity struggling whenever another person started a call or streamed a programme. with candle shift 1078 in place, the connection has felt more even across the rooms i use most. meetings have remained usable while media is playing, and i have spent less time stopping one task to rescue another. setup was less intimidating than i expected. the instructions were readable, and the status information gave me enough confidence to know when the connection was active. i did not need to keep resetting it during the first couple of weeks, which is a pleasant contrast with my previous equipment. devices reconnect after being away from home, and the network has handled a mixture of work calls, phones, and streaming without turning every busy period into a troubleshooting exercise. the unit also fits discreetly beside the existing equipment rather than demanding much attention. the coverage is not identical in every corner of the house, and a distant room can still be less responsive when several people are online. i also needed to spend some time choosing a suitable position instead of hiding it behind furniture. these are ordinary placement considerations, not serious faults. compared with the older device, candle shift 1078 provides a calmer and more consistent experience for meetings and entertainment. it has reduced interruptions in my daily routine and gives me more confidence when several connections are active together.",True
CORD001153,CUS00105,2019-01-12,Nickolson,"[{""product"":""Candle Flux 162"",""quantity"":2},{""product"":""Vela Nova 753"",""quantity"":1},{""product"":""Candle Orbit 548"",""quantity"":1}]",6780.26,12.07,-37.843879,144.980084,5,6453.32,Summer,False,2.9597,"i bought vela core 453 for shared film and television viewing in the living room. the display showed an image after setup, but arranging the device and finding the needed controls was awkward. the instructions were sparse, and the menus were frustrating to navigate when i tried to connect the usual services. a simple viewing session required too much searching and repeated button presses. once the household started using it, the picture frequently paused during longer programmes. sometimes playback resumed on its own, while other times i had to leave the programme and open it again. the sound could continue briefly after the image stopped, producing an irritating mismatch. vela core 453 was technically capable of displaying content, but its interruptions made the central use unreliable. the shared-room setting exposed further weaknesses. viewing from the side made parts of the image look dull, and the remote did not always register a press on the first attempt. when several people tried to adjust volume or pause a programme, the response became slow and confusing. we stopped using it for longer films because the repeated interruptions were more frustrating than entertaining. support recommended restarting the device and checking the connection, steps i had already tried. the faults returned during ordinary use, and no replacement arrangement was offered. vela core 453 can display a programme under favourable conditions, but that limited result does not offset the poor controls, uneven playback, and unreliable shared viewing. i regret the purchase and cannot recommend it.",False
CORD001154,CUS00426,2019-09-17,Nickolson,"[{""product"":""Candle Vista 110"",""quantity"":1},{""product"":""Candle Flux 162"",""quantity"":2},{""product"":""Vela Halo 281"",""quantity"":1},{""product"":""Candle Orbit 548"",""quantity"":1}]",4723.98,27.74,-37.88193,144.99949,25,3555.97,Spring,False,7.5171,"vela wave 913 has become a convenient part of my kitchen and living-room routine because it handles music and spoken content with less effort than the separate speaker and phone arrangement i used before. i can start a playlist or continue a podcast without searching for the phone each time, and the controls are easy to understand after a short period of use. compared with my old setup, the display gives the device a more present role in the room without requiring a complicated entertainment system. for ordinary listening, the sound is pleasant and sufficiently balanced. voices remain understandable when i am preparing food or moving around, while music has enough body for casual background listening. i have moved it between two rooms and found the process less annoying than reconnecting the old speaker. the device also works well for short listening sessions, since i can pause or resume quickly instead of opening several menus. over time, that small convenience has made me use spoken programs more often during chores. it has sensible boundaries. the display is not large enough for a serious viewing experience, and louder music can sound less full than it does through a larger speaker. i also had to place it carefully so nearby activity would not cover the controls. those points matter if the main goal is home cinema or room-filling audio. for music and spoken content in everyday spaces, vela wave 913 compares favourably with my previous arrangement. after 37 days, i value its simple presence and quick access more than i miss the extra volume of the larger equipment.",True
CORD001155,CUS00391,2019-05-19,Nickolson,"[{""product"":""Vela Core 957"",""quantity"":2},{""product"":""Candle Orbit 674"",""quantity"":1},{""product"":""Candle Flux 162"",""quantity"":1},{""product"":""Candle Vista 110"",""quantity"":2}]",5560.47,11.58,-37.863723,145.004357,10,5016,Autumn,False,5.8755,"the candle bloom 550 has handled my portable document work and video meetings more comfortably than the older laptop i carried between rooms. over fifteen days i have used it at a kitchen table, in a meeting room, and on a short trip. documents open promptly, the keyboard is pleasant for sustained typing, and the screen is large enough for notes beside a meeting window. the camera image is suitable for ordinary calls, and the microphone has kept my voice understandable without repeated explanations. compared with my previous machine, the candle bloom 550 feels easier to carry while still providing a workable area for spreadsheets and written material. it wakes quickly after being moved, and the hinge stays firm when i adjust the screen in changing light. i appreciate not having to search for a power socket during every short session. the fan can be heard when several tasks are open, but it has not disturbed a call or made the keyboard uncomfortable. i also compared it with doing the same work on a tablet. the tablet was lighter, yet the laptop was more efficient for editing documents, attaching files, and switching between meeting notes. the candle bloom 550 is not intended to replace a large desktop monitor, and the touchpad took a few days to feel natural. those are minor trade-offs for a machine that has made travel-based work less awkward. with its sturdy feel and useful warranty coverage, the candle bloom 550 is the better fit for my routine and the one i would select again.",True
CORD001156,CUS00252,2019-01-02,Bakers,"[{""product"":""Vela Core 957"",""quantity"":1},{""product"":""Candle Flux 162"",""quantity"":1},{""product"":""Vela Halo 281"",""quantity"":1},{""product"":""Candle Edge 392"",""quantity"":2}]",2614,10.22,-37.811441,144.992135,5,2493.52,Summer,False,0.316,"i compared candle bloom 370 with an older laptop while preparing creative projects and editing media. the newer machine looks intended for that workload, but the experience has been frustrating. opening larger project files produces long pauses, and switching between an editor, reference material, and a browser can leave the system unresponsive. my older laptop is slower in ordinary tasks, yet it behaves more predictably once a project is open. the display is serviceable for documents, but colour changes noticeably when i move the screen or alter the angle. that makes visual decisions difficult during editing. fan noise also becomes intrusive during sustained work, and the base grows unpleasantly warm near my hands. keyboard travel feels shallow compared with the older machine, while the trackpad sometimes ignores a light touch and then registers a later movement abruptly. these details make long sessions tiring rather than productive. i have spent forty-three days trying different project sizes and background applications. small files are manageable, but heavier timelines expose weak performance and awkward delays. exporting leaves little room for other work, and the machine becomes sluggish before the task finishes. candle bloom 370 has the expected basic laptop functions, but those functions do not compensate for poor editing behaviour, screen inconsistency, and distracting heat. against my older laptop, it feels like an expensive step backward. i regret choosing it and cannot recommend it for creative projects.",False
CORD001157,CUS00388,2019-08-27,Bakers,"[{""product"":""Vela Halo 281"",""quantity"":2},{""product"":""Candle Edge 392"",""quantity"":1},{""product"":""Candle Orbit 548"",""quantity"":3},{""product"":""Candle Flux 162"",""quantity"":1}]",3265.73,13.17,-37.803874,145.036942,20,2625.75,Winter,False,3.727,"the vela nova 771 has handled work calls and calendar management for 45 days. calls connect clearly in the places i normally work, and the microphone has kept my voice understandable without repeated adjustments. calendar alerts arrive on time, and moving from an alert to the relevant appointment is quick enough for a busy morning. i have also used it for messages, maps, and short notes between meetings. the screen shows several calendar details at once, which reduces the need to open each event separately. battery life covers a normal workday of calls and checking, although long video or navigation uses it faster. the camera is adequate for scanning a document or taking a quick photo. the vela nova 771 is a reliable work companion that keeps communication and scheduling close at hand.",True
CORD001158,CUS00292,2019-12-21,Bakers,"[{""product"":""Candle Orbit 548"",""quantity"":1},{""product"":""Candle Orbit 674"",""quantity"":1}]",580.13,12.72,-37.784491,145.064913,5,563.84,Summer,False,6.7474,"the candle shift 178 has been part of our home network long enough to show how it behaves beyond the first installation. i connected it for video meetings and media streaming, then left it running through busy evenings when several people were online. the initial setup was clear, and the connection has stayed steady while calls, films, and ordinary browsing share the network. meetings begin promptly, voices remain in sync, and streaming resumes quickly after a pause. that consistency has made the device fade into the background, which is exactly what i wanted from it. i also appreciate the practical design. the status information is easy to understand, and restarting the unit does not turn into a long troubleshooting session. during heavier use it becomes warm, though not alarmingly so, and the indicator light is brighter than necessary in a dark room. neither issue has affected our routine. the candle shift 178 has given us a calm, reliable experience for work and entertainment, with enough flexibility for the whole household. after using it regularly, i consider it a strong and worthwhile addition to our network.",True
CORD001159,CUS00323,2019-08-21,Nickolson,"[{""product"":""Candle Shift 916"",""quantity"":1},{""product"":""Vela Halo 281"",""quantity"":2},{""product"":""Vela Core 957"",""quantity"":1},{""product"":""Candle Edge 392"",""quantity"":1}]",3567.47,25.57,-37.844102,144.981529,25,2701.17,Winter,True,3.025,"vela echo 1087 has been worn mainly during workdays so i can glance at calendar alerts and check short messages without reaching for my phone. notifications arrive promptly most of the time, and the text is readable enough for deciding whether something needs immediate attention. the band is light, and i have been able to wear it through meetings without it becoming a distraction. its basic activity view is a welcome extra for walks. the small display limits what i can do with a message. longer notes require opening the phone, and replying or managing several alerts is not particularly convenient. notifications can also become crowded when many applications are active, making the useful items harder to find. i have occasionally needed to check the phone because an alert appeared later than expected, although this was not constant. vela echo 1087 is best understood as a quick notification window. it saves a few interruptions and looks unobtrusive, but the limited interaction and occasional delay mean it complements a phone rather than replacing any part of its communication role.",True
CORD001160,CUS00473,2019-12-15,Nickolson,"[{""product"":""Candle Edge 932"",""quantity"":1},{""product"":""Vela Nova 753"",""quantity"":1},{""product"":""Vela Halo 281"",""quantity"":1},{""product"":""Candle Orbit 548"",""quantity"":1}]",6680.9,12.75,-37.874437,145.000588,10,6025.56,Summer,False,6.7811,"i placed vela core 975 indoors to keep track of temperature and humidity in the rooms we use most. the readings are easy to view, and checking changes from the app has become part of my routine. the app sometimes takes a moment to refresh, and the historical information is less convenient to review than current readings. the device itself has been unobtrusive and consistent enough for household awareness. it is useful for monitoring, though the software feels unfinished.",True
CORD001161,CUS00344,2019-03-14,Thompson,"[{""product"":""Candle Edge 392"",""quantity"":1},{""product"":""Candle Orbit 548"",""quantity"":2},{""product"":""Vela Halo 137"",""quantity"":1},{""product"":""Vela Halo 281"",""quantity"":1}]",2178.52,24.67,-37.759513,144.876848,5,2094.26,Autumn,True,8.5452,"vela pulse 163 has become a useful part of our living room because it handles both music and spoken content without demanding much attention. voices in podcasts and programmes remain distinct, and music has enough balance for casual listening while we cook or talk. starting playback is quick, and the controls are simple enough for different people in the household to use. the display is easy to check from the sofa, and the unit has remained responsive after repeated daily use. at higher volume the sound becomes less detailed, so i keep it at a moderate level or use another speaker when we want a fuller atmosphere. for ordinary listening, vela pulse 163 has been dependable and pleasant, providing clear playback whenever we want background entertainment.",True
CORD001162,CUS00319,2019-01-05,Nickolson,"[{""product"":""Candle Orbit 548"",""quantity"":1}]",256.07,9.27,-37.834876,144.969326,15,226.93,Summer,False,1.8105,"i installed the candle vista 848 to extend coverage between rooms, after putting up with weak spots that made the far bedroom and back study inconvenient places to work. the difference from my previous arrangement is noticeable. i can move between the main room and the study without repeatedly searching for a stronger connection, and video calls no longer become an exercise in finding the one chair where everything works. the improvement is most valuable during ordinary movement through the house rather than at one fixed desk. setup was less complicated than the older extender i tried. i still had to think about placement and spend time checking the result in each room, but the process did not require constant resetting. once positioned, the candle vista 848 has continued to serve the household without demanding much attention. streaming in the back room is more consistent, and other people can use their devices while i am working without the connection feeling as fragile as before. it is not a complete answer to every network problem. thick walls and the distance between rooms still affect performance, and the unit needs a sensible position to do its job. the indicator is also fairly bright in a dark hallway, although that is a minor annoyance. compared with my former extender, this one provides wider and steadier coverage with less daily intervention. the longer warranty adds reassurance, and the candle vista 848 has made the whole home feel more usable for connected work and entertainment.",True
CORD001163,CUS00151,2019-03-15,Bakers,"[{""product"":""Vela Core 957"",""quantity"":1},{""product"":""Candle Orbit 548"",""quantity"":1},{""product"":""Vela Halo 137"",""quantity"":1},{""product"":""Vela Halo 281"",""quantity"":2},{""product"":""Candle Lumen 220"",""quantity"":1}]",5878.3,20,-37.818989,145.022151,0,5898.3,Autumn,True,2.5674,"vela echo 943 is more useful in my home than the small screen i previously used for showing photos and presentation material. the larger display makes it easier for several people to see details at once, so i no longer need to pass a phone around or gather everyone close to a laptop. when i share a group of photos, faces and small background details remain visible from across the room, which makes the conversation more enjoyable. for presentations, the screen gives slides enough presence for a small meeting or family planning session. i can move through material at a sensible pace, pause when someone has a question, and keep the laptop on the table instead of turning it toward everyone. vela echo 943 is also convenient for reviewing images because the layout feels less cramped than on a phone. compared with a basic television, it is easier to position for a short session and use specifically for shared viewing. the device has a few practical limits. it needs a suitable surface and is more conspicuous than a tablet when not in use. in a very bright room, i sometimes adjust its position to avoid reflections. those considerations are manageable because the screen starts quickly and the controls do not require much explanation. visitors have been able to use the basic viewing functions without a long introduction. after extended ownership, i value its flexibility more than any single feature. vela echo 943 works for photographs, slides, and informal group viewing, while the 24-month warranty provides sensible reassurance. it is a thoughtful middle ground between a handheld screen and a permanently installed display.",True
CORD001164,CUS00061,2019-11-02,Bakers,"[{""product"":""Vela Core 957"",""quantity"":1},{""product"":""Candle Flux 162"",""quantity"":1},{""product"":""Vela Nova 753"",""quantity"":1}]",5735.37,13.47,-37.739254,144.969769,15,4888.53,Spring,False,8.1783,"candle vista 542 has become my preferred surface for sketching and lightweight creative work. before using it, i divided the task between paper notes and a laptop, which made revisions and reference images awkward to manage. the tablet gives me a more direct way to draw, review ideas, and make small changes without setting up a full desk. compared with the laptop, it feels more natural for quick sketches and is easier to carry from one room to another. i have used candle vista 542 for rough illustrations, colour planning, handwritten annotations, and simple creative experiments. the screen is large enough for the work i do, and the response feels immediate during ordinary drawing. it is also convenient to show a draft to someone nearby without passing around loose pages. the tablet is not intended for heavy professional projects, and demanding files can make the experience less fluid. i also find the surface a little reflective under strong light, so i choose my working position carefully. paper remains pleasant for spontaneous ideas, while the laptop is better for detailed editing and extended typing. candle vista 542 sits between those options and handles the early, flexible stage particularly well. its portable form and approachable controls have encouraged me to draw more often instead of postponing small projects. after regular use, i am satisfied with its creative usefulness and think it offers a strong balance for lightweight work.",True
CORD001165,CUS00462,2019-11-14,Bakers,"[{""product"":""Candle Lumen 220"",""quantity"":3},{""product"":""Vela Halo 281"",""quantity"":1},{""product"":""Candle Edge 392"",""quantity"":2},{""product"":""Candle Orbit 674"",""quantity"":1}]",12194.47,24.08,-37.741721,145.034191,10,10999.1,Spring,True,8.3283,"i compared the vela wave 499 with the stand i had been using in our shared workspace, mainly to see whether it would make short calls and reference work less awkward. the biggest improvement is that it keeps a phone at eye level without taking much room beside my keyboard. i can shift it between two desks quickly, and the base stays put when i tap the screen. the viewing angle is flexible enough for sitting or standing, although changing it with one hand takes a little care because the whole accessory moves if i push too firmly. after several weeks, the wave 499 has remained steady during ordinary use. it does not connect to anything, so there was no setup or software to learn, and that simplicity is part of its appeal. i use it for video calls, timers, and keeping a message window visible while working on a laptop. the support is less convincing with a heavier phone in a thick case: the device still rests there, but the balance feels less secure and i avoid nudging the desk. cable access is also dependent on how the phone is positioned, which means i sometimes have to rotate it before plugging in. compared with my previous stand, this one is easier to move and looks less intrusive in a communal room. the older stand felt more planted and accepted a wider range of cases, while the vela wave 499 takes up less visual space. the surface has picked up a few small marks from being carried between desks, but nothing has affected use. i would choose it for light, shared-workspace support where portability matters. for a permanent station or a bulky case, i would spend more time checking the fit first. it is a practical middle ground rather than a universal upgrade.",True
CORD001166,CUS00400,2019-08-04,Thompson,"[{""product"":""Vela Halo 137"",""quantity"":2},{""product"":""Candle Orbit 674"",""quantity"":1},{""product"":""Candle Lumen 220"",""quantity"":1},{""product"":""Candle Orbit 548"",""quantity"":1},{""product"":""Vela Nova 753"",""quantity"":2}]",14436.52,17.12,-37.783064,144.928456,5,13731.81,Winter,False,3.6762,"i used vela atlas 701 as my main phone for several weeks, mainly for messages, calls, maps, and ordinary browsing. the first setup was slow and more confusing than necessary. accounts did not transfer cleanly, and i had to repeat parts of the process after the phone stopped responding during setup. that was an irritating introduction to a device intended for daily communication. calls were possible, but the experience remained unreliable. the connection dropped during ordinary conversations, and the other person sometimes sounded distant before the call ended without warning. navigation was more troubling. the map could take too long to refresh after i changed direction, leaving me uncertain at unfamiliar intersections. the phone eventually displayed the route, but the delays made it difficult to use while walking or travelling. battery performance became another problem. with messaging, navigation, and occasional audio, the charge fell faster than expected and required inconvenient top-ups during the day. the device also became warm during longer navigation sessions. applications opened, but several pauses and occasional freezes made simple tasks feel laborious. i kept the phone through the full ownership period because replacing it immediately was inconvenient, not because it had earned confidence. vela atlas 701 handles basic calls and messages, yet those functions do not compensate for the weak navigation response, disappointing endurance, and unstable calling. the repeated interruptions made everyday use frustrating, and i regret choosing it as my primary phone. it is difficult to rely on and i cannot recommend it.",False
CORD001167,CUS00499,2019-05-20,Bakers,"[{""product"":""Candle Orbit 548"",""quantity"":1},{""product"":""Vela Core 957"",""quantity"":1},{""product"":""Candle Edge 932"",""quantity"":2}]",3508.5,9.08,-37.809667,145.02564,0,3517.58,Autumn,False,2.6716,"vela pulse 271 has been used for calendar management, messages, and work calls. the calendar opens quickly and calls remain understandable in ordinary indoor conditions. the battery needs attention on busy days, especially when the screen stays active between meetings. photos are acceptable for documents but less convincing in dim rooms. it has supported my routine without a major failure, yet the average battery and camera keep it from being more than a middle-of-the-road phone.",True
CORD001168,CUS00465,2019-07-27,Bakers,"[{""product"":""Candle Orbit 548"",""quantity"":1},{""product"":""Candle Flux 162"",""quantity"":1}]",1316.36,15.36,-37.828366,145.063206,15,1134.27,Winter,False,6.3105,"vela core 255 has made the lighting in our living room and hallway easier to manage. i grouped the lights by room and can now turn them on or off from the app instead of walking through the house to find each switch. the routines have been reliable, particularly the evening setting that gives us light in the hallway before anyone comes home. adjusting brightness for reading or relaxing is also quick. the app took a little time to understand because the room labels were not arranged exactly how i wanted, but changing them solved most of that annoyance. manual controls continue to work, which is reassuring when someone does not have a phone nearby. after weeks of regular use, the connection has remained stable. vela core 255 has added useful convenience without making ordinary lighting feel complicated.",True
CORD001169,CUS00400,2019-09-26,Thompson,"[{""product"":""Candle Lumen 220"",""quantity"":1},{""product"":""Candle Orbit 674"",""quantity"":3},{""product"":""Vela Halo 281"",""quantity"":1},{""product"":""Vela Core 957"",""quantity"":2}]",5575.25,12.68,-37.783064,144.928456,20,4472.88,Spring,False,3.6762,"i used vela atlas 701 as my main phone for several weeks, mainly for messages, calls, maps, and ordinary browsing. the first setup was slow and more confusing than necessary. accounts did not transfer cleanly, and i had to repeat parts of the process after the phone stopped responding during setup. that was an irritating introduction to a device intended for daily communication. calls were possible, but the experience remained unreliable. the connection dropped during ordinary conversations, and the other person sometimes sounded distant before the call ended without warning. navigation was more troubling. the map could take too long to refresh after i changed direction, leaving me uncertain at unfamiliar intersections. the phone eventually displayed the route, but the delays made it difficult to use while walking or travelling. battery performance became another problem. with messaging, navigation, and occasional audio, the charge fell faster than expected and required inconvenient top-ups during the day. the device also became warm during longer navigation sessions. applications opened, but several pauses and occasional freezes made simple tasks feel laborious. i kept the phone through the full ownership period because replacing it immediately was inconvenient, not because it had earned confidence. vela atlas 701 handles basic calls and messages, yet those functions do not compensate for the weak navigation response, disappointing endurance, and unstable calling. the repeated interruptions made everyday use frustrating, and i regret choosing it as my primary phone. it is difficult to rely on and i cannot recommend it.",False
CORD001170,CUS00444,2019-04-18,Thompson,"[{""product"":""Vela Core 957"",""quantity"":1},{""product"":""Candle Flux 162"",""quantity"":1},{""product"":""Candle Vista 110"",""quantity"":1},{""product"":""Candle Orbit 674"",""quantity"":2}]",3796.47,10.96,-37.787508,144.898816,10,3427.78,Autumn,False,5.0798,"the vela echo 151 has been my everyday phone for the last few weeks, mainly for calls, messages, navigation, and occasional media. my first impression was positive because the setup was uncomplicated and the menus were easy to understand. contacts transferred without trouble, and i was able to use it for work and personal calls the same day. the phone feels solid in the hand, although its smooth back makes me more cautious when placing it on a sloping surface. call quality has been consistent in the places where i normally use it. messages arrive promptly, and the screen is bright enough for checking a route or reading a longer conversation. navigation is also mostly dependable. i have used it while walking and while travelling as a passenger, and the directions were generally clear. in a few busy areas the location took a little while to catch up after a turn, so i still pay attention to street signs rather than relying on it blindly. the camera is adequate for quick pictures, but it does not always handle dim rooms gracefully. indoor photos can look soft, and details disappear when i crop them. that is not a major issue for my use, since i mainly take reference pictures, but it is worth knowing before treating this as a photography-focused phone. video playback is pleasant enough, though the built-in speaker sounds thin when the room is noisy. battery life has varied with how much navigation and streaming i use. on a quiet day it lasts comfortably, while a long trip requires a top-up before evening. the phone does not become unusable under that load, but the difference is noticeable. i have had no serious connection problem, yet the experience is not uniformly smooth across every task. overall, the vela echo 151 is a sensible 5g phone for communication and ordinary travel. it performs its main duties without drama, but its camera, speaker, and heavy-use battery behaviour keep it from feeling outstanding.",True
CORD001171,CUS00359,2019-07-02,Thompson,"[{""product"":""Candle Edge 932"",""quantity"":2},{""product"":""Vela Halo 137"",""quantity"":1}]",3740.85,14.58,-37.769186,144.920108,5,3568.39,Winter,False,5.3847,"vela spark 819 has kept my mobile equipment organised during several trips and ordinary commutes. the case has enough structure to prevent loose items from being crushed in a bag, while the interior makes it easy to separate the device from its charging accessories. i can find what i need without emptying everything onto a table, which is especially helpful in shared transport or temporary workspaces. the outer material has handled being placed beside books and clothing without showing immediate wear. its shape takes up a little more room than a soft pouch, and the storage is not intended for every possible accessory. for the items it fits, however, vela spark 819 offers reassuring protection and a tidy way to carry them.",True
CORD001172,CUS00264,2019-02-19,Thompson,"[{""product"":""Candle Vista 110"",""quantity"":2},{""product"":""Vela Core 957"",""quantity"":2},{""product"":""Vela Nova 753"",""quantity"":2},{""product"":""Candle Lumen 220"",""quantity"":1},{""product"":""Vela Halo 281"",""quantity"":1}]",17043.47,10.44,-37.795248,144.914021,10,15349.56,Summer,False,3.4906,"candle quest 930 has fitted into our shared home office better than i expected. we use it for administration, forms, email, browsing, and occasional video calls, and compared with the older machine it replaced, the whole routine feels less interrupted. it starts without a long wait, handles several ordinary windows at once, and gives enough screen space for reading a document beside a form. the keyboard is comfortable for longer typing sessions, while the body remains easy enough to move between rooms when the desk is needed for something else. different family members have used it with slightly different habits, which has been a useful test. one person mainly works through correspondence, another uses spreadsheets and online services, and i use it for calls and organising household information. none of those tasks has caused a serious slowdown. compared with relying on a phone or tablet, the larger keyboard and familiar desktop layout make careful data entry much less tiring. the camera and microphone are adequate for meetings, and the speakers make spoken instructions easy to follow. battery performance has suited short sessions away from a desk, although i usually keep the charger nearby for a long afternoon. the fan can become audible when several applications are open, and the finish shows fingerprints more readily than i would prefer. those are minor compromises in a laptop that is otherwise pleasant to share. candle quest 930 also feels less specialised than a heavier work computer, which is an advantage in a household where one device serves several purposes. after several weeks of ownership, i am pleased with its versatility and consider it a strong choice for ordinary home-office administration.",True
CORD001173,CUS00029,2019-10-03,Thompson,"[{""product"":""Candle Edge 392"",""quantity"":2},{""product"":""Candle Orbit 548"",""quantity"":1},{""product"":""Candle Flux 162"",""quantity"":1},{""product"":""Vela Nova 753"",""quantity"":2}]",10875.08,24.86,-37.885124,144.891903,15,9268.68,Spring,True,9.4002,"candle quest 408 was added to cover a home-office corner where the wireless signal had been inconsistent. positioning it took a few attempts, but once i moved it away from a thick shelf the desk connection became much steadier. video calls remained connected through normal work, and transferring smaller documents felt noticeably less interrupted than before. i also used the connection from a nearby room and found the range adequate for the way my household is arranged. the unit is not entirely invisible in use. a laptop occasionally showed a connection pause when waking from sleep, and the recovery took long enough to interrupt the beginning of a meeting. restarting the unit fixed it, but that is not something i want to make part of a weekly routine. the setup screen explains the basic choices but gives limited guidance when the signal changes from one room to another. when several devices were active in the evening, performance remained acceptable rather than especially quick. after three weeks, candle quest 408 has solved the main coverage problem and earns credit for that. it makes the office corner more usable and has reduced the number of dropped calls i was experiencing. the wake-up pauses and ordinary performance under a busy load keep my view measured. i would retain it for the coverage, while expecting occasional maintenance and a little experimentation with placement.",True
CORD001174,CUS00171,2019-02-02,Bakers,"[{""product"":""Candle Orbit 674"",""quantity"":1}]",324.06,13.41,-37.779142,145.034644,5,321.27,Summer,False,4.8747,"vela wave 1003 caused repeated frustration during shared film and television viewing. the display occasionally froze while content was playing, and resuming often required backing out through several menus. sound and picture also became briefly out of sync during longer programs. the remote response was slow enough that family members stopped using it without complaints. it displays basic video, but the interruptions make it a poor choice for regular household viewing.",False
CORD001175,CUS00414,2019-07-08,Bakers,"[{""product"":""Candle Vista 110"",""quantity"":2},{""product"":""Vela Core 957"",""quantity"":1},{""product"":""Candle Flux 162"",""quantity"":1}]",4964.94,16.21,-37.753868,145.038451,10,4484.66,Winter,False,7.306,"i added candle shift 538 because visitors were regularly asking for the main household network details, and i wanted a cleaner way to manage devices. the change was worthwhile. creating a separate guest network took a little reading during the initial setup, but the controls then made sense and i could see which devices were connected without searching through a long list. it has made visits less awkward because guests can connect while the devices used by my household remain separated. the network has supported phones, a television, a laptop, and several small household devices at the same time during ordinary evenings. i have not noticed interruptions when someone joins the guest connection, and the management screen gives enough information to understand what is happening. i particularly like being able to remove an old device without changing access for everyone else. that small detail has saved time on more than one occasion. the interface includes more options than i need, so it took a while to understand which settings mattered for my home. once configured, i rarely need to revisit them. the unit has also operated quietly and has not required frequent restarting. candle shift 538 is not an elaborate enterprise system, but for managing guest access and keeping track of household devices, it has been dependable and convenient. it has brought order to a part of my network that used to feel unnecessarily messy.",True
CORD001176,CUS00155,2019-11-18,Bakers,"[{""product"":""Candle Orbit 674"",""quantity"":3},{""product"":""Candle Orbit 548"",""quantity"":1},{""product"":""Vela Halo 281"",""quantity"":2},{""product"":""Candle Edge 932"",""quantity"":1}]",3780.21,10.18,-37.780949,145.015083,5,3601.38,Spring,False,3.6708,"vela atlas 917 has become a practical part of my walking routine because it handles the small reminders i used to miss on my phone. compared with checking a screen in my pocket, seeing a short notification on my wrist is quicker and less disruptive. the display is readable during daytime walks, and the controls do not require much thought once the basic arrangement is familiar. i mainly use it for commute messages, time checks, and reminders to move, so i cannot judge features intended for serious training, but it suits my ordinary habits very well. the difference from my previous wearable is most noticeable during travel. i can glance at an incoming message while carrying a bag or waiting at a crossing, then decide whether it needs a reply. alerts arrive without the constant interruption of a phone buzzing in a pocket. on walks, the device feels secure and does not become an irritation after an hour. the strap has remained comfortable through changing parts of the day, and the watch face is simple enough that i can read it without stopping. battery behaviour has also been encouraging. i charge it as part of my normal evening routine rather than worrying about it midway through a commute. its activity information is useful as a prompt, although i treat the measurements as general guidance rather than precise records. vela atlas 917 is not a replacement for a dedicated fitness device, and the notification choices take a little patience to arrange. even so, compared with carrying a phone for every glance, it makes daily movement and commuting feel more organised. after several weeks, i appreciate how quietly it supports my routine and consider it a worthwhile everyday wearable.",True
CORD001177,CUS00346,2019-08-28,Bakers,"[{""product"":""Vela Core 957"",""quantity"":1}]",271.47,16.87,-37.780957,145.006269,10,261.19,Winter,False,3.3715,"i compared vela nova 717 with a basic watch i had used for walking and commute notifications. the older watch had a plain display, but it showed alerts more consistently. vela nova 717 missed several messages while the phone was in my bag, then delivered multiple notifications together after i had already reached my destination. that timing made the feature unreliable rather than useful. i could see that the phone was connected, yet the watch gave no clear warning when alerts stopped arriving. walking records were also uneven. similar routes produced noticeably different totals, and the screen sometimes failed to wake when i lifted my wrist. i had to press the side button while crossing a street, which was awkward and distracting. the display was visible indoors, but direct sunlight made small text difficult to read. the strap stayed closed during walks, although its edge rubbed my wrist during longer use and left me unwilling to wear it continuously. i tried changing notification permissions, restarting the watch, and keeping the phone closer. those steps reduced the number of missed alerts for a short time but did not remove the problem. battery use was difficult to judge because the remaining indicator dropped unevenly, and the watch required charging sooner after days with more notifications. the basic time display operates, but that is not the reason i bought a health wearable. compared with the older watch, vela nova 717 looks more current while providing less dependable alerts, less consistent walking records, and a more awkward fit. the device asks for repeated checking, which defeats the convenience of receiving information at a glance. i wanted a quiet aid for commuting, not another source of uncertainty. its weaknesses continued through weeks of use, and i cannot recommend it for walking records or commute notifications.",False
CORD001178,CUS00315,2019-07-25,Thompson,"[{""product"":""Candle Edge 392"",""quantity"":1},{""product"":""Candle Vista 110"",""quantity"":2},{""product"":""Candle Orbit 674"",""quantity"":1}]",4332.99,12.36,-37.787776,144.944464,15,3695.4,Winter,False,2.7779,"before installing candle quest 948, the connection in the back room was noticeably weaker than in the rest of the house. i placed the unit between the main router and that room, then spent some time finding a position that was close enough to the existing signal while still helping the distant area. the setup instructions were clear, and the indicators made it easier to understand whether i had placed it sensibly. once i moved it away from a crowded shelf, the connection settled and the improvement became apparent during ordinary use. i have since used the extended coverage for video calls, browsing, music, and a television in the far room. the connection has remained much more even as i move through the house, and i no longer have to stand in one particular doorway to send a message or load a page. a demanding stream can still slow when several people are using the network at once, so the unit is not a complete answer to every busy period. for normal household activity, however, it has removed the dead spot that prompted the purchase. the compact casing does not take much space, and the lights can be seen without being distracting. i have restarted the equipment a few times while changing other network settings, and candle quest 948 returned to service without a complicated process. its performance has been steady over the ownership period, and the household has stopped treating the back room as an unreliable part of the network. it is a practical solution for extending coverage between rooms, with simple placement and useful results.",True
CORD001179,CUS00252,2019-12-19,Bakers,"[{""product"":""Candle Flux 162"",""quantity"":2},{""product"":""Candle Orbit 548"",""quantity"":1},{""product"":""Vela Halo 281"",""quantity"":1},{""product"":""Vela Core 957"",""quantity"":2},{""product"":""Candle Lumen 220"",""quantity"":1}]",6979.72,18.22,-37.811441,144.992135,10,6299.97,Summer,True,0.316,"vela echo 313 has become a convenient way to play music and spoken content while i am doing other things at home. i use it in the kitchen during cooking and in the living area when i want background listening. the display is useful for checking what is playing, and spoken content remains understandable at a moderate volume. moving between different listening sessions has been straightforward, and the device has remembered its basic connection without repeated setup. the screen is not large enough for detailed browsing, so i still use my phone when i want to search extensively. it also works best for casual room listening rather than filling a large space with powerful sound. within those boundaries, vela echo 313 has performed consistently for several weeks. it adds useful information to ordinary playback and has made music and spoken programs easy to keep nearby during household tasks.",True
CORD001180,CUS00001,2019-10-04,Thompson,"[{""product"":""Vela Halo 137"",""quantity"":1},{""product"":""Candle Edge 392"",""quantity"":1},{""product"":""Candle Vista 110"",""quantity"":1},{""product"":""Candle Shift 916"",""quantity"":1}]",4811,7.92,-37.817768,144.945742,10,4337.82,Spring,False,0.5784,No review submitted,True
CORD001181,CUS00234,2019-05-08,Nickolson,"[{""product"":""Candle Orbit 674"",""quantity"":1},{""product"":""Candle Orbit 548"",""quantity"":1},{""product"":""Vela Halo 137"",""quantity"":1}]",1340.02,12.58,-37.877762,144.937675,10,1218.6,Autumn,False,7.1497,"candle orbit 1016 has worked better for our shared-room gaming than the older hardware we had connected there. the previous setup was adequate for casual games, but it produced more noise and needed occasional rearranging whenever someone else wanted to use the room. candle orbit 1016 fits into the existing space with less fuss and gives the games i play a more consistent response. i can start a short session without turning the room into a complete gaming station. i have used it for relaxed games after work and for longer weekend sessions while other people were reading or watching television nearby. the controls respond predictably, and the system does not dominate the room with unnecessary sound. loading between ordinary activities feels less tedious than it did with the older equipment. it has also been easy to explain to other household members, which matters in a shared space where not everyone wants to learn a complicated arrangement. the experience is aimed at casual play, and i would not choose candle orbit 1016 for the most demanding games or competitive use. that limitation is clear, but it matches what i wanted. the casing has remained steady on the desk, and cables have not worked loose despite being moved around during cleaning. compared with our former setup, it offers a cleaner and more relaxed way to play. for a shared room and moderate gaming habits, the balance has been very satisfying.",True
CORD001182,CUS00460,2019-05-12,Bakers,"[{""product"":""Candle Shift 916"",""quantity"":1},{""product"":""Vela Halo 281"",""quantity"":1},{""product"":""Candle Orbit 674"",""quantity"":1}]",2713.57,22.36,-37.760439,144.98443,0,2735.93,Autumn,True,5.5917,"candle edge 698 solved a problem that my older network arrangement never handled very gracefully. the connection near the main router was already fine, but the spare room at the other end of the home regularly felt unreliable. i placed this unit between the rooms, followed the setup instructions, and soon had a much more consistent connection in that area. the process was less intimidating than configuring the separate extender i had tried before. the comparison is not only about signal reach. candle edge 698 also feels easier to live with because i do not have to keep checking whether a device has stayed connected. a laptop, phone, and streaming device have all worked from the extended area during normal use. moving between rooms has been smoother, and the unit itself is compact enough not to dominate the nearby shelf. the improvement is less dramatic through thick obstacles, so placement still matters, but that is a reasonable expectation for a device extending coverage rather than replacing the whole network. after several weeks, the main benefit is consistency. i can work in the spare room, browse from the hallway, and use a device there without the repeated pauses that had become normal. candle edge 698 compares favourably with my previous extender because the setup is clearer and the everyday result is steadier. i have not needed customer support, but the warranty is reassuring. it is a practical addition for anyone whose home network is strong in one room and weak in another.",True
CORD001183,CUS00283,2019-08-08,Bakers,"[{""product"":""Vela Core 957"",""quantity"":2},{""product"":""Vela Halo 137"",""quantity"":2}]",2062.72,37.87,-37.750169,145.016195,0,2078.59,Winter,False,6.9029,"vela core 183 has been used in the living room for casual gaming, where its main advantage is fitting into a shared space without making the room feel like a dedicated gaming area. the display is easy to see from the sofa and from the side chairs, so people can watch without sitting directly in front of it. compared with a smaller personal screen, it makes group play more sociable. compared with a purpose-built gaming arrangement, however, it feels less focused and offers fewer reasons to use it for long sessions. the basic controls have remained responsive, and starting a short game has been uncomplicated. i noticed that the living-room setting creates its own compromises. someone may pause the game to adjust the room or start another activity, and the display is also used for ordinary viewing, so it does not always feel dedicated to one purpose. the unit has handled repeated switching between those uses without any obvious problem. its size is helpful for shared play, but the brightness and reflections in the room can affect the experience depending on where people sit. vela core 183 is therefore a moderate option rather than an outstanding one. it is more inviting than a small monitor for occasional group gaming, while a specialised setup would suit someone who values uninterrupted sessions. i am satisfied with its role in the living room, provided expectations remain casual and flexible.",True
CORD001184,CUS00361,2019-10-16,Thompson,"[{""product"":""Candle Edge 392"",""quantity"":1},{""product"":""Vela Halo 281"",""quantity"":2},{""product"":""Candle Lumen 220"",""quantity"":1}]",4966.62,8.08,-37.806886,144.941708,5,4726.37,Spring,False,0.7974,"vela spark 189 has simplified the way i connect several devices when working away from my usual desk. its compact shape fits neatly in a pouch, and the ports are arranged so i can attach the equipment i need without a tangle of separate adapters. connections have been recognised promptly, and i have used it with a laptop, external storage, and other everyday accessories without interruptions. the casing has survived being moved between rooms and carried in a work bag, with no signs of the loose fit i have seen in cheaper accessories. the cable is a little short for some desk layouts, so placement sometimes takes thought. even so, vela spark 189 is convenient, capable, and a worthwhile way to reduce clutter in a mobile setup.",True
CORD001185,CUS00209,2019-09-04,Bakers,"[{""product"":""Candle Vista 110"",""quantity"":2},{""product"":""Vela Halo 281"",""quantity"":2},{""product"":""Candle Shift 916"",""quantity"":1},{""product"":""Candle Flux 162"",""quantity"":1}]",7613.72,11.53,-37.762188,144.978163,20,6102.51,Spring,False,5.5236,"i use candle shift 214 while working at my desk, and it keeps music in the background without becoming a distraction. pairing was quick, controls are easy to find, and the wireless connection has stayed stable through ordinary movement around the room. vocals are clear for calls and spoken recordings, while music has enough detail for focused listening. the fit becomes slightly warm after a long session, so i take short breaks. that is a minor compromise. overall, it is a reliable and pleasant audio companion for concentrated desk work.",True
CORD001186,CUS00378,2019-03-09,Thompson,"[{""product"":""Candle Lumen 220"",""quantity"":1},{""product"":""Candle Edge 392"",""quantity"":1},{""product"":""Vela Halo 137"",""quantity"":1},{""product"":""Candle Flux 162"",""quantity"":2}]",6785.61,12.84,-37.772772,144.878384,25,5102.05,Autumn,False,7.4907,"i have been using vela pulse 109 at my desk to position my phone during video calls, timers, and reference work. the adjustable arm lets me raise the screen to eye level, which reduces the constant bending and rearranging i used to do. once tightened, it stays in the chosen position even when i tap the phone, and the base feels secure on the desk. changing from portrait to landscape is uncomplicated, so i can adapt it for a call or a document quickly. it also leaves more open space around my keyboard than a loose stand would. the adjustment points need a firm hand when first set, but they have not loosened with repeated use. vela pulse 109 is a useful, solid accessory for an organised workstation.",True
CORD001187,CUS00212,2019-09-19,Bakers,"[{""product"":""Vela Nova 753"",""quantity"":2},{""product"":""Candle Orbit 548"",""quantity"":1},{""product"":""Vela Core 957"",""quantity"":1}]",9334.76,10.58,-37.844829,145.014104,10,8411.86,Spring,False,4.213,"vela ridge 401 handles the ordinary tasks i bought it for, including calls, messages, maps, and browsing, and it feels more current than my previous phone in several small ways. navigation stayed responsive during local trips, and switching between communication and map use did not cause the interruptions i had begun to expect from the older device. the handset is comfortable enough for short periods, although i find it tiring to hold for long reading sessions. the screen is clear indoors, but i needed more adjustment than expected in strong outdoor light. compared with a budget phone i used before, vela ridge 401 is quicker when several everyday apps are open. compared with a phone from a higher range that i have handled, it offers less polish in the camera and a less consistent battery experience. my normal day ended with sufficient charge, but heavier navigation and media use reduced that margin noticeably. the 5g connection worked where it was available, while ordinary coverage remained the more important factor for most of my use. i appreciate that the phone does not make basic communication complicated, yet i would not choose it solely for demanding photography or long journeys without access to charging. after three weeks, there have been no major problems, but neither has it transformed my routine. the 24-month warranty makes the purchase easier to live with. vela ridge 401 is a competent middle-ground smartphone with clear strengths for daily communication and some compromises in comfort and endurance.",True
CORD001188,CUS00236,2019-09-09,Thompson,"[{""product"":""Candle Edge 392"",""quantity"":1},{""product"":""Vela Core 957"",""quantity"":1},{""product"":""Candle Orbit 548"",""quantity"":1},{""product"":""Vela Halo 281"",""quantity"":1}]",1434.03,8.4,-37.822088,144.954622,10,1299.03,Spring,False,1.2394,"i bought the vela nova 987 to keep calendar reminders and short message checks close while i was away from my desk. after several weeks, the alerts have been convenient for appointments, and the small screen is readable when i only need a quick glance. notifications usually appear without requiring me to take out my phone, which is the main reason i kept using it. reading a longer message is less comfortable because the display gives limited room and scrolling feels slow. the strap is acceptable for daily wear, though it does not feel particularly refined and can become noticeable during a long afternoon. battery use has been predictable, but i still prefer carrying a charger for longer outings. the vela nova 987 handles its basic purpose without drama, yet it does not replace a phone or offer much beyond quick information. i regard it as a useful reminder accessory with average comfort and modest convenience rather than an essential wearable.",True
CORD001189,CUS00279,2019-10-16,Thompson,"[{""product"":""Candle Orbit 674"",""quantity"":1},{""product"":""Vela Halo 281"",""quantity"":1},{""product"":""Vela Nova 753"",""quantity"":1}]",5258.41,11.81,-37.792709,144.959719,5,5007.3,Spring,False,2.4826,"candle bloom 802 has been disappointing for reading and handwritten notes. page changes feel slow, and the writing response becomes uneven when several pages are marked up. my notes are sometimes misplaced after switching between documents, which makes study sessions frustrating. reading basic text is possible, but annotation is the reason i bought it and that part remains unreliable. the awkward workflow has made me avoid using it for serious work.",False
CORD001190,CUS00084,2019-07-10,Bakers,"[{""product"":""Vela Nova 753"",""quantity"":1},{""product"":""Candle Orbit 548"",""quantity"":3},{""product"":""Candle Edge 932"",""quantity"":1},{""product"":""Candle Shift 916"",""quantity"":1},{""product"":""Candle Edge 392"",""quantity"":1}]",8896.82,25.41,-37.784551,144.994433,10,8032.55,Winter,True,2.8302,"candle lumen 238 has made it easier to manage our guest network and keep track of the devices connected at home. creating separate access for visitors was uncomplicated, and the management screen presents the important controls without overwhelming me with technical language. i have checked connected devices several times and found the information helpful when identifying which household equipment was active. the network has remained steady during normal browsing, calls, and streaming, while visitors have been able to connect without needing repeated assistance. some less common settings are tucked away, so i spent a little time exploring before i knew where everything lived. once configured, though, the routine checks take very little effort. the unit has operated quietly and has not needed frequent attention during these sixteen days. candle lumen 238 has provided a reassuring level of visibility and control, making our shared network easier to organise without adding unnecessary daily work.",True
CORD001191,CUS00004,2019-04-02,Nickolson,"[{""product"":""Candle Orbit 548"",""quantity"":1},{""product"":""Candle Flux 162"",""quantity"":1},{""product"":""Candle Vista 110"",""quantity"":1},{""product"":""Candle Edge 392"",""quantity"":1},{""product"":""Vela Nova 753"",""quantity"":1}]",7912.31,14.65,-37.871945,144.976639,10,7135.73,Autumn,False,5.9648,"candle arc 996 has been disappointing for game streaming and media capture. the preview appears, but recording becomes choppy when the game action gets busy, and saved clips sometimes contain broken audio. changing sources takes several attempts, which is awkward during a live session. the casing also becomes hot after extended use, while the status light provides little warning before a recording stops. basic capture is possible, but the unreliable output makes this hardware frustrating.",False
CORD001192,CUS00107,2019-11-08,Thompson,"[{""product"":""Candle Flux 162"",""quantity"":2},{""product"":""Candle Vista 110"",""quantity"":1},{""product"":""Candle Orbit 548"",""quantity"":1},{""product"":""Vela Core 957"",""quantity"":1}]",4464.71,13.59,-37.758517,144.881405,0,4478.3,Spring,False,8.3403,"i have used candle vista 920 for creative projects and media editing, and it compares favourably with the general-purpose laptop it replaced. the difference is most apparent when i have a browser, reference material, and an editing project open together. i can move between tasks without the constant pauses that made my previous workflow feel disjointed. it handles photo adjustments, document preparation, and moderate media work in a way that suits my regular routine. the screen gives images and timelines enough room to inspect details, while the keyboard remains comfortable for writing notes and project descriptions. i also value the portability. it is easy to move from my desk to a shared table, and i can continue working without rebuilding the whole setup. candle vista 920 feels more purposeful for creative work than a basic office laptop, yet it does not demand a complicated learning period before becoming useful. over longer sessions, the layout and response have mattered as much as raw capability. windows open where i expect them, common applications launch promptly, and the trackpad supports precise selections when i am away from a mouse. exporting a finished project takes patience for larger files, so i still plan heavier tasks rather than assuming they will be instant. that is a reasonable compromise for a portable machine used across several kinds of work. the 24-month warranty adds confidence for an expensive piece of equipment, and the overall build has remained composed through frequent movement. compared with a simpler laptop, candle vista 920 offers a more satisfying balance for editing, research, and creative planning. it is not the lightest option i have handled, but its flexibility and steady everyday performance make it a strong long-term choice.",True
CORD001193,CUS00367,2019-06-04,Thompson,"[{""product"":""Candle Orbit 548"",""quantity"":1},{""product"":""Candle Edge 392"",""quantity"":2}]",1007.57,13.99,-37.820116,144.894493,15,870.42,Winter,False,4.6919,"vela wave 463 has become a convenient choice for music and spoken-content playback at home. voices remain distinct, playback begins promptly, and the controls are simple enough for different people to use. music sounds pleasant at ordinary room volume, although the system does not replace a larger speaker setup. that limitation is acceptable for background listening. it has made daily audio more enjoyable and sits neatly in the room.",True
CORD001194,CUS00381,2019-03-18,Thompson,"[{""product"":""Vela Core 957"",""quantity"":1},{""product"":""Candle Orbit 548"",""quantity"":1},{""product"":""Candle Edge 392"",""quantity"":1}]",903.29,14.73,-37.790463,144.884011,15,782.53,Autumn,False,6.0658,"vela echo 691 was intended for family communication and casual apps, but routine use is frustrating. applications take too long to open, messages sometimes remain pending, and switching between tasks causes noticeable pauses. the screen is adequate for reading, although the touch response feels inconsistent near the edges. calls can be made, but that basic function does not excuse the poor software behaviour. this 5g smartphone feels unreliable and underpowered, so i regret buying it.",False
CORD001195,CUS00210,2019-01-30,Nickolson,"[{""product"":""Candle Orbit 548"",""quantity"":2},{""product"":""Candle Orbit 674"",""quantity"":2},{""product"":""Vela Halo 281"",""quantity"":1}]",1691,12.5,-37.874652,144.98746,10,1534.4,Summer,False,6.4285,"candle lumen 616 has been used in our shared room for casual games over the past two years. it was easy to fit into the existing setup, and the controls became familiar after a couple of evenings. the system starts promptly, handles the games we play most often without fuss, and makes it straightforward for different family members to take turns. i particularly like that a short session does not require a long preparation routine, so it gets used on ordinary weeknights as well as weekends. the response feels consistent, and we have not had repeated crashes or unexplained interruptions. storage for accessories around the unit is limited, and the included control is less comfortable during a very long session than a larger gamepad. those points are noticeable but not serious for our use. candle lumen 616 has brought easy, relaxed entertainment to a shared space and has held up well through regular casual play.",True
CORD001196,CUS00273,2019-02-21,Thompson,"[{""product"":""Vela Halo 137"",""quantity"":1},{""product"":""Candle Edge 932"",""quantity"":1}]",2250.37,11.29,-37.84544,144.913326,0,2261.66,Summer,False,4.6966,"candle flux 432 has become the device we leave in the living room for family learning and shared browsing. it was simple to place on the stand, and the first setup did not require much technical knowledge. different members of the family use it for reading, looking up questions, practising lessons, and browsing together, so the straightforward interface has been more valuable than a large collection of complicated features. the screen is comfortable for a child to read and large enough for two people to examine something at once. touch responses have remained consistent, and switching between a learning activity and a browser page is generally smooth. when several demanding pages are open, the tablet may pause briefly, but closing an unused page usually restores the pace. i also like that the device can be passed around without feeling delicate, although we still keep it in one place when it is not being used. over the weeks, candle flux 432 has supported quiet homework time as well as relaxed weekend browsing. battery life is suitable for our normal use, and charging is easy to remember because the tablet returns to its stand each evening. the speakers are fine for spoken lessons, though headphones are preferable when someone else is watching television. the only recurring annoyance is that the screen gathers fingerprints quickly, which means i wipe it more often than expected. even with that minor chore, it has been a useful shared tool and has made family learning feel more accessible.",True
CORD001197,CUS00416,2019-07-17,Nickolson,"[{""product"":""Vela Halo 281"",""quantity"":1},{""product"":""Vela Nova 753"",""quantity"":1}]",4934.35,20.72,-37.888671,144.984898,15,4214.92,Winter,False,7.9077,"candle flux 864 was purchased for focused desk work, where interruptions are particularly irritating. compared with my older wireless audio unit, it starts with a more polished connection screen but takes longer to become usable. the pairing process failed twice during the first week, and later sessions sometimes began with one channel silent until i disconnected and reconnected it. that behaviour made the device feel unreliable at the exact moment i needed background sound. the sound itself is uneven. spoken material is intelligible at moderate volume, but music loses detail and bass becomes muddy when the volume rises. tracks with busy percussion turn into a crowded blur, while quieter recordings reveal a faint electronic hiss. the controls are small and awkward beside a keyboard, and changing volume from the unit often produces a delayed response. compared with the older unit, candle flux 864 offers no meaningful relief from those daily annoyances. after several weeks, the pattern remained frustrating rather than occasional. moving the device a short distance from the desk caused a drop that did not happen with the older speaker. battery warnings also appeared late, leaving no useful warning before a session stopped. the twelve-month warranty is stated in the paperwork, but support responses focused on repeating the pairing steps instead of addressing the repeated failures. candle flux 864 can produce sound, but the unstable connection and weak output make it a poor choice for concentrated work.",False
CORD001198,CUS00162,2019-06-01,Nickolson,"[{""product"":""Candle Orbit 548"",""quantity"":1},{""product"":""Candle Orbit 674"",""quantity"":1},{""product"":""Vela Core 957"",""quantity"":1},{""product"":""Candle Edge 392"",""quantity"":2},{""product"":""Vela Halo 281"",""quantity"":1}]",2133.84,20.4,-37.883444,144.944697,20,1727.47,Winter,False,7.5338,"vela echo 115 was purchased to manage a household power outlet on a schedule, but the experience has been disappointing from the beginning. setup required several attempts before the outlet appeared in the application, and the instructions did not make the failure clear. once connected, manual switching worked often enough to suggest the hardware was functioning, yet scheduled control was far less dependable. some routines ran at the expected time, while others were delayed or ignored without a useful explanation. i used it for a lamp and later for a small appliance, and both behaved inconsistently. checking the application repeatedly became part of the routine, which defeated the purpose of automation. when the network connection changed, i had to reconnect the outlet and recreate part of the schedule. the application is also awkward. the current outlet state can be found, but the schedule screen makes it difficult to tell whether a rule is active. notifications do not clearly distinguish a completed action from a failed one. the outlet itself switches on when commanded manually, so its basic function operates, but the unreliable scheduling is the reason i bought it and the reason i am unhappy. vela echo 115 has not given me enough confidence to leave an appliance under its control. missed schedules, poor status information, and repeated reconnection make it frustrating to use. i now check the outlet by hand and have removed it from the appliance i originally intended to automate. this is an unreliable product that i cannot recommend.",False
CORD001199,CUS00311,2019-08-15,Thompson,"[{""product"":""Candle Edge 392"",""quantity"":1},{""product"":""Vela Nova 753"",""quantity"":1},{""product"":""Candle Vista 110"",""quantity"":2},{""product"":""Candle Orbit 548"",""quantity"":2}]",8924.68,28.39,-37.835397,144.880882,0,8953.07,Winter,True,6.3388,"the vela ridge 455 has been part of my evening routine for several weeks, controlling a lamp in the living room through the app. installation was manageable, and after the first connection the light usually responds quickly to a tap. i can switch it on while carrying groceries or turn it off from another room, which is genuinely convenient. the simple control suits my routine, and the lamp has continued working normally with the device in place. my reservations come from the uneven details. the app occasionally takes a moment to show the current state, so i have tapped again because i was unsure whether the command arrived. reconnecting after a brief wireless interruption was not difficult, but it interrupted the routine and left the light in its previous state. the control screen offers fewer details than expected, making troubleshooting feel like guesswork. these issues are minor for a single lamp but would become awkward with several rooms. the vela ridge 455 is a workable lighting controller with a helpful remote function, though its status feedback and recovery behaviour keep the experience mixed.",True
CORD001200,CUS00265,2019-02-24,Bakers,"[{""product"":""Candle Lumen 220"",""quantity"":1},{""product"":""Vela Nova 753"",""quantity"":1}]",7933,11.52,-37.804671,145.052034,0,7944.52,Summer,False,5.0252,"candle flux 990 has handled travel documents, presentations, and meeting notes without slowing me down. it is manageable to carry, starts promptly, and the keyboard feels comfortable when i write on the move. the screen has remained easy to follow in different offices. the trackpad was a little sensitive until i changed its setting. overall, it has been a capable, pleasant laptop for regular travel-based work.",True
CORD001201,CUS00313,2019-09-06,Nickolson,"[{""product"":""Vela Nova 753"",""quantity"":1},{""product"":""Candle Orbit 674"",""quantity"":1},{""product"":""Vela Core 957"",""quantity"":2}]",5270.61,13.35,-37.886412,145.000254,15,4493.37,Spring,False,8.0082,"i bought candle quest 984 for the living room, where music usually has to fill the space without taking over the whole evening. compared with the small wired speaker i had been moving between rooms, this has been far less awkward to live with. pairing took only a short attempt, and since then my phone has found it consistently from the sofa and from the kitchen doorway. the sound is pleasant at ordinary volume, with voices in podcasts staying distinct and songs having enough bass to feel rounded rather than thin. what i notice most is how well it suits shared listening. my partner can start a playlist while i am cooking, and i can pause or change tracks without standing beside the unit. the controls are sensible, and the wireless connection has not dropped during normal use. i also compared it with a friend's compact portable speaker. that one is easier to carry outdoors, but the candle model sounds fuller in our room and feels more settled on the shelf. it is not the choice i would make for taking on a hike, and the casing attracts a little dust, yet those are minor compromises for this setting. after fifteen days of regular evening use, i am pleased with the balance. music remains enjoyable at low volume, while a busier playlist still has enough separation to avoid becoming a blur. setup information was straightforward, and i have not needed support. candle quest 984 has become the speaker we reach for first because it delivers relaxed room playback with less fuss than the alternatives i have tried.",True
CORD001202,CUS00007,2019-06-14,Thompson,"[{""product"":""Vela Halo 137"",""quantity"":1},{""product"":""Candle Edge 392"",""quantity"":1},{""product"":""Candle Lumen 220"",""quantity"":2},{""product"":""Vela Halo 281"",""quantity"":3},{""product"":""Vela Nova 753"",""quantity"":1}]",14190.25,15.27,-37.813537,144.876477,5,13496.01,Winter,False,6.2019,"vela echo 349 has made my shared workspace more comfortable and less cluttered. before using it, my phone usually sat flat beside the keyboard or leaned against whatever object happened to be nearby. that arrangement worked in a basic sense, but it was unstable and made incoming calls or messages difficult to see. with vela echo 349, the phone has a consistent place, the screen stays visible, and i can use both hands for notes or keyboard work without constantly moving the device. compared with an improvised stand, this accessory feels much more deliberate. the base stays in position during ordinary use, and the support holds the phone at an angle that suits quick glances. i have used it beside colleagues, during video calls, and while following instructions on the phone. it has been particularly useful when the desk is busy because the device remains raised above papers and cables rather than disappearing underneath them. vela echo 349 also folds away easily enough when the workspace needs to be cleared. i tested it with different cases that i already own, and the fit remained practical. very bulky cases make the phone sit slightly higher, but i have not needed to remove my usual case. the finish has stayed neat after being carried between rooms, and the moving section still feels firm rather than loose. my only small reservation is that the footprint takes more desk space than a completely flat holder. that trade-off seems worthwhile because the phone is far easier to locate and view. after 37 days, vela echo 349 has replaced a collection of awkward temporary solutions. it does not add unnecessary complexity; it simply keeps a phone supported, visible, and ready for hands-free use. for a shared workspace, that practical improvement has been genuinely valuable.",True
CORD001203,CUS00208,2019-01-02,Thompson,"[{""product"":""Candle Orbit 674"",""quantity"":1},{""product"":""Vela Core 957"",""quantity"":1},{""product"":""Vela Halo 281"",""quantity"":2},{""product"":""Vela Nova 753"",""quantity"":1}]",6060.62,13.01,-37.874118,144.922729,20,4861.51,Summer,False,7.1589,"i bought the candle vista 884 for shared-room music because our old speaker sounded uneven whenever someone sat away from the main listening spot. after several weeks of use, this unit gives a fuller and more consistent result around the room. music remains clear from the sofa, the dining table, and the nearby kitchen, so nobody has to sit directly in front of it to hear the detail. it has become a simple way to keep background music going while people are talking. compared with the former speaker, connecting a device is less troublesome and playback recovers more gracefully when someone briefly moves out of range. the controls are easy to find, and another household member learned them without needing a detailed explanation. i have used it for quiet playlists as well as livelier gatherings, and the volume range has been more than enough for the space. voices in spoken content are also distinct, which makes it useful beyond music. the enclosure takes up a little more shelf space than my previous speaker, and the lowest bass is not especially forceful. those points matter less to me than the improved balance and dependable wireless playback. i do not need a complicated audio system for this room; i wanted something that would sound pleasant from different seats and remain simple to operate. the candle vista 884 meets that need well and has made shared listening noticeably easier.",True
CORD001204,CUS00034,2019-07-01,Bakers,"[{""product"":""Candle Orbit 674"",""quantity"":1},{""product"":""Candle Vista 110"",""quantity"":1},{""product"":""Vela Nova 753"",""quantity"":1}]",6544.26,11.79,-37.793655,145.007454,20,5247.2,Winter,False,2.1106,"vela atlas 575 has made it easier to keep an eye on temperature and humidity in my rooms. the readings update promptly and are clear enough to check at a glance. i have moved it between the bedroom and study, and it resumed monitoring without difficulty. it does not control the climate itself, so anyone expecting automatic adjustment should note that limitation. as a simple source of household information, however, it has been consistent and useful.",True
CORD001205,CUS00154,2019-12-25,Thompson,"[{""product"":""Candle Edge 932"",""quantity"":2},{""product"":""Vela Halo 281"",""quantity"":1}]",3511.7,22.35,-37.756858,144.944804,15,3007.29,Summer,True,6.2095,"i bought the candle edge 194 for evenings when i wanted music on without being tied to a cable, and after a month it has become a slightly complicated part of my routine. the first setup was straightforward: it paired with my phone quickly, and the wireless connection has generally held while i move around the house. the earcups are soft enough for a long session, and the shape does not feel heavy at first. i can listen through a whole film or several albums without reaching for it immediately, which is what i had hoped for from a home listening set. my impression changed depending on what i was doing. at a moderate volume, voices sound natural and music has enough body for casual listening. i have also used it while cooking and tidying, and the connection stayed active through the rooms i normally use. on quieter evenings, though, small changes in position sometimes bring a brief interruption before the sound returns. it is not constant, but it is distracting when it happens during dialogue. the controls also took practice. the buttons sit close together, so i occasionally press the wrong one, particularly when i am not looking. comfort is mostly a matter of duration. during the first hour the padding feels pleasant, but after a longer stretch my ears become warm and i need a break. the headband has not caused pain, and the build still looks sound after regular use, although the hinges feel less substantial than i expected when i fold it away. that does not prevent normal use, but it makes me handle it carefully. the 12-month warranty gives some reassurance if that weakness becomes a real fault. i have kept using the candle edge 194 because the pairing is convenient and the everyday sound is enjoyable enough for films, radio, and background music. at the same time, the occasional dropouts, cramped controls, and heat during extended listening stop it from feeling effortless. it performs its basic role, but my experience is mixed: a reasonable home option when convenience matters more than polished comfort and completely dependable operation.",True
CORD001206,CUS00349,2019-07-08,Bakers,"[{""product"":""Candle Orbit 548"",""quantity"":2},{""product"":""Candle Edge 392"",""quantity"":1},{""product"":""Candle Vista 110"",""quantity"":1}]",2704.48,17.4,-37.779295,145.019038,10,2451.43,Winter,False,4.0037,"the vela ridge 1013 has been a frustrating smart display for music and spoken content. after six weeks in the living room, playback has stopped unexpectedly several times, usually after a device has been idle. spoken programs sometimes resume at the wrong point, and adjusting the volume through the display is slow and awkward. the speaker produces a thin sound with harsh high notes, while voices become difficult to follow when there is background noise. wireless pairing has also been unreliable; the display forgets a connected device and requires the same setup again. the touch surface records some presses late, which makes skipping a track or stopping playback unnecessarily difficult. vela support sent generic reset directions that did not resolve the interruptions. the device can produce sound from a basic request, but that limited function does not excuse the poor playback experience. i regret buying the vela ridge 1013.",False
CORD001207,CUS00132,2019-12-14,Thompson,"[{""product"":""Candle Orbit 548"",""quantity"":1},{""product"":""Candle Flux 162"",""quantity"":1},{""product"":""Candle Shift 916"",""quantity"":3},{""product"":""Vela Halo 281"",""quantity"":1}]",7423.41,12.17,-37.83885,144.887877,5,7064.41,Summer,False,5.9582,"i used candle bloom 424 for video calls, online classes, and some background music, and the comparison between those uses is quite noticeable. speech comes through clearly enough for meetings, and the microphone has allowed other people to hear me without repeated requests to speak louder. the wireless connection was simple to establish with my usual devices, and moving around the room during a call did not immediately interrupt the conversation. for music, however, the sound is more ordinary. it works for podcasts and casual listening, but tracks with stronger bass lack the weight i hear from a separate speaker. compared with wired headphones i have used, candle bloom 424 is more convenient when i am moving between tasks, though it introduces another battery to manage. compared with a dedicated music headset, it offers less detail and a less immersive presentation. comfort was acceptable during a normal class, but after a longer meeting i became aware of pressure around the ears. the controls are within reach, although muting and changing volume took a little practice because the buttons feel similar. battery life has been sufficient for my usual schedule, but i would charge it before a full day of calls. nothing has failed during these weeks. the 12-month warranty is appropriate. overall, candle bloom 424 is a practical communication headset with clear advantages for calls and classes, while its musical performance, long-session comfort, and charging requirement make the result balanced rather than exceptional.",True
CORD001208,CUS00411,2019-06-05,Thompson,"[{""product"":""Candle Orbit 548"",""quantity"":1},{""product"":""Candle Edge 932"",""quantity"":1},{""product"":""Candle Edge 392"",""quantity"":2},{""product"":""Vela Halo 281"",""quantity"":1}]",3028.79,16.86,-37.824596,144.911843,25,2288.45,Winter,False,3.3663,"i chose the vela atlas 719 for carrying a phone and small accessories between home, work, and several overnight trips. at first glance, the shape appeared compact, but the interior immediately felt poorly organised. the main compartment was narrow near the zip and wider at the opposite end, so the phone had to be pushed in at an angle. taking it out with one hand was awkward, particularly when i was standing in a station or reaching into a crowded bag. the first week exposed further problems. the inner divider folded down whenever the case was opened, allowing the charging lead to slide over the device. the zip also caught on the edge of the lining and needed to be pulled back before closing. nothing fell out when the case was left flat on a table, but that limited result did not help during travel. each time the bag was moved, i had to check whether the phone had shifted against the accessories. on a longer journey, the exterior picked up scuffs and the thin padding offered little confidence when the case was placed under other items. a small impact against a seat frame left a visible mark on the device cover inside. the vela atlas 719 did not split or lose its basic shape, yet that narrow fact is not enough for protective storage. the stiff walls took up more room than expected while still failing to cushion ordinary knocks. i also found the handle uncomfortable to hold when the case was loaded. it twisted toward the zip and pulled the contents sideways, making the case feel unstable while walking. support provided a generic cleaning suggestion and did not address the divider or padding. after thirty-two days, the case had become another source of worry rather than protection. the vela atlas 719 is frustrating for travel storage, and i regret choosing it for a device i carry every day.",False
CORD001209,CUS00422,2019-06-03,Nickolson,"[{""product"":""Candle Orbit 674"",""quantity"":1},{""product"":""Vela Core 957"",""quantity"":1},{""product"":""Candle Edge 932"",""quantity"":1},{""product"":""Vela Halo 281"",""quantity"":1},{""product"":""Candle Edge 392"",""quantity"":3}]",3744,18.31,-37.856684,145.001248,15,3200.71,Winter,False,5.0681,"vela core 273 was intended for family streaming, yet it has been a disappointing addition to the room. applications occasionally freeze while changing programmes, and restarting the display has become a routine annoyance. the interface is awkward for children to navigate, with delayed responses that lead to repeated selections. video can play once everything is working, but the interruptions and poor control experience leave me unable to recommend it for shared use.",False
CORD001210,CUS00376,2019-02-07,Thompson,"[{""product"":""Candle Shift 916"",""quantity"":1},{""product"":""Candle Lumen 220"",""quantity"":2},{""product"":""Vela Halo 281"",""quantity"":2},{""product"":""Candle Orbit 548"",""quantity"":1}]",10235.1,12.31,-37.773112,144.898038,5,9735.65,Summer,False,6.1573,"vela pulse 253 has been a pleasant centrepiece for shared film and television viewing. people can see the picture clearly from different seats, and the controls are simple enough for everyone to use. dialogue remains understandable at moderate volume, while films look bright and inviting in the evening. switching between programmes is quick, which keeps the conversation going instead of turning selection into a technical task. the built-in sound is less impressive for music, and glare appears when daylight reaches the screen directly. in our usual viewing time, those issues are minor. the display has continued to start reliably after months of family use, and the remote has remained responsive. vela pulse 253 has made shared viewing more comfortable and has been a worthwhile addition to our living room.",True
CORD001211,CUS00176,2019-11-26,Bakers,"[{""product"":""Candle Lumen 220"",""quantity"":1},{""product"":""Candle Edge 392"",""quantity"":1},{""product"":""Vela Nova 753"",""quantity"":1}]",8308.75,21.73,-37.782031,145.041334,5,7915.04,Spring,True,5.1067,"i bought candle bloom 604 for commuting and have used it regularly on trains, walks and during household errands for the past two years. pairing was straightforward after the first charge, and the connection has generally stayed in place when my phone is in a pocket or bag. spoken content is the strongest part of the experience: voices sound distinct, podcasts remain intelligible over background noise, and the controls can be found without constantly checking the phone. music is enjoyable as well, though the presentation is more balanced than powerful and will not satisfy someone seeking heavy bass. the fit has stayed secure during normal walking, and the controls have survived being handled with gloves and hurriedly packed away. battery life has been sufficient for my usual routine, although i still charge before a long trip because the warning arrives sooner than expected. overall, candle bloom 604 has made commuting more comfortable and has remained a dependable everyday audio companion.",True
CORD001212,CUS00005,2019-02-15,Nickolson,"[{""product"":""Candle Orbit 548"",""quantity"":2},{""product"":""Candle Flux 162"",""quantity"":1},{""product"":""Candle Orbit 674"",""quantity"":1},{""product"":""Vela Core 957"",""quantity"":2}]",2439.43,11.57,-37.858606,144.998015,25,1841.14,Summer,False,5.1031,"the candle vista 938 has been running our home network for thirty-six days, and it compares well with the simpler arrangement it replaced. my main reason for changing was to separate guest access from household devices and to make it easier to see what was connected. the candle vista 938 has done both without turning ordinary network management into a daily project. visitors can use their own connection, while the devices we rely on remain in a separate space, and i can review the setup without guessing which item belongs to whom. compared with the old arrangement, the controls are more informative and the network has been easier to manage when someone brings a new phone or laptop into the house. i have used it during quiet evenings and busier periods when several people were streaming, studying, or making calls. the connection has remained steady for normal household use, and changes to access have taken effect without repeated restarts. i especially value being able to tidy up old connections rather than leaving them indefinitely in the background. the candle vista 938 has made the network feel more organised. the interface contains more choices than a basic home device, so the first setup required concentration. i also had to spend time deciding which devices deserved separate access. once those decisions were made, routine management became much easier. the coverage is still affected by the layout of the house, as expected, and moving the unit improved one weaker area. compared with my former setup, the candle vista 938 offers clearer control, steadier shared use, and much better visibility of what is happening on the network.",True
CORD001213,CUS00329,2019-04-13,Thompson,"[{""product"":""Candle Orbit 548"",""quantity"":2}]",512.14,21.33,-37.786151,144.911925,10,482.26,Autumn,True,4.2699,"the vela atlas 593 has worked well in our meeting room for presentations and photo viewing. slides look crisp enough for a group to follow, and switching between a presentation and a folder of photographs is straightforward. i have used it for small team updates as well as showing travel pictures to visitors, and people can see the content clearly from the side of the room. the controls are sensibly arranged, so i did not need to keep searching for basic functions after the first session. it takes a moment to wake from standby, which is mildly inconvenient when a meeting starts suddenly, but it has not disrupted any presentation. photos have good colour and detail in normal lighting. the vela atlas 593 is a polished, dependable display for shared viewing.",True
CORD001214,CUS00301,2019-10-10,Thompson,"[{""product"":""Vela Halo 281"",""quantity"":1},{""product"":""Candle Orbit 674"",""quantity"":2},{""product"":""Candle Edge 392"",""quantity"":1},{""product"":""Candle Orbit 548"",""quantity"":1}]",1810.68,9.57,-37.832593,144.926952,5,1729.72,Spring,False,2.8334,"the vela wave 553 has been used in our living room for shared films and television, and its strongest feature is the way it keeps viewing simple. the screen is large enough for a small group, and the controls are easy to understand once the preferred services are arranged. we could start ordinary programmes without much searching, and the sound was clear for dialogue. for an evening of casual viewing, it required less preparation than connecting a separate computer to the television. compared with watching on individual phones or tablets, the vela wave 553 makes a shared session more social and avoids several people trying to follow different screens. compared with a larger home cinema arrangement, it takes less space and is easier to manage, but the image and sound do not create the same sense of immersion. the display remained comfortable from our usual seating positions, though reflections were visible when a lamp or window was directly behind us. the interface worked well for common choices, while searching for less familiar content took a few extra steps. switching between users was manageable, but not completely instant when different preferences were involved. the built-in speakers are suitable for speech and ordinary programmes; louder viewing benefits from additional audio equipment. i also noticed that the unit is more appealing for planned viewing than for quickly checking something from across the room. it has remained stable during my ownership, and the 24-month warranty adds reassurance. the vela wave 553 is a balanced household display: more communal than personal screens and simpler than a full entertainment system, with compromises in reflected light, sound depth and the speed of less routine navigation.",True
CORD001215,CUS00138,2019-08-20,Thompson,"[{""product"":""Candle Lumen 220"",""quantity"":1},{""product"":""Vela Halo 137"",""quantity"":2},{""product"":""Candle Edge 932"",""quantity"":1}]",6539.65,18.88,-37.8413,144.892689,15,5577.58,Winter,False,5.7397,"vela nova 195 was installed for automated blind and curtain routines, but the schedules have not been dependable. a routine may run once and then fail without an obvious reason, leaving the blinds in the wrong position. manual control works, although the response is slow and the status is unclear. recreating routines did not solve the problem, so daily use became frustrating. the device can move the blinds, but its unreliable automation makes it a poor purchase.",False
CORD001216,CUS00084,2019-08-23,Bakers,"[{""product"":""Vela Core 957"",""quantity"":1},{""product"":""Candle Lumen 220"",""quantity"":1},{""product"":""Candle Orbit 548"",""quantity"":1},{""product"":""Candle Edge 392"",""quantity"":3}]",5184.18,12.41,-37.784551,144.994433,15,4418.96,Winter,False,2.8302,"candle lumen 238 has made it easier to manage our guest network and keep track of the devices connected at home. creating separate access for visitors was uncomplicated, and the management screen presents the important controls without overwhelming me with technical language. i have checked connected devices several times and found the information helpful when identifying which household equipment was active. the network has remained steady during normal browsing, calls, and streaming, while visitors have been able to connect without needing repeated assistance. some less common settings are tucked away, so i spent a little time exploring before i knew where everything lived. once configured, though, the routine checks take very little effort. the unit has operated quietly and has not needed frequent attention during these sixteen days. candle lumen 238 has provided a reassuring level of visibility and control, making our shared network easier to organise without adding unnecessary daily work.",True
CORD001217,CUS00491,2019-08-02,Thompson,"[{""product"":""Candle Edge 392"",""quantity"":1},{""product"":""Candle Vista 110"",""quantity"":2},{""product"":""Candle Orbit 548"",""quantity"":1},{""product"":""Vela Core 957"",""quantity"":1}]",4536.47,16.8,-37.758527,144.887193,25,3419.15,Winter,False,7.996,"candle vista 974 has become part of my study setup for online classes and video calls. voices come through clearly enough that i can follow discussions without repeatedly asking people to speak again, and the audio remains consistent during longer sessions. i have also used it for informal calls with family, where the conversation feels natural rather than distant. pairing it with my devices was uncomplicated, and reconnecting later has generally been quick. the controls are easy to reach while i am taking notes, which saves me from interrupting a meeting. i needed a little time to find the most comfortable position for extended use, but after that adjustment it has been pleasant to wear. music is not its main purpose for me, yet ordinary background listening is perfectly acceptable. candle vista 974 has handled my daily calls and classes with dependable results, and it has removed a recurring source of distraction from remote study.",True
CORD001218,CUS00263,2019-01-09,Bakers,"[{""product"":""Candle Shift 916"",""quantity"":2},{""product"":""Vela Nova 753"",""quantity"":2},{""product"":""Candle Edge 932"",""quantity"":1},{""product"":""Vela Core 957"",""quantity"":2},{""product"":""Candle Vista 110"",""quantity"":2}]",18191.36,24.47,-37.743969,145.059244,0,18215.83,Summer,True,9.2495,"vela nova 663 sits in our living area for music, spoken programs and occasional photo viewing when people are gathered. spoken voices are clear at ordinary volume, and the display makes it simple to browse through a small collection of images. the device has remained responsive during routine use, and several members of the household learned the main controls quickly. music sounds flatter than i would prefer, especially when the room is busy, and the screen can be difficult to see from a sharp side angle. i have also had to repeat a command when background conversation is loud. it works as a shared entertainment screen with useful basic functions, but the audio and viewing limitations prevent a stronger overall impression.",True
CORD001219,CUS00199,2019-02-21,Thompson,"[{""product"":""Vela Halo 137"",""quantity"":2},{""product"":""Candle Edge 392"",""quantity"":1},{""product"":""Candle Orbit 548"",""quantity"":1}]",2151.6,23.67,-37.740914,144.963001,20,1744.95,Summer,True,8.1012,"the candle arc 582 is used by several people in my household for browsing, reading, and family learning activities. its larger screen makes shared questions easier to investigate than passing a phone around, and the touch controls respond predictably for ordinary pages. my child can use it for educational exercises while i sit nearby, then i can switch to a recipe or article without moving to another room. the body is light enough to carry, although i prefer setting it on a stand for longer sessions. sharing it has exposed some limitations. different users leave tabs and applications open, so returning to my own work sometimes involves tidying the screen first. the keyboard that appears for longer writing takes up much of the display, and i would not choose the tablet for composing a substantial document. a few websites also behave differently from their desktop versions, which means the tablet is better for browsing than for every kind of task. battery use is moderate, but video and interactive lessons reduce the remaining charge noticeably. after forty-one days, the candle arc 582 has become a useful household screen without replacing a laptop. it works well for shared browsing, reading, and short learning sessions, and the clear touch response makes it approachable for different ages. the limited space for typing and the effort of managing several users keep the experience balanced. i am glad to have it for quick family activities, but anyone expecting a complete work computer may find its boundaries frustrating.",True
CORD001220,CUS00136,2019-12-16,Thompson,"[{""product"":""Vela Core 957"",""quantity"":1},{""product"":""Candle Orbit 674"",""quantity"":3},{""product"":""Candle Edge 932"",""quantity"":1},{""product"":""Vela Halo 281"",""quantity"":1},{""product"":""Candle Edge 392"",""quantity"":1}]",3640.62,13.74,-37.765267,144.936928,25,2744.2,Summer,False,5.3461,"i bought the candle bloom 586 for trips and have used it regularly for 43 days. the compact shape fits into a small bag, but that is where the appeal ends for me. the controls feel cramped during longer sessions, and the buttons have a hollow, uneven response that makes repeated inputs frustrating. the screen is readable indoors, yet glare becomes a problem near a window or outside, so portable use is awkward rather than convenient. after several weeks, the battery behaviour has become increasingly irritating. a short session can leave me searching for a charger sooner than expected, and the remaining charge indicator is not consistent enough for planning a journey. the casing has also picked up marks easily, while the hinge and edges feel less solid than the price suggests. i have had no useful resolution from basic troubleshooting, and i would avoid the candle bloom 586 for travel gaming because the poor endurance and uncomfortable controls outweigh its small size.",False
CORD001221,CUS00439,2019-10-08,Bakers,"[{""product"":""Candle Edge 392"",""quantity"":2},{""product"":""Candle Flux 162"",""quantity"":2}]",2872.08,11.81,-37.762713,145.025961,20,2309.47,Spring,False,5.9106,"i kept candle orbit 764 on my desk for music during focused work and compared it with both headphones and a larger room speaker. it gives me an open listening option without isolating me from what is happening around the room. pairing was uncomplicated, and the controls were easy to reach while i was working. the result is more relaxed than wearing headphones, though less enveloping than a larger speaker placed for the whole room. at a desk distance, music and spoken content were clear enough for long work sessions. the volume range suited quiet concentration, and i did not need to keep changing it when moving papers or switching tasks. headphones still provide better detail when i want complete focus, while the larger speaker creates a fuller sound away from the desk. candle orbit 764 therefore works best within the small area where it is placed. the limitations are mostly about scale. when i moved to another part of the room, the sound lost some presence, and higher volume did not make it behave like a room-filling system. the wireless connection was steady in my normal arrangement, although i occasionally had to reconnect after changing devices. those moments were minor, but they kept the product from feeling completely effortless during a busy day. the unit has handled daily desk use without looking worn, and the 12-month warranty is a useful safeguard. i see candle orbit 764 as a sensible middle choice for focused desk work: less isolating than headphones and less imposing than a large speaker, with adequate everyday sound. buyers wanting deep room coverage or detailed listening should compare it with equipment designed for those purposes.",True
CORD001222,CUS00193,2019-11-26,Bakers,"[{""product"":""Candle Lumen 220"",""quantity"":2}]",7058.78,13.11,-37.747225,145.031764,10,6366.01,Spring,False,7.6829,"candle bloom 136 has been used on train rides, in hotel rooms and on the sofa, and its portable design has made casual gaming much easier to fit around travel. the controls respond predictably, the screen is comfortable for shorter sessions, and resuming a game after a break does not involve a long setup routine. i like being able to pick it up for a few minutes without committing to the desk. the casing has stayed solid in my bag, although the surface shows fingerprints quickly and the small controls can feel cramped during a demanding sequence. battery endurance is adequate for my usual journeys, but i carry a charger for longer days away. those details keep it from feeling perfect, yet candle bloom 136 has delivered dependable entertainment wherever i have had a spare moment.",True
CORD001223,CUS00359,2019-12-30,Thompson,"[{""product"":""Candle Orbit 674"",""quantity"":2},{""product"":""Candle Edge 392"",""quantity"":1},{""product"":""Candle Flux 162"",""quantity"":2},{""product"":""Candle Orbit 548"",""quantity"":1},{""product"":""Vela Halo 137"",""quantity"":1}]",4160.41,11.77,-37.769186,144.920108,0,4172.18,Summer,False,5.3847,"vela spark 819 has kept my mobile equipment organised during several trips and ordinary commutes. the case has enough structure to prevent loose items from being crushed in a bag, while the interior makes it easy to separate the device from its charging accessories. i can find what i need without emptying everything onto a table, which is especially helpful in shared transport or temporary workspaces. the outer material has handled being placed beside books and clothing without showing immediate wear. its shape takes up a little more room than a soft pouch, and the storage is not intended for every possible accessory. for the items it fits, however, vela spark 819 offers reassuring protection and a tidy way to carry them.",True
CORD001224,CUS00075,2019-09-01,Nickolson,"[{""product"":""Candle Flux 162"",""quantity"":1},{""product"":""Candle Lumen 220"",""quantity"":1},{""product"":""Candle Edge 392"",""quantity"":1},{""product"":""Vela Core 957"",""quantity"":1},{""product"":""Candle Orbit 674"",""quantity"":1}]",5560.96,15.25,-37.882876,144.977973,20,4464.02,Spring,False,7.1859,"candle orbit 710 has been a frustrating companion for study, research and note taking. it takes too long to wake from sleep, and switching between a browser, document and notes application produces visible pauses. pages sometimes stop responding while text is being entered, which causes missed words and repeated corrections. the fan becomes noisy during ordinary research, making quiet library use awkward. the keyboard feels stiff and the touchpad registers occasional accidental movements. battery endurance is weak, so i must remain near an outlet during longer study sessions. the display is readable indoors, although glare makes extended reading tiring. candle orbit 710 can open documents, but that basic function does not compensate for its poor responsiveness, noisy operation and unreliable battery. repeated restarts have not fixed the slow behaviour. the laptop has made routine coursework more difficult, and i regret choosing it.",False
CORD001225,CUS00089,2019-05-10,Thompson,"[{""product"":""Candle Orbit 548"",""quantity"":1},{""product"":""Candle Edge 392"",""quantity"":1},{""product"":""Vela Core 957"",""quantity"":1}]",903.29,13.63,-37.746239,144.899116,5,871.76,Autumn,False,8.5047,"candle shift 1078 has improved the way our home handles video meetings and media streaming at the same time. calls remain stable while another person watches content, and i have not needed to pause a meeting to deal with routine connection trouble. the installation process was reasonably direct, with the main settings easy to find after the first login. i also value the activity view because it gives a quick indication of what is using the network. the more advanced options are not especially friendly to someone who only wants a working connection, and the interface could explain a few choices better. in daily use, however, candle shift 1078 has been reliable and has removed a recurring source of frustration from our evenings.",True
CORD001226,CUS00224,2019-07-04,Thompson,"[{""product"":""Candle Flux 162"",""quantity"":1},{""product"":""Candle Orbit 548"",""quantity"":1},{""product"":""Candle Shift 916"",""quantity"":1}]",3175.13,14.07,-37.854962,144.93713,10,2871.69,Winter,False,4.7826,"i compared candle bloom 1054 with my older wireless headphones during regular commutes and while listening to spoken programs at home. the first difference was speech clarity. voices stayed distinct when there was ordinary traffic around me, while my previous headphones often made presenters sound distant or muddy. music also had a pleasant balance for casual listening, with enough low end to make a playlist engaging without overwhelming vocals. i did not need to raise the volume as often as before. pairing was less troublesome than with the old set. after the initial connection, candle bloom 1054 was ready quickly, and the buttons were easier to operate while walking. i could pause, resume, or adjust volume without searching for a small touch area. the fit stayed secure during a brisk walk to the station, and the ear cushions did not create much pressure. after longer use they became warm, but that is a minor comfort issue rather than a serious problem. the headphones are not tiny, and the case takes more room than the simple pouch supplied with my old pair. the controls also require a short period of learning because their functions are combined. once familiar, i found them dependable for my main use. candle bloom 1054 has made commuting more enjoyable by giving me clearer spoken audio, easy control, and a stable fit. compared with my former headphones, it feels like a worthwhile upgrade for someone who spends more time with podcasts and conversations than with critical music listening.",True
CORD001227,CUS00245,2019-02-25,Thompson,"[{""product"":""Candle Flux 162"",""quantity"":1},{""product"":""Vela Halo 281"",""quantity"":3},{""product"":""Vela Core 957"",""quantity"":1}]",2923.98,11.12,-37.773832,144.959564,0,2935.1,Summer,False,4.4563,"vela atlas 935 has been reassuring for checking door and window activity around the house. the app records the alerts clearly enough for me to see what happened when i was in another room. notifications can arrive a little late when the connection is busy, but most events appear promptly. after 47 days, it has added useful awareness without becoming intrusive.",True
CORD001228,CUS00093,2019-09-07,Bakers,"[{""product"":""Vela Halo 281"",""quantity"":1},{""product"":""Vela Halo 137"",""quantity"":2}]",2050.52,10.88,-37.798378,145.045889,5,1958.87,Spring,False,4.6342,"the vela echo 313 has become part of my evening routine for radio, podcasts, and spoken programs. compared with the small speaker i used previously, it is easier to control from across the room and the display makes the current activity less mysterious. voices are clear at ordinary volume, and the unit fits neatly on a shelf without taking over the room. it has also been convenient when i want background audio while cooking, since i do not need to handle my phone constantly. music exposes the difference between this and the older speaker. the vela echo 313 produces enough sound for casual listening, but the lower range feels restrained and busy tracks can sound flat. commands are usually understood, though a request made from another room may need repeating, particularly when there is running water or conversation nearby. the display is useful for basic information, but it is not something i would use for extended visual content. moving between different spoken sources can also be less direct than using a phone app. for podcasts and radio, i prefer the vela echo 313 because the controls are convenient and speech remains intelligible. for music, the older speaker still has the more satisfying presentation, even though it offers less hands-free control. this is a practical shared-room device with a clear strength in spoken content, but it should not be judged as a replacement for a dedicated music speaker.",True
CORD001229,CUS00243,2019-08-03,Thompson,"[{""product"":""Candle Shift 916"",""quantity"":1},{""product"":""Candle Edge 932"",""quantity"":2},{""product"":""Candle Lumen 220"",""quantity"":1}]",8369.12,33.08,-37.74888,144.936542,15,7146.83,Winter,True,7.1535,"we used vela spark 423 for shared film and television viewing, but the experience was marked by pauses, failed loading, and awkward controls. the home screen often took too long to appear, and selecting a program sometimes produced a blank screen before returning to the menu. during longer films, playback stopped several times and required restarting rather than continuing from the same point. different family members also found the remote confusing because the buttons were crowded and the response was delayed. the picture was visible when the stream held, but motion became uneven during busy scenes and subtitles occasionally appeared late. switching between profiles caused another pause, which made casual viewing feel unnecessarily difficult. a program could be started after enough patience, yet that basic success did not outweigh the repeated interruptions. vela spark 423 made family viewing frustrating and is not something i would choose again.",False
CORD001230,CUS00200,2019-03-03,Thompson,"[{""product"":""Vela Core 957"",""quantity"":1},{""product"":""Candle Orbit 548"",""quantity"":2}]",783.61,13.79,-37.743948,144.899712,15,679.86,Autumn,False,8.7018,"vela core 507 has quietly fitted into my routine for activity and sleep tracking. the daily summaries are easy to check, and the overnight record gives me a convenient view of patterns without requiring much attention. it feels light enough to wear through ordinary chores and rest. the display can be hard to read outdoors, yet the tracking experience has remained encouraging and consistent.",True
CORD001231,CUS00083,2019-01-22,Thompson,"[{""product"":""Candle Edge 932"",""quantity"":1},{""product"":""Vela Core 957"",""quantity"":1},{""product"":""Candle Orbit 674"",""quantity"":2}]",2410.07,12.86,-37.750247,144.945854,0,2422.93,Summer,False,6.9423,"the vela atlas 791 became the shared point of contact for our family, handling calls, messages, maps, and the casual applications we use during the day. i was not looking for a specialised device; i wanted a phone that different family members could pick up and understand. it has met that expectation. text is readable, the touch response feels natural, and moving between a message and another app does not require much patience. we used it at home first, then took it on errands and short outings. communication remained dependable, and the camera was sufficient for quick snapshots of everyday moments. nobody in the household has needed a long explanation before using the main features. the vela atlas 791 also feels manageable in one hand, which is useful when carrying bags or helping a child at the same time. its finish is smooth and attractive, though it can be slippery on a bare surface, so a case is sensible. the battery has covered our ordinary day, including messaging, browsing, and occasional video, although heavy use means charging before the evening is over. that seems reasonable for the way we use it. the built-in speaker works for calls and short clips, while headphones are preferable for longer listening. i have encountered a brief pause when several applications are resumed together, but it has not become a pattern. what has mattered most is the phone's predictability: family members can call, share information, and use casual apps without fuss. the vela atlas 791 has been a pleasant everyday device, and it has earned a steady place in our household.",True
CORD001232,CUS00261,2019-04-17,Bakers,"[{""product"":""Vela Halo 281"",""quantity"":1},{""product"":""Vela Core 957"",""quantity"":1},{""product"":""Candle Edge 392"",""quantity"":1},{""product"":""Candle Orbit 674"",""quantity"":1}]",1502.02,10.97,-37.854363,145.009513,15,1287.69,Autumn,False,5.0903,"candle lumen 1030 has become the shared home-office laptop in our house. it is used for forms, email, document editing, browsing, and video meetings, often by different people on the same day. the transition was smooth because the layout is familiar and the main tasks do not require much technical knowledge. i have been using it for regular administration, moving between several browser pages, documents, and calls. the laptop has stayed responsive during that routine, and the keyboard has remained comfortable when a short task turns into an hour of typing. the display is clear for reading and arranging documents, while the machine is portable enough to move away from the desk when another person needs the room. the video meeting camera works well for ordinary home-office conversations, and the microphone has picked up normal speech without making me lean forward. other members of the household have managed the basic controls without much help. we spent some time creating separate folders and arranging the desktop, but that made the shared use more orderly and was worth doing. the built-in speakers suit voices and light media. they are not the part i would choose for serious music listening, and i keep the charger nearby when several meetings fill the day. those are manageable details rather than reasons for concern. candle lumen 1030 has provided the steady, practical performance we wanted from a shared computer. it has made everyday administration less awkward and has earned a permanent place in our home office.",True
CORD001233,CUS00098,2019-03-27,Bakers,"[{""product"":""Candle Shift 916"",""quantity"":1},{""product"":""Vela Halo 281"",""quantity"":2}]",2920.25,31.65,-37.85447,145.017444,0,2942.4,Autumn,True,5.3161,"vela echo 997 has been helpful for keeping track of everyday habits and checking the time without reaching for my phone. the reminder prompts are noticeable but not intrusive, and i have found them useful when moving between work and household tasks. the display is readable at a glance, while the band remains comfortable during ordinary daytime wear. i also wore it during light exercise and did not find it distracting. notifications can take a moment to appear when the phone has been inactive, but they catch up shortly afterward. timekeeping itself has remained consistent throughout the two weeks i have owned it. vela echo 997 is a modest but effective wearable that supports my routine without demanding much attention.",True
CORD001234,CUS00252,2019-01-20,Bakers,"[{""product"":""Candle Edge 392"",""quantity"":1},{""product"":""Vela Core 957"",""quantity"":1},{""product"":""Candle Lumen 220"",""quantity"":1}]",4176.61,10.22,-37.811441,144.992135,0,4186.83,Summer,False,0.316,"i compared candle bloom 370 with an older laptop while preparing creative projects and editing media. the newer machine looks intended for that workload, but the experience has been frustrating. opening larger project files produces long pauses, and switching between an editor, reference material, and a browser can leave the system unresponsive. my older laptop is slower in ordinary tasks, yet it behaves more predictably once a project is open. the display is serviceable for documents, but colour changes noticeably when i move the screen or alter the angle. that makes visual decisions difficult during editing. fan noise also becomes intrusive during sustained work, and the base grows unpleasantly warm near my hands. keyboard travel feels shallow compared with the older machine, while the trackpad sometimes ignores a light touch and then registers a later movement abruptly. these details make long sessions tiring rather than productive. i have spent forty-three days trying different project sizes and background applications. small files are manageable, but heavier timelines expose weak performance and awkward delays. exporting leaves little room for other work, and the machine becomes sluggish before the task finishes. candle bloom 370 has the expected basic laptop functions, but those functions do not compensate for poor editing behaviour, screen inconsistency, and distracting heat. against my older laptop, it feels like an expensive step backward. i regret choosing it and cannot recommend it for creative projects.",False
CORD001235,CUS00265,2019-01-06,Bakers,"[{""product"":""Vela Nova 753"",""quantity"":1},{""product"":""Candle Orbit 548"",""quantity"":1}]",4659.68,11.52,-37.804671,145.052034,5,4438.22,Summer,False,5.0252,"candle flux 990 has handled travel documents, presentations, and meeting notes without slowing me down. it is manageable to carry, starts promptly, and the keyboard feels comfortable when i write on the move. the screen has remained easy to follow in different offices. the trackpad was a little sensitive until i changed its setting. overall, it has been a capable, pleasant laptop for regular travel-based work.",True
CORD001236,CUS00161,2019-03-03,Thompson,"[{""product"":""Vela Core 957"",""quantity"":1},{""product"":""Candle Flux 162"",""quantity"":1},{""product"":""Candle Shift 916"",""quantity"":1},{""product"":""Vela Halo 281"",""quantity"":1},{""product"":""Candle Lumen 220"",""quantity"":3}]",14309.44,14.47,-37.744568,144.880354,20,11462.02,Autumn,False,9.5775,"candle vista 650 suits the way i divide my work between documents, video meetings, and different rooms around the house. my previous laptop was acceptable at a fixed desk but became frustrating when i carried it around, mainly because it felt cumbersome and took time to recover when several work windows were open. the vista feels easier to live with. documents open promptly, moving between notes and a meeting screen is uncomplicated, and i can continue writing without waiting after a call ends. the keyboard has enough travel for regular typing, and the screen is comfortable for reading messages and reviewing shared material. during meetings, the camera and microphone have been clear enough for ordinary conversations, so i have not needed to repeat myself as often as i did with the older machine. i usually work with headphones when the room is busy, since the built-in sound is merely adequate. the casing also picks up a few marks from travel, but that is cosmetic and has not affected daily use. i compared candle vista 650 with a heavier office laptop that belongs to a family member. the older computer has a larger working area, yet it is inconvenient to move and feels slower when i keep documents, browser pages, and meeting software open together. the vista offers a better balance for portable document work. it is not intended to replace a desktop for unusually demanding tasks, but it gives me a dependable, manageable setup for the work i actually do. the longer warranty is another reassuring part of the purchase.",True
CORD001237,CUS00272,2019-02-28,Bakers,"[{""product"":""Vela Core 957"",""quantity"":2},{""product"":""Candle Edge 932"",""quantity"":1},{""product"":""Candle Edge 392"",""quantity"":1}]",2409.17,23.05,-37.746637,144.977543,0,2432.22,Summer,True,7.2147,"vela nova 195 has made our blind and curtain routines much more convenient. once the schedules were set, the movements happened at the expected times and required very little attention from me. i can also trigger a routine manually when the weather changes, and the response is quick enough to be useful. the mechanism operates quietly, which is important in the morning, and it has handled repeated opening and closing without sounding strained. i needed a little patience while positioning the controls correctly, because the first placement did not suit the window. after that adjustment, everyday use became simple. vela nova 195 has added a small but noticeable improvement to the room, especially on mornings when i am rushing out.",True
CORD001238,CUS00259,2019-03-19,Thompson,"[{""product"":""Vela Core 957"",""quantity"":1}]",271.47,13.25,-37.802925,144.901226,0,284.72,Autumn,False,4.1707,"vela pulse 541 handles simple calls, but casual family use has been marked by irritating failures. messages sometimes arrive late, apps freeze during ordinary browsing, and the battery drains faster than expected. the screen is awkward to read in bright conditions, which makes quick communication difficult. it performs the most basic phone task, yet the unreliable details create constant frustration. after several weeks, i cannot recommend it.",False
CORD001239,CUS00373,2019-11-11,Nickolson,"[{""product"":""Vela Core 957"",""quantity"":3},{""product"":""Vela Nova 753"",""quantity"":1}]",5218.02,14.43,-37.873206,144.96744,5,4971.55,Spring,False,6.0753,"candle arc 528 was purchased for video meetings and evening streaming, and i compared it with the uncomplicated network unit it replaced. the comparison became negative almost immediately. initial setup was not especially difficult, but the connection became unreliable once several devices were active. a meeting could begin normally and then develop broken audio, frozen video, or repeated reconnecting. streaming in another room made the problem more obvious rather than less. the older unit had a smaller range of settings, yet it behaved more predictably in daily use. candle arc 528 offers a busier control panel without making the underlying connection feel stronger. the signal drops in parts of the home where the previous unit remained usable, and moving a laptop only a short distance can produce an awkward interruption. restarting the network device clears the problem temporarily, but having to do that during work is frustrating and disruptive. i also disliked the way the status information is presented. several warnings are vague, so it is difficult to tell whether the fault involves the connection, the device, or the meeting service. the casing is plain and the device does transmit data when conditions are quiet, but that is a basic requirement rather than a meaningful advantage. for home meetings and media streaming, candle arc 528 created more uncertainty than the older equipment and proved too unreliable to recommend.",False
CORD001240,CUS00071,2019-11-07,Nickolson,"[{""product"":""Candle Lumen 220"",""quantity"":1}]",3529.39,11.28,-37.865018,144.974671,5,3364.2,Spring,False,5.1815,"candle bloom 298 solved a problem i had been tolerating between the study and the back bedroom. my existing network worked well near the main router but became inconsistent at the far end of the house. rather than moving the desk or running a cable across the hallway, i used this device to extend coverage between the rooms. the difference is most apparent during calls and when i am moving around with a phone, where the connection no longer drops as often. i compared it with a basic extender i tried earlier. that unit created another awkward network choice and required more attention than i wanted. candle bloom 298 has been easier to place and less confusing in daily use. the signal is not identical in every corner, and a thick wall still reduces performance, but the weak area is now usable for browsing, messages, and ordinary video meetings. installation took some patience because i had to find the right position, yet once placed it has stayed quiet and unobtrusive. during fourteen days of use, i tested the connection at different times while another person was streaming in the living room. the far room remained serviceable, and i no longer need to carry the laptop back towards the router when a meeting starts. it would be unreasonable to expect a small network device to remove every limitation caused by the building, so i am satisfied with the improvement rather than claiming perfect coverage. candle bloom 298 is a practical bridge between rooms, and the 24-month warranty makes it a sensible choice for this household need.",True
CORD001241,CUS00286,2019-07-18,Thompson,"[{""product"":""Candle Orbit 548"",""quantity"":3}]",768.21,27.5,-37.845893,144.903962,15,680.48,Winter,True,5.2894,"the candle shift 970 has handled my creative projects and media editing with more confidence than the everyday laptop it replaced. i use it for arranging images, trimming clips, preparing presentations and reviewing exported work. compared with my previous machine, it spends less time hesitating when i move between an editing application, reference material and a music track. the display gives me a comfortable working area, and the keyboard supports long sessions without feeling cramped. i have worked at a desk, a dining table and a shared office space, and the laptop has remained easy to move between them. opening a project and making a sequence of small changes feels responsive, while playback is useful for checking an edit before sharing it. the hinge stays where i place it, and the surface has tolerated frequent handling without becoming distracting. it also serves for ordinary browsing and calls, so i do not need a second computer for less demanding tasks. for unusually complex projects i would still prefer a specialised workstation with more room and a larger external display. the speakers are fine for checking a clip but do not replace proper monitoring equipment. those are reasonable limits for a portable ultrabook. against my former laptop, the shift 970 offers a smoother creative workflow and better flexibility around the house. it has made editing less interrupted and remains a satisfying general-purpose computer.",True
CORD001242,CUS00422,2019-06-17,Nickolson,"[{""product"":""Candle Orbit 548"",""quantity"":1},{""product"":""Vela Halo 281"",""quantity"":1}]",786.81,18.31,-37.856684,145.001248,20,647.76,Winter,False,5.0681,"vela core 273 was intended for family streaming, yet it has been a disappointing addition to the room. applications occasionally freeze while changing programmes, and restarting the display has become a routine annoyance. the interface is awkward for children to navigate, with delayed responses that lead to repeated selections. video can play once everything is working, but the interruptions and poor control experience leave me unable to recommend it for shared use.",False
CORD001243,CUS00416,2019-10-25,Nickolson,"[{""product"":""Vela Halo 281"",""quantity"":1},{""product"":""Vela Core 957"",""quantity"":1},{""product"":""Candle Edge 392"",""quantity"":1},{""product"":""Candle Shift 916"",""quantity"":1}]",3036.73,15.77,-37.888671,144.984898,5,2900.66,Spring,False,7.9077,"candle flux 864 was purchased for focused desk work, where interruptions are particularly irritating. compared with my older wireless audio unit, it starts with a more polished connection screen but takes longer to become usable. the pairing process failed twice during the first week, and later sessions sometimes began with one channel silent until i disconnected and reconnected it. that behaviour made the device feel unreliable at the exact moment i needed background sound. the sound itself is uneven. spoken material is intelligible at moderate volume, but music loses detail and bass becomes muddy when the volume rises. tracks with busy percussion turn into a crowded blur, while quieter recordings reveal a faint electronic hiss. the controls are small and awkward beside a keyboard, and changing volume from the unit often produces a delayed response. compared with the older unit, candle flux 864 offers no meaningful relief from those daily annoyances. after several weeks, the pattern remained frustrating rather than occasional. moving the device a short distance from the desk caused a drop that did not happen with the older speaker. battery warnings also appeared late, leaving no useful warning before a session stopped. the twelve-month warranty is stated in the paperwork, but support responses focused on repeating the pairing steps instead of addressing the repeated failures. candle flux 864 can produce sound, but the unstable connection and weak output make it a poor choice for concentrated work.",False
CORD001244,CUS00311,2019-03-15,Thompson,"[{""product"":""Vela Halo 281"",""quantity"":1},{""product"":""Candle Orbit 548"",""quantity"":1},{""product"":""Candle Orbit 674"",""quantity"":1}]",1110.87,11.94,-37.835397,144.880882,10,1011.72,Autumn,False,6.3388,"the vela ridge 455 has been part of my evening routine for several weeks, controlling a lamp in the living room through the app. installation was manageable, and after the first connection the light usually responds quickly to a tap. i can switch it on while carrying groceries or turn it off from another room, which is genuinely convenient. the simple control suits my routine, and the lamp has continued working normally with the device in place. my reservations come from the uneven details. the app occasionally takes a moment to show the current state, so i have tapped again because i was unsure whether the command arrived. reconnecting after a brief wireless interruption was not difficult, but it interrupted the routine and left the light in its previous state. the control screen offers fewer details than expected, making troubleshooting feel like guesswork. these issues are minor for a single lamp but would become awkward with several rooms. the vela ridge 455 is a workable lighting controller with a helpful remote function, though its status feedback and recovery behaviour keep the experience mixed.",True
CORD001245,CUS00466,2019-11-21,Bakers,"[{""product"":""Candle Edge 392"",""quantity"":2}]",751.5,12.08,-37.754104,144.985373,20,613.28,Spring,False,6.275,"candle arc 852 has become my preferred device for reading, annotating, and making handwritten notes because it offers a more natural working surface than my phone and less weight than a full laptop. i have used it for articles, marked-up documents, and quick notes during planning sessions. compared with my previous tablet, the writing experience feels more controlled, and i can move from reading to annotation without losing the thread of what i was doing. the display is comfortable for extended reading, and the size gives enough room for a page and notes without making the device awkward to carry. handwritten marks remain easy to review later, which is useful when i am away from my desk. the tablet has also handled ordinary document work without requiring much adjustment. a physical keyboard would still be preferable for long passages, and the device is not a substitute for that kind of typing. for its intended use, however, the trade-off is sensible. the casing has stayed in good condition through regular movement between rooms, and the controls have remained responsive. candle arc 852 compares favorably with both my phone and older tablet because it occupies a useful middle ground. it is focused enough for reading and notes, yet flexible for casual tasks. after repeated use, i find myself reaching for it first whenever i need to review material and write observations by hand.",True
CORD001246,CUS00072,2019-11-05,Thompson,"[{""product"":""Candle Edge 392"",""quantity"":1},{""product"":""Candle Flux 162"",""quantity"":1},{""product"":""Vela Core 957"",""quantity"":1}]",1707.51,10.84,-37.780886,144.914045,20,1376.85,Spring,False,4.573,"vela nova 789 has been useful when i need to connect several devices through one compact adapter at a shared desk. it saves space and recognises ordinary peripherals without much delay. the casing is small enough to travel with a laptop, and the cable has tolerated repeated packing. the ports are positioned close together, however, so two wide plugs can interfere with one another. i have also noticed that reconnecting everything after moving the adapter takes a little care. it has remained stable during document work and file transfers, though i have not pushed it with a large collection of devices at once. the adapter solves a real space problem, but its compact design creates the same restriction that makes it portable. it is a functional accessory for light use, with convenience balanced against cramped port arrangement.",True
CORD001247,CUS00428,2019-10-14,Thompson,"[{""product"":""Candle Edge 392"",""quantity"":3},{""product"":""Candle Orbit 674"",""quantity"":1},{""product"":""Candle Orbit 548"",""quantity"":1}]",1707.38,13.12,-37.844237,144.919234,5,1635.13,Spring,False,4.2772,"i compared vela ridge 491 with the older phones used by the rest of my family. calls could be placed and messages could be sent, but shared use revealed too many irritating limitations. the screen became unresponsive during ordinary app switching, the camera application sometimes took several attempts to open, and notifications arrived in an uneven order. these are small failures individually, yet they made family communication feel uncertain and unnecessarily slow. the older phones had fewer visual effects, but they handled contact searches and message threads with less confusion. on vela ridge 491, the keyboard occasionally lagged behind typing, causing missing letters and repeated corrections. casual games also caused the handset to become warm and drain power quickly. the phone did not fail completely, so the basic calling function remains present; that is not enough for a device used throughout the day by several people. i compared indoor and outdoor use, and the display was difficult to read in bright surroundings. the body picked up scratches quickly despite careful handling, while the charging connection required a precise angle on some evenings. support suggested clearing applications and restarting the handset, but the same problems returned. vela ridge 491 is less dependable than the older phones it was meant to replace. its sluggish response and frustrating notification behaviour make it a poor choice for family communication, and i cannot recommend it.",False
CORD001248,CUS00137,2019-12-10,Nickolson,"[{""product"":""Candle Edge 392"",""quantity"":1},{""product"":""Candle Orbit 674"",""quantity"":1},{""product"":""Vela Core 957"",""quantity"":1},{""product"":""Candle Edge 932"",""quantity"":1},{""product"":""Candle Flux 162"",""quantity"":2}]",4582.34,13.59,-37.864196,144.978074,5,4366.81,Summer,False,5.1255,"candle shift 196 was purchased for game streaming and media capture, yet the first month of ownership was dominated by awkward setup and unreliable results. the connection was detected, but the capture application repeatedly lost contact after sleep or restart. i had to remove the device, reconnect it, and wait through the same frustrating process before a session could begin. its basic capture function operates under ideal conditions, but that is a weak consolation when preparation takes longer than expected. during actual play, the stream sometimes showed a frozen image while sound continued. on other occasions the picture returned with a noticeable delay, making the recording difficult to follow. longer sessions exposed further problems: the unit became warm, the cable connection felt loose, and moving it slightly caused another interruption. the software offered no clear explanation for the failures. i tried different ports and restarted the computer several times, but the behaviour remained unreliable. friends waiting to watch made the delays particularly irritating, and the device turned a casual evening into troubleshooting. media capture was no less disappointing. files occasionally stopped before the session ended, leaving incomplete footage that could not be used. the warranty is longer than the time i kept testing the unit, but support supplied generic instructions and did not address the repeated disconnects. candle shift 196 may perform a simple task when nothing goes wrong, but the fragile connection and inconsistent recording make it poor equipment for streaming. i regret buying it and cannot recommend it for regular use.",False
CORD001249,CUS00071,2019-07-09,Nickolson,"[{""product"":""Candle Orbit 674"",""quantity"":1},{""product"":""Candle Lumen 220"",""quantity"":1}]",3853.45,14.4,-37.865018,144.974671,20,3097.16,Winter,False,5.1815,"candle bloom 298 solved a problem i had been tolerating between the study and the back bedroom. my existing network worked well near the main router but became inconsistent at the far end of the house. rather than moving the desk or running a cable across the hallway, i used this device to extend coverage between the rooms. the difference is most apparent during calls and when i am moving around with a phone, where the connection no longer drops as often. i compared it with a basic extender i tried earlier. that unit created another awkward network choice and required more attention than i wanted. candle bloom 298 has been easier to place and less confusing in daily use. the signal is not identical in every corner, and a thick wall still reduces performance, but the weak area is now usable for browsing, messages, and ordinary video meetings. installation took some patience because i had to find the right position, yet once placed it has stayed quiet and unobtrusive. during fourteen days of use, i tested the connection at different times while another person was streaming in the living room. the far room remained serviceable, and i no longer need to carry the laptop back towards the router when a meeting starts. it would be unreasonable to expect a small network device to remove every limitation caused by the building, so i am satisfied with the improvement rather than claiming perfect coverage. candle bloom 298 is a practical bridge between rooms, and the 24-month warranty makes it a sensible choice for this household need.",True
CORD001250,CUS00499,2019-07-14,Bakers,"[{""product"":""Vela Halo 137"",""quantity"":3},{""product"":""Candle Orbit 548"",""quantity"":1},{""product"":""Candle Edge 392"",""quantity"":1}]",2911.49,12.27,-37.809667,145.02564,10,2632.61,Winter,False,2.6716,"vela pulse 271 has been used for calendar management, messages, and work calls. the calendar opens quickly and calls remain understandable in ordinary indoor conditions. the battery needs attention on busy days, especially when the screen stays active between meetings. photos are acceptable for documents but less convincing in dim rooms. it has supported my routine without a major failure, yet the average battery and camera keep it from being more than a middle-of-the-road phone.",True
CORD001251,CUS00283,2019-03-09,Bakers,"[{""product"":""Candle Orbit 674"",""quantity"":1},{""product"":""Candle Orbit 548"",""quantity"":1},{""product"":""Candle Flux 162"",""quantity"":2}]",2700.71,12.38,-37.750169,145.016195,15,2307.98,Autumn,False,6.9029,"vela core 183 has been used in the living room for casual gaming, where its main advantage is fitting into a shared space without making the room feel like a dedicated gaming area. the display is easy to see from the sofa and from the side chairs, so people can watch without sitting directly in front of it. compared with a smaller personal screen, it makes group play more sociable. compared with a purpose-built gaming arrangement, however, it feels less focused and offers fewer reasons to use it for long sessions. the basic controls have remained responsive, and starting a short game has been uncomplicated. i noticed that the living-room setting creates its own compromises. someone may pause the game to adjust the room or start another activity, and the display is also used for ordinary viewing, so it does not always feel dedicated to one purpose. the unit has handled repeated switching between those uses without any obvious problem. its size is helpful for shared play, but the brightness and reflections in the room can affect the experience depending on where people sit. vela core 183 is therefore a moderate option rather than an outstanding one. it is more inviting than a small monitor for occasional group gaming, while a specialised setup would suit someone who values uninterrupted sessions. i am satisfied with its role in the living room, provided expectations remain casual and flexible.",True
CORD001252,CUS00144,2019-01-28,Nickolson,"[{""product"":""Vela Nova 753"",""quantity"":3},{""product"":""Vela Core 957"",""quantity"":1}]",13482.3,15.46,-37.887891,144.983435,25,10127.18,Summer,False,7.8012,"candle lumen 778 has been used for video meetings and home media streaming, and it compares poorly with the previous network device. a connection is available, but performance changes without warning. during meetings, speech becomes broken while other devices are streaming, and the problem takes long enough to correct that conversations are interrupted. the old unit had fewer controls, yet it behaved less erratically under the same household workload. streaming on one device can continue, but adding a second screen often leads to pauses and repeated buffering. the administration page shows activity without making the source of the problem obvious, so i have spent too much time restarting equipment and checking cables. device status information is present, although it is too vague to explain the failures. this is not a total loss of connection every time; the intermittent nature is what makes candle lumen 778 especially frustrating. the quest family positioning suggests a flexible home network, but daily use has exposed weak management and poor stability. the setup process did not match the instructions, and the support material gives broad advice that does not help with meeting interruptions. compared with the previous device, i have less confidence when scheduling a call or starting a film. the network performs basic tasks, but unreliable handling of shared traffic makes it unsuitable for my household. i regret replacing the older unit and would avoid this model.",False
CORD001253,CUS00045,2019-03-17,Thompson,"[{""product"":""Candle Orbit 548"",""quantity"":1},{""product"":""Vela Nova 753"",""quantity"":1},{""product"":""Candle Orbit 674"",""quantity"":1},{""product"":""Vela Core 957"",""quantity"":2}]",5526.68,25.5,-37.769645,144.878542,10,4990.01,Autumn,False,7.691,"i wore vela wave 967 while walking and commuting, mainly for alerts, but notifications have been too unreliable. some messages arrive well after the phone displays them, and others never appear on the wearable. the vibration is weak enough to miss in a noisy street, while the small display makes longer messages awkward to read. step tracking also seems inconsistent, with totals changing after the device reconnects. the strap rubs against the wrist during longer walks and becomes irritating in warm weather. charging requires careful alignment and occasionally fails without an obvious sign. the device can show a short alert under favourable conditions, but the missed notifications, poor readability, and weak tracking make vela wave 967 a frustrating commute companion.",False
CORD001254,CUS00084,2019-09-30,Bakers,"[{""product"":""Vela Halo 281"",""quantity"":1},{""product"":""Candle Vista 110"",""quantity"":1},{""product"":""Candle Flux 162"",""quantity"":2},{""product"":""Candle Lumen 220"",""quantity"":1}]",7997.3,9.57,-37.784551,144.994433,15,6807.27,Spring,False,2.8302,"candle lumen 238 has made it easier to manage our guest network and keep track of the devices connected at home. creating separate access for visitors was uncomplicated, and the management screen presents the important controls without overwhelming me with technical language. i have checked connected devices several times and found the information helpful when identifying which household equipment was active. the network has remained steady during normal browsing, calls, and streaming, while visitors have been able to connect without needing repeated assistance. some less common settings are tucked away, so i spent a little time exploring before i knew where everything lived. once configured, though, the routine checks take very little effort. the unit has operated quietly and has not needed frequent attention during these sixteen days. candle lumen 238 has provided a reassuring level of visibility and control, making our shared network easier to organise without adding unnecessary daily work.",True
CORD001255,CUS00200,2019-03-25,Thompson,"[{""product"":""Candle Edge 392"",""quantity"":1},{""product"":""Vela Halo 137"",""quantity"":1},{""product"":""Candle Shift 916"",""quantity"":2},{""product"":""Candle Orbit 548"",""quantity"":1},{""product"":""Vela Halo 281"",""quantity"":1}]",5639.99,13.79,-37.743948,144.899712,0,5653.78,Autumn,False,8.7018,"vela core 507 has quietly fitted into my routine for activity and sleep tracking. the daily summaries are easy to check, and the overnight record gives me a convenient view of patterns without requiring much attention. it feels light enough to wear through ordinary chores and rest. the display can be hard to read outdoors, yet the tracking experience has remained encouraging and consistent.",True
CORD001256,CUS00379,2019-09-15,Nickolson,"[{""product"":""Vela Halo 137"",""quantity"":1},{""product"":""Vela Core 957"",""quantity"":1},{""product"":""Vela Nova 753"",""quantity"":1},{""product"":""Candle Orbit 674"",""quantity"":1},{""product"":""Candle Orbit 548"",""quantity"":1}]",6015.1,11.54,-37.859092,145.006291,0,6026.64,Spring,False,5.5396,"i bought candle vista 398 after the wireless signal became unreliable at the far end of the house. setup took a little patience, but the instructions made the placement process understandable and i had coverage reaching the back room without moving the main equipment. the difference was most noticeable when several people were online at once. video calls stopped dropping out, and ordinary browsing remained responsive while someone else was streaming. i also liked being able to move the unit when furniture arrangements changed; it did not require a complicated reset each time. the casing is plain and compact enough to sit on a shelf without attracting attention. it is not completely effortless to configure, and the indicator light is brighter than i would prefer at night, but those are minor complaints. after 46 days of ownership, candle vista 398 has made the connection between rooms much more dependable and has been a worthwhile addition.",True
CORD001257,CUS00013,2019-02-15,Thompson,"[{""product"":""Vela Core 957"",""quantity"":1},{""product"":""Candle Edge 392"",""quantity"":2},{""product"":""Candle Vista 110"",""quantity"":1},{""product"":""Candle Flux 162"",""quantity"":1}]",3899.85,10.94,-37.796259,144.903995,15,3325.81,Summer,False,4.2014,"vela core 435 has made door and window activity easier to notice around the house. notifications usually arrive quickly and describe the activity clearly, which saves me from checking repeatedly. installation was manageable and ongoing use has required little attention. one alert was late when the household connection was busy, so i keep normal checks in place. for everyday awareness, it has been a useful and reassuring addition.",True
CORD001258,CUS00248,2019-03-10,Thompson,"[{""product"":""Vela Halo 281"",""quantity"":1},{""product"":""Candle Shift 916"",""quantity"":1},{""product"":""Candle Orbit 548"",""quantity"":1},{""product"":""Candle Vista 110"",""quantity"":1}]",4462.17,13.93,-37.8804,144.893511,20,3583.67,Autumn,False,8.8786,"the candle orbit 818 has been running in our home for several weeks with phones, a tablet, a television, and other shared devices using it throughout the day. initial setup was clear, and i appreciated being able to place it without spending an afternoon adjusting complicated settings. connections have stayed consistent during video calls and streaming, even when several people are online at once. the indicator lights are useful without being distracting, and restarting it after a power interruption was simple. the management options are fairly basic, so anyone wanting advanced control may find them limited. for ordinary household sharing, though, it has provided steady service and removed much of the daily network worry.",True
CORD001259,CUS00057,2019-04-11,Bakers,"[{""product"":""Candle Vista 110"",""quantity"":1},{""product"":""Candle Orbit 674"",""quantity"":1},{""product"":""Candle Orbit 548"",""quantity"":1}]",2396.72,12.94,-37.823793,145.034504,10,2169.99,Autumn,False,3.7755,"vela halo 389 has caused repeated problems when connecting several devices through one adapter. one connection often disappears after another device is added, and reconnecting requires removing everything first. the compact body becomes hot during ordinary use, while the ports are too close together for bulky cables. a single device can be connected, but shared use is awkward and unreliable. the interruptions make this accessory frustrating for a desk or travel setup.",False
CORD001260,CUS00010,2019-06-20,Bakers,"[{""product"":""Candle Orbit 548"",""quantity"":1},{""product"":""Vela Halo 137"",""quantity"":1}]",1015.96,26.15,-37.811634,145.03732,10,940.51,Winter,True,3.7018,"candle shift 646 has produced usable recordings for game streaming and media capture. after the initial configuration, the main workflow is straightforward and footage remains consistent during ordinary sessions. changing sources mid-stream is awkward, and longer recording periods make the unit noticeably warm. the controls provide the necessary options but are not arranged especially intuitively. it is suitable for occasional capture work, while frequent streaming would benefit from a smoother setup.",True
CORD001261,CUS00096,2019-03-04,Nickolson,"[{""product"":""Vela Nova 753"",""quantity"":3},{""product"":""Candle Orbit 548"",""quantity"":1},{""product"":""Vela Halo 281"",""quantity"":1}]",13997.64,11.97,-37.870768,144.939617,5,13309.73,Autumn,False,6.369,"i bought the candle shift 736 for weekends away and expected to use it mainly during quiet gaps in travel. instead, it has become the device i reach for whenever i have a spare half hour. its portable shape fits into my small bag without forcing me to rearrange everything, and i have carried it between rooms, on a train and to a friend's house. the first session was brief because i was learning the controls, but the layout soon felt natural. i have played both short games and longer sessions, depending on the day. the screen is bright enough for indoor use, movement feels responsive, and the controls have remained comfortable even when a session lasts longer than planned. starting a game while travelling is simple because the device wakes quickly and remembers where i stopped. i particularly like being able to play in a quiet corner without setting up a television or carrying several separate accessories. the built-in sound is suitable for casual use, though i use headphones when other people are nearby. after several weeks of carrying it around, the candle shift 736 has picked up no concerning marks and the controls still feel firm. the battery requires some planning before a long journey, especially if i expect to play continuously, and the display is less enjoyable in strong outdoor light. those limits are easy to work around. what matters is that the device has made gaming fit naturally into travel instead of turning travel into a gaming project. it is compact, inviting and reliable enough for the relaxed play i wanted.",True
CORD001262,CUS00062,2019-12-10,Thompson,"[{""product"":""Candle Edge 932"",""quantity"":1},{""product"":""Candle Lumen 220"",""quantity"":1},{""product"":""Vela Nova 753"",""quantity"":1},{""product"":""Candle Vista 110"",""quantity"":1},{""product"":""Vela Core 957"",""quantity"":1}]",11511.54,21.73,-37.766489,144.963535,10,10382.12,Summer,True,5.3354,"vela nova 375 has helped me understand the changes in temperature and humidity inside my home instead of relying on how the room feels for a few minutes. i placed it in the area where i spend the most time and watched the readings through different parts of the day. the information was easy to interpret, and i soon noticed that the room became noticeably different after cooking or leaving windows closed overnight. that awareness has changed a few ordinary habits. i now open the room earlier when it feels stuffy and pay more attention to conditions before settling down to work. vela nova 375 has also been useful when comparing the living room with a quieter back room, where the air feels different even when the temperature seems similar. i am not using it for scientific work, but the repeated observations have given me a much more practical sense of the indoor environment. placement makes a difference. readings near a window or cooking area change quickly, so i had to choose a position that represented the room rather than a single local draft. the display is also less visible from across the room than i first expected, which means i usually walk over to check it. those are minor inconveniences, and they encouraged me to think about what i actually wanted to monitor. after forty-seven days, vela nova 375 has become a quiet but useful part of the house. it provides understandable temperature and humidity information, has prompted sensible ventilation habits, and does not demand constant attention. it cannot explain why a room changes, but it gives me a helpful starting point for making the space more comfortable.",True
CORD001263,CUS00180,2019-07-28,Bakers,"[{""product"":""Candle Edge 932"",""quantity"":2},{""product"":""Candle Lumen 220"",""quantity"":1}]",6510.35,13.4,-37.783743,145.026407,5,6198.23,Winter,False,4.0031,"candle arc 456 has suited my long desktop gaming sessions better than the basic equipment i was using before. the controls respond consistently, and i have not had to repeat inputs because they failed to register. the shape remains comfortable after several hours, with only mild warmth becoming noticeable during a particularly long session. setup on the desk was uncomplicated, and the cable has enough reach for my arrangement without pulling at the connection. i have used it across different games and found the handling predictable rather than distracting. the finish does show marks from regular use, and the buttons make more sound than i expected in a quiet room. neither issue affects the main purpose. after 46 days of ownership, candle arc 456 has provided steady control and comfortable handling, making extended desktop play more enjoyable without demanding complicated adjustments.",True
CORD001264,CUS00088,2019-08-28,Bakers,"[{""product"":""Vela Core 957"",""quantity"":1},{""product"":""Candle Edge 932"",""quantity"":1},{""product"":""Candle Flux 162"",""quantity"":1}]",2822.24,16.41,-37.754348,145.044165,20,2274.2,Winter,False,7.5354,"vela echo 457 has fitted naturally into my daily routine. it records walks and general activity without demanding much attention, while the sleep view gives me a helpful picture of my overnight patterns. the band remains comfortable for long periods and the companion display is easy to read. i would not treat every sleep estimate as exact, but the trends have been consistent enough to be useful. after regular wear, i appreciate having a simple reminder to move and a convenient record of my habits.",True
CORD001265,CUS00335,2019-08-05,Thompson,"[{""product"":""Vela Nova 753"",""quantity"":1},{""product"":""Vela Halo 281"",""quantity"":1},{""product"":""Candle Lumen 220"",""quantity"":1}]",8463.74,15.85,-37.777093,144.883039,15,7210.03,Winter,False,6.8779,"after thirty-eight days with candle bloom 964, i find it better suited to quiet desk work than the older wireless headphones i used before it. the sound has enough warmth for background music, while voices and lighter instruments remain distinct when i am concentrating on writing or reading. i do not have to keep adjusting the volume as tracks change, and the wireless connection has stayed steady across my desk and nearby room. that consistency matters more to me than an exaggerated bass effect. the main comparison is with a bulkier pair that sounded slightly wider but became tiring during a long afternoon. candle bloom 964 feels less intrusive, and its controls are straightforward when i need to pause a track or answer a call. the ear sections can feel warm after several hours, so i still take a short break during a particularly long session. that is a minor limitation rather than a daily problem. setup was quick, and the included warranty gives me some reassurance about keeping it for regular use. for focused work, this is the pair i reach for first. it does not try to replace a specialist listening setup, but it balances clear sound, convenient wireless use, and manageable comfort more successfully than the alternatives i have owned. the presentation is pleasantly calm, the connection has not surprised me with dropouts, and the overall design feels sensible. i would choose it again for music at a desk.",True
CORD001266,CUS00069,2019-04-21,Thompson,"[{""product"":""Vela Halo 281"",""quantity"":1},{""product"":""Candle Orbit 548"",""quantity"":1},{""product"":""Candle Orbit 674"",""quantity"":1},{""product"":""Candle Lumen 220"",""quantity"":1}]",4640.26,21.42,-37.844288,144.917313,10,4197.65,Autumn,True,4.3804,"candle flux 792 has become my regular tablet for quick sketches, annotations, and small creative tasks. the display is comfortable to work on, and the pen response feels natural once the settings are adjusted. it is light enough to move between rooms and wakes promptly when an idea occurs. larger projects would benefit from more workspace, but for drawing and lightweight editing it has been a genuinely useful purchase.",True
CORD001267,CUS00298,2019-03-07,Thompson,"[{""product"":""Vela Core 957"",""quantity"":3},{""product"":""Candle Orbit 548"",""quantity"":1},{""product"":""Candle Orbit 674"",""quantity"":1},{""product"":""Candle Vista 110"",""quantity"":2}]",5027.72,22.71,-37.802688,144.879435,10,4547.66,Autumn,True,6.0446,"candle arc 960 has settled into my study routine better than the older laptop it replaced. i use it for reading papers, taking notes, joining online sessions, and keeping several research windows open. those tasks remain responsive enough that i can move from a document to a browser reference without losing my train of thought. the keyboard is comfortable for long notes, and the screen gives text a pleasant amount of space without making the laptop cumbersome to carry. the difference from my previous machine is most apparent during a full afternoon of work. the older laptop became warm and sluggish when i had notes, references, and a meeting open together. candle arc 960 handles that combination with much less fuss. its build feels sturdy in a backpack, and the hinge has remained firm after frequent movement between the library, desk, and kitchen table. starting a session is quick, which encourages me to use it for short bursts of reading rather than waiting for it to become ready. it is still an ultrabook, so i would not choose it for demanding creative or specialist software. the speakers are adequate rather than room filling, and i sometimes connect headphones for recorded material. for study, research, and note taking, however, the balance is excellent. after weeks of ownership, candle arc 960 feels like a focused tool that removes small obstacles from ordinary academic work.",True
CORD001268,CUS00099,2019-11-24,Bakers,"[{""product"":""Candle Flux 162"",""quantity"":2},{""product"":""Vela Nova 753"",""quantity"":1},{""product"":""Candle Orbit 548"",""quantity"":2},{""product"":""Vela Core 957"",""quantity"":1}]",7307.8,13.98,-37.778222,145.04246,0,7321.78,Spring,False,5.4501,"candle vista 974 has been a disappointing headset for video calls and online classes. pairing is inconsistent, so i often have to remove it from the device list and try again before sound appears. during meetings, the microphone level changes without warning and other people report that my voice becomes distant or broken. the speaker output is audible, but voices sound thin and harsh, making longer lessons tiring to follow. connection failures are particularly awkward when a class has already started, because valuable time is lost searching through settings. charging is another nuisance: the indicator is unclear and the battery has run down sooner than expected during extended sessions. the basic audio connection sometimes operates, but the repeated dropouts and poor microphone behaviour make candle vista 974 unreliable for any serious call.",False
CORD001269,CUS00323,2019-04-19,Nickolson,"[{""product"":""Candle Orbit 548"",""quantity"":2},{""product"":""Candle Vista 110"",""quantity"":1},{""product"":""Candle Orbit 674"",""quantity"":1},{""product"":""Vela Halo 281"",""quantity"":3},{""product"":""Vela Halo 137"",""quantity"":1}]",5004.9,9.36,-37.844102,144.981529,10,4513.77,Autumn,False,3.025,"vela echo 1087 has been worn mainly during workdays so i can glance at calendar alerts and check short messages without reaching for my phone. notifications arrive promptly most of the time, and the text is readable enough for deciding whether something needs immediate attention. the band is light, and i have been able to wear it through meetings without it becoming a distraction. its basic activity view is a welcome extra for walks. the small display limits what i can do with a message. longer notes require opening the phone, and replying or managing several alerts is not particularly convenient. notifications can also become crowded when many applications are active, making the useful items harder to find. i have occasionally needed to check the phone because an alert appeared later than expected, although this was not constant. vela echo 1087 is best understood as a quick notification window. it saves a few interruptions and looks unobtrusive, but the limited interaction and occasional delay mean it complements a phone rather than replacing any part of its communication role.",True
CORD001270,CUS00472,2019-02-19,Thompson,"[{""product"":""Candle Flux 162"",""quantity"":1},{""product"":""Candle Lumen 220"",""quantity"":1},{""product"":""Candle Orbit 548"",""quantity"":1},{""product"":""Candle Edge 392"",""quantity"":1},{""product"":""Vela Nova 753"",""quantity"":2}]",14028.72,10.19,-37.801831,144.914224,10,12636.04,Summer,False,3.1272,"vela atlas 665 has made scheduled control of a household power outlet much more consistent than the plug timer i previously used. i set it for routine lamps and a small appliance, and the schedule has followed the same pattern without the drift that developed with the older timer. being able to change the timing without reaching behind furniture is the most noticeable convenience. the controls are simple enough for occasional adjustments. i can pause a schedule when plans change and restore it later, which is more flexible than manually turning the old timer’s dial. the outlet remains usable for ordinary switching, and the device has fitted into the existing space without making the surrounding plugs difficult to reach. i still check the setting after a power interruption because i prefer not to assume that every schedule will survive every household event. compared with my previous timer, vela atlas 665 gives me a clearer view of what is supposed to happen and when. that has been useful for a lamp that needs to operate at different times on different days. the physical button is slightly awkward to press when the outlet is tucked behind a cabinet, and the indicator is not very visible from across the room. those are minor design limitations rather than problems with the routine control itself. i do not use it for anything that must be supervised as a safety measure, and i keep the schedule modest. within that boundary, it has been dependable and less fiddly than the mechanical timer. vela atlas 665 is a practical upgrade for simple household routines because it replaces guesswork and repeated manual adjustments with predictable control.",True
CORD001271,CUS00175,2019-01-13,Thompson,"[{""product"":""Candle Orbit 548"",""quantity"":1}]",256.07,12.34,-37.804599,144.877308,10,242.8,Summer,False,6.194,"i bought the vela wave 319 before a series of short trips and have used it for sixteen days to carry my phone and a few small mobile items. the case has been easy to pack into a bag without making the contents feel loose. its shape gives the phone a defined place, while the separate space keeps a cable from rubbing against the screen. that simple organization has saved me from searching through pockets when i arrive somewhere. on the first journey i placed the case inside a crowded shoulder bag and was pleased to find the phone still protected when i reached my destination. since then i have carried it on public transport, set it beside a desk, and moved it between bags. the exterior has handled ordinary contact without showing immediate wear. the closure is easy to operate, and i can open it with one hand while holding the bag in the other. the interior is soft enough for the items i carry, and the case does not have a strong smell that lingers after opening. i have used the spare space for a small adapter and earbuds, although filling every part makes the case less flexible. it is primarily a protective storage solution rather than a large organizer, so i have kept my packing modest. that boundary has been clear and has not caused trouble. the vela wave 319 has brought a little order to travel days and gives me confidence that my phone is not moving unprotected among other belongings. the design is restrained, the materials feel suitable for regular handling, and the warranty is welcome. it is a small accessory, but it performs its role well and has become something i remember to pack automatically.",True
CORD001272,CUS00262,2019-12-02,Nickolson,"[{""product"":""Candle Edge 392"",""quantity"":1},{""product"":""Vela Core 957"",""quantity"":1},{""product"":""Candle Lumen 220"",""quantity"":2}]",7706,22.06,-37.870372,144.96205,0,7728.06,Summer,True,5.7949,"i bought vela atlas 1079 to stop the charging cables on my desk becoming a tangled drawer, and after more than a month it has made that small daily task much calmer. the material feels firm, the openings hold different cable thicknesses without forcing them, and i can pick out the lead i need with one hand. i moved it between my study and the bedside table several times; it stayed in place and did not lose its shape. setup took only a few minutes, with no confusing parts or extra instructions. i also like that it keeps plugs from sliding behind the desk, which saves time when i am tired or in a hurry. it is not a dramatic purchase, but the tidy result is genuinely satisfying and the finish still looks fresh after regular handling. vela atlas 1079 has become one of those simple accessories i use every day. the 12-month warranty adds welcome reassurance, and i would happily choose it again for another workspace.",True
CORD001273,CUS00323,2019-01-12,Nickolson,"[{""product"":""Candle Orbit 548"",""quantity"":1},{""product"":""Vela Halo 281"",""quantity"":1},{""product"":""Candle Flux 162"",""quantity"":1}]",1847.1,10.12,-37.844102,144.981529,5,1764.86,Summer,False,3.025,"vela echo 1087 has been worn mainly during workdays so i can glance at calendar alerts and check short messages without reaching for my phone. notifications arrive promptly most of the time, and the text is readable enough for deciding whether something needs immediate attention. the band is light, and i have been able to wear it through meetings without it becoming a distraction. its basic activity view is a welcome extra for walks. the small display limits what i can do with a message. longer notes require opening the phone, and replying or managing several alerts is not particularly convenient. notifications can also become crowded when many applications are active, making the useful items harder to find. i have occasionally needed to check the phone because an alert appeared later than expected, although this was not constant. vela echo 1087 is best understood as a quick notification window. it saves a few interruptions and looks unobtrusive, but the limited interaction and occasional delay mean it complements a phone rather than replacing any part of its communication role.",True
CORD001274,CUS00203,2019-05-07,Nickolson,"[{""product"":""Candle Orbit 548"",""quantity"":1},{""product"":""Candle Flux 162"",""quantity"":1},{""product"":""Vela Halo 137"",""quantity"":1},{""product"":""Vela Core 957"",""quantity"":1}]",2347.72,10.1,-37.854223,144.972795,25,1770.89,Autumn,False,3.9719,"vela pulse 1099 has been used in a shared workspace to hold a phone during calls, reference reading, and short recordings. the adjustable support makes it possible to raise the screen and keep both hands free, which is useful when several people need to see the same information. the base stays in place on my desk, and adjusting the angle is quick once the preferred position is found. it has also made charging while viewing the screen less awkward. the stand is not equally accommodating with every case or device shape. a thicker case reduces the range of adjustment, and the hinge needs to be tightened carefully if the screen is touched often. at its highest position the setup feels less secure, especially when the desk is bumped. it takes more space than a simple flat holder, which matters in a crowded shared area. vela pulse 1099 is a useful hands-free support for a settled desk arrangement. it improves viewing and call posture in the right position, but the limited adjustment under load and larger footprint make it less universal than it first appears.",True
CORD001275,CUS00408,2019-10-13,Bakers,"[{""product"":""Candle Orbit 548"",""quantity"":1},{""product"":""Candle Flux 162"",""quantity"":1},{""product"":""Candle Lumen 220"",""quantity"":1},{""product"":""Vela Halo 281"",""quantity"":1}]",5376.49,9.91,-37.83914,145.002082,15,4579.93,Spring,False,3.296,"the vela ridge 635 has been a useful step up from the basic door chime i used previously. a chime told me that something had happened only when i was nearby, whereas this system sends activity alerts through the app and lets me review whether a door or window was opened. that extra context is helpful when i am working in another room or away from home for a short time. the vela ridge 635 has made ordinary household activity easier to keep track of without requiring constant attention. installation was less troublesome than i expected. i placed the sensor on a frequently used door first, tested the alert, and then added a window. the app made it possible to give each entry a sensible name, so an alert was more meaningful than the vague sound from my old chime. in daily use, the notifications have arrived promptly enough for my needs. i have also found the history useful when trying to remember whether i had closed a window before leaving. compared with the previous setup, i receive information that can be checked later rather than a momentary signal that disappears. the system is not perfect. the first placement required adjustment because the two parts needed to align properly, and i had one delayed notification while the phone connection was poor. i would prefer a clearer explanation of a few app settings, especially when choosing which alerts should be delivered. once configured, though, the vela ridge 635 has remained steady and unobtrusive. it does not replace physically checking a door or window, but it provides a convenient additional reminder and gives better awareness than a nearby chime. for routine door and window activity alerts, it has been a practical improvement and i am pleased with the change.",True
CORD001276,CUS00445,2019-10-04,Nickolson,"[{""product"":""Vela Core 957"",""quantity"":1},{""product"":""Vela Nova 753"",""quantity"":1},{""product"":""Candle Flux 162"",""quantity"":1}]",5735.37,11.76,-37.865113,144.938701,10,5173.59,Spring,False,5.839,"i bought candle orbit 620 for creative projects and media editing, and it has kept pace with my regular workflow. editing sessions feel responsive, and moving between applications is smooth enough that i can concentrate on the work instead of the machine. the screen gives me a comfortable area for timelines and panels. the fan becomes noticeable during longer exports, but it has not disrupted my routine. it is a capable laptop for projects that need more than basic office tasks.",True
CORD001277,CUS00487,2019-01-12,Bakers,"[{""product"":""Candle Orbit 674"",""quantity"":1},{""product"":""Vela Halo 281"",""quantity"":2},{""product"":""Candle Flux 162"",""quantity"":1},{""product"":""Candle Orbit 548"",""quantity"":2}]",2957.97,15.61,-37.747551,145.040624,20,2381.99,Summer,False,8.008,"i bought the vela nova 249 for a shared desk where i needed my phone held up during calls and reference work. compared with the plain weighted stand i had before, this accessory takes less room, but the trade-off is a flimsy, awkward feel. the support arm shifts when i tap the screen, and the base slides across a smooth desk unless i keep one hand on it. that makes the supposedly hands-free arrangement frustrating rather than practical. for the first week i tried several positions beside my keyboard and monitor. the hinge can be moved and the phone stays in the cradle, yet the range is narrow enough that small changes in viewing angle become a nuisance. a thicker case also makes the fit tight, so i had to remove it before placing the phone inside. compared with a wider stand, the vela nova 249 leaves less room for adjustment and feels poorly suited to a busy shared workspace. cables are another problem: the opening is cramped, and a charging lead bends against the side instead of hanging naturally. after repeated use, the plastic joints have become looser and the arm droops under ordinary handling. nothing here requires complicated setup, but that is about the only unremarkable aspect; the holder does retain the device when left untouched. in practice, people moving around the desk or brushing the surface can disturb the position, which defeats the purpose of buying it. the compact shape is less intrusive than a large stand, but the weak grip and awkward adjustments are more irritating than that saving is worth. i regret choosing it over a sturdier alternative and cannot recommend the vela nova 249.",False
CORD001278,CUS00128,2019-11-15,Bakers,"[{""product"":""Candle Shift 916"",""quantity"":2},{""product"":""Candle Edge 932"",""quantity"":1},{""product"":""Candle Flux 162"",""quantity"":2},{""product"":""Vela Core 957"",""quantity"":2}]",7871.54,10.27,-37.790718,145.030876,5,7488.23,Spring,False,3.7951,"vela pulse 127 gives me a quick, readable summary after exercise sessions. starting a workout is straightforward, and the display remains usable while i am moving. reviewing the results later takes little effort, which encourages me to keep a regular record. the strap feels somewhat firm, and small figures are difficult to read when i am tired. those details are minor, and the wearable has been a useful, encouraging part of my routine.",True
CORD001279,CUS00084,2019-09-20,Bakers,"[{""product"":""Vela Core 957"",""quantity"":1},{""product"":""Candle Edge 392"",""quantity"":1},{""product"":""Candle Flux 162"",""quantity"":1}]",1707.51,20.07,-37.784551,144.994433,20,1386.08,Spring,True,2.8302,"candle lumen 238 has made it easier to manage our guest network and keep track of the devices connected at home. creating separate access for visitors was uncomplicated, and the management screen presents the important controls without overwhelming me with technical language. i have checked connected devices several times and found the information helpful when identifying which household equipment was active. the network has remained steady during normal browsing, calls, and streaming, while visitors have been able to connect without needing repeated assistance. some less common settings are tucked away, so i spent a little time exploring before i knew where everything lived. once configured, though, the routine checks take very little effort. the unit has operated quietly and has not needed frequent attention during these sixteen days. candle lumen 238 has provided a reassuring level of visibility and control, making our shared network easier to organise without adding unnecessary daily work.",True
CORD001280,CUS00303,2019-09-29,Thompson,"[{""product"":""Vela Halo 137"",""quantity"":1},{""product"":""Vela Core 957"",""quantity"":1},{""product"":""Candle Edge 392"",""quantity"":1},{""product"":""Candle Edge 932"",""quantity"":1}]",2897.59,11.52,-37.829862,144.888286,0,2909.11,Spring,False,5.5057,"i used the candle vista 326 for evening competitive games and regular voice conversations with friends. the headset sits securely without becoming painful during a short session, and directional sounds are reasonably easy to distinguish. the controls are reachable while playing, so changing the volume does not require leaving the game. voice communication has been less consistent. teammates sometimes ask me to repeat myself, and the microphone position needs careful adjustment to avoid a muffled sound. after longer sessions the ear cushions feel warm. the headset does its basic job and gives useful positional detail, but the uneven microphone performance matters when communication affects play. i consider it suitable for casual competition rather than a fully dependable choice.",True
CORD001281,CUS00356,2019-06-10,Bakers,"[{""product"":""Candle Lumen 220"",""quantity"":1},{""product"":""Candle Edge 392"",""quantity"":1},{""product"":""Candle Orbit 674"",""quantity"":1},{""product"":""Candle Orbit 548"",""quantity"":2},{""product"":""Vela Core 957"",""quantity"":1}]",5012.81,14.74,-37.760248,145.003212,25,3774.35,Winter,False,5.576,"for my creative projects, candle arc 870 has been a more satisfying compromise than the heavier laptop i used before. it is easier to carry between the desk and another room, yet still feels capable when i am editing media, arranging images, or working through a large document with several applications open. the older machine often made me wait between tasks, whereas candle arc 870 keeps the process moving with fewer pauses during my normal sessions. i especially notice the difference when i begin with a collection of images, make adjustments, and then switch to writing notes or checking reference material. the screen is comfortable for that routine, and the keyboard has a sensible feel for longer periods of typing. i have also used it away from the desk, where the lighter build is much less burdensome than my previous computer. it does not feel fragile when carried carefully, and the hinge has remained steady after regular opening and closing. there are a few compromises. the fan becomes audible during heavier editing, and the available connection choices are not as generous as on the older desktop setup, so i occasionally need an adapter. battery life also depends greatly on the kind of work i am doing. these points matter if the laptop will replace a full workstation. for portable creative work, however, candle arc 870 gives me a better blend of mobility and working speed than the bulky alternative i had been tolerating. it has earned a permanent place in my everyday workflow.",True
CORD001282,CUS00499,2019-04-19,Bakers,"[{""product"":""Candle Vista 110"",""quantity"":1},{""product"":""Vela Halo 137"",""quantity"":1},{""product"":""Candle Orbit 548"",""quantity"":2},{""product"":""Vela Core 957"",""quantity"":1}]",3360.09,9.08,-37.809667,145.02564,10,3033.16,Autumn,False,2.6716,"vela pulse 271 has been used for calendar management, messages, and work calls. the calendar opens quickly and calls remain understandable in ordinary indoor conditions. the battery needs attention on busy days, especially when the screen stays active between meetings. photos are acceptable for documents but less convincing in dim rooms. it has supported my routine without a major failure, yet the average battery and camera keep it from being more than a middle-of-the-road phone.",True
CORD001283,CUS00140,2019-04-16,Thompson,"[{""product"":""Vela Core 957"",""quantity"":1}]",271.47,12.01,-37.760594,144.915296,10,256.33,Autumn,False,6.4289,"candle orbit 764 has supplied clear enough music during focused desk work and stayed connected through normal sessions. voices and instruments remain distinct, and the sound is comfortable at moderate volume. the buttons are small, and changing between sources involves more steps than expected. it is a reasonable single-device companion for work, but the controls make shared or frequently changing use less convenient.",True
CORD001284,CUS00273,2019-07-22,Thompson,"[{""product"":""Vela Nova 753"",""quantity"":2},{""product"":""Candle Flux 162"",""quantity"":1},{""product"":""Candle Edge 392"",""quantity"":1}]",10243.26,13.99,-37.84544,144.913326,20,8208.6,Winter,False,4.6966,"candle flux 432 has become the device we leave in the living room for family learning and shared browsing. it was simple to place on the stand, and the first setup did not require much technical knowledge. different members of the family use it for reading, looking up questions, practising lessons, and browsing together, so the straightforward interface has been more valuable than a large collection of complicated features. the screen is comfortable for a child to read and large enough for two people to examine something at once. touch responses have remained consistent, and switching between a learning activity and a browser page is generally smooth. when several demanding pages are open, the tablet may pause briefly, but closing an unused page usually restores the pace. i also like that the device can be passed around without feeling delicate, although we still keep it in one place when it is not being used. over the weeks, candle flux 432 has supported quiet homework time as well as relaxed weekend browsing. battery life is suitable for our normal use, and charging is easy to remember because the tablet returns to its stand each evening. the speakers are fine for spoken lessons, though headphones are preferable when someone else is watching television. the only recurring annoyance is that the screen gathers fingerprints quickly, which means i wipe it more often than expected. even with that minor chore, it has been a useful shared tool and has made family learning feel more accessible.",True
CORD001285,CUS00197,2019-03-28,Bakers,"[{""product"":""Candle Vista 110"",""quantity"":1}]",1816.59,11.58,-37.796488,145.05978,5,1737.34,Autumn,False,5.8666,"candle orbit 980 has handled the shared administration work in our home office with very little fuss. we use it for documents, email, research, video meetings, and routine forms, and it remains responsive while moving between those activities. the keyboard is comfortable for longer typing sessions, and the screen is clear enough for reading without leaning forward. different family members have used it during the month, yet it has remained dependable and easy to pick up again after someone else finishes. starting a meeting and switching back to notes feels smooth, which matters when work is interrupted by household responsibilities. the casing does show fingerprints, and the speakers are ordinary rather than impressive, but neither issue affects our main use. candle orbit 980 has made it easier to share one computer without constant complaints. it is a capable, pleasant machine for everyday home-office tasks.",True
CORD001286,CUS00331,2019-11-15,Nickolson,"[{""product"":""Vela Halo 281"",""quantity"":1},{""product"":""Vela Core 957"",""quantity"":1},{""product"":""Candle Edge 392"",""quantity"":1},{""product"":""Candle Orbit 548"",""quantity"":1},{""product"":""Vela Nova 753"",""quantity"":3}]",14644.86,10.25,-37.851174,144.957592,0,14655.11,Spring,False,3.7718,"vela halo 803 replaced an older living-room display that was still functional but increasingly awkward for family viewing. the improvement was not just a matter of appearance. faces remain easier to follow from the side of the room, menus respond without the long pauses we had become used to, and the picture holds together better during darker film scenes. compared with the previous screen, it makes shared viewing less dependent on everyone sitting directly in front of it. the built-in sound is acceptable for everyday television, although we still use separate speakers for films when we want more atmosphere. the display has become the centre of several different routines. one person can watch a programme while another browses the guide, and the controls are simple enough that visiting relatives did not need a long explanation. streaming applications open more promptly than they did on the old unit, and returning to something already in progress is less frustrating. we did have to spend time arranging the home screen because the default selection was not exactly how we wanted it, but that was a one-time adjustment rather than an ongoing problem. reflections are still visible in bright afternoon light, so placement near the window matters. for casual viewing, vela halo 803 feels like a meaningful step forward rather than a cosmetic replacement. the older display remains adequate for a spare room, but it cannot match the smoother menus, broader viewing comfort, or more balanced everyday presentation here. this is not a cinema installation and the sound will not satisfy every film enthusiast without help. for a household comparing practical shared-use displays, however, vela halo 803 offers the more pleasant experience and has earned its place in our main room.",True
CORD001287,CUS00200,2019-01-10,Thompson,"[{""product"":""Candle Flux 162"",""quantity"":1},{""product"":""Vela Core 957"",""quantity"":1},{""product"":""Candle Orbit 674"",""quantity"":1}]",1655.82,14.09,-37.743948,144.899712,0,1669.91,Summer,False,8.7018,"vela nova 159 has helped me keep my phone in a useful position while working at my desk. the mounting point holds securely, and the adjustable arm lets me raise, lower or angle the device for calls, reference reading and occasional video. i can reposition it without dismantling the whole arrangement, which matters because the desk is shared during the week. the base remains stable during normal adjustments, and the phone can be removed quickly when i need to leave. it does take up more desk depth than a flat stand, and the adjustment joints are firm enough that two hands are sometimes easier than one. those are small trade-offs. vela nova 159 has made device positioning more comfortable and has kept the workspace less cluttered.",True
CORD001288,CUS00383,2019-07-24,Bakers,"[{""product"":""Vela Halo 281"",""quantity"":2},{""product"":""Candle Orbit 548"",""quantity"":2},{""product"":""Candle Edge 932"",""quantity"":1}]",3064.1,16.51,-37.754339,145.046606,10,2774.2,Winter,False,7.6606,"vela atlas 359 gave me a better way to position a phone at my desk than the fixed stand i had been using. the old stand kept the device upright, but it allowed almost no adjustment, so the screen was often too low or angled away when i moved between typing, reading, and calls. this mount makes those small changes much less awkward. i use it during desk work, video calls, and when following instructions while keeping both hands available. the arm can be adjusted to suit the task, and the base has remained stable during ordinary repositioning. i particularly value being able to bring the screen closer for a quick glance and then move it aside when i need the working area. compared with the fixed stand, vela atlas 359 adapts to more than one posture and more than one person. it is also easier to share because another user can change the angle without rebuilding the setup. the adjustment points were initially firmer than i expected, but that stiffness helps the chosen position stay in place rather than drifting during use. it takes up more desk depth than a simple stand, and i would not treat it as a travel accessory. for a settled workspace, that is a fair exchange. after several weeks, vela atlas 359 has made my phone more visible and my desk less cluttered with improvised supports. it is a worthwhile improvement for anyone who needs flexible device positioning during the day.",True
CORD001289,CUS00449,2019-11-28,Bakers,"[{""product"":""Candle Lumen 220"",""quantity"":1},{""product"":""Candle Orbit 674"",""quantity"":1},{""product"":""Candle Flux 162"",""quantity"":1}]",4913.74,23.68,-37.74081,145.007973,20,3954.67,Spring,True,7.7742,"vela echo 331 has handled travel planning and entertainment very well. maps open quickly, saved places are easy to find, and media remains enjoyable during longer journeys. the screen is clear in changing light, and the phone feels balanced while held one-handed. navigation and video together use more battery, as expected, but ordinary travel days have been comfortable and trouble-free.",True
CORD001290,CUS00162,2019-09-15,Nickolson,"[{""product"":""Candle Orbit 548"",""quantity"":1},{""product"":""Candle Lumen 220"",""quantity"":1},{""product"":""Vela Halo 137"",""quantity"":3}]",6065.13,15.5,-37.883444,144.944697,0,6080.63,Spring,False,7.5338,"vela echo 115 was purchased to manage a household power outlet on a schedule, but the experience has been disappointing from the beginning. setup required several attempts before the outlet appeared in the application, and the instructions did not make the failure clear. once connected, manual switching worked often enough to suggest the hardware was functioning, yet scheduled control was far less dependable. some routines ran at the expected time, while others were delayed or ignored without a useful explanation. i used it for a lamp and later for a small appliance, and both behaved inconsistently. checking the application repeatedly became part of the routine, which defeated the purpose of automation. when the network connection changed, i had to reconnect the outlet and recreate part of the schedule. the application is also awkward. the current outlet state can be found, but the schedule screen makes it difficult to tell whether a rule is active. notifications do not clearly distinguish a completed action from a failed one. the outlet itself switches on when commanded manually, so its basic function operates, but the unreliable scheduling is the reason i bought it and the reason i am unhappy. vela echo 115 has not given me enough confidence to leave an appliance under its control. missed schedules, poor status information, and repeated reconnection make it frustrating to use. i now check the outlet by hand and have removed it from the appliance i originally intended to automate. this is an unreliable product that i cannot recommend.",False
CORD001291,CUS00224,2019-07-08,Thompson,"[{""product"":""Candle Lumen 220"",""quantity"":1},{""product"":""Vela Core 957"",""quantity"":1},{""product"":""Vela Halo 281"",""quantity"":1},{""product"":""Candle Shift 916"",""quantity"":2},{""product"":""Candle Flux 162"",""quantity"":1}]",9109.43,27.07,-37.854962,144.93713,15,7770.09,Winter,True,4.7826,"i compared candle bloom 1054 with my older wireless headphones during regular commutes and while listening to spoken programs at home. the first difference was speech clarity. voices stayed distinct when there was ordinary traffic around me, while my previous headphones often made presenters sound distant or muddy. music also had a pleasant balance for casual listening, with enough low end to make a playlist engaging without overwhelming vocals. i did not need to raise the volume as often as before. pairing was less troublesome than with the old set. after the initial connection, candle bloom 1054 was ready quickly, and the buttons were easier to operate while walking. i could pause, resume, or adjust volume without searching for a small touch area. the fit stayed secure during a brisk walk to the station, and the ear cushions did not create much pressure. after longer use they became warm, but that is a minor comfort issue rather than a serious problem. the headphones are not tiny, and the case takes more room than the simple pouch supplied with my old pair. the controls also require a short period of learning because their functions are combined. once familiar, i found them dependable for my main use. candle bloom 1054 has made commuting more enjoyable by giving me clearer spoken audio, easy control, and a stable fit. compared with my former headphones, it feels like a worthwhile upgrade for someone who spends more time with podcasts and conversations than with critical music listening.",True
CORD001292,CUS00248,2019-02-24,Thompson,"[{""product"":""Candle Orbit 674"",""quantity"":1},{""product"":""Candle Vista 110"",""quantity"":1},{""product"":""Candle Shift 916"",""quantity"":2}]",5858.19,14.22,-37.8804,144.893511,0,5872.41,Summer,False,8.8786,"the candle orbit 818 has been running in our home for several weeks with phones, a tablet, a television, and other shared devices using it throughout the day. initial setup was clear, and i appreciated being able to place it without spending an afternoon adjusting complicated settings. connections have stayed consistent during video calls and streaming, even when several people are online at once. the indicator lights are useful without being distracting, and restarting it after a power interruption was simple. the management options are fairly basic, so anyone wanting advanced control may find them limited. for ordinary household sharing, though, it has provided steady service and removed much of the daily network worry.",True
CORD001293,CUS00142,2019-02-28,Bakers,"[{""product"":""Candle Edge 392"",""quantity"":1},{""product"":""Vela Nova 753"",""quantity"":2},{""product"":""Candle Flux 162"",""quantity"":1}]",10243.26,11.49,-37.801796,145.050965,5,9742.59,Summer,False,4.9806,"the vela pulse 901 has been my daily phone for forty days, covering messages, navigation, calls, and ordinary browsing. it feels responsive during routine switching, and the map is readable when i am walking through unfamiliar parts of town. compared with my previous handset, navigation resumes more quickly after a short pause, and the screen is easier to see when i am checking directions. calls and messages have behaved as expected, which matters more to me than a long list of extra features. the phone is not uniformly better. its size is comfortable for reading but slightly awkward when i need to type with one hand, and the smooth back makes a case feel necessary. the vela pulse 901 handles normal travel well, although extended map use reduces the remaining battery more quickly than i would like. photos taken in ordinary daylight are fine for records, while low-light results are less convincing and often need a second attempt. i have found the menus familiar, but some settings are buried enough that i still pause before changing them. the connection has remained steady in my usual places, and the handset has not frozen during daily use. it is a sensible replacement for an ageing phone, offering a clear improvement in navigation and responsiveness. i would not call it a major advance in camera performance or one-handed comfort, so its appeal depends on which part of daily use matters most.",True
CORD001294,CUS00375,2019-02-26,Thompson,"[{""product"":""Vela Core 957"",""quantity"":1},{""product"":""Candle Edge 392"",""quantity"":1}]",647.22,10.96,-37.792883,144.905909,5,625.82,Summer,False,4.2331,"i have used vela core 471 for work calls, messages, and calendar management, and it has handled those duties confidently. calls connect promptly, voices remain understandable, and calendar alerts appear at the times i expect. moving from an appointment to an email or message is smooth enough for a busy morning. the phone stays comfortable to hold during longer conversations, though the surface shows fingerprints quickly. battery capacity has been sufficient for a full working day. for communication and scheduling, vela core 471 has been a dependable companion.",True
CORD001295,CUS00265,2019-03-08,Bakers,"[{""product"":""Vela Halo 281"",""quantity"":1},{""product"":""Candle Edge 392"",""quantity"":1},{""product"":""Candle Flux 162"",""quantity"":1}]",1966.78,10.92,-37.804671,145.052034,10,1781.02,Autumn,False,5.0252,"candle flux 990 has handled travel documents, presentations, and meeting notes without slowing me down. it is manageable to carry, starts promptly, and the keyboard feels comfortable when i write on the move. the screen has remained easy to follow in different offices. the trackpad was a little sensitive until i changed its setting. overall, it has been a capable, pleasant laptop for regular travel-based work.",True
CORD001296,CUS00396,2019-03-16,Thompson,"[{""product"":""Vela Core 957"",""quantity"":2}]",542.94,9.14,-37.837222,144.944061,10,497.79,Autumn,False,2.7425,"vela core 111 has replaced my previous phone for photography and everyday messaging, and it feels like a balanced improvement rather than a dramatic change in one narrow area. the camera is quick to open, and casual photos have enough detail and colour for sharing without requiring much adjustment. i have used it indoors, outside on walks, and in ordinary family situations, and the results have been more consistent than those from my older device. messaging is comfortable because the screen gives enough room for longer replies and the keyboard rarely gets in the way. moving between conversations, the camera, and a few casual apps has remained smooth during the weeks i have owned it. calls are straightforward, and the connection has behaved as expected in the places where i normally use a phone. compared with my old handset, i spend less time waiting for an app to catch up. the camera struggles a little in dim rooms, so i would not choose it specifically for serious low-light photography. the design is familiar and does not take long to learn. i particularly appreciate that the useful improvements are visible in routine moments rather than hidden in menus. vela core 111 is not a specialist camera or a high-end gaming phone, but that is not what i needed. against my previous device, it offers a more pleasant combination of responsive messaging, dependable daily use, and better casual photographs, making it an easy phone to keep.",True
CORD001297,CUS00275,2019-08-21,Nickolson,"[{""product"":""Vela Nova 753"",""quantity"":1},{""product"":""Vela Halo 281"",""quantity"":2}]",5465.09,26.23,-37.847103,144.993384,15,4671.56,Winter,True,3.7986,"vela atlas 1079 has brought some order to the charging cables that used to spread across my desk and bedside table. i can keep the cables grouped instead of pulling through a tangled pile every time i need one. the accessory takes little room, and its shape works with the different cable lengths i use around the house. after several weeks of opening, closing, and rearranging it, the material still feels intact and the cables have not been damaged by the storage. it is not large enough for a collection of unusually thick leads, so i keep those elsewhere, but ordinary charging cables fit without awkward forcing. vela atlas 1079 is a small improvement rather than an exciting purchase, yet it has made daily charging more pleasant and organised.",True
CORD001298,CUS00121,2019-01-05,Nickolson,"[{""product"":""Candle Edge 392"",""quantity"":2},{""product"":""Candle Orbit 674"",""quantity"":1},{""product"":""Candle Vista 110"",""quantity"":3}]",6525.33,11.32,-37.834314,144.961665,20,5231.58,Summer,False,1.8801,"i compared the candle edge 716 with a small console used in our shared room for casual games. the candle unit starts simple games without much delay, but performance changes sharply once more is happening on screen. movement becomes uneven, input arrives late, and short pauses interrupt play. the console is less flexible, yet it keeps the same type of game moving at a more consistent pace. that difference made the candle edge 716 feel unreliable even though it can launch a game. noise and shared-room use made the comparison worse. the fan becomes loud during longer sessions, and the sound carries across the room when someone else is watching television. the controller connection has also dropped during play, forcing a restart before another attempt. pairing a second controller is particularly awkward, with no obvious indication that it has been recognised. a single controller can operate the menu, but that limited function does not make group play enjoyable. more than once, the session ended because setting up the hardware became too frustrating. the casing is compact, although the ports are placed close together and the attached cables become tangled behind the screen. storage space also feels restricted after several games are installed, so i had to remove older titles before trying something new. the warranty period offers little comfort when the actual problems are delayed input, loud cooling, and unreliable connections. compared with simpler gaming hardware, the candle edge 716 produces too many interruptions for a shared room. it is disappointing, awkward, and difficult to recommend for casual gaming.",False
CORD001299,CUS00399,2019-05-12,Thompson,"[{""product"":""Candle Orbit 548"",""quantity"":1},{""product"":""Vela Nova 753"",""quantity"":2},{""product"":""Candle Vista 110"",""quantity"":2}]",12696.47,23.64,-37.867983,144.903716,15,10815.64,Autumn,True,7.2331,"the vela spark 873 has worked well as a shared display for family media. we use it for programmes, short videos, and occasional browsing from the living room, and everyone can settle in without a long setup process. the picture is pleasant for ordinary viewing, while the controls are simple enough that different family members can find what they want. switching between profiles and activities has not caused confusion, and the design sits neatly among our other furniture. it is not a replacement for a dedicated cinema setup, but that is not what we needed. what matters here is that it starts quickly, presents media clearly, and is friendly for mixed ages and habits. the vela spark 873 has brought more relaxed shared viewing to our evenings and has remained dependable through regular use.",True
CORD001300,CUS00343,2019-10-24,Thompson,"[{""product"":""Candle Lumen 220"",""quantity"":1},{""product"":""Vela Nova 753"",""quantity"":2}]",12336.61,12.32,-37.860974,144.903223,25,9264.78,Spring,False,6.6085,"the vela core 1011 has become my everyday phone for taking quick photographs, sending messages, and keeping up with family conversations. photos taken outdoors have good colour and enough detail for sharing, while indoor results are still usable when the room is reasonably bright. opening the camera and returning to messages feels quick, so i do not miss many spontaneous moments. the screen is comfortable for reading longer conversations, and the phone fits easily in one hand for short tasks. during several weeks of commuting, it has kept a steady connection and handled repeated messaging without unusual delays. the battery has covered my normal day, though heavy camera use means i prefer to recharge before an evening outing. a few small settings are tucked away more deeply than i expected, but i learned their locations quickly. i appreciate that the vela core 1011 feels balanced rather than focused on only one feature. its photography, messaging, and general handling have all worked well enough to make it a dependable part of my routine.",True
CORD001301,CUS00402,2019-07-14,Bakers,"[{""product"":""Vela Nova 753"",""quantity"":1},{""product"":""Candle Flux 162"",""quantity"":3},{""product"":""Candle Vista 110"",""quantity"":2}]",11217.66,13.36,-37.813801,145.040002,20,8987.49,Winter,False,3.9556,"the candle bloom 442 has been useful for the kind of drawing i usually postpone because setting up a larger workspace feels excessive. i have used it for thumbnails, handwritten planning, simple illustrations, and light edits to images. the first setup was calm and uncomplicated, and i was able to begin sketching soon afterward. the tablet is light enough to carry from my desk to the living room, which means i can work wherever a spare half hour appears. the pen response feels natural for ordinary lines and shading, and the surface gives enough control for rough work without making every mark feel slippery. i have kept a reference image open while sketching and found the arrangement easy to manage. during a longer session i prefer to rest the tablet on a table rather than hold it, but that is more comfortable for any screen-based drawing. the display is bright enough indoors, and the controls are simple to find once the basic gestures become familiar. in the evenings i have also used the candle bloom 442 for notes and reviewing drafts. it wakes quickly and has enough battery for several short sessions before i put it on charge. it is not intended to replace a full creative workstation, especially when a project becomes complex, but it handles lightweight creative work with much less friction. the only recurring nuisance is cleaning fingerprints from the screen. overall, it has made drawing more spontaneous and has been a genuinely enjoyable addition to my routine.",True
CORD001302,CUS00215,2019-06-05,Nickolson,"[{""product"":""Vela Nova 753"",""quantity"":1},{""product"":""Candle Edge 392"",""quantity"":1}]",4779.36,15.37,-37.869701,144.938242,10,4316.79,Winter,False,6.3128,"vela echo 313 has found a useful place in my kitchen and living room. i mainly use it for music, podcasts, and spoken programs while cooking or doing chores, and it handles those activities without requiring constant attention. voice commands are understood most of the time, and the playback controls are easy to use when i am nearby. spoken content is especially clear, which makes interviews and podcasts comfortable to follow. music sounds balanced at ordinary room volume, although the small enclosure does not create the fullness of a larger speaker. i have also appreciated the simple routine of starting playback in one room and continuing later without much fuss. the design blends into the room and has remained responsive after several weeks. vela echo 313 is a capable household speaker with a friendly, convenient listening experience.",True
CORD001303,CUS00138,2019-08-27,Thompson,"[{""product"":""Vela Nova 753"",""quantity"":3},{""product"":""Vela Core 957"",""quantity"":2},{""product"":""Candle Vista 110"",""quantity"":1},{""product"":""Candle Flux 162"",""quantity"":1}]",16630.65,18.88,-37.8413,144.892689,0,16649.53,Winter,False,5.7397,"vela nova 195 was installed for automated blind and curtain routines, but the schedules have not been dependable. a routine may run once and then fail without an obvious reason, leaving the blinds in the wrong position. manual control works, although the response is slow and the status is unclear. recreating routines did not solve the problem, so daily use became frustrating. the device can move the blinds, but its unreliable automation makes it a poor purchase.",False
CORD001304,CUS00162,2019-09-04,Nickolson,"[{""product"":""Candle Vista 110"",""quantity"":1},{""product"":""Candle Edge 392"",""quantity"":1},{""product"":""Candle Orbit 674"",""quantity"":1},{""product"":""Vela Core 957"",""quantity"":1},{""product"":""Candle Orbit 548"",""quantity"":1}]",3043.94,15.5,-37.883444,144.944697,0,3059.44,Spring,False,7.5338,"vela echo 115 was purchased to manage a household power outlet on a schedule, but the experience has been disappointing from the beginning. setup required several attempts before the outlet appeared in the application, and the instructions did not make the failure clear. once connected, manual switching worked often enough to suggest the hardware was functioning, yet scheduled control was far less dependable. some routines ran at the expected time, while others were delayed or ignored without a useful explanation. i used it for a lamp and later for a small appliance, and both behaved inconsistently. checking the application repeatedly became part of the routine, which defeated the purpose of automation. when the network connection changed, i had to reconnect the outlet and recreate part of the schedule. the application is also awkward. the current outlet state can be found, but the schedule screen makes it difficult to tell whether a rule is active. notifications do not clearly distinguish a completed action from a failed one. the outlet itself switches on when commanded manually, so its basic function operates, but the unreliable scheduling is the reason i bought it and the reason i am unhappy. vela echo 115 has not given me enough confidence to leave an appliance under its control. missed schedules, poor status information, and repeated reconnection make it frustrating to use. i now check the outlet by hand and have removed it from the appliance i originally intended to automate. this is an unreliable product that i cannot recommend.",False
CORD001305,CUS00441,2019-04-30,Bakers,"[{""product"":""Candle Edge 932"",""quantity"":1},{""product"":""Candle Edge 392"",""quantity"":1},{""product"":""Candle Orbit 548"",""quantity"":1},{""product"":""Candle Flux 162"",""quantity"":2}]",4242.88,11.65,-37.853091,145.035724,10,3830.24,Autumn,False,5.9673,"candle arc 204 has made commuting more pleasant by giving me a reliable way to listen to music and spoken content on the move. pairing was quick, and the connection has remained steady during ordinary journeys through busy public spaces. voices in podcasts are clear, while music has enough balance for casual listening without becoming tiring. the fit stays comfortable through a commute, although after several hours i become aware of the ear pieces and need a short break. controls for pausing and adjusting volume are easy to use without looking, which is useful when walking. the carrying case takes little room in my bag, and the wireless connection has resumed promptly after i return. candle arc 204 is not aimed at studio-level listening, but for commuting, it has been dependable, comfortable and enjoyable.",True
CORD001306,CUS00467,2019-05-24,Thompson,"[{""product"":""Vela Core 957"",""quantity"":1},{""product"":""Candle Shift 916"",""quantity"":3}]",5847.78,14.82,-37.859571,144.909271,10,5277.82,Autumn,False,6.1816,"candle flux 810 has been disappointing for study and research. note-taking documents opened slowly, and moving between browser pages left the system unresponsive for several seconds. the keyboard felt cramped during longer writing sessions, while the trackpad produced awkward scrolling and missed gestures. it can display notes and basic pages, but heavier reading quickly becomes frustrating. after repeated delays during ordinary coursework, i regret buying this ultrabook and cannot recommend it.",False
CORD001307,CUS00259,2019-07-22,Thompson,"[{""product"":""Candle Edge 392"",""quantity"":1},{""product"":""Candle Orbit 548"",""quantity"":1}]",631.82,30.55,-37.802925,144.901226,0,662.37,Winter,True,4.1707,"vela pulse 541 handles simple calls, but casual family use has been marked by irritating failures. messages sometimes arrive late, apps freeze during ordinary browsing, and the battery drains faster than expected. the screen is awkward to read in bright conditions, which makes quick communication difficult. it performs the most basic phone task, yet the unreliable details create constant frustration. after several weeks, i cannot recommend it.",False
CORD001308,CUS00241,2019-06-18,Nickolson,"[{""product"":""Candle Orbit 674"",""quantity"":1},{""product"":""Candle Orbit 548"",""quantity"":1}]",580.13,11.77,-37.831472,144.95225,5,562.89,Winter,False,2.0879,"candle arc 456 has been used for extended desktop gaming sessions, including quieter strategy games and more active play. the controls are comfortable over several hours, and the layout became familiar without much adjustment. starting games and moving through menus felt responsive, while the unit remained stable on the desk. i also appreciated that the surrounding setup did not need repeated rearrangement between sessions. for ordinary play, it has provided a consistent and reasonably comfortable experience. after a long session, the casing becomes warm and the fan is noticeable in a quiet room. the surface can also collect marks, and cleaning around the controls takes care. during busy scenes there are occasional brief pauses, although they have not prevented normal play. candle arc 456 is a balanced desktop gaming device: comfortable enough for regular use and capable in common situations, but not entirely free of thermal or performance compromises.",True
CORD001309,CUS00337,2019-10-16,Thompson,"[{""product"":""Candle Flux 162"",""quantity"":1},{""product"":""Candle Orbit 548"",""quantity"":1},{""product"":""Candle Orbit 674"",""quantity"":1}]",1640.42,13.4,-37.766716,144.875839,15,1407.76,Spring,False,8.0803,"vela spark 207 has become part of my morning and evening routine because it records daily activity without demanding constant attention. the step information gives me a helpful reminder to move when i have spent too long at my desk, and the sleep tracking provides an interesting picture of how my nights differ. i find the display easy to check during a walk, while the band sits securely without becoming distracting. notifications arrive in a timely way and the controls are simple enough to use while i am moving. the charging routine is not difficult, although i have occasionally wished the remaining power were more visible at a glance. after established use, vela spark 207 feels like a practical and encouraging health wearable.",True
CORD001310,CUS00396,2019-12-15,Thompson,"[{""product"":""Vela Core 957"",""quantity"":3},{""product"":""Candle Lumen 220"",""quantity"":1},{""product"":""Vela Halo 281"",""quantity"":1}]",4874.54,19.92,-37.837222,144.944061,0,4894.46,Summer,True,2.7425,"vela core 111 has replaced my previous phone for photography and everyday messaging, and it feels like a balanced improvement rather than a dramatic change in one narrow area. the camera is quick to open, and casual photos have enough detail and colour for sharing without requiring much adjustment. i have used it indoors, outside on walks, and in ordinary family situations, and the results have been more consistent than those from my older device. messaging is comfortable because the screen gives enough room for longer replies and the keyboard rarely gets in the way. moving between conversations, the camera, and a few casual apps has remained smooth during the weeks i have owned it. calls are straightforward, and the connection has behaved as expected in the places where i normally use a phone. compared with my old handset, i spend less time waiting for an app to catch up. the camera struggles a little in dim rooms, so i would not choose it specifically for serious low-light photography. the design is familiar and does not take long to learn. i particularly appreciate that the useful improvements are visible in routine moments rather than hidden in menus. vela core 111 is not a specialist camera or a high-end gaming phone, but that is not what i needed. against my previous device, it offers a more pleasant combination of responsive messaging, dependable daily use, and better casual photographs, making it an easy phone to keep.",True
CORD001311,CUS00394,2019-09-12,Thompson,"[{""product"":""Candle Vista 110"",""quantity"":2},{""product"":""Vela Core 957"",""quantity"":1},{""product"":""Candle Orbit 674"",""quantity"":1},{""product"":""Candle Flux 162"",""quantity"":1}]",5289,23.91,-37.776449,144.920223,10,4784.01,Spring,True,4.6678,"the candle bloom 784 was placed in a shared room for music playback, but the connection and sound have been inconsistent. different phones require repeated pairing, and one device can interrupt another without a clear warning. playback is audible near the unit, although the sound becomes weak across the room and voices are difficult to distinguish in busy tracks. volume changes are delayed, so people often press the control more than once and then receive several commands together. the casing also feels light and easy to knock from its position. it can play a song when paired correctly, but that basic function is not enough for shared use. the interruptions and poor control response are frustrating. i cannot recommend the candle bloom 784.",False
CORD001312,CUS00351,2019-11-19,Thompson,"[{""product"":""Candle Shift 916"",""quantity"":1},{""product"":""Candle Orbit 674"",""quantity"":3},{""product"":""Vela Core 957"",""quantity"":1},{""product"":""Candle Edge 392"",""quantity"":1}]",3478.17,8.7,-37.800872,144.95822,20,2791.24,Spring,False,1.6376,"after several weeks with the candle orbit 962, i find it more versatile than the older tablet i used for travel. its screen gives videos enough space to enjoy, while the weight remains manageable in a small bag. i mainly use it for streaming, joining video calls, checking messages, and reading documents, and it handles those changes of activity without fuss. compared with my previous device, switching between a call and a browser page feels quicker, and the display is easier to follow when i am sitting away from a desk. the camera and microphones are suitable for ordinary video conversations. my voice comes through clearly in a quiet room, and the image is perfectly adequate for classes or family calls. the speakers are also more open than on my old tablet, although they are not a replacement for a dedicated audio system. battery life has been dependable through a day of mixed use, especially when i am not watching video continuously. charging is straightforward, and the tablet is ready again by the time i need it the next morning. i compared the candle orbit 962 with a larger tablet borrowed from work. the larger model is better for reading two full pages side by side, but it is much less convenient to carry. the orbit 962 strikes a more practical balance for portable media and communication. its controls are familiar, the interface is pleasant to use, and the construction has stayed solid despite being moved between rooms and bags. i would choose the larger screen for intensive document work, but for travel, calls, and everyday entertainment, this tablet has been a worthwhile step up.",True
CORD001313,CUS00498,2019-10-18,Thompson,"[{""product"":""Vela Core 957"",""quantity"":1},{""product"":""Candle Orbit 674"",""quantity"":1},{""product"":""Candle Orbit 548"",""quantity"":1}]",851.6,9.63,-37.786725,144.952129,10,776.07,Spring,False,2.9193,"candle quest 444 has been a pleasant choice for listening at home. music, podcasts, and spoken programmes remain clear, and the connection does not drop during my usual movement around the house. i can wear it through a long evening without discomfort. the controls are small enough that i occasionally check before pressing one, but this is minor. it has delivered a dependable and enjoyable listening experience.",True
CORD001314,CUS00053,2019-12-28,Thompson,"[{""product"":""Vela Halo 137"",""quantity"":1},{""product"":""Candle Orbit 674"",""quantity"":1},{""product"":""Candle Orbit 548"",""quantity"":2},{""product"":""Candle Flux 162"",""quantity"":1},{""product"":""Vela Halo 281"",""quantity"":1}]",3187.12,11.09,-37.798802,144.944108,10,2879.5,Summer,False,1.5642,"i bought vela wave 715 for scheduled control of a household power outlet, mainly so an appliance could follow a routine without someone remembering every switch. the first schedule was awkward to create. the control screen took several attempts to save the selected time, and the displayed state did not always match the physical outlet. i had to check the outlet manually because the application gave no dependable confirmation. for a short period the routine appeared to run, then the failures began. one scheduled switch happened late, while another did not happen at all. a manual command usually changed the outlet, but it sometimes took long enough to make me press the control again. that created uncertainty about whether the outlet was already active. the repeated checking removed the purpose of using an automated control in the first place. power interruptions made the situation worse. after the connection returned, vela wave 715 sometimes forgot the schedule and sometimes showed it as active without following it. i rebuilt the routine, restarted the unit, and checked the application permissions, but the same unreliable behaviour returned. the outlet itself could be controlled, yet the timing feature that mattered most remained inconsistent. the casing and button are ordinary, but physical operation is not the reason i purchased this device. i needed scheduled control that could be trusted without supervision. instead, vela wave 715 caused missed routines, confusing status reports, and unnecessary visits to the outlet. after 23 days, the product feels frustrating and poorly suited to household automation, so i cannot recommend it.",False
CORD001315,CUS00145,2019-12-16,Thompson,"[{""product"":""Candle Orbit 548"",""quantity"":3},{""product"":""Candle Flux 162"",""quantity"":2}]",2888.79,8.09,-37.813606,144.948035,5,2752.44,Summer,False,0.134,"after twenty days with the vela halo 1055, i have a fairly balanced view of it. the installation was straightforward: i fitted the unit, added the room in the app, and had the light responding within one sitting. daily control is handy, especially when i am already in bed and do not want to walk back across the room. the schedules have also worked consistently for the evening routine, although the timing feels slightly awkward when our household pattern changes. the app is generally clear, but the device occasionally takes a moment to appear after i open it. that delay has never stopped the light from responding, yet it makes the experience feel less polished than the rest of the setup. i also had to repeat one pairing step during installation, which was frustrating but not a lasting problem. build quality seems ordinary rather than premium, and the supplied warranty gives some reassurance. overall, vela halo 1055 performs its basic lighting job and adds useful automation, but its occasional hesitation keeps it from feeling completely seamless.",True
CORD001316,CUS00374,2019-08-23,Nickolson,"[{""product"":""Candle Vista 110"",""quantity"":2},{""product"":""Vela Halo 281"",""quantity"":2},{""product"":""Vela Core 957"",""quantity"":1},{""product"":""Vela Halo 137"",""quantity"":1},{""product"":""Vela Nova 753"",""quantity"":1}]",10129.63,13.15,-37.850628,144.957965,0,10142.78,Winter,False,3.7044,"vela echo 925 has given me a simple way to keep an eye on indoor temperature and humidity. i placed it in the room where we spend most of the evening, and the readings help me decide when the air feels too dry or when opening a window may help. the display is readable at a glance, and the information updates without requiring me to open an app every time. setup was uncomplicated, and the sensor has continued reporting without frequent interruptions. i do not treat the readings as laboratory measurements, but they are consistent enough for ordinary household decisions. the device offers less value if someone wants control over heating or cooling, since its role is monitoring rather than adjustment. within that boundary, vela echo 925 has been a useful, low-effort addition. it gives me a clearer sense of the room and has encouraged more deliberate ventilation habits.",True
CORD001317,CUS00037,2019-08-17,Nickolson,"[{""product"":""Vela Core 957"",""quantity"":2},{""product"":""Candle Flux 162"",""quantity"":1}]",1603.23,17.85,-37.858953,144.976368,5,1540.92,Winter,False,4.5274,"i compared candle orbit 332 with the older tablet used in our household for reading lessons, browsing, and shared learning. the newer tablet has a large enough display, but it was less dependable during ordinary family use. switching between a lesson page and a reference site often caused a pause, and returning to the first page sometimes lost the place we had reached. the older tablet was plain and slower to start, yet it did not create the same confusion. different users exposed different weaknesses. small hands had trouble with the touch response because taps near the edge were ignored, while dragging through a page occasionally moved too far. candle orbit 332 also changed orientation at inconvenient moments, interrupting reading and forcing the screen back into position. video lessons could be viewed, although playback stopped briefly on several occasions even when other devices had no connection problem. the speaker was thin and difficult to hear in a room with normal household noise, so lessons required headphones or repeated adjustments. i tested family browsing, shared documents, educational videos, and simple note-taking over six weeks. the tablet handled a basic web page and the charging connection operates, but those limited functions do not justify the sluggish behaviour. compared with the previous device, candle orbit 332 is more awkward to share, less responsive, and more frustrating for learning. the warranty does not solve the lost page positions or inconsistent touch response. i regret buying it for the household and cannot recommend it for shared browsing or study.",False
CORD001318,CUS00198,2019-07-07,Thompson,"[{""product"":""Candle Flux 162"",""quantity"":1},{""product"":""Vela Halo 281"",""quantity"":1}]",1591.03,27.12,-37.801475,144.893805,15,1379.5,Winter,True,4.8422,"candle flux 756 is more suitable for my long desktop gaming sessions than the compact hardware i had before. the earlier setup was convenient for quick play, but after an hour i wanted more room and found myself adjusting the controls repeatedly. this equipment gives the session a more settled feel, with controls that remain responsive during extended play and a layout that is easy to find without looking away from the screen. i compared both arrangements over several evenings, using the same casual games and varying the session length. the biggest difference is comfort: candle flux 756 lets me keep my hands in a natural position for longer, and the equipment stays steady when the pace becomes more active. it also fits the desktop without forcing me to clear everything else away, which makes starting a session less of a project. the system handled repeated use without unexpected pauses, and returning to ordinary desktop work afterward was straightforward. the controls may feel more substantial than necessary for someone who only plays for a few minutes at a time, and the larger form takes more space than my old device. those trade-offs make sense for the use case. i have not treated it as professional competitive equipment, but for extended home gaming it gives a convincing balance of response and comfort. after seventeen days, candle flux 756 has replaced the previous setup for most sessions because it reduces physical fuss and keeps the experience enjoyable from the opening round to the last.",True
CORD001319,CUS00039,2019-02-25,Bakers,"[{""product"":""Candle Flux 162"",""quantity"":1},{""product"":""Candle Edge 392"",""quantity"":2},{""product"":""Candle Vista 110"",""quantity"":1}]",3628.38,11.69,-37.846412,145.0336,10,3277.23,Summer,False,5.268,"the vela atlas 539 has been in my laptop bag for a month, and i use it when several devices need to connect through one compact adapter. its small size is the strongest advantage because it takes very little space and is easy to carry between home and work. in ordinary use it has allowed me to connect the accessories i need without unpacking a larger collection of separate pieces. the experience varies depending on how many connections are involved. with a light load, everything is simple and the adapter is convenient. when several devices are attached together, the cables crowd one another and moving the laptop becomes awkward. i have also had to pause briefly before a newly connected device was recognised. that has not happened every time, but it makes me check the connection rather than assuming it is ready. the casing has handled daily packing without visible damage, which is reassuring. i see the vela atlas 539 as a practical travel accessory for moderate use, not an answer to every connection problem. it saves space and generally performs its basic role, while crowded ports and occasional recognition delays limit the convenience.",True
CORD001320,CUS00420,2019-09-26,Nickolson,"[{""product"":""Candle Orbit 548"",""quantity"":1},{""product"":""Vela Halo 281"",""quantity"":1},{""product"":""Candle Orbit 674"",""quantity"":1},{""product"":""Vela Core 957"",""quantity"":1}]",1382.34,12.71,-37.87903,144.997004,0,1395.05,Spring,False,7.1393,"candle quest 588 has made it easier to manage a home network used by both family and visitors. i set up a separate guest connection without needing specialist knowledge, and guests have been able to get online while the main household devices remain organised. the management controls are presented clearly enough for routine changes, such as checking connected devices or adjusting access. since installing it, i have spent less time explaining the main password and less time wondering which unfamiliar device is connected. some of the deeper options are tucked away and took patience to find, but i rarely need them. candle quest 588 has remained stable during established ownership and has handled phones, laptops, and household equipment without noticeable trouble. the guest-network function is especially convenient, while the overall management experience feels calm and manageable. it has brought useful order to a part of the home that previously required too much attention.",True
CORD001321,CUS00445,2019-09-23,Nickolson,"[{""product"":""Candle Edge 932"",""quantity"":1},{""product"":""Vela Core 957"",""quantity"":2},{""product"":""Vela Halo 137"",""quantity"":1}]",2793.31,22.26,-37.865113,144.938701,0,2815.57,Spring,True,5.839,"i bought candle orbit 620 for creative projects and media editing, and it has kept pace with my regular workflow. editing sessions feel responsive, and moving between applications is smooth enough that i can concentrate on the work instead of the machine. the screen gives me a comfortable area for timelines and panels. the fan becomes noticeable during longer exports, but it has not disrupted my routine. it is a capable laptop for projects that need more than basic office tasks.",True
CORD001322,CUS00377,2019-07-10,Nickolson,"[{""product"":""Candle Orbit 548"",""quantity"":2},{""product"":""Candle Shift 916"",""quantity"":1},{""product"":""Candle Flux 162"",""quantity"":2}]",4491.49,20.94,-37.887601,145.001203,0,4512.43,Winter,False,8.1608,"candle orbit 782 was bought for family learning and shared browsing, but sharing it has been more troublesome than expected. the tablet starts and opens ordinary pages, although switching between users is slow and the screen often remains on the previous activity longer than it should. during learning sessions, pages occasionally stalled, and returning to an earlier lesson required several unnecessary taps. the display attracts fingerprints quickly, while the speaker becomes harsh when several people are listening. battery performance has also been unreliable; a session that began with plenty of charge sometimes ended sooner than expected. i tried keeping fewer tabs open, but the sluggish response remained. after repeated use by different family members, the tablet feels poorly suited to a busy household. candle orbit 782 performs basic browsing, but the awkward sharing process and recurring delays make it frustrating to use. i regret buying it and cannot recommend it for family learning.",False
CORD001323,CUS00352,2019-03-29,Bakers,"[{""product"":""Candle Vista 110"",""quantity"":2},{""product"":""Vela Core 957"",""quantity"":1}]",3904.65,8.28,-37.795929,144.989805,5,3717.7,Autumn,False,1.6352,"the vela ridge 707 has given me a convenient overview of daily activity and sleep without requiring much effort. i check the activity summary after walking and review the sleep information in the morning. the presentation is simple enough to understand quickly, and the device has remained comfortable overnight. it has stayed responsive during errands, desk work, and regular walks. notifications do not overwhelm the display, and syncing the information has been consistent when i open the companion view. i like having a broad sense of my routine rather than needing to record every detail manually. the tracking is not a substitute for specialised equipment or professional assessment, and some summaries are necessarily basic. for everyday awareness, vela ridge 707 has been useful and unobtrusive. it gives me a gentle prompt to notice my habits, fits comfortably through the day, and has become something i check without thinking about it.",True
CORD001324,CUS00337,2019-08-26,Thompson,"[{""product"":""Vela Core 957"",""quantity"":1},{""product"":""Candle Orbit 548"",""quantity"":1},{""product"":""Candle Flux 162"",""quantity"":1}]",1587.83,16.87,-37.766716,144.875839,15,1366.53,Winter,False,8.0803,"vela spark 207 has become part of my morning and evening routine because it records daily activity without demanding constant attention. the step information gives me a helpful reminder to move when i have spent too long at my desk, and the sleep tracking provides an interesting picture of how my nights differ. i find the display easy to check during a walk, while the band sits securely without becoming distracting. notifications arrive in a timely way and the controls are simple enough to use while i am moving. the charging routine is not difficult, although i have occasionally wished the remaining power were more visible at a glance. after established use, vela spark 207 feels like a practical and encouraging health wearable.",True
CORD001325,CUS00134,2019-01-12,Thompson,"[{""product"":""Candle Orbit 674"",""quantity"":1}]",324.06,8.35,-37.808208,144.945969,20,267.6,Summer,False,0.5058,"vela wave 355 has made app-controlled room lighting pleasantly simple. i can switch the lights while seated, adjust the room before guests arrive, and turn everything off without walking around to each control. the app responds promptly during normal use and the settings are easy to understand. it is less useful when my phone is out of reach, but the everyday convenience has been a clear improvement.",True
CORD001326,CUS00322,2019-09-06,Bakers,"[{""product"":""Candle Orbit 548"",""quantity"":1},{""product"":""Candle Lumen 220"",""quantity"":1}]",3785.46,12.3,-37.860095,145.034982,0,3797.76,Spring,False,6.5741,"i started using vela echo 997 because i wanted habit reminders and ordinary timekeeping in one small device. compared with relying on phone alarms, the reminders are harder to ignore during a busy day because they are close at hand. i have used them for stretching, taking a short break from the desk, and remembering routine tasks. the prompts are noticeable without making the device feel intrusive, and checking the time is quicker than reaching for my phone. the difference from a basic watch is the gentle nudge toward routines. it does not try to turn every part of the day into a measurement exercise, which suits me better than a more elaborate wearable i previously considered. the display is readable in normal indoor situations, and the strap sits comfortably during work and household activity. i do not wear it for every formal occasion, since its practical appearance is more suited to daily use, but that is a minor preference rather than a functional problem. after thirty-nine days, the reminders have become part of my schedule instead of something i dismiss immediately. the device does require some thought about which prompts are genuinely useful; too many would become background noise. it is also less satisfying for anyone seeking detailed exercise analysis, because its focus is everyday habits and timekeeping. for that narrower purpose, vela echo 997 is more useful than a conventional watch and less demanding than a feature-packed health device. it has made small routines easier to remember without creating extra work.",True
CORD001327,CUS00317,2019-12-29,Thompson,"[{""product"":""Candle Shift 916"",""quantity"":1},{""product"":""Vela Halo 281"",""quantity"":1},{""product"":""Vela Nova 753"",""quantity"":1},{""product"":""Candle Orbit 548"",""quantity"":1}]",7049.19,21.43,-37.771691,144.926729,5,6718.16,Summer,True,4.895,"the vela pulse 109 has been part of my desk setup long enough to show its everyday strengths. i can place my phone where i can see it while working, then shift the angle for a call without moving the whole stand. the mount feels secure, the base uses little space, and the device remains easy to reach. larger cases need careful positioning, which is a minor inconvenience, but the holder still gives me a stable and flexible way to keep my workspace orderly.",True
CORD001328,CUS00020,2019-01-06,Thompson,"[{""product"":""Candle Flux 162"",""quantity"":1},{""product"":""Vela Halo 281"",""quantity"":1},{""product"":""Vela Core 957"",""quantity"":2}]",2133.97,22.55,-37.83704,144.919386,10,1943.12,Summer,True,3.6405,"i compared vela echo 565 with a simpler timer used for a household outlet. the older timer is limited, but its schedule happens when expected. vela echo 565 has a more involved setup and still misses the basic task often enough to become frustrating. the first schedule ran correctly, then later activations occurred late or failed after the device had been left alone. i had to check the outlet manually, which defeats the point of scheduled control. the application adds more difficulty. creating a routine involves several screens, and editing one is awkward because the saved time is not always shown where i expect it. i removed and recreated the schedule twice, but the inconsistent behavior continued. the outlet can be switched manually, and that command usually operates after a pause. a manual command is not a solution when the purpose is to control a lamp or appliance while nobody is watching it. the connection indicator also changes without a clear explanation, leaving me unsure whether a missed schedule is caused by the network or the device. i tested it with different routines around the house and found no dependable pattern. it stayed connected for ordinary periods, then required a restart after a brief interruption. support recommended resetting the unit and rebuilding the schedule, which consumed time without resolving the failures. the warranty information is present, but the response did not offer a replacement or a clear diagnosis. compared with the basic timer, vela echo 565 is more complicated and less trustworthy. it can operate an outlet when the command reaches it, yet the delayed schedules, confusing controls, and repeated connection problems make it a poor home automation purchase. i would avoid relying on it.",False
CORD001329,CUS00468,2019-05-10,Thompson,"[{""product"":""Candle Orbit 548"",""quantity"":3},{""product"":""Candle Edge 932"",""quantity"":1},{""product"":""Candle Flux 162"",""quantity"":2}]",4379.27,12.79,-37.76463,144.888313,10,3954.13,Autumn,False,7.4295,"candle arc 888 has made guest-network and device management much easier in my home. i wanted a clearer way to separate visitors from everyday devices, and the setup gave me a practical arrangement without requiring specialist knowledge. adding or checking devices is straightforward, and the controls make it easier to understand what is connected when several people are using the network. i have also found the guest option useful when friends visit, because i can provide access without changing the rest of the household setup. the management screen contains more information than i need on a quiet day, but it becomes helpful when i want to investigate a connection. after several weeks, the system has remained stable and responsive. candle arc 888 has brought welcome order to a previously untidy network and given me more confidence when managing shared access.",True
CORD001330,CUS00310,2019-09-17,Nickolson,"[{""product"":""Vela Core 957"",""quantity"":1},{""product"":""Vela Halo 281"",""quantity"":1},{""product"":""Vela Nova 753"",""quantity"":1},{""product"":""Candle Orbit 548"",""quantity"":1}]",5461.89,22.73,-37.845604,144.975691,5,5211.53,Spring,True,3.0513,"candle lumen 130 has been a frustrating machine for shared home-office administration. opening documents is possible, but the system pauses during ordinary switching between email, spreadsheets and browser windows. with more than a few tabs open, typing becomes delayed and the fan makes an irritating noise. the screen is difficult to read near a lamp because reflections cover text, and the keyboard feels cramped during long form filling. video meetings have suffered from a weak camera image and occasional sound interruptions, forcing me to repeat information. i can complete simple tasks if i work slowly, but that is a poor standard for a computer used every day. the compact design does not compensate for the unreliable performance. candle lumen 130 has made routine administration awkward and time-consuming, and i cannot recommend it.",False
CORD001331,CUS00092,2019-01-26,Nickolson,"[{""product"":""Candle Flux 162"",""quantity"":1},{""product"":""Candle Orbit 674"",""quantity"":1},{""product"":""Candle Orbit 548"",""quantity"":2}]",1896.49,23.77,-37.866954,144.970945,15,1635.79,Summer,True,5.3787,"vela ridge 725 has been disappointing for indoor temperature and humidity monitoring. the sensor setup was awkward, and the application lost contact during the first placement even though the unit was only a room away. readings update slowly, so a change in the room is not reflected until much later. at other times the application shows a sudden jump that does not match the conditions i can observe, making the information difficult to trust. historical readings are hard to interpret because the display uses cramped labels and offers little explanation when data is missing. battery warnings are also unclear, arriving after the readings have already stopped updating. the device can show a measurement during a nearby test, but that narrow function is not enough. vela ridge 725 has unreliable connectivity, delayed updates and poor presentation, making it frustrating for household monitoring.",False
CORD001332,CUS00385,2019-07-19,Bakers,"[{""product"":""Vela Halo 137"",""quantity"":1},{""product"":""Vela Nova 753"",""quantity"":2},{""product"":""Vela Core 957"",""quantity"":1},{""product"":""Candle Orbit 674"",""quantity"":1}]",10162.64,16.04,-37.754674,145.035595,15,8654.28,Winter,False,7.101,"candle arc 420 has handled my creative projects and media editing with encouraging consistency. i have used it for arranging images, trimming clips and keeping reference material open beside my work. the screen gives me enough room to see the timeline without constantly hiding other panels, and the keyboard is comfortable when i switch back to writing descriptions or planning notes. projects open promptly and ordinary edits remain responsive. exporting a larger piece makes the fan audible and the body warm, so i avoid placing it on soft furniture during longer sessions. that is expected for the workload and has not interrupted my progress. the lighter design is convenient when i take work to another room, though i pack it carefully. after seventeen days, candle arc 420 has proved versatile without feeling unnecessarily complicated. it supports both creative experimentation and routine writing, which makes it a useful all-round machine for my current projects.",True
CORD001333,CUS00216,2019-02-28,Thompson,"[{""product"":""Vela Core 957"",""quantity"":2},{""product"":""Candle Orbit 548"",""quantity"":1},{""product"":""Candle Edge 392"",""quantity"":1},{""product"":""Vela Nova 753"",""quantity"":1}]",5578.37,10.82,-37.777893,144.959997,15,4752.43,Summer,False,4.0307,"the candle vista 596 has made game streaming and media capture more manageable than the arrangement i used before. during fifteen days of testing, i have recorded gameplay, prepared short streams, and switched between game footage and other media. the controls are understandable after a brief introduction, and the captured picture remains clear enough for sharing. i spend less time correcting the setup and more time actually playing or reviewing the material. compared with my previous capture equipment, the candle vista 596 handles transitions with fewer interruptions. connecting the sources was straightforward, and the unit has remained stable during longer sessions. the layout makes it possible to see what is being recorded without constantly opening another window. audio levels need a little attention when changing between sources, but once adjusted they have stayed consistent. the casing feels solid enough for a desk that is rearranged often. i also compared it with recording directly through software alone. software is convenient for quick clips, while the candle vista 596 gives me a clearer physical workflow when i am streaming and monitoring several elements at once. it is not the smallest accessory on the desk, and first-time users may need to read the controls carefully, but those are minor trade-offs for the added organisation. the candle vista 596 has reduced the awkward parts of my setup and produced dependable results. for streaming and media capture, i would choose it over my older equipment.",True
CORD001334,CUS00137,2019-12-22,Nickolson,"[{""product"":""Candle Orbit 548"",""quantity"":2},{""product"":""Vela Core 957"",""quantity"":1}]",783.61,13.59,-37.864196,144.978074,15,679.66,Summer,False,5.1255,"candle shift 196 was purchased for game streaming and media capture, yet the first month of ownership was dominated by awkward setup and unreliable results. the connection was detected, but the capture application repeatedly lost contact after sleep or restart. i had to remove the device, reconnect it, and wait through the same frustrating process before a session could begin. its basic capture function operates under ideal conditions, but that is a weak consolation when preparation takes longer than expected. during actual play, the stream sometimes showed a frozen image while sound continued. on other occasions the picture returned with a noticeable delay, making the recording difficult to follow. longer sessions exposed further problems: the unit became warm, the cable connection felt loose, and moving it slightly caused another interruption. the software offered no clear explanation for the failures. i tried different ports and restarted the computer several times, but the behaviour remained unreliable. friends waiting to watch made the delays particularly irritating, and the device turned a casual evening into troubleshooting. media capture was no less disappointing. files occasionally stopped before the session ended, leaving incomplete footage that could not be used. the warranty is longer than the time i kept testing the unit, but support supplied generic instructions and did not address the repeated disconnects. candle shift 196 may perform a simple task when nothing goes wrong, but the fragile connection and inconsistent recording make it poor equipment for streaming. i regret buying it and cannot recommend it for regular use.",False
CORD001335,CUS00007,2019-12-01,Thompson,"[{""product"":""Candle Lumen 220"",""quantity"":1},{""product"":""Candle Edge 392"",""quantity"":1},{""product"":""Candle Edge 932"",""quantity"":1},{""product"":""Vela Core 957"",""quantity"":1},{""product"":""Candle Orbit 674"",""quantity"":1}]",5991.15,12.34,-37.813537,144.876477,25,4505.7,Summer,False,6.2019,"vela echo 349 has made my shared workspace more comfortable and less cluttered. before using it, my phone usually sat flat beside the keyboard or leaned against whatever object happened to be nearby. that arrangement worked in a basic sense, but it was unstable and made incoming calls or messages difficult to see. with vela echo 349, the phone has a consistent place, the screen stays visible, and i can use both hands for notes or keyboard work without constantly moving the device. compared with an improvised stand, this accessory feels much more deliberate. the base stays in position during ordinary use, and the support holds the phone at an angle that suits quick glances. i have used it beside colleagues, during video calls, and while following instructions on the phone. it has been particularly useful when the desk is busy because the device remains raised above papers and cables rather than disappearing underneath them. vela echo 349 also folds away easily enough when the workspace needs to be cleared. i tested it with different cases that i already own, and the fit remained practical. very bulky cases make the phone sit slightly higher, but i have not needed to remove my usual case. the finish has stayed neat after being carried between rooms, and the moving section still feels firm rather than loose. my only small reservation is that the footprint takes more desk space than a completely flat holder. that trade-off seems worthwhile because the phone is far easier to locate and view. after 37 days, vela echo 349 has replaced a collection of awkward temporary solutions. it does not add unnecessary complexity; it simply keeps a phone supported, visible, and ready for hands-free use. for a shared workspace, that practical improvement has been genuinely valuable.",True
CORD001336,CUS00389,2019-10-29,Bakers,"[{""product"":""Vela Core 957"",""quantity"":2}]",542.94,12.28,-37.777519,145.057335,5,528.07,Spring,False,6.5436,"the candle shift 898 has helped extend coverage to the parts of my home that used to be less consistent. i placed it between the main connection and the room where i often work, and devices there now remain connected during ordinary browsing and calls. setup was manageable, with the status information making placement easier than guessing. once positioned, it blends into the room and requires little attention. i have noticed that location still matters, so moving it too far from the main connection is not productive, but that is useful practical guidance rather than a flaw. the connection has stayed steady for the household devices i use most, and the improvement is noticeable during daily work. the candle shift 898 has made the network feel more even across the home and has reduced interruptions.",True
CORD001337,CUS00249,2019-11-28,Thompson,"[{""product"":""Candle Vista 110"",""quantity"":1},{""product"":""Vela Halo 281"",""quantity"":1}]",2347.33,11.64,-37.767891,144.916162,15,2006.87,Spring,False,5.672,"i have used the candle vista 1010 for research, note taking, and ordinary study sessions, comparing it with a heavier home laptop and a tablet. its middle-ground design suits the way i work. it is easier to carry between the library, kitchen table, and lecture room than the larger laptop, while providing a more comfortable typing experience than the tablet. documents, browser research, and written notes remain easy to manage when i am moving between locations. the candle vista 1010 has handled my regular study workload without demanding much attention. the keyboard is suitable for extended writing, and the system wakes promptly for short tasks between classes. i can keep several research pages open beside a document, which is more practical than using the tablet for the same work. compared with the heavier machine, it takes less effort to pack and does not dominate a small desk. the restrained size has become useful during long days away from home. the compromise appears when i need a broad view or a more elaborate project. the screen feels less spacious than the larger laptop, so i adjust windows more often while comparing sources. the keyboard area also leaves less room for my hands than the home machine, and i prefer a separate display for a long editing session. the candle vista 1010 is designed around portability and study rather than demanding production work. it completes my normal tasks, but it does not remove every reason to keep another computer. after established use, i see it as a balanced option for students and researchers who value movement. it is more productive for typing than a tablet and more portable than a full-sized laptop, with a smaller display as the main trade-off. i would select it for everyday study and note taking, while comparing a larger model if screen space or intensive work mattered most.",True
CORD001338,CUS00459,2019-12-25,Bakers,"[{""product"":""Candle Vista 110"",""quantity"":1},{""product"":""Vela Core 957"",""quantity"":3},{""product"":""Vela Halo 137"",""quantity"":1},{""product"":""Candle Flux 162"",""quantity"":1},{""product"":""Vela Nova 753"",""quantity"":1}]",8854.79,10.93,-37.784074,145.02975,15,7537.5,Summer,False,4.1841,"vela core 147 has been useful for keeping small habits visible throughout the day. i use it for reminders, checking the time and nudging myself to stand up when i have been sitting too long. the display is easy to read indoors, and the vibration is noticeable without being disruptive during meetings. the strap has remained comfortable through ordinary workdays, though it can feel warm after a long walk in humid weather. i like that the reminder controls are simple enough to change without reaching for a manual each time. timekeeping has remained consistent, and charging has fitted comfortably into my evening routine. this is not a device for detailed training analysis, but that was not what i wanted. for everyday prompts and quick time checks, vela core 147 has been dependable, unobtrusive and genuinely useful.",True
CORD001339,CUS00372,2019-11-18,Thompson,"[{""product"":""Candle Orbit 548"",""quantity"":1},{""product"":""Candle Lumen 220"",""quantity"":1},{""product"":""Vela Halo 281"",""quantity"":1},{""product"":""Vela Core 957"",""quantity"":2}]",4859.14,20.84,-37.847489,144.942744,15,4151.11,Spring,True,3.89,"vela wave 211 has been a strong companion for photographs, messages, and ordinary travel use. images look bright in daylight, messages arrive promptly, and moving between apps feels natural. i have carried it daily for several weeks without the controls becoming irritating. low-light photographs are less impressive and need a steady hand, but that is a minor trade-off. it has made communication and casual photography pleasantly uncomplicated.",True
CORD001340,CUS00197,2019-01-27,Bakers,"[{""product"":""Vela Halo 281"",""quantity"":2},{""product"":""Vela Core 957"",""quantity"":1},{""product"":""Candle Orbit 674"",""quantity"":1}]",1657.01,12.11,-37.796488,145.05978,0,1669.12,Summer,False,5.8666,"candle orbit 980 has handled the shared administration work in our home office with very little fuss. we use it for documents, email, research, video meetings, and routine forms, and it remains responsive while moving between those activities. the keyboard is comfortable for longer typing sessions, and the screen is clear enough for reading without leaning forward. different family members have used it during the month, yet it has remained dependable and easy to pick up again after someone else finishes. starting a meeting and switching back to notes feels smooth, which matters when work is interrupted by household responsibilities. the casing does show fingerprints, and the speakers are ordinary rather than impressive, but neither issue affects our main use. candle orbit 980 has made it easier to share one computer without constant complaints. it is a capable, pleasant machine for everyday home-office tasks.",True
CORD001341,CUS00276,2019-10-26,Bakers,"[{""product"":""Candle Shift 916"",""quantity"":1},{""product"":""Candle Edge 392"",""quantity"":1},{""product"":""Candle Orbit 674"",""quantity"":1},{""product"":""Vela Core 957"",""quantity"":1}]",2830.05,14.33,-37.805406,145.062474,0,2844.38,Spring,False,5.9294,"candle vista 542 was used for drawing and lightweight creative work, but the input behavior made the process unnecessarily difficult. lines sometimes appeared after a delay, and quick strokes were recorded as broken marks rather than a continuous movement. the screen also ignored occasional touches near the edge, forcing me to repeat details that had already taken time. switching between a sketch and a reference image caused pauses, while the battery dropped rapidly during longer sessions. holding the tablet flat on a desk was awkward because the body shifted whenever pressure was applied. it can display a canvas and accept basic marks, but that is a poor result for creative work requiring controlled input. after repeated interruptions i returned to paper for rough ideas and stopped carrying the tablet. candle vista 542 was frustrating, limited, and not worth relying on for drawing.",False
CORD001342,CUS00482,2019-11-19,Thompson,"[{""product"":""Vela Nova 753"",""quantity"":1},{""product"":""Candle Orbit 548"",""quantity"":1},{""product"":""Candle Flux 162"",""quantity"":1}]",5719.97,12.77,-37.863987,144.896772,15,4874.74,Spring,False,7.2156,"after several weeks of carrying it between home, work, and presentation rooms, the candle lumen 940 has become my preferred travel laptop. it is light enough to move around without planning for it, yet the body feels solid when opened on a small desk or tray table. documents, browser research, and presentation files all remain responsive during a busy afternoon. the display is comfortable for reviewing slides, and the keyboard has a pleasant amount of movement for longer notes. it also wakes quickly, which matters when a meeting starts unexpectedly. battery life has been strong for my usual travel day, although i still pack the charger for a full schedule. the speakers are ordinary rather than impressive, but that is a minor limitation for a work-focused machine. setup was straightforward and the warranty documentation was easy to keep with my records. the candle lumen 940 has made mobile work feel simpler and more organised.",True
CORD001343,CUS00304,2019-05-01,Nickolson,"[{""product"":""Vela Nova 753"",""quantity"":1},{""product"":""Candle Orbit 674"",""quantity"":3},{""product"":""Vela Halo 281"",""quantity"":1},{""product"":""Candle Flux 162"",""quantity"":1}]",6966.82,21.09,-37.846242,144.9981,0,6987.91,Autumn,True,3.967,"candle quest 840 has accompanied me to meetings, presentations, and several temporary workspaces. it is easy to carry, starts quickly, and gives slides a clean appearance when connected to a larger screen. the keyboard is comfortable for notes, while the battery has covered ordinary travel days. the touchpad sometimes needs a firmer press than expected, but that is a minor annoyance. overall, it has made working away from my main desk straightforward and productive.",True
CORD001344,CUS00264,2019-11-10,Thompson,"[{""product"":""Candle Flux 162"",""quantity"":1},{""product"":""Vela Core 957"",""quantity"":1},{""product"":""Vela Halo 137"",""quantity"":1}]",2091.65,10.05,-37.795248,144.914021,5,1997.12,Spring,False,3.4906,"candle quest 930 has fitted into our shared home office better than i expected. we use it for administration, forms, email, browsing, and occasional video calls, and compared with the older machine it replaced, the whole routine feels less interrupted. it starts without a long wait, handles several ordinary windows at once, and gives enough screen space for reading a document beside a form. the keyboard is comfortable for longer typing sessions, while the body remains easy enough to move between rooms when the desk is needed for something else. different family members have used it with slightly different habits, which has been a useful test. one person mainly works through correspondence, another uses spreadsheets and online services, and i use it for calls and organising household information. none of those tasks has caused a serious slowdown. compared with relying on a phone or tablet, the larger keyboard and familiar desktop layout make careful data entry much less tiring. the camera and microphone are adequate for meetings, and the speakers make spoken instructions easy to follow. battery performance has suited short sessions away from a desk, although i usually keep the charger nearby for a long afternoon. the fan can become audible when several applications are open, and the finish shows fingerprints more readily than i would prefer. those are minor compromises in a laptop that is otherwise pleasant to share. candle quest 930 also feels less specialised than a heavier work computer, which is an advantage in a household where one device serves several purposes. after several weeks of ownership, i am pleased with its versatility and consider it a strong choice for ordinary home-office administration.",True
CORD001345,CUS00479,2019-11-12,Bakers,"[{""product"":""Candle Edge 392"",""quantity"":1},{""product"":""Candle Orbit 548"",""quantity"":1},{""product"":""Vela Halo 281"",""quantity"":1},{""product"":""Vela Core 957"",""quantity"":1}]",1434.03,23.13,-37.771348,145.0585,5,1385.46,Spring,True,7.0268,"our old network equipment had become the sort of thing nobody wanted to touch, so installing the candle lumen 868 was a relief. the instructions were readable and the initial connection took less time than expected. i placed it near the shared living area, connected the household devices one at a time, and soon had phones, a television, a laptop, and a small printer communicating without the usual arguments about which device had dropped out. what i noticed most over the following two weeks was the lack of drama. several people can be online at once while someone watches a film and another person joins a call. the connection has remained steady across the rooms we normally use, and the indicator lights are restrained rather than glaring at night. when i did need to check the settings, the arrangement was understandable enough that i did not have to keep returning to the manual. restarting after a brief household power interruption was also straightforward. the candle lumen 868 is not exciting equipment, but that is exactly what i wanted. it has made shared access feel ordinary again instead of something that needs daily troubleshooting. i have not tested it in a very large building, and its appearance is plain, but neither point matters in my home. with candle's 24-month warranty and dependable day-to-day behaviour, this has been a worthwhile improvement for a busy household.",True
CORD001346,CUS00482,2019-12-18,Thompson,"[{""product"":""Candle Orbit 548"",""quantity"":1},{""product"":""Candle Lumen 220"",""quantity"":1}]",3785.46,23.05,-37.863987,144.896772,5,3619.24,Summer,True,7.2156,"after several weeks of carrying it between home, work, and presentation rooms, the candle lumen 940 has become my preferred travel laptop. it is light enough to move around without planning for it, yet the body feels solid when opened on a small desk or tray table. documents, browser research, and presentation files all remain responsive during a busy afternoon. the display is comfortable for reviewing slides, and the keyboard has a pleasant amount of movement for longer notes. it also wakes quickly, which matters when a meeting starts unexpectedly. battery life has been strong for my usual travel day, although i still pack the charger for a full schedule. the speakers are ordinary rather than impressive, but that is a minor limitation for a work-focused machine. setup was straightforward and the warranty documentation was easy to keep with my records. the candle lumen 940 has made mobile work feel simpler and more organised.",True
CORD001347,CUS00160,2019-01-04,Bakers,"[{""product"":""Candle Orbit 548"",""quantity"":1},{""product"":""Candle Edge 932"",""quantity"":1}]",1746.55,19.62,-37.802122,145.019558,25,1329.53,Summer,True,2.3095,"candle shift 232 has become a convenient tablet for family learning and shared browsing. we use it for reading activities, looking up questions, and watching short educational material, and the screen is comfortable for more than one person to view. switching between ordinary tasks has remained straightforward, which matters when different family members use it in quick succession. the tablet is light enough to move around the house, and the controls are familiar after only a little practice. it is not intended to replace a full computer for demanding work, but that is not what we need from it. candle shift 232 has encouraged more shared browsing and has made small learning activities easier to start. its simple, responsive behaviour has suited our household very well.",True
CORD001348,CUS00426,2019-05-14,Nickolson,"[{""product"":""Vela Core 957"",""quantity"":1},{""product"":""Candle Orbit 548"",""quantity"":1},{""product"":""Candle Orbit 674"",""quantity"":2},{""product"":""Candle Edge 392"",""quantity"":1}]",1551.41,12.86,-37.88193,144.99949,20,1253.99,Autumn,False,7.5171,"vela wave 913 has become a convenient part of my kitchen and living-room routine because it handles music and spoken content with less effort than the separate speaker and phone arrangement i used before. i can start a playlist or continue a podcast without searching for the phone each time, and the controls are easy to understand after a short period of use. compared with my old setup, the display gives the device a more present role in the room without requiring a complicated entertainment system. for ordinary listening, the sound is pleasant and sufficiently balanced. voices remain understandable when i am preparing food or moving around, while music has enough body for casual background listening. i have moved it between two rooms and found the process less annoying than reconnecting the old speaker. the device also works well for short listening sessions, since i can pause or resume quickly instead of opening several menus. over time, that small convenience has made me use spoken programs more often during chores. it has sensible boundaries. the display is not large enough for a serious viewing experience, and louder music can sound less full than it does through a larger speaker. i also had to place it carefully so nearby activity would not cover the controls. those points matter if the main goal is home cinema or room-filling audio. for music and spoken content in everyday spaces, vela wave 913 compares favourably with my previous arrangement. after 37 days, i value its simple presence and quick access more than i miss the extra volume of the larger equipment.",True
CORD001349,CUS00214,2019-12-06,Bakers,"[{""product"":""Candle Orbit 548"",""quantity"":1},{""product"":""Candle Shift 916"",""quantity"":1},{""product"":""Candle Vista 110"",""quantity"":1},{""product"":""Vela Core 957"",""quantity"":1}]",4202.9,13.83,-37.873247,145.045995,10,3796.44,Summer,False,8.3268,"candle bloom 766 has been used in our shared room for casual games over the last month. it starts without much delay and gives a playable experience for short sessions. the controls are responsive enough for the games we normally choose, and the unit does not take up an unreasonable amount of space beside the television. longer sessions reveal a few limits: the casing becomes warm, and the controls feel less comfortable once several hours have passed. setup was uncomplicated, although switching between users is not particularly elegant. performance has been consistent for lighter games, but i would not expect it to suit demanding titles or someone looking for a premium setup. candle bloom 766 occupies a middle ground. it makes shared, occasional gaming possible and avoids major problems, but its ordinary build and limited comfort keep it from feeling like a complete long-session solution.",True
CORD001350,CUS00130,2019-02-07,Nickolson,"[{""product"":""Candle Flux 162"",""quantity"":1},{""product"":""Candle Vista 110"",""quantity"":2},{""product"":""Vela Nova 753"",""quantity"":1},{""product"":""Vela Halo 281"",""quantity"":1}]",9627.82,24.21,-37.836745,144.963524,0,9637.28,Summer,False,2.0865,"i bought the vela nova 519 before a period of frequent travel because i wanted protective storage for my phone and a few small mobile items. it has been moved through a backpack, a tote, and a crowded side pocket, so it has had more practical use than it would receive sitting in a drawer. the outside has kept its shape, and the contents have stayed together instead of collecting loose at the bottom of the bag. what i appreciate most is the simple separation it provides. i can find the phone quickly, while a cable or small adapter stays in its own area rather than becoming tangled with everything else. at a hotel or a shared workspace, i can place the vela nova 519 on the table and see what i brought without unpacking the whole bag. the interior is not luxurious, but it feels designed for movement and ordinary handling. i have carried it by hand for short walks and packed it into a fuller bag without a problem. there are boundaries to the capacity. if i add too many accessories, the case becomes bulky and the closure feels less convenient. it is better for a small travel kit than for storing every cable i own. i also wish the interior were a little easier to rearrange, since my contents change from one trip to another. those are minor compromises, and they are clearer now that i have used it in several different situations. the vela nova 519 has made packing and unpacking less scattered. i spend less time checking pockets for a charger and less time worrying about the phone rubbing against other objects. the included warranty is a welcome reassurance, while the case itself has already proved useful. for protective mobile storage during travel, it is a tidy, practical solution that i am glad to have bought.",True
CORD001351,CUS00345,2019-09-19,Thompson,"[{""product"":""Vela Halo 281"",""quantity"":1},{""product"":""Candle Orbit 674"",""quantity"":1},{""product"":""Candle Orbit 548"",""quantity"":2}]",1366.94,10.25,-37.81723,144.904538,10,1240.5,Spring,False,3.7703,"the vela core 705 has made room lighting easier to control when i am already settled at my desk or on the sofa. the app responds quickly to ordinary on and off commands, and setting a routine for the evening was straightforward. i can also make a manual change when the weather or my schedule is different. i have used it for a desk lamp, hallway light, and a small routine that turns lights on before i arrive home. the current state is represented clearly, so i do not have to guess whether a command worked. other household members learned the basic controls quickly, which matters more to me than a long list of advanced features. the system is focused on simple lighting rather than elaborate scenes, and that keeps it approachable. vela core 705 has been consistent in ordinary use and has reduced the need to cross the room for small adjustments. it is a modest automation device, but it performs its intended task well.",True
CORD001352,CUS00394,2019-06-21,Thompson,"[{""product"":""Vela Halo 281"",""quantity"":1},{""product"":""Candle Orbit 548"",""quantity"":1},{""product"":""Candle Flux 162"",""quantity"":1},{""product"":""Candle Lumen 220"",""quantity"":1},{""product"":""Candle Orbit 674"",""quantity"":1}]",5700.55,17.97,-37.776449,144.920223,10,5148.47,Winter,False,4.6678,"the candle bloom 784 was placed in a shared room for music playback, but the connection and sound have been inconsistent. different phones require repeated pairing, and one device can interrupt another without a clear warning. playback is audible near the unit, although the sound becomes weak across the room and voices are difficult to distinguish in busy tracks. volume changes are delayed, so people often press the control more than once and then receive several commands together. the casing also feels light and easy to knock from its position. it can play a song when paired correctly, but that basic function is not enough for shared use. the interruptions and poor control response are frustrating. i cannot recommend the candle bloom 784.",False
CORD001353,CUS00042,2019-05-06,Bakers,"[{""product"":""Vela Halo 281"",""quantity"":1},{""product"":""Candle Edge 932"",""quantity"":2},{""product"":""Candle Flux 162"",""quantity"":1},{""product"":""Candle Orbit 674"",""quantity"":1}]",4896.05,10.19,-37.782145,145.025649,15,4171.83,Autumn,False,4.0907,"vela nova 375 has given me a convenient way to check temperature and humidity around the house. i glance at the app before opening windows or adjusting the room, and the readings have remained consistent enough for those everyday decisions. the display takes a moment to refresh after moving between screens, but it has not caused a practical problem. after 39 days, this is a helpful little part of my home routine.",True
CORD001354,CUS00327,2019-05-08,Thompson,"[{""product"":""Candle Lumen 220"",""quantity"":1},{""product"":""Candle Edge 392"",""quantity"":3},{""product"":""Candle Orbit 548"",""quantity"":1}]",4912.71,16.79,-37.877682,144.891781,20,3946.96,Autumn,False,8.7076,"i bought candle vista 974 for video calls and online classes, expecting a practical replacement for an older wireless headset. the comparison was disappointing almost immediately. pairing was awkward, and the connection sometimes dropped after the laptop had been idle. reconnecting meant opening settings again rather than simply continuing a call. my previous headset stayed connected through a full class, while this one produced brief silences that made me ask people to repeat themselves. voice pickup is the biggest problem. in a quiet room my voice reaches the other participants, but it sounds thin and distant. when a fan or another person is nearby, the microphone captures enough background noise to make speech difficult to follow. i tested it during several meetings and received repeated comments that my words were breaking up. the speakers are louder than those on my old headset, yet louder output does not solve the uneven sound. spoken explanations lose detail, and music used between classes has a harsh edge. the fit also compares poorly. after a long lecture, the headband presses against one area and the ear cushions become irritating. controls are small and awkward to find without looking, especially when i need to mute quickly. battery life has been inconsistent, with one session ending sooner than expected and leaving me searching for a cable. candle provides a warranty, but the support instructions did not resolve the connection or microphone faults. the basic audio function operates, but the interruptions, weak microphone, and uncomfortable fit make candle vista 974 a frustrating choice for regular calls.",False
CORD001355,CUS00334,2019-01-08,Nickolson,"[{""product"":""Candle Edge 392"",""quantity"":2},{""product"":""Candle Edge 932"",""quantity"":1}]",2241.98,12.17,-37.86949,144.990485,10,2029.95,Summer,False,5.9503,"candle arc 744 has become the pair of wireless headphones i reach for during long listening sessions at home. over nineteen days i have used it for music, spoken programs, and relaxed evening listening, and the sound remains balanced enough that i can listen for a while without feeling worn out. voices are easy to follow, while music has enough detail to keep it enjoyable at moderate volume. pairing was quick on the first attempt, and reconnecting later has generally happened without fuss. the controls are simple to find by touch, though i occasionally press the wrong one when i am not looking. the ear cushions feel comfortable for my usual sessions, and the headband has not caused pressure during extended use. i did notice that the headphones let in some surrounding sound, so they are less suited to a noisy room than to a quiet home. that is a limitation of the design rather than a fault in everyday listening. candle arc 744 has delivered a pleasant, consistent experience, and i am satisfied with its performance so far.",True
CORD001356,CUS00341,2019-03-31,Thompson,"[{""product"":""Candle Edge 392"",""quantity"":1},{""product"":""Candle Orbit 674"",""quantity"":1},{""product"":""Candle Orbit 548"",""quantity"":1}]",955.88,12.85,-37.877161,144.921831,0,968.73,Autumn,False,7.5054,"candle vista 812 is a convenient tablet for watching media and joining video calls around the home. the screen is comfortable for casual viewing, and the camera and microphone have made family conversations uncomplicated. i like being able to pick it up without carrying a heavy device. the battery needs attention during especially busy days, but normal use has been pleasant and dependable.",True
CORD001357,CUS00111,2019-11-07,Thompson,"[{""product"":""Candle Edge 392"",""quantity"":2},{""product"":""Candle Orbit 674"",""quantity"":2},{""product"":""Vela Halo 137"",""quantity"":3},{""product"":""Candle Orbit 548"",""quantity"":1},{""product"":""Vela Halo 281"",""quantity"":2}]",4996.84,13.02,-37.775065,144.875455,15,4260.33,Spring,False,7.5554,"the vela echo 961 has been used mostly for messages, quick photographs, and sharing images with family. in daylight the camera produces pictures that are clear enough for ordinary memories, and opening the camera from the lock screen is convenient. indoor shots show more softness and require a steady hand, especially when the subject is moving. messaging is dependable, although switching between the camera and a conversation can take a moment. the phone fits comfortably in one hand, but the smooth back makes me cautious when setting it down. it has met my everyday needs without standing out. people wanting casual photos and communication will find it adequate, while photography enthusiasts may notice the limits quickly.",True
CORD001358,CUS00289,2019-01-02,Thompson,"[{""product"":""Candle Orbit 674"",""quantity"":1},{""product"":""Candle Vista 110"",""quantity"":2},{""product"":""Candle Lumen 220"",""quantity"":1}]",7486.63,24.54,-37.789782,144.944725,20,5999.09,Summer,False,2.5537,"candle shift 700 has become my regular machine for portable document work and video meetings. it starts promptly, handles several open documents without hesitation, and keeps my notes, browser windows, and meeting software together in a manageable workspace. the camera and microphone have been clear enough for ordinary conversations, so colleagues have not needed to ask me to repeat myself. i have carried it between rooms and taken it to shared spaces, and the build has remained firm rather than creaking in transit. the keyboard is comfortable for longer written tasks, while the trackpad responds predictably when i am away from my desk. a large collection of windows can make the screen feel busy, but that is easy to manage by closing material i no longer need. candle shift 700 has made remote administration feel organised and has given me a reliable option for meetings away from my main desk.",True
CORD001359,CUS00488,2019-03-31,Thompson,"[{""product"":""Candle Lumen 220"",""quantity"":3},{""product"":""Vela Core 957"",""quantity"":1}]",10859.64,44.21,-37.765681,144.931849,15,9252.9,Autumn,True,5.3937,"the candle shift 556 has performed well during the long desktop gaming sessions i usually have at weekends. controls remain responsive in fast matches, and the design feels sturdy when i move it or adjust my position. heat and noise have stayed reasonable during ordinary play, so the experience does not become distracting after an hour or two. i especially value the consistent performance when switching between different games, since i have not needed to keep changing settings. the included cable arrangement is a little untidy, and the overall shape takes more desk space than expected. those minor complaints are easy to live with. the candle shift 556 has given me a satisfying, stable setup for extended gaming.",True
CORD001360,CUS00499,2019-07-12,Bakers,"[{""product"":""Vela Halo 281"",""quantity"":1},{""product"":""Candle Orbit 674"",""quantity"":1},{""product"":""Candle Flux 162"",""quantity"":1},{""product"":""Candle Lumen 220"",""quantity"":1}]",5444.48,12.27,-37.809667,145.02564,25,4095.63,Winter,False,2.6716,"vela pulse 271 has been used for calendar management, messages, and work calls. the calendar opens quickly and calls remain understandable in ordinary indoor conditions. the battery needs attention on busy days, especially when the screen stays active between meetings. photos are acceptable for documents but less convincing in dim rooms. it has supported my routine without a major failure, yet the average battery and camera keep it from being more than a middle-of-the-road phone.",True
CORD001361,CUS00164,2019-11-23,Thompson,"[{""product"":""Candle Edge 392"",""quantity"":1},{""product"":""Candle Orbit 548"",""quantity"":1},{""product"":""Vela Core 957"",""quantity"":1},{""product"":""Vela Nova 753"",""quantity"":2},{""product"":""Candle Vista 110"",""quantity"":1}]",11527.1,22.58,-37.844462,144.887998,15,9820.61,Spring,True,6.2778,"the candle arc 348 has helped remove a weak coverage spot between my study and the back rooms. i placed it where the existing signal was still usable, and devices farther away now connect with much less interruption. video calls in the study have stayed steadier, while phones and tablets can move around the house without needing constant manual attention. the setup instructions were clear enough for me to complete the process without outside help. i have also moved the unit once to find a better position, and reconnecting it was uncomplicated. the indicator light is brighter than i would prefer at night, so i covered it rather than changing my room arrangement. performance naturally depends on placement and the surrounding walls, but within my home it has made a noticeable difference. the candle arc 348 is a practical way to extend coverage between rooms without making network management feel complicated.",True
CORD001362,CUS00320,2019-03-06,Thompson,"[{""product"":""Vela Core 957"",""quantity"":1},{""product"":""Vela Halo 281"",""quantity"":1},{""product"":""Candle Orbit 548"",""quantity"":1},{""product"":""Candle Shift 916"",""quantity"":2}]",4775.82,13.3,-37.743519,144.91876,5,4550.33,Autumn,False,8.0821,"vela ridge 617 has fitted neatly into my walking and commuting routine. notifications appear quickly, the time is easy to read during a glance, and the band stays comfortable when worn for several hours. the companion setup was uncomplicated, and charging does not take much planning. bright sunlight makes the display less visible, which is the main limitation i have noticed. otherwise, it is a practical and dependable daily wearable.",True
CORD001363,CUS00188,2019-07-11,Thompson,"[{""product"":""Vela Core 957"",""quantity"":2},{""product"":""Candle Flux 162"",""quantity"":1},{""product"":""Candle Edge 392"",""quantity"":2}]",2354.73,13.35,-37.816781,144.902519,20,1897.13,Winter,False,3.94,"i have worn vela core 1047 for about twenty days, using it mainly for habit reminders and checking the time during ordinary routines. the lightweight design is comfortable, and the display is clear enough for a quick glance while walking or working. setting a reminder was straightforward, and the alerts have helped me remember small tasks without reaching for my phone. timekeeping has remained consistent, which is the part i use most often. the device feels more limited when i try to manage several reminders or review older activity. the menus require a few extra taps, and the small screen is not ideal for reading longer information. one reminder did not appear until i reopened the connected application, so i still keep important tasks elsewhere. vela core 1047 is a pleasant basic wearable for time checks and occasional prompts. it does those jobs with little fuss, but the cramped interface and one delayed alert leave it feeling more suitable for simple routines than detailed daily planning.",True
CORD001364,CUS00283,2019-04-25,Bakers,"[{""product"":""Candle Orbit 548"",""quantity"":1},{""product"":""Candle Edge 392"",""quantity"":1},{""product"":""Candle Flux 162"",""quantity"":1},{""product"":""Vela Core 957"",""quantity"":2}]",2235.05,23.38,-37.750169,145.016195,15,1923.17,Autumn,True,6.9029,"vela core 183 has been used in the living room for casual gaming, where its main advantage is fitting into a shared space without making the room feel like a dedicated gaming area. the display is easy to see from the sofa and from the side chairs, so people can watch without sitting directly in front of it. compared with a smaller personal screen, it makes group play more sociable. compared with a purpose-built gaming arrangement, however, it feels less focused and offers fewer reasons to use it for long sessions. the basic controls have remained responsive, and starting a short game has been uncomplicated. i noticed that the living-room setting creates its own compromises. someone may pause the game to adjust the room or start another activity, and the display is also used for ordinary viewing, so it does not always feel dedicated to one purpose. the unit has handled repeated switching between those uses without any obvious problem. its size is helpful for shared play, but the brightness and reflections in the room can affect the experience depending on where people sit. vela core 183 is therefore a moderate option rather than an outstanding one. it is more inviting than a small monitor for occasional group gaming, while a specialised setup would suit someone who values uninterrupted sessions. i am satisfied with its role in the living room, provided expectations remain casual and flexible.",True
CORD001365,CUS00106,2019-04-08,Bakers,"[{""product"":""Candle Orbit 548"",""quantity"":1},{""product"":""Vela Core 957"",""quantity"":1},{""product"":""Candle Orbit 674"",""quantity"":1},{""product"":""Candle Flux 162"",""quantity"":1}]",1911.89,9.63,-37.782916,144.977965,20,1539.14,Autumn,False,3.3718,"vela atlas 629 has made a small but persistent desk problem much easier to manage. before using it, my charging cables collected beside the power outlet, slipped behind the desk, and became tangled whenever i needed one. i compared this organiser with a simple loose tray and found that vela atlas 629 keeps each cable in a more predictable position. it takes only a moment to place a cable back, which means the desk stays orderly even on busy mornings. i have used it for the cables connected to my phone, tablet, and headphones, changing the arrangement as devices move around the room. the openings hold the cables without making them difficult to remove, and the organiser has stayed in place during ordinary handling. the material feels sufficiently firm for daily use, while the shape does not take over the available workspace. a tray can hide several cables, but it still leaves them crossing over one another; this design makes individual leads easier to identify before i unplug anything. the capacity is limited if someone wants to store a large collection in one spot, and very thick cable ends need a little patience when being positioned. for my everyday set, those limitations are minor. vela atlas 629 is more convenient than leaving cables loose and more accessible than putting them in a drawer. it has improved the appearance of my desk and removed an irritating little task from my routine, so i am pleased with the purchase.",True
CORD001366,CUS00143,2019-06-14,Nickolson,"[{""product"":""Vela Nova 753"",""quantity"":1},{""product"":""Candle Orbit 674"",""quantity"":1},{""product"":""Vela Halo 137"",""quantity"":1}]",5487.56,16.55,-37.887266,144.957861,5,5229.73,Winter,False,7.7045,"i bought vela nova 429 because charging leads had begun collecting in a drawer and on the edge of my desk. the accessory is compact, so placing it beside the socket did not require rearranging anything. i could separate the cables i use every day and keep the less frequently used ones behind them. that simple change made the area look calmer, although the organiser holds fewer thicker leads than i first expected. during the first week, i tried it with phone, tablet, and headphone cables. slimmer cables stayed in their channels without much movement, while a heavier lead occasionally pulled free when i lifted the device from the desk. the material has enough firmness to keep its shape, and the base does not slide much on the surface. it is not a complicated item, but the usefulness depends on placing it where the cables naturally arrive. when i moved it to a lower shelf, reaching the connectors became awkward and the tidy effect was reduced. after 41 days, the channels have not stretched and the finish still looks clean. vela nova 429 has solved the specific problem of loose everyday cables, though it has not replaced a larger storage box for spare accessories. i appreciate that it needs no setup and takes very little room. my view is mixed in a practical way: it is a neat solution for a small group of light cables, but the limited capacity and weaker grip on thick ones should be considered before buying. for my desk, it remains useful enough to keep.",True
CORD001367,CUS00483,2019-01-16,Thompson,"[{""product"":""Candle Vista 110"",""quantity"":2},{""product"":""Candle Edge 932"",""quantity"":1},{""product"":""Candle Orbit 674"",""quantity"":2},{""product"":""Candle Edge 392"",""quantity"":1}]",6147.53,24.56,-37.860412,144.90408,15,5249.96,Summer,True,6.5139,"vela core 687 was purchased for calendar alerts and quick message checks, but notifications are unreliable. some reminders appear long after the scheduled time, while messages occasionally fail to show until the watch is opened manually. the small display makes longer text awkward to read, and the vibration is easy to miss in a busy room. it shows information when prompted, but delayed alerts and weak visibility make it a frustrating daily accessory.",False
CORD001368,CUS00265,2019-07-27,Bakers,"[{""product"":""Candle Orbit 548"",""quantity"":1}]",256.07,20.52,-37.804671,145.052034,15,231.93,Winter,False,5.0252,"candle flux 990 has handled travel documents, presentations, and meeting notes without slowing me down. it is manageable to carry, starts promptly, and the keyboard feels comfortable when i write on the move. the screen has remained easy to follow in different offices. the trackpad was a little sensitive until i changed its setting. overall, it has been a capable, pleasant laptop for regular travel-based work.",True
CORD001369,CUS00081,2019-03-28,Thompson,"[{""product"":""Candle Edge 392"",""quantity"":1},{""product"":""Candle Vista 110"",""quantity"":1},{""product"":""Candle Edge 932"",""quantity"":1},{""product"":""Candle Flux 162"",""quantity"":1}]",4743.11,25.6,-37.8869,144.88799,5,4531.55,Autumn,True,9.7484,"the vela halo 731 has served as my travel phone for navigation, reading, and media, and its strengths become clearer away from my usual routine. maps are comfortable to view, the battery handled long periods of checking directions, and downloaded programs were convenient during stretches with limited connection. compared with my older handset, the vela halo 731 feels quicker when moving between maps and messages. compared with a newer high-end phone used by a companion, it takes a little longer to open heavier media and does not feel as polished in every interaction. the larger screen is useful for planning a route or watching a short program, but it makes one-handed use less comfortable while walking. calls and messages worked as expected, and the interface was familiar enough that i did not spend much time learning it. i found the storage arrangement less obvious than expected, especially when deciding where downloaded media should be kept. that is a small inconvenience at home but more noticeable when preparing for travel. the camera produced usable snapshots in daylight, while indoor results were less consistent and did not always capture fine detail. the vela halo 731 remained comfortable to hold during a long train journey, though the smooth body made a case feel necessary. it is a sensible option for planning trips and consuming media without reaching for a tablet. i would not describe it as the fastest or most refined phone available, but it balances screen space, battery endurance, and ordinary communication in a way that suits moderate travellers.",True
CORD001370,CUS00491,2019-09-01,Thompson,"[{""product"":""Vela Core 957"",""quantity"":1},{""product"":""Candle Vista 110"",""quantity"":3},{""product"":""Candle Orbit 674"",""quantity"":2},{""product"":""Candle Edge 392"",""quantity"":1},{""product"":""Vela Nova 753"",""quantity"":2}]",15552.33,13.34,-37.758527,144.887193,20,12455.2,Spring,False,7.996,"candle vista 974 has become part of my study setup for online classes and video calls. voices come through clearly enough that i can follow discussions without repeatedly asking people to speak again, and the audio remains consistent during longer sessions. i have also used it for informal calls with family, where the conversation feels natural rather than distant. pairing it with my devices was uncomplicated, and reconnecting later has generally been quick. the controls are easy to reach while i am taking notes, which saves me from interrupting a meeting. i needed a little time to find the most comfortable position for extended use, but after that adjustment it has been pleasant to wear. music is not its main purpose for me, yet ordinary background listening is perfectly acceptable. candle vista 974 has handled my daily calls and classes with dependable results, and it has removed a recurring source of distraction from remote study.",True
CORD001371,CUS00359,2019-06-15,Thompson,"[{""product"":""Candle Lumen 220"",""quantity"":2},{""product"":""Vela Nova 753"",""quantity"":1},{""product"":""Vela Halo 281"",""quantity"":1},{""product"":""Candle Orbit 674"",""quantity"":3}]",12965.31,14.58,-37.769186,144.920108,15,11035.09,Winter,False,5.3847,"vela spark 819 has kept my mobile equipment organised during several trips and ordinary commutes. the case has enough structure to prevent loose items from being crushed in a bag, while the interior makes it easy to separate the device from its charging accessories. i can find what i need without emptying everything onto a table, which is especially helpful in shared transport or temporary workspaces. the outer material has handled being placed beside books and clothing without showing immediate wear. its shape takes up a little more room than a soft pouch, and the storage is not intended for every possible accessory. for the items it fits, however, vela spark 819 offers reassuring protection and a tidy way to carry them.",True
CORD001372,CUS00268,2019-08-19,Bakers,"[{""product"":""Candle Flux 162"",""quantity"":1},{""product"":""Vela Core 957"",""quantity"":3},{""product"":""Candle Vista 110"",""quantity"":2},{""product"":""Vela Halo 137"",""quantity"":2},{""product"":""Candle Edge 932"",""quantity"":1}]",8518.14,26.08,-37.815725,145.0358,5,8118.31,Winter,True,3.6202,"the candle quest 516 has worked well for casual gaming in our shared room. we wanted something that could be enjoyed in short sessions without taking over the space or requiring a complicated arrangement. connecting it was straightforward, and the controls became comfortable after a little practice. different people in the household have been able to pick it up and play, which is more important to us than having every advanced feature available. our usual sessions happen after dinner or on a quiet weekend afternoon. the hardware responds promptly during the games we play, and the display remains easy to follow from the seating area. i appreciate that starting a game does not involve a long sequence of settings. the unit also fits neatly beside the other entertainment equipment, and the controls can be put away when the room needs to serve another purpose. longer sessions make the controls feel slightly firm, and the selection is better suited to relaxed play than to someone seeking a demanding specialist setup. the candle quest 516 has brought more shared time into the room without creating arguments about complicated rules or equipment. guests have been able to join in quickly, and younger family members enjoy the sense of progress in the simpler games. it is not designed for every gaming style, but that matches what we wanted. for casual entertainment in a shared room, it is approachable, responsive, and enjoyable. after using it regularly, i would happily keep it as part of our evening routine.",True
CORD001373,CUS00452,2019-03-17,Nickolson,"[{""product"":""Candle Lumen 220"",""quantity"":3},{""product"":""Candle Flux 162"",""quantity"":1},{""product"":""Candle Shift 916"",""quantity"":1},{""product"":""Vela Core 957"",""quantity"":1}]",13778.7,11.56,-37.866782,144.996122,10,12412.39,Autumn,False,5.8441,"the vela spark 495 has made our blind and curtain routines more adaptable than the fixed arrangements we used before. i set it to open and close at different points in the day, then adjust the routine when our schedule changes. compared with doing everything manually, it saves a surprising number of small interruptions. compared with a simple timer, it is better suited to days when nobody follows exactly the same pattern. the first setup took some thought because i wanted the movements to suit the rooms rather than happen all at once. once the routines were arranged, the app controls were clear enough for other household members to use. i have changed the schedule for weekends, left one room outside the routine, and made occasional manual adjustments when the weather or our plans changed. the system has remained useful because it allows those exceptions instead of forcing one rigid pattern. it is not a perfect replacement for hands-on control. the app is unnecessary when i am already beside the window, and a person with only one blind may not find automation worthwhile. the mechanism also needs sensible placement and a little attention during setup. even with those limitations, the vela spark 495 compares favourably with a timer and is less disruptive than repeatedly adjusting everything by hand. it gives the house a more flexible rhythm without demanding constant supervision, which is the reason it has stayed in use rather than becoming another abandoned gadget.",True
CORD001374,CUS00030,2019-12-24,Thompson,"[{""product"":""Vela Halo 281"",""quantity"":1},{""product"":""Candle Orbit 548"",""quantity"":1},{""product"":""Candle Vista 110"",""quantity"":2}]",4419.99,11.39,-37.832567,144.897941,20,3547.38,Summer,False,4.8491,"vela pulse 397 has fitted neatly into my day for habit reminders and quick time checks. the screen is readable, alerts are noticeable, and the basic controls are easy to understand. wearing it for a full day can become less comfortable, while changing a reminder takes more taps than it should. it is a pleasant, focused wearable for simple routines, although anyone seeking extensive features may find it limited.",True
CORD001375,CUS00117,2019-06-20,Thompson,"[{""product"":""Candle Orbit 674"",""quantity"":2},{""product"":""Candle Edge 392"",""quantity"":1},{""product"":""Candle Shift 916"",""quantity"":1},{""product"":""Vela Nova 753"",""quantity"":2},{""product"":""Vela Halo 281"",""quantity"":1}]",12220.6,28.35,-37.756736,144.957926,5,11637.92,Winter,True,6.2927,"i have worn vela core 777 during regular exercise sessions for more than a month, using it mainly to review what i did afterward rather than to watch every moment while moving. compared with the basic tracker i owned previously, the summaries are easier to scan at the end of a session. i can quickly see whether a short walk, home workout, or longer outdoor activity felt consistent with my memory of the effort. that makes the device helpful without turning exercise into a constant search for numbers. the wearable is light enough that i generally stop noticing it once a session begins. its surface has stayed readable in the different indoor spaces where i exercise, and the controls have not become awkward when my hands are warm. after a session, the record gives me a useful prompt to think about duration and pace in broad terms. i value that simple reflection more than a crowded display filled with details i would not know how to use. i compared it with a phone-based activity record. the phone can capture a walk, but carrying it is inconvenient during floor exercises and it is easy to forget to start the record. vela core 777 is more immediate for that reason. on the other hand, the phone remains better for reviewing notes and viewing a longer history, so i still use both. the wearable is not a substitute for careful personal judgement, and its session summary is most helpful when i remember to begin and end the activity properly. over several weeks, the strap has remained secure during ordinary movement and the casing has not shown anything beyond minor everyday wear. i have not needed the support or warranty service. the main compromise is that the display feels small when i want to check it while moving quickly, but that is a minor issue for my use. vela core 777 gives me a clearer routine than my old tracker and a more convenient record than my phone alone, so i am pleased with the purchase.",True
CORD001376,CUS00479,2019-08-03,Bakers,"[{""product"":""Candle Orbit 674"",""quantity"":1},{""product"":""Vela Core 957"",""quantity"":1},{""product"":""Candle Lumen 220"",""quantity"":1},{""product"":""Candle Orbit 548"",""quantity"":2}]",4637.06,28.97,-37.771348,145.0585,5,4434.18,Winter,True,7.0268,"our old network equipment had become the sort of thing nobody wanted to touch, so installing the candle lumen 868 was a relief. the instructions were readable and the initial connection took less time than expected. i placed it near the shared living area, connected the household devices one at a time, and soon had phones, a television, a laptop, and a small printer communicating without the usual arguments about which device had dropped out. what i noticed most over the following two weeks was the lack of drama. several people can be online at once while someone watches a film and another person joins a call. the connection has remained steady across the rooms we normally use, and the indicator lights are restrained rather than glaring at night. when i did need to check the settings, the arrangement was understandable enough that i did not have to keep returning to the manual. restarting after a brief household power interruption was also straightforward. the candle lumen 868 is not exciting equipment, but that is exactly what i wanted. it has made shared access feel ordinary again instead of something that needs daily troubleshooting. i have not tested it in a very large building, and its appearance is plain, but neither point matters in my home. with candle's 24-month warranty and dependable day-to-day behaviour, this has been a worthwhile improvement for a busy household.",True
CORD001377,CUS00077,2019-05-23,Thompson,"[{""product"":""Vela Core 957"",""quantity"":1},{""product"":""Candle Orbit 548"",""quantity"":1},{""product"":""Vela Halo 281"",""quantity"":1}]",1058.28,18.9,-37.796335,144.918838,10,961.85,Autumn,False,3.0744,"candle flux 288 has been a useful step up from the simpler network equipment i used previously. my main needs were a separate guest network and a manageable way to keep track of household devices, and it handles both without making routine changes feel mysterious. compared with a basic connection box, the controls give me a clearer view of what is connected and make it easier to keep visitors on their own access route. the guest arrangement has been particularly convenient when people visit. i can provide access without folding every device into the main household setup, and the separation feels more orderly than changing one shared password. candle flux 288 also makes everyday management less tiring. i can recognise the devices i expect to see, notice when something has changed, and make small adjustments without searching through an overly complicated system. there are more advanced networking units available for someone managing a large or highly technical environment. for an ordinary home, that extra complexity would not necessarily improve the experience. candle flux 288 gives me enough control to keep the network organised while remaining approachable when i only need to check a setting. compared with my old equipment, it has reduced the amount of guesswork involved in guest access and device management. the connection has stayed steady, and the clearer administration is the feature i value most.",True
CORD001378,CUS00488,2019-04-03,Thompson,"[{""product"":""Vela Halo 281"",""quantity"":1},{""product"":""Candle Orbit 548"",""quantity"":1},{""product"":""Vela Nova 753"",""quantity"":1}]",5190.42,11.21,-37.765681,144.931849,15,4423.07,Autumn,False,5.3937,"the candle shift 556 has performed well during the long desktop gaming sessions i usually have at weekends. controls remain responsive in fast matches, and the design feels sturdy when i move it or adjust my position. heat and noise have stayed reasonable during ordinary play, so the experience does not become distracting after an hour or two. i especially value the consistent performance when switching between different games, since i have not needed to keep changing settings. the included cable arrangement is a little untidy, and the overall shape takes more desk space than expected. those minor complaints are easy to live with. the candle shift 556 has given me a satisfying, stable setup for extended gaming.",True
CORD001379,CUS00281,2019-09-18,Bakers,"[{""product"":""Candle Orbit 674"",""quantity"":1}]",324.06,21.79,-37.824708,145.051394,5,329.65,Spring,True,5.1975,"candle orbit 224 has been especially useful for online classes and video calls. voices come through clearly enough that i can follow a discussion without repeatedly asking people to speak up, and the microphone has given others a consistent impression of my voice. pairing took little time, and the connection has remained steady while i move around my desk. it is comfortable for a full lecture and does not press unpleasantly after extended use. music sounds balanced for casual listening, though the presentation is not especially powerful. the controls are small but become familiar quickly. over several months, i have used it for classes, work meetings, and occasional podcasts with few interruptions. candle orbit 224 is a practical audio device that reduces the strain of remote communication and performs its main job reliably.",True
CORD001380,CUS00222,2019-04-06,Bakers,"[{""product"":""Vela Halo 281"",""quantity"":1},{""product"":""Vela Nova 753"",""quantity"":1},{""product"":""Candle Flux 162"",""quantity"":1},{""product"":""Candle Orbit 548"",""quantity"":3},{""product"":""Candle Edge 392"",""quantity"":1}]",7138.6,12.48,-37.748132,144.979287,20,5723.36,Autumn,False,7.0202,"i compared vela core 183 with the older living-room display it replaced, mainly for casual gaming and shared viewing. the new screen makes games feel more immediate, and the picture remains easy to follow when several people are sitting at different angles. menus are simple enough for guests to understand without a long explanation. for our usual evening sessions, it has been a noticeable improvement over the previous display, which often made the room feel less inviting because everyone had to sit directly in front of it. the best part is its flexibility. one person can play while others watch, and changing between a game and ordinary viewing does not turn into a technical discussion. the sound is acceptable for casual use, though we sometimes use separate speakers when we want fuller audio. it also takes a little time to adjust the picture for different games, so i would not describe it as completely effortless. those are manageable details rather than reasons to return to the old screen, which had a less pleasant viewing experience and more awkward controls. vela core 183 suits the way our household actually uses a display. a specialised gaming setup could offer more advanced control, but that would not necessarily work as well in a shared room. after regular use, i appreciate the readable picture, straightforward switching, and ability to support short sessions without fuss. it is not the most elaborate entertainment system, but compared with my former display it offers a more enjoyable and practical balance for casual living-room gaming.",True
CORD001381,CUS00161,2019-08-23,Thompson,"[{""product"":""Vela Core 957"",""quantity"":1},{""product"":""Candle Flux 162"",""quantity"":1},{""product"":""Candle Orbit 548"",""quantity"":1}]",1587.83,18.14,-37.744568,144.880354,0,1605.97,Winter,False,9.5775,"candle vista 650 suits the way i divide my work between documents, video meetings, and different rooms around the house. my previous laptop was acceptable at a fixed desk but became frustrating when i carried it around, mainly because it felt cumbersome and took time to recover when several work windows were open. the vista feels easier to live with. documents open promptly, moving between notes and a meeting screen is uncomplicated, and i can continue writing without waiting after a call ends. the keyboard has enough travel for regular typing, and the screen is comfortable for reading messages and reviewing shared material. during meetings, the camera and microphone have been clear enough for ordinary conversations, so i have not needed to repeat myself as often as i did with the older machine. i usually work with headphones when the room is busy, since the built-in sound is merely adequate. the casing also picks up a few marks from travel, but that is cosmetic and has not affected daily use. i compared candle vista 650 with a heavier office laptop that belongs to a family member. the older computer has a larger working area, yet it is inconvenient to move and feels slower when i keep documents, browser pages, and meeting software open together. the vista offers a better balance for portable document work. it is not intended to replace a desktop for unusually demanding tasks, but it gives me a dependable, manageable setup for the work i actually do. the longer warranty is another reassuring part of the purchase.",True
CORD001382,CUS00053,2019-07-25,Thompson,"[{""product"":""Candle Orbit 674"",""quantity"":1},{""product"":""Candle Flux 162"",""quantity"":1}]",1384.35,15.33,-37.798802,144.944108,15,1192.03,Winter,False,1.5642,"i bought vela wave 715 for scheduled control of a household power outlet, mainly so an appliance could follow a routine without someone remembering every switch. the first schedule was awkward to create. the control screen took several attempts to save the selected time, and the displayed state did not always match the physical outlet. i had to check the outlet manually because the application gave no dependable confirmation. for a short period the routine appeared to run, then the failures began. one scheduled switch happened late, while another did not happen at all. a manual command usually changed the outlet, but it sometimes took long enough to make me press the control again. that created uncertainty about whether the outlet was already active. the repeated checking removed the purpose of using an automated control in the first place. power interruptions made the situation worse. after the connection returned, vela wave 715 sometimes forgot the schedule and sometimes showed it as active without following it. i rebuilt the routine, restarted the unit, and checked the application permissions, but the same unreliable behaviour returned. the outlet itself could be controlled, yet the timing feature that mattered most remained inconsistent. the casing and button are ordinary, but physical operation is not the reason i purchased this device. i needed scheduled control that could be trusted without supervision. instead, vela wave 715 caused missed routines, confusing status reports, and unnecessary visits to the outlet. after 23 days, the product feels frustrating and poorly suited to household automation, so i cannot recommend it.",False
CORD001383,CUS00413,2019-06-27,Nickolson,"[{""product"":""Candle Orbit 548"",""quantity"":1},{""product"":""Vela Halo 281"",""quantity"":1},{""product"":""Candle Edge 392"",""quantity"":1}]",1162.56,29.14,-37.875253,145.009878,10,1075.44,Winter,True,7.227,"candle vista 488 has helped me manage a busy home network without making routine changes feel difficult. i created a separate guest network quickly, and visitors have been able to connect without seeing the household devices. the device list is also useful when i want to check what is currently online or remove something i no longer recognise. coverage has remained steady across the rooms where we use phones, laptops and a television. i spent a little time learning where the management options were located, but the layout became familiar after that first setup. the unit is larger than some alternatives, although it sits neatly on a shelf. candle vista 488 has given me clearer control over shared access and has kept everyday connections running smoothly.",True
CORD001384,CUS00192,2019-05-29,Thompson,"[{""product"":""Candle Flux 162"",""quantity"":1},{""product"":""Candle Lumen 220"",""quantity"":2},{""product"":""Candle Edge 932"",""quantity"":1}]",9609.55,23.75,-37.835383,144.919018,0,9633.3,Autumn,True,3.528,"i bought candle bloom 370 for creative projects and occasional media editing, expecting it to handle a mixture of writing, images, and video work. the first setup took longer than it should have because updates interrupted the process more than once. basic browsing was possible, but the machine became sluggish as soon as several applications were open. windows took a long time to appear, and switching between editing tasks produced repeated pauses that broke my concentration. during a longer editing session, the fan became loud and the case grew uncomfortably warm near the keyboard. previewing a project led to stuttering, and exporting left the laptop unresponsive for several minutes. i had to save repeatedly because the software froze without warning. the display showed the material, but its limited viewing angle made colour decisions difficult when i shifted in my chair. these issues were not occasional annoyances; they kept returning throughout the month. the keyboard has a shallow, hollow feel, and the touchpad sometimes ignored a deliberate click. battery use was also disappointing during demanding work, forcing me to remain near an outlet. candle bloom 370 can perform simple office tasks, but that basic function does not make it suitable for creative projects and media editing. the long warranty cannot compensate for the poor performance, heat, noise, and unreliable workflow. i regret choosing this laptop and would avoid it for demanding work.",False
CORD001385,CUS00315,2019-03-24,Thompson,"[{""product"":""Candle Edge 392"",""quantity"":1},{""product"":""Candle Orbit 674"",""quantity"":1},{""product"":""Candle Orbit 548"",""quantity"":1},{""product"":""Candle Flux 162"",""quantity"":1}]",2016.17,9.17,-37.787776,144.944464,10,1823.72,Autumn,False,2.7779,"before installing candle quest 948, the connection in the back room was noticeably weaker than in the rest of the house. i placed the unit between the main router and that room, then spent some time finding a position that was close enough to the existing signal while still helping the distant area. the setup instructions were clear, and the indicators made it easier to understand whether i had placed it sensibly. once i moved it away from a crowded shelf, the connection settled and the improvement became apparent during ordinary use. i have since used the extended coverage for video calls, browsing, music, and a television in the far room. the connection has remained much more even as i move through the house, and i no longer have to stand in one particular doorway to send a message or load a page. a demanding stream can still slow when several people are using the network at once, so the unit is not a complete answer to every busy period. for normal household activity, however, it has removed the dead spot that prompted the purchase. the compact casing does not take much space, and the lights can be seen without being distracting. i have restarted the equipment a few times while changing other network settings, and candle quest 948 returned to service without a complicated process. its performance has been steady over the ownership period, and the household has stopped treating the back room as an unreliable part of the network. it is a practical solution for extending coverage between rooms, with simple placement and useful results.",True
CORD001386,CUS00203,2019-10-26,Nickolson,"[{""product"":""Candle Flux 162"",""quantity"":2}]",2120.58,20.9,-37.854223,144.972795,25,1611.34,Spring,True,3.9719,"vela pulse 1099 has been used in a shared workspace to hold a phone during calls, reference reading, and short recordings. the adjustable support makes it possible to raise the screen and keep both hands free, which is useful when several people need to see the same information. the base stays in place on my desk, and adjusting the angle is quick once the preferred position is found. it has also made charging while viewing the screen less awkward. the stand is not equally accommodating with every case or device shape. a thicker case reduces the range of adjustment, and the hinge needs to be tightened carefully if the screen is touched often. at its highest position the setup feels less secure, especially when the desk is bumped. it takes more space than a simple flat holder, which matters in a crowded shared area. vela pulse 1099 is a useful hands-free support for a settled desk arrangement. it improves viewing and call posture in the right position, but the limited adjustment under load and larger footprint make it less universal than it first appears.",True
CORD001387,CUS00409,2019-01-07,Thompson,"[{""product"":""Vela Halo 137"",""quantity"":1},{""product"":""Candle Flux 162"",""quantity"":1},{""product"":""Vela Core 957"",""quantity"":1},{""product"":""Vela Nova 753"",""quantity"":1}]",6495.26,44.98,-37.863281,144.897514,5,6193.48,Summer,True,7.1137,"the vela wave 463 has become a useful addition to our living space for music and spoken-content playback. it starts without fuss, and spoken programmes remain easy to follow while i am doing other things nearby. music has a pleasant balance at the moderate volume levels we usually use, and the controls are accessible when someone wants to pause or change what is playing. several people in the household have used it without needing repeated instructions. the unit is compact enough for a shelf, although the display is not ideal for reading detailed information from across the room. that is a small inconvenience in an otherwise consistent experience. after regular ownership, the vela wave 463 has proved enjoyable and dependable for shared listening.",True
CORD001388,CUS00135,2019-12-07,Bakers,"[{""product"":""Candle Shift 916"",""quantity"":2},{""product"":""Vela Halo 281"",""quantity"":1},{""product"":""Vela Core 957"",""quantity"":1},{""product"":""Candle Lumen 220"",""quantity"":1},{""product"":""Candle Orbit 548"",""quantity"":1}]",8305.21,9.16,-37.824436,145.000201,0,8314.37,Summer,False,1.6639,"the candle edge 1076 has made competitive play and voice communication more organised than my previous collection of loosely connected accessories. after 38 days, i have used it for regular matches, team conversations, and longer sessions with friends. the controls are easy to reach without pulling attention away from the game, and voice communication has remained clear enough for quick instructions. compared with switching between separate devices, the whole arrangement feels more coherent. the candle edge 1076 also compares well with using a general computer setup for everything. it gives the gaming area a clear centre, keeps the cables manageable, and makes it simple to adjust the balance between game sound and conversation. friends joining a session have understood the basic controls quickly, which avoids the long pauses that used to occur while someone searched through menus. the casing has stayed firm on the desk despite regular handling. it is not a complete answer for every competitive player. people who want extensive customisation may find the available controls limited, and the unit occupies noticeable space beside a monitor. i also needed a few sessions to settle on settings that suited different games. once adjusted, though, the candle edge 1076 has been dependable and pleasant to use. the 24-month warranty adds reassurance for frequently used gaming hardware. compared with my earlier improvised setup, it provides a cleaner, more consistent experience and has made team sessions easier to manage.",True
CORD001389,CUS00241,2019-05-15,Nickolson,"[{""product"":""Candle Flux 162"",""quantity"":1},{""product"":""Candle Orbit 548"",""quantity"":1},{""product"":""Candle Vista 110"",""quantity"":1},{""product"":""Candle Orbit 674"",""quantity"":1},{""product"":""Vela Nova 753"",""quantity"":1}]",7860.62,8.63,-37.831472,144.95225,5,7476.22,Autumn,False,2.0879,"candle arc 456 has been used for extended desktop gaming sessions, including quieter strategy games and more active play. the controls are comfortable over several hours, and the layout became familiar without much adjustment. starting games and moving through menus felt responsive, while the unit remained stable on the desk. i also appreciated that the surrounding setup did not need repeated rearrangement between sessions. for ordinary play, it has provided a consistent and reasonably comfortable experience. after a long session, the casing becomes warm and the fan is noticeable in a quiet room. the surface can also collect marks, and cleaning around the controls takes care. during busy scenes there are occasional brief pauses, although they have not prevented normal play. candle arc 456 is a balanced desktop gaming device: comfortable enough for regular use and capable in common situations, but not entirely free of thermal or performance compromises.",True
CORD001390,CUS00239,2019-03-01,Thompson,"[{""product"":""Vela Halo 281"",""quantity"":1},{""product"":""Candle Orbit 674"",""quantity"":1},{""product"":""Candle Lumen 220"",""quantity"":1},{""product"":""Vela Core 957"",""quantity"":1}]",4655.66,11.83,-37.822685,144.923514,5,4434.71,Autumn,False,2.3496,"i compared candle arc 204 with the wireless headphones i had been using during commutes and spoken-content listening. pairing was possible, but the connection dropped whenever i put the phone in a coat pocket or moved through a crowded station. playback then paused until i opened the phone and reconnected. my previous headphones were not impressive in appearance, but they maintained a usable link through the same journey. spoken content exposed the poor sound balance. voices were quiet while nearby traffic and low background noise remained prominent, so i had to raise the volume and still missed parts of conversations and podcasts. the controls were difficult to locate by touch, and pressing the wrong area often skipped forward. after extended use the ear pieces became uncomfortable, especially when i was carrying a bag and adjusting them repeatedly. these problems made an ordinary commute tiring. the headphones charged and produced sound when the connection stayed active, but that basic operation was not enough. battery level also fell unpredictably, leaving no confidence that they would last through a return trip. i reset the pairing and tried a different device, with the same dropouts and weak speech clarity. compared with the headphones they replaced, candle arc 204 is unreliable, awkward, and frustrating for travel. i cannot recommend it for regular commuting or spoken-content listening.",False
CORD001391,CUS00328,2019-12-23,Thompson,"[{""product"":""Candle Lumen 220"",""quantity"":1},{""product"":""Candle Orbit 674"",""quantity"":1},{""product"":""Candle Edge 392"",""quantity"":1},{""product"":""Candle Flux 162"",""quantity"":1},{""product"":""Candle Orbit 548"",""quantity"":1}]",5545.56,13.81,-37.756552,144.884794,20,4450.26,Summer,False,8.3002,"candle vista 902 has become part of my reading and study routine. text is sharp enough for long articles, and marking passages with the stylus feels natural once the palm setting is adjusted. i can write short handwritten notes beside a document, then return to them later without losing the context. the tablet is light enough to hold during a commute, while the case gives it a steadier angle on a desk. the handwriting area feels narrow when i am trying to write quickly, and the keyboard is better for brief entries than lengthy essays. those limits are easy to work around for my use. after several weeks, the device has remained responsive and the battery has supported repeated reading sessions. it is a thoughtfully practical tablet for annotation.",True
CORD001392,CUS00020,2019-04-10,Thompson,"[{""product"":""Vela Core 957"",""quantity"":1},{""product"":""Candle Lumen 220"",""quantity"":1},{""product"":""Vela Halo 137"",""quantity"":3}]",6080.53,12.84,-37.83704,144.919386,20,4877.26,Autumn,False,3.6405,"i compared vela echo 565 with a simpler timer used for a household outlet. the older timer is limited, but its schedule happens when expected. vela echo 565 has a more involved setup and still misses the basic task often enough to become frustrating. the first schedule ran correctly, then later activations occurred late or failed after the device had been left alone. i had to check the outlet manually, which defeats the point of scheduled control. the application adds more difficulty. creating a routine involves several screens, and editing one is awkward because the saved time is not always shown where i expect it. i removed and recreated the schedule twice, but the inconsistent behavior continued. the outlet can be switched manually, and that command usually operates after a pause. a manual command is not a solution when the purpose is to control a lamp or appliance while nobody is watching it. the connection indicator also changes without a clear explanation, leaving me unsure whether a missed schedule is caused by the network or the device. i tested it with different routines around the house and found no dependable pattern. it stayed connected for ordinary periods, then required a restart after a brief interruption. support recommended resetting the unit and rebuilding the schedule, which consumed time without resolving the failures. the warranty information is present, but the response did not offer a replacement or a clear diagnosis. compared with the basic timer, vela echo 565 is more complicated and less trustworthy. it can operate an outlet when the command reaches it, yet the delayed schedules, confusing controls, and repeated connection problems make it a poor home automation purchase. i would avoid relying on it.",False
CORD001393,CUS00064,2019-02-12,Thompson,"[{""product"":""Candle Flux 162"",""quantity"":1},{""product"":""Vela Halo 137"",""quantity"":1}]",1820.18,13.97,-37.8828,144.907555,15,1561.12,Summer,False,8.5348,"candle quest 354 has been useful on train rides and walks when i want spoken content without carrying much equipment. voices in podcasts and recorded talks sound distinct, and the controls are easy to reach when i need to pause before entering a station. pairing has remained consistent across my phone and tablet, with no repeated searching or unexplained disconnections. the fit is comfortable for my usual commute, although after a long uninterrupted stretch i prefer to remove it for a short break. music is enjoyable at moderate volume, but this is not the device i would choose for detailed listening. for spoken content and everyday travel, candle quest 354 has proved reliable, light, and pleasantly uncomplicated.",True
CORD001394,CUS00423,2019-09-23,Nickolson,"[{""product"":""Vela Halo 137"",""quantity"":2},{""product"":""Candle Edge 932"",""quantity"":2}]",4500.74,11.3,-37.86458,144.980575,0,4512.04,Spring,False,5.2041,"candle arc 780 has handled shared home-office administration smoothly over the past month and a half. spreadsheets, email, document work and several browser windows remain responsive, so passing it between household users has been straightforward. the keyboard is comfortable for extended typing and the screen is easy to read near a window. it is not especially light to carry, but the sturdy feel suits desk use. i am satisfied with its consistent everyday performance.",True
CORD001395,CUS00316,2019-07-16,Bakers,"[{""product"":""Candle Vista 110"",""quantity"":1},{""product"":""Candle Edge 392"",""quantity"":2},{""product"":""Vela Nova 753"",""quantity"":1},{""product"":""Vela Halo 137"",""quantity"":1}]",7731.59,19.03,-37.807015,145.062552,10,6977.46,Winter,False,5.9234,"candle flux 630 was used for shared home-office administration, but routine tasks became frustrating. applications opened slowly, switching between documents caused delays, and the system occasionally stopped responding during simple form work. the keyboard feels cramped and the fan becomes distracting. it handles basic typing, yet the sluggish performance and awkward ergonomics make daily use unpleasant. i regret choosing it and would avoid this laptop.",False
CORD001396,CUS00474,2019-04-07,Thompson,"[{""product"":""Candle Orbit 548"",""quantity"":1},{""product"":""Candle Edge 932"",""quantity"":1},{""product"":""Candle Vista 110"",""quantity"":2},{""product"":""Candle Edge 392"",""quantity"":1},{""product"":""Candle Lumen 220"",""quantity"":1}]",9284.87,8.52,-37.81125,144.924983,15,7900.66,Autumn,False,1.9466,"candle arc 1086 has given me a more convenient way to play while travelling than the older portable system i owned. it fits into my bag without taking over the available space, and i can settle into a session during a quiet break or on a journey. controls feel responsive in the games i play most, while the display remains readable in different indoor settings. the overall experience is more comfortable than carrying a larger setup. against my previous hardware, the biggest gain is flexibility. i used to plan around where the system could be placed and whether its accessories were worth bringing. candle arc 1086 is easier to pick up for a short session and put away again. longer play has remained enjoyable, although the controls feel a little cramped when i hold it for several hours. that is not noticeable during brief sessions, which are how i usually use it. the battery has been sufficient for ordinary travel days, provided i remember to charge it beforehand. i have not treated it as an all-day replacement for a home console. some games benefit from a larger screen and a fixed controller, and i still prefer that arrangement when i am at home. the portable unit is better suited to convenience than to creating the most immersive possible setup. the old system still has a place for longer sessions, but candle arc 1086 is now the one i pack. its compact shape, straightforward controls and sensible endurance make portable gaming less awkward. anyone expecting the exact comfort of a full-size home arrangement may find compromises, but for travel and short breaks this has been a satisfying upgrade.",True
CORD001397,CUS00426,2019-12-19,Nickolson,"[{""product"":""Candle Flux 162"",""quantity"":2},{""product"":""Candle Orbit 674"",""quantity"":1},{""product"":""Vela Halo 281"",""quantity"":1}]",2975.38,13.26,-37.88193,144.99949,20,2393.56,Summer,False,7.5171,"vela wave 913 has become a convenient part of my kitchen and living-room routine because it handles music and spoken content with less effort than the separate speaker and phone arrangement i used before. i can start a playlist or continue a podcast without searching for the phone each time, and the controls are easy to understand after a short period of use. compared with my old setup, the display gives the device a more present role in the room without requiring a complicated entertainment system. for ordinary listening, the sound is pleasant and sufficiently balanced. voices remain understandable when i am preparing food or moving around, while music has enough body for casual background listening. i have moved it between two rooms and found the process less annoying than reconnecting the old speaker. the device also works well for short listening sessions, since i can pause or resume quickly instead of opening several menus. over time, that small convenience has made me use spoken programs more often during chores. it has sensible boundaries. the display is not large enough for a serious viewing experience, and louder music can sound less full than it does through a larger speaker. i also had to place it carefully so nearby activity would not cover the controls. those points matter if the main goal is home cinema or room-filling audio. for music and spoken content in everyday spaces, vela wave 913 compares favourably with my previous arrangement. after 37 days, i value its simple presence and quick access more than i miss the extra volume of the larger equipment.",True
CORD001398,CUS00423,2019-02-12,Nickolson,"[{""product"":""Vela Halo 281"",""quantity"":1},{""product"":""Vela Core 957"",""quantity"":1},{""product"":""Candle Flux 162"",""quantity"":1}]",1862.5,11.64,-37.86458,144.980575,20,1501.64,Summer,False,5.2041,"candle arc 780 has handled shared home-office administration smoothly over the past month and a half. spreadsheets, email, document work and several browser windows remain responsive, so passing it between household users has been straightforward. the keyboard is comfortable for extended typing and the screen is easy to read near a window. it is not especially light to carry, but the sturdy feel suits desk use. i am satisfied with its consistent everyday performance.",True
CORD001399,CUS00402,2019-01-10,Bakers,"[{""product"":""Candle Flux 162"",""quantity"":2},{""product"":""Candle Edge 392"",""quantity"":1},{""product"":""Vela Core 957"",""quantity"":1},{""product"":""Candle Vista 110"",""quantity"":1},{""product"":""Candle Orbit 548"",""quantity"":1}]",4840.46,32.77,-37.813801,145.040002,0,4851.23,Summer,False,3.9556,"vela atlas 161 has been a dependable companion for messages, maps and casual photography. photos taken during walks look sharp enough to share, and the screen remains comfortable to use for longer conversations. moving between apps feels smooth, with no distracting delays in my regular routine. the battery needs attention after a very busy day, but that is a minor trade-off for a phone that feels responsive and well made. i am pleased with the purchase.",True
CORD001400,CUS00359,2019-01-15,Thompson,"[{""product"":""Candle Orbit 548"",""quantity"":1},{""product"":""Vela Nova 753"",""quantity"":1},{""product"":""Candle Flux 162"",""quantity"":1},{""product"":""Vela Core 957"",""quantity"":1},{""product"":""Candle Edge 392"",""quantity"":1}]",6367.19,11.77,-37.769186,144.920108,5,6060.6,Summer,False,5.3847,"vela spark 819 has kept my mobile equipment organised during several trips and ordinary commutes. the case has enough structure to prevent loose items from being crushed in a bag, while the interior makes it easy to separate the device from its charging accessories. i can find what i need without emptying everything onto a table, which is especially helpful in shared transport or temporary workspaces. the outer material has handled being placed beside books and clothing without showing immediate wear. its shape takes up a little more room than a soft pouch, and the storage is not intended for every possible accessory. for the items it fits, however, vela spark 819 offers reassuring protection and a tidy way to carry them.",True
CORD001401,CUS00150,2019-12-27,Thompson,"[{""product"":""Vela Core 957"",""quantity"":1},{""product"":""Candle Lumen 220"",""quantity"":1},{""product"":""Candle Orbit 548"",""quantity"":1}]",4056.93,13.26,-37.765705,144.885477,0,4070.19,Summer,False,7.5212,"i installed vela pulse 235 to compare app alerts with the manual checks i had been making around doors and windows. before this, i would sometimes walk through the house before leaving or wonder whether a window had been opened while i was away. the alerts give me a quicker way to notice activity and decide whether i need to look into it. that is especially useful when i am working in another room or returning home after being out. the system has fitted into ordinary routines better than i expected. i can tell which entry point has changed without making a separate trip, and the notification history helps me understand what happened when i was not nearby. compared with relying on memory, it provides a more useful record of household activity. the app is not as immediate as seeing the door directly, but it is much more convenient for small checks that would otherwise interrupt work. there were a few occasions when i adjusted the placement after noticing that an alert was not as prompt as i wanted. naming the entry points carefully also mattered, because vague labels make a notification less helpful. once those details were settled, the system behaved consistently in my normal use. vela pulse 235 does not remove the need for sensible attention around the home, but it makes door and window activity easier to monitor than my previous manual routine. for that purpose, it has earned a permanent place in the house.",True
CORD001402,CUS00428,2019-07-08,Thompson,"[{""product"":""Candle Vista 110"",""quantity"":1},{""product"":""Vela Core 957"",""quantity"":1}]",2088.06,17.64,-37.844237,144.919234,25,1583.69,Winter,False,4.2772,"i compared vela ridge 491 with the older phones used by the rest of my family. calls could be placed and messages could be sent, but shared use revealed too many irritating limitations. the screen became unresponsive during ordinary app switching, the camera application sometimes took several attempts to open, and notifications arrived in an uneven order. these are small failures individually, yet they made family communication feel uncertain and unnecessarily slow. the older phones had fewer visual effects, but they handled contact searches and message threads with less confusion. on vela ridge 491, the keyboard occasionally lagged behind typing, causing missing letters and repeated corrections. casual games also caused the handset to become warm and drain power quickly. the phone did not fail completely, so the basic calling function remains present; that is not enough for a device used throughout the day by several people. i compared indoor and outdoor use, and the display was difficult to read in bright surroundings. the body picked up scratches quickly despite careful handling, while the charging connection required a precise angle on some evenings. support suggested clearing applications and restarting the handset, but the same problems returned. vela ridge 491 is less dependable than the older phones it was meant to replace. its sluggish response and frustrating notification behaviour make it a poor choice for family communication, and i cannot recommend it.",False
CORD001403,CUS00071,2019-07-04,Nickolson,"[{""product"":""Candle Edge 392"",""quantity"":1},{""product"":""Candle Lumen 220"",""quantity"":1},{""product"":""Candle Edge 932"",""quantity"":1},{""product"":""Candle Orbit 674"",""quantity"":1}]",5719.68,14.4,-37.865018,144.974671,25,4304.16,Winter,False,5.1815,"candle bloom 298 solved a problem i had been tolerating between the study and the back bedroom. my existing network worked well near the main router but became inconsistent at the far end of the house. rather than moving the desk or running a cable across the hallway, i used this device to extend coverage between the rooms. the difference is most apparent during calls and when i am moving around with a phone, where the connection no longer drops as often. i compared it with a basic extender i tried earlier. that unit created another awkward network choice and required more attention than i wanted. candle bloom 298 has been easier to place and less confusing in daily use. the signal is not identical in every corner, and a thick wall still reduces performance, but the weak area is now usable for browsing, messages, and ordinary video meetings. installation took some patience because i had to find the right position, yet once placed it has stayed quiet and unobtrusive. during fourteen days of use, i tested the connection at different times while another person was streaming in the living room. the far room remained serviceable, and i no longer need to carry the laptop back towards the router when a meeting starts. it would be unreasonable to expect a small network device to remove every limitation caused by the building, so i am satisfied with the improvement rather than claiming perfect coverage. candle bloom 298 is a practical bridge between rooms, and the 24-month warranty makes it a sensible choice for this household need.",True
CORD001404,CUS00323,2019-12-19,Nickolson,"[{""product"":""Candle Vista 110"",""quantity"":1}]",1816.59,10.12,-37.844102,144.981529,25,1372.56,Summer,False,3.025,"vela echo 1087 has been worn mainly during workdays so i can glance at calendar alerts and check short messages without reaching for my phone. notifications arrive promptly most of the time, and the text is readable enough for deciding whether something needs immediate attention. the band is light, and i have been able to wear it through meetings without it becoming a distraction. its basic activity view is a welcome extra for walks. the small display limits what i can do with a message. longer notes require opening the phone, and replying or managing several alerts is not particularly convenient. notifications can also become crowded when many applications are active, making the useful items harder to find. i have occasionally needed to check the phone because an alert appeared later than expected, although this was not constant. vela echo 1087 is best understood as a quick notification window. it saves a few interruptions and looks unobtrusive, but the limited interaction and occasional delay mean it complements a phone rather than replacing any part of its communication role.",True
CORD001405,CUS00082,2019-04-06,Bakers,"[{""product"":""Vela Nova 753"",""quantity"":2},{""product"":""Candle Edge 392"",""quantity"":1},{""product"":""Candle Flux 162"",""quantity"":1}]",10243.26,24.66,-37.879184,145.037298,25,7707.1,Autumn,True,8.5341,"vela nova 879 has reduced the loose charging cables around my desk. the channels hold the cables in place and make it easier to find the one i need without pulling everything apart. the organiser is small enough to fit beside my monitor, although its material feels lighter than the photographs suggested. it does not solve every cable mess, especially with thicker leads. still, it provides a straightforward improvement for routine organisation.",True
CORD001406,CUS00013,2019-04-13,Thompson,"[{""product"":""Candle Vista 110"",""quantity"":1},{""product"":""Candle Orbit 674"",""quantity"":1},{""product"":""Vela Core 957"",""quantity"":1},{""product"":""Candle Edge 932"",""quantity"":1}]",3902.6,10.28,-37.796259,144.903995,10,3522.62,Autumn,False,4.2014,"vela core 435 has made door and window activity easier to notice around the house. notifications usually arrive quickly and describe the activity clearly, which saves me from checking repeatedly. installation was manageable and ongoing use has required little attention. one alert was late when the household connection was busy, so i keep normal checks in place. for everyday awareness, it has been a useful and reassuring addition.",True
CORD001407,CUS00412,2019-05-15,Thompson,"[{""product"":""Candle Edge 392"",""quantity"":2}]",751.5,13.87,-37.88488,144.905791,10,690.22,Autumn,False,8.8092,"vela wave 445 has handled our blind and curtain routines reliably since installation. the scheduled movements are useful when mornings are rushed and in the evening when we want less manual effort. finding the right timing took a little adjustment, but the final routine has remained consistent. it has made the room feel more orderly without demanding much attention.",True
CORD001408,CUS00376,2019-08-26,Thompson,"[{""product"":""Candle Flux 162"",""quantity"":1},{""product"":""Vela Halo 281"",""quantity"":1},{""product"":""Candle Orbit 548"",""quantity"":1}]",1847.1,21.48,-37.773112,144.898038,10,1677.62,Winter,False,6.1573,"vela pulse 253 has been a pleasant centrepiece for shared film and television viewing. people can see the picture clearly from different seats, and the controls are simple enough for everyone to use. dialogue remains understandable at moderate volume, while films look bright and inviting in the evening. switching between programmes is quick, which keeps the conversation going instead of turning selection into a technical task. the built-in sound is less impressive for music, and glare appears when daylight reaches the screen directly. in our usual viewing time, those issues are minor. the display has continued to start reliably after months of family use, and the remote has remained responsive. vela pulse 253 has made shared viewing more comfortable and has been a worthwhile addition to our living room.",True
CORD001409,CUS00464,2019-03-18,Bakers,"[{""product"":""Candle Vista 110"",""quantity"":1},{""product"":""Vela Nova 753"",""quantity"":1},{""product"":""Vela Halo 281"",""quantity"":2},{""product"":""Vela Core 957"",""quantity"":2}]",7824.62,11.1,-37.849073,145.028948,15,6662.03,Autumn,False,5.2582,"after using the vela nova 105 for a little over two weeks, i have settled into a routine with it and remain very pleased. i installed it in the main room and now reach for the app whenever i want to change the lighting without getting up. the controls respond promptly, and the room changes feel consistent from one use to the next. i enjoy setting the atmosphere before reading or winding down in the evening; the adjustment feels natural rather than gimmicky. the hardware fits neatly into the room, with a simple appearance that does not draw attention when switched off. setup was straightforward, and the instructions answered my questions without making the process feel drawn out. i have opened the app at different times of day and found the layout easy to follow when making a quick change. my only small reservation is that i sometimes need an extra moment to find the setting i want, but that has become familiar with practice. vela nova 105 has made everyday lighting more flexible, and it has earned a permanent place in my home.",True
CORD001410,CUS00354,2019-03-31,Nickolson,"[{""product"":""Candle Orbit 548"",""quantity"":2},{""product"":""Candle Vista 110"",""quantity"":2},{""product"":""Candle Edge 392"",""quantity"":1}]",4521.07,9.76,-37.849488,144.960191,0,4530.83,Autumn,False,3.5321,"the vela atlas 755 has made room lighting easier to manage at home. i installed it for the main living area and now use the app when i want to switch the lights on before entering, turn them off after everyone has gone upstairs, or change the atmosphere without getting up. the first setup required patience while i worked through the pairing steps, but afterwards the controls were clear. commands have generally been carried out promptly, and the household has adapted to using the app without much explanation. it is especially handy when my hands are full or when i am already settled for the evening. i have noticed that the response can be slower when the network is busy, so i would not describe it as instant every time. the app also offers more choices than i regularly need, which makes the first few visits feel slightly crowded. even with those small limitations, the vela atlas 755 has been dependable over several weeks. its everyday convenience is more valuable than i expected, particularly for routines at the start and end of the day.",True
CORD001411,CUS00073,2019-07-04,Thompson,"[{""product"":""Vela Core 957"",""quantity"":1},{""product"":""Candle Vista 110"",""quantity"":1},{""product"":""Candle Edge 932"",""quantity"":1},{""product"":""Candle Edge 392"",""quantity"":2}]",4330.04,18.54,-37.887802,144.883515,15,3699.07,Winter,False,10.0462,"for the last sixteen days, vela core 993 has served as a shared display for presentations and family photo viewing. i have used it to show slides during small discussions, browse albums after dinner, and display images while several people are gathered around the room. the picture remains easy to see from the side, and changing between content is simple enough that nobody needs a long explanation. its size makes it more suitable for a room or table than for carrying around, and the stand takes a little space on a crowded surface. those details have not reduced its usefulness in the setting where i use it. vela core 993 gives our household a clear, convenient way to share visual material without setting up a complicated arrangement.",True
CORD001412,CUS00059,2019-01-19,Thompson,"[{""product"":""Candle Edge 932"",""quantity"":1}]",1490.48,11.52,-37.856724,144.934238,10,1352.95,Summer,False,5.0262,"for the last few weeks i have used the vela spark 855 to control the lamp in a room that serves as both a study and a sitting area. installation took a little patience, mainly because i wanted the light to respond consistently from my phone before i moved on to the rest of the setup. once it was connected, changing the room lighting from the sofa was genuinely convenient. i used a softer setting in the evening and a brighter one while reading, and the app remembered the last choice when i returned to it. the day-to-day experience is mixed in a fairly ordinary way. commands usually happen quickly, and the controls are laid out well enough that i do not need to think about them. when another person is already using the wall switch, however, the app can take a moment to show the current state. on two occasions i opened it expecting the lamp to be on and had to refresh before the display caught up. nothing was lost, but the pause was noticeable when i was leaving the room. i also tried moving between the home network and a guest network. the vela spark 855 continued to work after the change, although reconnecting it took more attention than i expected. the lighting itself has been steady, with no flicker during normal use, and the controls have not caused any surprising changes to the room. i like being able to adjust the lamp without crossing the room, though i still use the physical switch when i want the quickest possible action. after three weeks, i see this as a useful convenience rather than an essential part of the house. the app control is good when the connection is settled, and the occasional status delay keeps it from feeling completely effortless. for a room where remote adjustment matters, it earns its place; for a simple lamp beside the door, the extra setup may not offer much benefit.",True
CORD001413,CUS00395,2019-07-24,Thompson,"[{""product"":""Candle Lumen 220"",""quantity"":1},{""product"":""Candle Orbit 548"",""quantity"":1},{""product"":""Vela Core 957"",""quantity"":1},{""product"":""Candle Shift 916"",""quantity"":1}]",5915.7,15.34,-37.767785,144.903669,5,5635.26,Winter,False,6.2815,"vela ridge 401 has been a noticeable improvement over my previous phone for the way i actually use a smartphone. i compared the two during commuting, navigation, messaging, and evening media, rather than focusing on specifications. the older phone often felt hesitant when i moved between maps and messages, while vela ridge 401 has kept those everyday changes feeling smooth enough that i no longer plan around them. navigation is the clearest difference. i use it while walking through unfamiliar areas and when checking a route before leaving home. the position updates have stayed consistent, and the screen remains readable during normal outdoor use. messages and calls are also straightforward, with no unusual interruption during my ownership. i have used the phone for regular communication, directions, photos, and streaming, and it has handled that mixture without the stuttering i had begun to expect from the older device. the display and overall shape make it comfortable for reading longer messages and checking a map, though the size means it is not especially discreet in a small pocket. that is a trade-off i noticed immediately, but i prefer the larger view to the cramped screen on my former phone. the controls are familiar, so moving my usual accounts and routines across did not become a drawn-out project. after the initial setup, i spent more time using the phone and less time correcting small annoyances. the battery has lasted through my normal day of calls, navigation checks, and occasional video, although heavy navigation and bright outdoor viewing require more attention. i would not describe it as exceptional for every demanding task, and people wanting a very small handset may feel differently. compared with the phone it replaced, vela ridge 401 is more capable and less frustrating for daily communication and travel planning. its 24-month warranty is another reassuring difference from my previous purchase, and overall i am pleased with the change.",True
CORD001414,CUS00225,2019-11-01,Thompson,"[{""product"":""Candle Orbit 548"",""quantity"":1},{""product"":""Candle Orbit 674"",""quantity"":1},{""product"":""Candle Edge 392"",""quantity"":1},{""product"":""Candle Flux 162"",""quantity"":1},{""product"":""Vela Core 957"",""quantity"":2}]",2559.11,26.99,-37.801441,144.915087,25,1931.57,Spring,False,3.0748,"candle quest 552 was bought for reading, annotation, and handwritten notes, but those tasks have remained awkward. the display often fails to register the first pen stroke, leaving gaps in words and diagrams. turning pages while holding the tablet is also uncomfortable because the controls sit close to the edge and are easy to press accidentally. annotation tools take several steps to reach, and saved marks sometimes appear only after leaving and reopening the document. after repeated use, the battery has become a concern during longer reading sessions, especially when handwriting is involved. it can open books and accept some writing, but that basic capability does not overcome the unreliable pen response and poor note handling. candle quest 552 has made study work slower and more frustrating than expected.",False
CORD001415,CUS00443,2019-02-25,Bakers,"[{""product"":""Candle Orbit 674"",""quantity"":2}]",648.12,13.43,-37.745455,145.028602,15,564.33,Summer,False,7.7528,"i compared vela echo 439 with the collection of separate adapters i had been carrying for a laptop, phone, and tablet. the compact adapter has made that arrangement much less cluttered. instead of searching through several small pieces, i can bring one item to a shared desk and connect the devices i normally use. it has been particularly convenient during presentations and collaborative work, when changing from one device to another is part of the session. the older adapters each worked for one purpose, but they were easy to leave behind or mix up. vela echo 439 gives me a more consistent routine, and its small size takes little room in a bag. i tested it with several ordinary connections and found the setup straightforward. i still keep individual cables nearby because different situations call for different lengths, but that is not a criticism of the adapter itself. it covers the common connections i need without turning the workspace into a cable drawer. after using it for meetings, charging arrangements, and moving files between devices, i prefer the single-adapter approach. it does not remove every compatibility question, so i check the connection before an important presentation, yet it has performed predictably in normal use. vela echo 439 is a simple accessory rather than an exciting purchase, but compared with carrying several loose adapters, it offers a tidier and more convenient solution.",True
CORD001416,CUS00411,2019-12-05,Thompson,"[{""product"":""Candle Orbit 548"",""quantity"":1},{""product"":""Vela Halo 137"",""quantity"":1},{""product"":""Candle Edge 392"",""quantity"":1}]",1391.71,28.61,-37.824596,144.911843,10,1274.9,Summer,True,3.3663,"i chose the vela atlas 719 for carrying a phone and small accessories between home, work, and several overnight trips. at first glance, the shape appeared compact, but the interior immediately felt poorly organised. the main compartment was narrow near the zip and wider at the opposite end, so the phone had to be pushed in at an angle. taking it out with one hand was awkward, particularly when i was standing in a station or reaching into a crowded bag. the first week exposed further problems. the inner divider folded down whenever the case was opened, allowing the charging lead to slide over the device. the zip also caught on the edge of the lining and needed to be pulled back before closing. nothing fell out when the case was left flat on a table, but that limited result did not help during travel. each time the bag was moved, i had to check whether the phone had shifted against the accessories. on a longer journey, the exterior picked up scuffs and the thin padding offered little confidence when the case was placed under other items. a small impact against a seat frame left a visible mark on the device cover inside. the vela atlas 719 did not split or lose its basic shape, yet that narrow fact is not enough for protective storage. the stiff walls took up more room than expected while still failing to cushion ordinary knocks. i also found the handle uncomfortable to hold when the case was loaded. it twisted toward the zip and pulled the contents sideways, making the case feel unstable while walking. support provided a generic cleaning suggestion and did not address the divider or padding. after thirty-two days, the case had become another source of worry rather than protection. the vela atlas 719 is frustrating for travel storage, and i regret choosing it for a device i carry every day.",False
CORD001417,CUS00163,2019-09-13,Nickolson,"[{""product"":""Candle Flux 162"",""quantity"":1},{""product"":""Candle Edge 932"",""quantity"":1},{""product"":""Vela Core 957"",""quantity"":1},{""product"":""Vela Halo 137"",""quantity"":1}]",3582.13,10.55,-37.854218,144.954528,5,3413.57,Spring,False,4.175,"vela pulse 181 has been particularly useful for organising travel and handling media while away from home. compared with my former phone, its larger, more comfortable view makes maps, reservations, and long messages easier to inspect. i have used it to compare routes, read travel information, listen to downloaded material, and take quick photographs, often within the same hour. switching between those activities feels smoother than it did on the older handset, which makes planning less tiring. the screen is bright enough for most indoor situations, and the shape gives me a secure grip when i am standing on a platform or walking with a bag. vela pulse 181 is not pocket-friendly in the way a very small phone would be, and one-handed typing can be awkward when i am moving. i accept that compromise because the larger display reduces squinting and makes a map much easier to follow. the speakers work well for casual media, though headphones remain preferable in public places. i also compared it with carrying a separate tablet. the phone cannot match a tablet for extended viewing, but it is much easier to keep available when plans change unexpectedly. during regular ownership it has remained responsive through navigation, browsing, and calls, and the battery has covered my normal travel day with sensible use. the 24-month warranty gives useful peace of mind. for travel planning and everyday media, vela pulse 181 offers a more versatile balance than my previous phone.",True
CORD001418,CUS00147,2019-01-20,Thompson,"[{""product"":""Vela Nova 753"",""quantity"":2},{""product"":""Candle Edge 392"",""quantity"":1}]",9182.97,9.52,-37.795587,144.935013,0,9192.49,Summer,False,2.1752,"candle lumen 994 has been a pleasant choice for listening at home. the wireless link stayed intact as i moved between rooms, and the fit remained comfortable through long evening sessions. voices sound natural and music has a balanced character that suits relaxed listening. the charging port is not easy to see in dim light, but i quickly learned its position. for everyday use, it has been reliable and enjoyable.",True
CORD001419,CUS00387,2019-07-10,Thompson,"[{""product"":""Candle Orbit 674"",""quantity"":1},{""product"":""Vela Halo 281"",""quantity"":2},{""product"":""Candle Shift 916"",""quantity"":1}]",3244.31,13.85,-37.773179,144.93447,10,2933.73,Winter,False,4.5289,"candle flux 612 has become my preferred device for watching media and joining video calls away from my desk. it is light enough to hold for a programme, and the display remains clear when i move near a window. calls have been straightforward, with the camera giving a natural view from a table. the speakers are fine for voices but lack depth for music. for portable viewing and conversation, though, the tablet has been dependable and pleasant to use.",True
CORD001420,CUS00097,2019-03-10,Bakers,"[{""product"":""Candle Edge 392"",""quantity"":1},{""product"":""Vela Nova 753"",""quantity"":1},{""product"":""Candle Vista 110"",""quantity"":1}]",6595.95,21.33,-37.774609,145.014069,0,6617.28,Autumn,True,4.2688,"the candle edge 932 has become the shared tablet in our home for lessons, reading, and ordinary browsing. switching between educational pages and a video call has been smooth, and the display is large enough for two people to look at a worksheet together. the controls are uncomplicated, which has helped younger users find their way around without constant assistance. it is light enough to carry from the dining table to a sofa, and the battery has covered several short sessions before needing attention. the speakers are adequate for lessons but lack richness for serious music listening. that limitation is easy to accept because it is not the tablet's main purpose. for family learning and shared browsing, the candle edge 932 has been reliable and convenient.",True
CORD001421,CUS00015,2019-02-13,Bakers,"[{""product"":""Vela Halo 281"",""quantity"":1},{""product"":""Candle Lumen 220"",""quantity"":2},{""product"":""Candle Shift 916"",""quantity"":2}]",11307.06,19.73,-37.8102,145.031526,5,10751.94,Summer,False,3.1885,"vela spark 531 has been particularly useful for travel planning and media use. i can check routes, compare information, and keep travel messages nearby without the phone feeling slow or difficult to manage. the screen is comfortable for maps and viewing, while the battery has lasted through ordinary days of navigation and some video watching. switching between directions and other apps is straightforward, which helps when plans change unexpectedly. the body is easy to carry, although its smooth surface makes a case worthwhile. the built-in sound is perfectly adequate for short clips, but i prefer headphones for longer viewing. after several trips and everyday use, vela spark 531 has proved a capable travel companion. it keeps planning, communication, and entertainment in one accessible device.",True
CORD001422,CUS00085,2019-12-28,Thompson,"[{""product"":""Candle Flux 162"",""quantity"":3},{""product"":""Candle Orbit 674"",""quantity"":1},{""product"":""Vela Halo 281"",""quantity"":1}]",4035.67,12.75,-37.751866,144.940388,20,3241.29,Summer,False,6.7869,"vela echo 781 has worked well for planning trips, checking maps, reading messages, and watching media during journeys. apps respond quickly enough for everyday use, and the screen remains clear in bright places. i particularly appreciate having my notes and route information available without carrying another device. battery life has covered my usual day, though heavy video use requires a top-up sooner. even with that limitation, it has been a reliable and enjoyable travel companion.",True
CORD001423,CUS00375,2019-04-20,Thompson,"[{""product"":""Vela Core 957"",""quantity"":1},{""product"":""Candle Flux 162"",""quantity"":1},{""product"":""Candle Orbit 548"",""quantity"":2},{""product"":""Candle Orbit 674"",""quantity"":1},{""product"":""Candle Vista 110"",""quantity"":1}]",3984.55,10.3,-37.792883,144.905909,10,3596.4,Autumn,False,4.2331,"i have used vela core 471 for work calls, messages, and calendar management, and it has handled those duties confidently. calls connect promptly, voices remain understandable, and calendar alerts appear at the times i expect. moving from an appointment to an email or message is smooth enough for a busy morning. the phone stays comfortable to hold during longer conversations, though the surface shows fingerprints quickly. battery capacity has been sufficient for a full working day. for communication and scheduling, vela core 471 has been a dependable companion.",True
CORD001424,CUS00024,2019-04-11,Thompson,"[{""product"":""Vela Core 957"",""quantity"":1},{""product"":""Candle Vista 110"",""quantity"":1}]",2088.06,14.38,-37.877995,144.87808,10,1893.63,Autumn,False,9.458,"vela pulse 649 has made our shared workspace less awkward by keeping a phone or small device raised and within reach. i use it during calls, while following instructions, and when checking messages without lifting the device from the desk. the support feels stable during ordinary tapping, and its compact shape leaves room for notebooks and a keyboard. several people in the workspace have adjusted it to suit different devices, and changing the position is quick. it is not designed to hold every larger device, so i would check the intended size before buying, but that limitation has not affected our normal use. the finish has remained neat after being moved around daily. vela pulse 649 is a modest accessory, yet it has improved the rhythm of our shared desk.",True
CORD001425,CUS00397,2019-12-16,Thompson,"[{""product"":""Vela Core 957"",""quantity"":2},{""product"":""Candle Flux 162"",""quantity"":1},{""product"":""Vela Halo 137"",""quantity"":2}]",3123.01,14.16,-37.864687,144.931756,0,3137.17,Summer,False,5.938,"i bought the vela spark 783 after using a small television for casual living-room games, expecting the display to make that setup less awkward. the comparison was disappointing from the first evening. the screen shows an image and the built-in controls respond, but motion becomes smeared during quick scenes and small text is difficult to read from the sofa. my older television looks less modern, yet its picture stays steadier when a game becomes busy. the spark 783 therefore creates more visual irritation than improvement. the stand is another weak point. it sits on a level cabinet, although its shape leaves little room for arranging a console and cables. reaching the rear connections is awkward, and the supplied controls feel cramped when i need to change an input. after several sessions, i found myself leaning forward to check whether a command had registered. the display also takes an irritating pause when switching between sources, which makes short play sessions feel unnecessarily drawn out. i compared it with a plain monitor borrowed from another room. that monitor lacks the living-room features, but it also has an uninspiring picture and no convenient source handling. the vela unit takes less cabinet space, yet that limited advantage cannot excuse the unstable-looking motion and clumsy handling. i have not tested the warranty service, and i would rather not depend on a repair process for a problem present in ordinary use. for casual gaming, the vela spark 783 is a frustrating compromise that i regret choosing and cannot recommend.",False
CORD001426,CUS00422,2019-02-16,Nickolson,"[{""product"":""Vela Core 957"",""quantity"":2},{""product"":""Candle Edge 932"",""quantity"":1},{""product"":""Candle Lumen 220"",""quantity"":1}]",5562.81,13.55,-37.856684,145.001248,0,5576.36,Summer,False,5.0681,"vela core 273 was intended for family streaming, yet it has been a disappointing addition to the room. applications occasionally freeze while changing programmes, and restarting the display has become a routine annoyance. the interface is awkward for children to navigate, with delayed responses that lead to repeated selections. video can play once everything is working, but the interruptions and poor control experience leave me unable to recommend it for shared use.",False
CORD001427,CUS00211,2019-01-22,Nickolson,"[{""product"":""Candle Shift 916"",""quantity"":1}]",1858.77,9.14,-37.83313,144.966835,10,1682.03,Summer,False,1.6337,"candle vista 524 has been a helpful companion for online classes and video meetings. voices come through clearly, and the sound does not become tiring during a long lecture or a series of back-to-back calls. pairing was simple, and reconnecting after opening the computer has normally happened without a struggle. the controls are easy to reach when i need to adjust volume or mute the microphone, while the lightweight shape remains comfortable during extended use. i have walked between rooms during calls without the connection immediately becoming unreliable. music sounds pleasant for casual listening, although the presentation is not especially rich for someone seeking a serious audio setup. the charging routine has also required a little planning before a particularly long study day. for my actual use, those limitations are minor. candle vista 524 provides clear, practical wireless audio and has made remote learning feel less awkward.",True
CORD001428,CUS00137,2019-04-15,Nickolson,"[{""product"":""Candle Flux 162"",""quantity"":1},{""product"":""Vela Nova 753"",""quantity"":1},{""product"":""Candle Edge 392"",""quantity"":1},{""product"":""Vela Core 957"",""quantity"":3}]",6654.06,14,-37.864196,144.978074,5,6335.36,Autumn,False,5.1255,"candle shift 196 was purchased for game streaming and media capture, yet the first month of ownership was dominated by awkward setup and unreliable results. the connection was detected, but the capture application repeatedly lost contact after sleep or restart. i had to remove the device, reconnect it, and wait through the same frustrating process before a session could begin. its basic capture function operates under ideal conditions, but that is a weak consolation when preparation takes longer than expected. during actual play, the stream sometimes showed a frozen image while sound continued. on other occasions the picture returned with a noticeable delay, making the recording difficult to follow. longer sessions exposed further problems: the unit became warm, the cable connection felt loose, and moving it slightly caused another interruption. the software offered no clear explanation for the failures. i tried different ports and restarted the computer several times, but the behaviour remained unreliable. friends waiting to watch made the delays particularly irritating, and the device turned a casual evening into troubleshooting. media capture was no less disappointing. files occasionally stopped before the session ended, leaving incomplete footage that could not be used. the warranty is longer than the time i kept testing the unit, but support supplied generic instructions and did not address the repeated disconnects. candle shift 196 may perform a simple task when nothing goes wrong, but the fragile connection and inconsistent recording make it poor equipment for streaming. i regret buying it and cannot recommend it for regular use.",False
CORD001429,CUS00106,2019-06-16,Bakers,"[{""product"":""Candle Flux 162"",""quantity"":1},{""product"":""Vela Core 957"",""quantity"":1}]",1331.76,12.87,-37.782916,144.977965,25,1011.69,Winter,False,3.3718,"vela atlas 629 has made a small but persistent desk problem much easier to manage. before using it, my charging cables collected beside the power outlet, slipped behind the desk, and became tangled whenever i needed one. i compared this organiser with a simple loose tray and found that vela atlas 629 keeps each cable in a more predictable position. it takes only a moment to place a cable back, which means the desk stays orderly even on busy mornings. i have used it for the cables connected to my phone, tablet, and headphones, changing the arrangement as devices move around the room. the openings hold the cables without making them difficult to remove, and the organiser has stayed in place during ordinary handling. the material feels sufficiently firm for daily use, while the shape does not take over the available workspace. a tray can hide several cables, but it still leaves them crossing over one another; this design makes individual leads easier to identify before i unplug anything. the capacity is limited if someone wants to store a large collection in one spot, and very thick cable ends need a little patience when being positioned. for my everyday set, those limitations are minor. vela atlas 629 is more convenient than leaving cables loose and more accessible than putting them in a drawer. it has improved the appearance of my desk and removed an irritating little task from my routine, so i am pleased with the purchase.",True
CORD001430,CUS00039,2019-03-07,Bakers,"[{""product"":""Candle Orbit 548"",""quantity"":1},{""product"":""Candle Lumen 220"",""quantity"":1},{""product"":""Vela Core 957"",""quantity"":2},{""product"":""Candle Edge 932"",""quantity"":1}]",5818.88,11.11,-37.846412,145.0336,0,5829.99,Autumn,False,5.268,"the vela atlas 539 has been in my laptop bag for a month, and i use it when several devices need to connect through one compact adapter. its small size is the strongest advantage because it takes very little space and is easy to carry between home and work. in ordinary use it has allowed me to connect the accessories i need without unpacking a larger collection of separate pieces. the experience varies depending on how many connections are involved. with a light load, everything is simple and the adapter is convenient. when several devices are attached together, the cables crowd one another and moving the laptop becomes awkward. i have also had to pause briefly before a newly connected device was recognised. that has not happened every time, but it makes me check the connection rather than assuming it is ready. the casing has handled daily packing without visible damage, which is reassuring. i see the vela atlas 539 as a practical travel accessory for moderate use, not an answer to every connection problem. it saves space and generally performs its basic role, while crowded ports and occasional recognition delays limit the convenience.",True
CORD001431,CUS00290,2019-04-27,Thompson,"[{""product"":""Vela Core 957"",""quantity"":2}]",542.94,12.47,-37.873964,144.928036,0,555.41,Autumn,False,7.0172,"candle vista 164 has fitted into my desk routine better than the wired audio set i was using previously. i mainly use it while reading, writing, and sorting through long documents, so i value consistent wireless listening more than dramatic volume. the connection has remained steady around my workspace, and i can move away briefly without the sound dropping out in ordinary use. compared with my older wired option, this is less restrictive when i need to reach for a notebook or answer something across the room. the older set never needed charging, so it still has that advantage, but candle vista 164 is much less awkward during a busy afternoon. pairing was straightforward, and returning to it after a break has not required repeated fiddling. controls are easy to find once learned, though i occasionally press the wrong one when i am working quickly. the sound is well suited to speech, background music, and quieter playlists. voices remain distinct, and music does not become tiring during a long session. it is not the most forceful presentation for someone seeking heavy bass, but that is not what i bought it for. i also appreciate being able to listen without having a cable crossing the desk or catching on a chair. after several weeks, the comfort and dependable connection matter more to me than small differences in sound character. candle vista 164 has made focused work calmer and more convenient than my previous arrangement. its minor control learning curve is easy to accept, and i would choose it again for a home office listening routine.",True
CORD001432,CUS00343,2019-02-15,Thompson,"[{""product"":""Candle Edge 392"",""quantity"":2},{""product"":""Vela Nova 753"",""quantity"":1},{""product"":""Candle Orbit 548"",""quantity"":1}]",5411.18,12.63,-37.860974,144.903223,20,4341.57,Summer,False,6.6085,"the vela core 1011 has become my everyday phone for taking quick photographs, sending messages, and keeping up with family conversations. photos taken outdoors have good colour and enough detail for sharing, while indoor results are still usable when the room is reasonably bright. opening the camera and returning to messages feels quick, so i do not miss many spontaneous moments. the screen is comfortable for reading longer conversations, and the phone fits easily in one hand for short tasks. during several weeks of commuting, it has kept a steady connection and handled repeated messaging without unusual delays. the battery has covered my normal day, though heavy camera use means i prefer to recharge before an evening outing. a few small settings are tucked away more deeply than i expected, but i learned their locations quickly. i appreciate that the vela core 1011 feels balanced rather than focused on only one feature. its photography, messaging, and general handling have all worked well enough to make it a dependable part of my routine.",True
CORD001433,CUS00445,2019-06-08,Nickolson,"[{""product"":""Candle Vista 110"",""quantity"":1},{""product"":""Vela Core 957"",""quantity"":1}]",2088.06,14.96,-37.865113,144.938701,5,1998.62,Winter,False,5.839,"i bought candle orbit 620 for creative projects and media editing, and it has kept pace with my regular workflow. editing sessions feel responsive, and moving between applications is smooth enough that i can concentrate on the work instead of the machine. the screen gives me a comfortable area for timelines and panels. the fan becomes noticeable during longer exports, but it has not disrupted my routine. it is a capable laptop for projects that need more than basic office tasks.",True
CORD001434,CUS00380,2019-09-03,Nickolson,"[{""product"":""Candle Orbit 548"",""quantity"":1},{""product"":""Vela Halo 137"",""quantity"":2},{""product"":""Vela Nova 753"",""quantity"":1},{""product"":""Vela Halo 281"",""quantity"":1}]",6710.2,21.95,-37.8671,144.964353,25,5054.6,Spring,True,5.4128,"i bought candle vista 992 for sketching, annotating ideas, and handling lightweight creative work away from my main desk. it has become particularly useful in the evenings because i can take it to the sofa and continue a drawing without setting up a full computer. the display gives my work enough room to develop, and the touch response feels natural for casual sketches and handwritten notes. opening reference material beside a drawing is convenient, and the tablet has remained responsive during the moderate projects i have attempted. its size is comfortable to carry, though i would want a larger workspace for serious illustration. that boundary is clear, but it matches the portable role i had in mind. candle vista 992 has encouraged me to practise more often because the device is ready when an idea appears. it is a capable, enjoyable tool for creative work that does not demand heavy processing.",True
CORD001435,CUS00417,2019-04-07,Bakers,"[{""product"":""Candle Orbit 674"",""quantity"":1},{""product"":""Candle Shift 916"",""quantity"":1},{""product"":""Candle Orbit 548"",""quantity"":1}]",2438.9,8.1,-37.820781,145.003707,10,2203.11,Autumn,False,1.4115,"vela atlas 845 has made the morning and evening blind routines much less hands-on in our home. i spent some time positioning it and adjusting the schedules, but once those choices were made the daily operation became pleasantly consistent. the blinds respond without a long pause, and i can still use the physical control when i want to change things manually. it has been particularly useful on darker mornings, when the gradual routine is less abrupt than opening everything at once. the app interface is not especially exciting and i occasionally check that a schedule has saved, but i have not had a missed routine since the initial setup. the unit blends into the room rather than drawing attention to itself. after sixteen days, vela atlas 845 has proved reliable and convenient, with only a small learning curve at the beginning.",True
CORD001436,CUS00121,2019-07-22,Nickolson,"[{""product"":""Candle Flux 162"",""quantity"":2},{""product"":""Candle Vista 110"",""quantity"":1},{""product"":""Candle Orbit 674"",""quantity"":3},{""product"":""Vela Core 957"",""quantity"":1}]",5180.82,11.6,-37.834314,144.961665,10,4674.34,Winter,False,1.8801,"candle lumen 850 has become my regular machine for documents, research, and video meetings at home and away from my desk. it is light enough to carry with notebooks, yet the keyboard does not feel cramped during longer writing sessions. documents open promptly, switching between browser tabs and meeting software has been smooth, and the camera has been adequate for ordinary calls. i appreciate that the screen can be positioned without the whole base shifting. after sixteen days of daily use, the hinge and keyboard still feel firm. the speakers are serviceable rather than especially rich, so i use headphones when listening to longer recordings. setup required a few updates and personal adjustments, but nothing was confusing. candle lumen 850 has made portable document work uncomplicated and has handled my meeting routine with confidence.",True
CORD001437,CUS00334,2019-07-21,Nickolson,"[{""product"":""Vela Core 957"",""quantity"":1},{""product"":""Candle Orbit 548"",""quantity"":2},{""product"":""Candle Flux 162"",""quantity"":1},{""product"":""Vela Halo 281"",""quantity"":2},{""product"":""Candle Orbit 674"",""quantity"":1}]",3229.44,15.06,-37.86949,144.990485,25,2437.14,Winter,False,5.9503,"i brought home vela nova 213 for music and spoken-content playback, expecting it to sit quietly on a shelf and become useful over time. that is more or less what happened. the first setup took only a short while, and i soon had it playing a familiar playlist while i prepared dinner. the controls were easy to understand, and changing what was playing did not interrupt the rest of the evening. its appearance is restrained enough for the living room, so it blends in instead of becoming the focus of the space. during the first week i tried vela nova 213 in several parts of the house. it worked particularly well beside the kitchen, where i listen to radio programs and podcasts while cooking. voices came through with enough presence to follow a conversation, even when there was some background noise from pans and running water. music is pleasant at moderate volume, and the room can be filled without making the sound feel harsh. i have also used it beside my desk during reading, where it provides quiet background listening without needing much adjustment. after thirty-five days, the device has settled into several small routines. i start an episode while making breakfast, continue it during chores, and often return to the same spot in the evening. vela nova 213 remembers enough of my preferred arrangement that i rarely need to think about operation. the built-in controls are responsive, although i sometimes wish they were more visible from across the room. that is a minor inconvenience rather than a serious drawback. the finish has stayed neat, and the supplied warranty provides useful peace of mind. for music and spoken content in ordinary rooms, vela nova 213 has been a welcome, uncomplicated addition.",True
CORD001438,CUS00192,2019-03-31,Thompson,"[{""product"":""Candle Orbit 674"",""quantity"":1}]",324.06,12.75,-37.835383,144.919018,10,304.4,Autumn,False,3.528,"i bought candle bloom 370 for creative projects and occasional media editing, expecting it to handle a mixture of writing, images, and video work. the first setup took longer than it should have because updates interrupted the process more than once. basic browsing was possible, but the machine became sluggish as soon as several applications were open. windows took a long time to appear, and switching between editing tasks produced repeated pauses that broke my concentration. during a longer editing session, the fan became loud and the case grew uncomfortably warm near the keyboard. previewing a project led to stuttering, and exporting left the laptop unresponsive for several minutes. i had to save repeatedly because the software froze without warning. the display showed the material, but its limited viewing angle made colour decisions difficult when i shifted in my chair. these issues were not occasional annoyances; they kept returning throughout the month. the keyboard has a shallow, hollow feel, and the touchpad sometimes ignored a deliberate click. battery use was also disappointing during demanding work, forcing me to remain near an outlet. candle bloom 370 can perform simple office tasks, but that basic function does not make it suitable for creative projects and media editing. the long warranty cannot compensate for the poor performance, heat, noise, and unreliable workflow. i regret choosing this laptop and would avoid it for demanding work.",False
CORD001439,CUS00167,2019-11-13,Bakers,"[{""product"":""Vela Core 957"",""quantity"":1},{""product"":""Candle Orbit 548"",""quantity"":1},{""product"":""Candle Orbit 674"",""quantity"":1}]",851.6,11.87,-37.862415,145.010586,0,863.47,Spring,False,5.9827,"vela atlas 305 has made controlling room lighting much more convenient. the app is responsive, changes take effect quickly, and setting up a few preferred scenes was uncomplicated. it has continued working reliably after regular use by several people. the interface could explain some options better, but the main lighting controls are genuinely helpful.",True
CORD001440,CUS00085,2019-07-10,Thompson,"[{""product"":""Vela Core 957"",""quantity"":1},{""product"":""Vela Halo 281"",""quantity"":1},{""product"":""Candle Vista 110"",""quantity"":3}]",6251.98,15.77,-37.751866,144.940388,15,5329.95,Winter,False,6.7869,"vela echo 781 has worked well for planning trips, checking maps, reading messages, and watching media during journeys. apps respond quickly enough for everyday use, and the screen remains clear in bright places. i particularly appreciate having my notes and route information available without carrying another device. battery life has covered my usual day, though heavy video use requires a top-up sooner. even with that limitation, it has been a reliable and enjoyable travel companion.",True
CORD001441,CUS00346,2019-04-10,Bakers,"[{""product"":""Candle Edge 392"",""quantity"":1},{""product"":""Vela Core 957"",""quantity"":2}]",918.69,23.63,-37.780957,145.006269,15,804.52,Autumn,True,3.3715,"i compared vela nova 717 with a basic watch i had used for walking and commute notifications. the older watch had a plain display, but it showed alerts more consistently. vela nova 717 missed several messages while the phone was in my bag, then delivered multiple notifications together after i had already reached my destination. that timing made the feature unreliable rather than useful. i could see that the phone was connected, yet the watch gave no clear warning when alerts stopped arriving. walking records were also uneven. similar routes produced noticeably different totals, and the screen sometimes failed to wake when i lifted my wrist. i had to press the side button while crossing a street, which was awkward and distracting. the display was visible indoors, but direct sunlight made small text difficult to read. the strap stayed closed during walks, although its edge rubbed my wrist during longer use and left me unwilling to wear it continuously. i tried changing notification permissions, restarting the watch, and keeping the phone closer. those steps reduced the number of missed alerts for a short time but did not remove the problem. battery use was difficult to judge because the remaining indicator dropped unevenly, and the watch required charging sooner after days with more notifications. the basic time display operates, but that is not the reason i bought a health wearable. compared with the older watch, vela nova 717 looks more current while providing less dependable alerts, less consistent walking records, and a more awkward fit. the device asks for repeated checking, which defeats the convenience of receiving information at a glance. i wanted a quiet aid for commuting, not another source of uncertainty. its weaknesses continued through weeks of use, and i cannot recommend it for walking records or commute notifications.",False
CORD001442,CUS00318,2019-01-28,Bakers,"[{""product"":""Vela Halo 281"",""quantity"":1},{""product"":""Candle Orbit 674"",""quantity"":1}]",854.8,12.89,-37.751556,144.96624,10,782.21,Summer,False,6.9799,"i bought candle bloom 406 after spending too many evenings with a gaming accessory that looked impressive but became uncomfortable during longer sessions. the older setup had brighter lighting and a heavier frame, yet i was constantly adjusting it. candle bloom 406 is less showy and much easier to live with at a desktop. its controls stay within reach, the fit remains comfortable, and it does not make the desk feel crowded. during extended gaming, the most useful improvement is consistency. the connection has remained stable, and the controls respond without a noticeable pause. i can move from a competitive match to a slower game without changing the whole arrangement. sound and voice communication are clear enough for team play, while the physical design prevents the small pressure points that bothered me before. after several hours, i notice the session rather than the equipment, which is exactly what i wanted. i compared it with a smaller model that a friend uses. that one is easier to pack, but candle bloom 406 feels steadier on the desk and provides better support when i lean back. a more expensive option offered richer audio, although its software was more involved and occasionally distracting. candle bloom 406 has fewer fine adjustments, but i prefer its direct approach for regular use. the finish shows fingerprints, and the controls would benefit from more separation because two buttons are close together. neither issue has affected performance. it has handled everyday play, voice chats, and several long weekend sessions without a loose joint or unreliable connection. candle bloom 406 is not the flashiest choice, but compared with the equipment i have used before, it gives me the best combination of comfort, stability, and uncomplicated desktop gaming.",True
CORD001443,CUS00425,2019-12-07,Thompson,"[{""product"":""Candle Edge 932"",""quantity"":2},{""product"":""Candle Edge 392"",""quantity"":1}]",3356.71,15.03,-37.883205,144.87575,0,3371.74,Summer,False,10.0361,"vela ridge 455 has allowed me to control room lighting from the phone instead of crossing the house to reach the switch. the initial connection was manageable, and creating ordinary on and off actions did not take long. manual control responded consistently in normal conditions, while the application showed the selected state clearly enough for quick checks. i have found it convenient when settling down for the evening or adjusting a light while carrying other things. the unit has remained unobtrusive in the room. the application has a few small annoyances. changing several rooms in sequence involves repeated navigation, and a command can take a moment when the wireless connection is busy. i also prefer checking the physical light before assuming a delayed command has completed. vela ridge 455 provides useful app-controlled lighting for simple routines, but households wanting complex scenes may find the process less smooth than expected.",True
CORD001444,CUS00011,2019-05-20,Bakers,"[{""product"":""Candle Orbit 674"",""quantity"":1},{""product"":""Candle Edge 392"",""quantity"":1},{""product"":""Candle Orbit 548"",""quantity"":1}]",955.88,13.12,-37.8568,145.062111,5,921.21,Autumn,False,7.8474,"candle flux 234 has been a welcome addition to our shared room because different people can enjoy music without complicated setup. pairing is quick, and the controls are visible enough that visitors can adjust playback without searching through an app. sound carries well at ordinary volume, with voices and instruments remaining distinct. we have used it during meals, weekend cleaning, and relaxed evenings, and it has handled the changes in listening position well. the bass is restrained, so anyone seeking a strong club-like effect may want something larger. for background music and spoken content, that balance is comfortable. the casing has also survived being moved between shelves without showing much wear. candle flux 234 has made shared playback easy to start and easy to hand over, which suits our household better than a complicated system.",True
CORD001445,CUS00099,2019-02-21,Bakers,"[{""product"":""Vela Core 957"",""quantity"":1}]",271.47,13.82,-37.778222,145.04246,15,244.57,Summer,False,5.4501,"candle vista 974 has been a disappointing headset for video calls and online classes. pairing is inconsistent, so i often have to remove it from the device list and try again before sound appears. during meetings, the microphone level changes without warning and other people report that my voice becomes distant or broken. the speaker output is audible, but voices sound thin and harsh, making longer lessons tiring to follow. connection failures are particularly awkward when a class has already started, because valuable time is lost searching through settings. charging is another nuisance: the indicator is unclear and the battery has run down sooner than expected during extended sessions. the basic audio connection sometimes operates, but the repeated dropouts and poor microphone behaviour make candle vista 974 unreliable for any serious call.",False
CORD001446,CUS00055,2019-12-12,Bakers,"[{""product"":""Candle Orbit 548"",""quantity"":1},{""product"":""Vela Core 957"",""quantity"":1},{""product"":""Vela Nova 753"",""quantity"":2},{""product"":""Vela Halo 137"",""quantity"":2}]",10854.54,10.16,-37.784681,144.98092,0,10864.7,Summer,False,3.083,"vela spark 279 solved an untidy problem that i had tolerated for far too long. my charging cables used to collect in a drawer, become tangled, and then turn up in the wrong bag. this organiser gives each cable a more definite place, so preparing for work or travel takes less searching. compared with the simple pouch i used before, it is easier to see what is stored and easier to return everything after use. the improvement is most apparent when i am packing quickly. i can keep the cables together without wrapping them into a tight knot, and the organiser does not take up much room beside other mobile accessories. at home it has stopped the charging area from becoming a loose pile. the materials feel sufficiently sturdy for ordinary handling, and after repeated opening and closing it has not become difficult to use. vela spark 279 is not exciting technology, but it removes a small source of daily irritation. there are limits to the compact design. a particularly bulky cable or a larger charging block needs to be carried separately, and filling every space can make the organiser less flexible. i also had to change my habit of dropping everything into one pocket. once that adjustment was made, the comparison with my old pouch was clear: the pouch stored cables, while vela spark 279 helps me keep them organised. it is a modest purchase, yet it has made travel preparation and everyday charging noticeably more orderly.",True
CORD001447,CUS00105,2019-05-22,Nickolson,"[{""product"":""Candle Edge 392"",""quantity"":1},{""product"":""Candle Orbit 548"",""quantity"":1},{""product"":""Vela Halo 137"",""quantity"":2},{""product"":""Vela Halo 281"",""quantity"":1}]",2682.34,12.31,-37.843879,144.980084,0,2694.65,Autumn,False,2.9597,"i bought vela core 453 for shared film and television viewing in the living room. the display showed an image after setup, but arranging the device and finding the needed controls was awkward. the instructions were sparse, and the menus were frustrating to navigate when i tried to connect the usual services. a simple viewing session required too much searching and repeated button presses. once the household started using it, the picture frequently paused during longer programmes. sometimes playback resumed on its own, while other times i had to leave the programme and open it again. the sound could continue briefly after the image stopped, producing an irritating mismatch. vela core 453 was technically capable of displaying content, but its interruptions made the central use unreliable. the shared-room setting exposed further weaknesses. viewing from the side made parts of the image look dull, and the remote did not always register a press on the first attempt. when several people tried to adjust volume or pause a programme, the response became slow and confusing. we stopped using it for longer films because the repeated interruptions were more frustrating than entertaining. support recommended restarting the device and checking the connection, steps i had already tried. the faults returned during ordinary use, and no replacement arrangement was offered. vela core 453 can display a programme under favourable conditions, but that limited result does not offset the poor controls, uneven playback, and unreliable shared viewing. i regret the purchase and cannot recommend it.",False
CORD001448,CUS00103,2019-07-02,Thompson,"[{""product"":""Candle Edge 392"",""quantity"":1},{""product"":""Candle Vista 110"",""quantity"":1},{""product"":""Candle Lumen 220"",""quantity"":2},{""product"":""Candle Orbit 674"",""quantity"":1},{""product"":""Candle Edge 932"",""quantity"":1}]",11065.66,18.56,-37.765765,144.96128,10,9977.65,Winter,False,5.3633,"i purchased candle bloom 388 to separate guest access from the rest of the home network and keep track of connected devices. the installation process was confusing from the beginning. the app accepted the network details, then returned to the same screen without explaining what had failed. after several attempts the unit appeared online, but the guest network disappeared whenever the device restarted, which made the arrangement unreliable. managing devices was an ongoing problem. names were lost after changes, and unfamiliar entries remained visible even after i had removed equipment. the interface used small controls and unclear labels, so a simple restriction required repeated checking. on one occasion a guest device could still reach the main network after i had selected the guest option. i could not determine whether the setting had failed or whether the display was inaccurate, which is unacceptable for a management tool. the wireless connection itself can carry ordinary traffic, but that narrow function is not the reason i bought candle bloom 388. reboots were slow, the status information was inconsistent, and the guest controls were awkward enough to discourage regular use. support offered generic reset instructions and did not resolve the repeated configuration loss. the unit has added uncertainty to a task that should be straightforward. candle bloom 388 is frustrating, unreliable, and difficult to recommend.",False
CORD001449,CUS00073,2019-11-13,Thompson,"[{""product"":""Vela Core 957"",""quantity"":1},{""product"":""Candle Vista 110"",""quantity"":1},{""product"":""Candle Orbit 548"",""quantity"":1},{""product"":""Vela Halo 281"",""quantity"":2}]",3405.61,14.83,-37.887802,144.883515,0,3420.44,Spring,False,10.0462,"for the last sixteen days, vela core 993 has served as a shared display for presentations and family photo viewing. i have used it to show slides during small discussions, browse albums after dinner, and display images while several people are gathered around the room. the picture remains easy to see from the side, and changing between content is simple enough that nobody needs a long explanation. its size makes it more suitable for a room or table than for carrying around, and the stand takes a little space on a crowded surface. those details have not reduced its usefulness in the setting where i use it. vela core 993 gives our household a clear, convenient way to share visual material without setting up a complicated arrangement.",True
CORD001450,CUS00339,2019-06-09,Thompson,"[{""product"":""Vela Halo 281"",""quantity"":1},{""product"":""Candle Orbit 548"",""quantity"":3}]",1298.95,11.69,-37.828932,144.937784,15,1115.8,Winter,False,1.9834,"vela spark 585 has been monitoring door and window activity for several weeks, mainly at the front entrance and a ground-floor window. the alerts arrive quickly enough to tell me when someone has come home or when a window was left open, and the activity history is helpful when i am trying to remember what happened earlier. installation was uncomplicated, although aligning the two parts took a few attempts before the status appeared correctly. the app offers more notification choices than i expected, so the first evening involved some adjustment to avoid receiving unnecessary updates. since then, it has required little attention. the alert sound on my phone is easy to miss when i am busy, which means i still check the history rather than relying on one notification. vela spark 585 has nevertheless added useful awareness to our routine without making the home feel over-automated.",True
CORD001451,CUS00417,2019-08-22,Bakers,"[{""product"":""Candle Edge 392"",""quantity"":1},{""product"":""Vela Halo 281"",""quantity"":2},{""product"":""Candle Orbit 674"",""quantity"":1}]",1761.29,11.2,-37.820781,145.003707,0,1772.49,Winter,False,1.4115,"vela atlas 845 has made the morning and evening blind routines much less hands-on in our home. i spent some time positioning it and adjusting the schedules, but once those choices were made the daily operation became pleasantly consistent. the blinds respond without a long pause, and i can still use the physical control when i want to change things manually. it has been particularly useful on darker mornings, when the gradual routine is less abrupt than opening everything at once. the app interface is not especially exciting and i occasionally check that a schedule has saved, but i have not had a missed routine since the initial setup. the unit blends into the room rather than drawing attention to itself. after sixteen days, vela atlas 845 has proved reliable and convenient, with only a small learning curve at the beginning.",True
CORD001452,CUS00052,2019-04-10,Thompson,"[{""product"":""Candle Shift 916"",""quantity"":2},{""product"":""Vela Core 957"",""quantity"":1},{""product"":""Candle Vista 110"",""quantity"":2},{""product"":""Vela Halo 281"",""quantity"":1},{""product"":""Candle Flux 162"",""quantity"":2}]",10273.51,11.79,-37.833314,144.945892,0,10285.3,Autumn,False,2.2975,"i compared vela echo 745 with the simple timer setup it replaced because i wanted automated blind and curtain routines. the old arrangement required manual adjustment, but it behaved consistently. vela echo 745 introduces scheduled control and then makes me check whether the schedule happened. on several mornings the blinds moved late, while on other mornings one side moved and the other remained still. that uneven result is frustrating, particularly when i am leaving the house and do not have time to troubleshoot. the app adds more uncertainty. a routine can appear active while the blind does not respond, and the status may not update until i close and reopen the app. manual commands sometimes work immediately, but occasionally the motor pauses halfway and needs another command. vela echo 745 also loses its connection after the home network restarts, leaving the scheduled actions unavailable until i pair it again. the older timer lacked remote control, yet it did not require this repeated supervision. installation was not the main problem; the difficult part has been maintaining predictable behavior. i checked the mounting, adjusted the schedule, and reset the connection several times. each attempt produced a short improvement followed by another missed routine. support sent general pairing instructions and did not address the inconsistent movement. the 12-month warranty offers limited reassurance for a device that controls a daily household task. vela echo 745 can move the blinds when conditions cooperate, but missed schedules, incomplete movement, and unreliable status reporting make it a poor comparison with the simple timer. i would avoid it for unattended routines.",False
CORD001453,CUS00273,2019-10-21,Thompson,"[{""product"":""Candle Orbit 674"",""quantity"":2},{""product"":""Vela Halo 281"",""quantity"":1}]",1178.86,21.43,-37.84544,144.913326,20,964.52,Spring,True,4.6966,"candle flux 432 has become the device we leave in the living room for family learning and shared browsing. it was simple to place on the stand, and the first setup did not require much technical knowledge. different members of the family use it for reading, looking up questions, practising lessons, and browsing together, so the straightforward interface has been more valuable than a large collection of complicated features. the screen is comfortable for a child to read and large enough for two people to examine something at once. touch responses have remained consistent, and switching between a learning activity and a browser page is generally smooth. when several demanding pages are open, the tablet may pause briefly, but closing an unused page usually restores the pace. i also like that the device can be passed around without feeling delicate, although we still keep it in one place when it is not being used. over the weeks, candle flux 432 has supported quiet homework time as well as relaxed weekend browsing. battery life is suitable for our normal use, and charging is easy to remember because the tablet returns to its stand each evening. the speakers are fine for spoken lessons, though headphones are preferable when someone else is watching television. the only recurring annoyance is that the screen gathers fingerprints quickly, which means i wipe it more often than expected. even with that minor chore, it has been a useful shared tool and has made family learning feel more accessible.",True
CORD001454,CUS00246,2019-01-06,Thompson,"[{""product"":""Candle Orbit 548"",""quantity"":1},{""product"":""Candle Orbit 674"",""quantity"":2},{""product"":""Vela Core 957"",""quantity"":1}]",1175.66,12.38,-37.759543,144.923658,5,1129.26,Summer,False,6.2558,"candle edge 482 has become the tablet everyone in my household reaches for when learning or browsing together. the screen is comfortable for reading lessons, and switching between a child’s research page and a family video is simple enough that nobody needs much help. it feels manageable to carry from the kitchen table to the sofa, and the interface has remained responsive during ordinary shared use. the speakers are also clear for spoken lessons at a moderate level. the storage fills more quickly when several people save media, so we have had to keep the tablet organised. that is the only limitation that has appeared regularly. it starts promptly, holds a connection well, and has handled repeated handoffs without becoming frustrating. candle edge 482 has been a useful shared device for study, browsing, and relaxed family time.",True
CORD001455,CUS00417,2019-09-02,Bakers,"[{""product"":""Candle Shift 916"",""quantity"":1},{""product"":""Candle Flux 162"",""quantity"":2},{""product"":""Candle Orbit 548"",""quantity"":1},{""product"":""Vela Core 957"",""quantity"":1},{""product"":""Candle Orbit 674"",""quantity"":1}]",4830.95,8.53,-37.820781,145.003707,25,3631.74,Spring,False,1.4115,"vela atlas 845 has made the morning and evening blind routines much less hands-on in our home. i spent some time positioning it and adjusting the schedules, but once those choices were made the daily operation became pleasantly consistent. the blinds respond without a long pause, and i can still use the physical control when i want to change things manually. it has been particularly useful on darker mornings, when the gradual routine is less abrupt than opening everything at once. the app interface is not especially exciting and i occasionally check that a schedule has saved, but i have not had a missed routine since the initial setup. the unit blends into the room rather than drawing attention to itself. after sixteen days, vela atlas 845 has proved reliable and convenient, with only a small learning curve at the beginning.",True
CORD001456,CUS00494,2019-08-24,Bakers,"[{""product"":""Vela Halo 281"",""quantity"":2},{""product"":""Candle Lumen 220"",""quantity"":1},{""product"":""Candle Flux 162"",""quantity"":1}]",5651.16,10.44,-37.812326,144.990077,20,4531.37,Winter,False,0.5217,"i started using vela atlas 377 because i wanted a simple record of my exercise sessions rather than a device that demanded constant attention. over several weeks, it has helped me notice how different walks, rides, and short workouts affect the shape of a session. the initial setup was quick, and the wearable felt light enough that i was comfortable leaving it on during ordinary parts of the day. the most useful moment comes after finishing an activity. the summary gives me something concrete to review while the session is still fresh, and the information is presented in a way that does not require technical knowledge. a gentle walk looks different from a faster session, which makes it easier to compare my own habits. i have become more consistent simply because i enjoy seeing the record accumulate. the display remains readable in normal indoor light, and the controls respond well when i begin, pause, or finish an exercise. they are less convenient when my fingers are damp, so i usually wipe the screen first. battery life has supported my routine without surprise, and charging has become an occasional habit rather than a daily concern. i also appreciate that the wearable does not feel bulky under a sleeve. vela atlas 377 has encouraged a more attentive approach to exercise without turning it into a chore. its summaries are practical, the fit is unobtrusive, and the information gives me a reason to return to the next session. that is a meaningful result from a small device.",True
CORD001457,CUS00176,2019-09-07,Bakers,"[{""product"":""Candle Vista 110"",""quantity"":1},{""product"":""Candle Lumen 220"",""quantity"":2},{""product"":""Candle Orbit 674"",""quantity"":2},{""product"":""Vela Core 957"",""quantity"":2}]",10066.43,11.23,-37.782031,145.041334,10,9071.02,Spring,False,5.1067,"i bought candle bloom 604 for commuting and have used it regularly on trains, walks and during household errands for the past two years. pairing was straightforward after the first charge, and the connection has generally stayed in place when my phone is in a pocket or bag. spoken content is the strongest part of the experience: voices sound distinct, podcasts remain intelligible over background noise, and the controls can be found without constantly checking the phone. music is enjoyable as well, though the presentation is more balanced than powerful and will not satisfy someone seeking heavy bass. the fit has stayed secure during normal walking, and the controls have survived being handled with gloves and hurriedly packed away. battery life has been sufficient for my usual routine, although i still charge before a long trip because the warning arrives sooner than expected. overall, candle bloom 604 has made commuting more comfortable and has remained a dependable everyday audio companion.",True
CORD001458,CUS00488,2019-11-06,Thompson,"[{""product"":""Candle Orbit 674"",""quantity"":3},{""product"":""Candle Orbit 548"",""quantity"":1}]",1228.25,11.44,-37.765681,144.931849,25,932.63,Spring,False,5.3937,"the candle shift 556 has performed well during the long desktop gaming sessions i usually have at weekends. controls remain responsive in fast matches, and the design feels sturdy when i move it or adjust my position. heat and noise have stayed reasonable during ordinary play, so the experience does not become distracting after an hour or two. i especially value the consistent performance when switching between different games, since i have not needed to keep changing settings. the included cable arrangement is a little untidy, and the overall shape takes more desk space than expected. those minor complaints are easy to live with. the candle shift 556 has given me a satisfying, stable setup for extended gaming.",True
CORD001459,CUS00394,2019-09-14,Thompson,"[{""product"":""Vela Nova 753"",""quantity"":1},{""product"":""Candle Edge 392"",""quantity"":1},{""product"":""Candle Edge 932"",""quantity"":3}]",9250.8,13.41,-37.776449,144.920223,0,9264.21,Spring,False,4.6678,"the candle bloom 784 was placed in a shared room for music playback, but the connection and sound have been inconsistent. different phones require repeated pairing, and one device can interrupt another without a clear warning. playback is audible near the unit, although the sound becomes weak across the room and voices are difficult to distinguish in busy tracks. volume changes are delayed, so people often press the control more than once and then receive several commands together. the casing also feels light and easy to knock from its position. it can play a song when paired correctly, but that basic function is not enough for shared use. the interruptions and poor control response are frustrating. i cannot recommend the candle bloom 784.",False
CORD001460,CUS00307,2019-05-21,Nickolson,"[{""product"":""Candle Vista 110"",""quantity"":1},{""product"":""Candle Orbit 674"",""quantity"":2},{""product"":""Candle Lumen 220"",""quantity"":1}]",5994.1,11.36,-37.866177,144.949168,0,6005.46,Autumn,False,5.5854,"vela core 849 has made hands-free device use much easier at our shared workspace. we use it to support a phone during calls, reference documents, and occasional demonstrations, and the device stays at a sensible viewing angle instead of sliding around among papers. several people can use it without needing to adjust the stand dramatically each time. the base occupies little desk space, while the support feels firm during ordinary tapping and swiping. i have moved it between desks and found the construction solid enough for regular handling. very large or unusually heavy devices may need more careful positioning, so i would not assume every size will behave identically. for the phones and tablets we normally use, vela core 849 has remained stable and convenient. it has reduced neck bending during calls and made shared information easier to see, which is exactly the modest improvement i wanted from this accessory.",True
CORD001461,CUS00448,2019-06-19,Thompson,"[{""product"":""Candle Lumen 220"",""quantity"":1},{""product"":""Vela Core 957"",""quantity"":1},{""product"":""Candle Orbit 548"",""quantity"":1}]",4056.93,29.87,-37.740383,144.957253,15,3478.26,Winter,True,8.088,"i bought vela nova 699 for a shared office where i often need my phone visible during calls and while following messages. the stand has made that arrangement much less awkward. it holds the device securely, leaves the screen at a useful angle, and keeps the phone from disappearing under notebooks or cables. i have moved it between two desks several times, and the base has remained steady on both surfaces. after more than a month of daily use, the adjustment points still feel firm without being difficult to reposition. i can glance at notifications, join a meeting, or keep a reference page open while working on my computer. it is not especially small when packed away, and the angle range is not unlimited, but those are minor compromises for a hands-free support that has become part of my normal workspace. vela nova 699 feels thoughtfully made and has performed consistently.",True
CORD001462,CUS00258,2019-06-03,Bakers,"[{""product"":""Candle Flux 162"",""quantity"":1},{""product"":""Candle Edge 392"",""quantity"":1},{""product"":""Vela Core 957"",""quantity"":3},{""product"":""Candle Orbit 548"",""quantity"":1},{""product"":""Vela Halo 137"",""quantity"":1}]",3266.41,13.34,-37.83995,145.018903,25,2463.15,Winter,False,3.9264,"vela wave 193 has been useful for presentations and viewing family photos. images look inviting in a bright room, and the basic navigation is familiar enough for occasional visitors. presentations need some preparation, and the interface can slow down when i move between viewing options. it is suitable for relaxed use, though delays interrupt an otherwise simple experience. i would describe it as capable but not especially polished.",True
CORD001463,CUS00440,2019-03-13,Bakers,"[{""product"":""Candle Vista 110"",""quantity"":1},{""product"":""Vela Core 957"",""quantity"":2},{""product"":""Vela Nova 753"",""quantity"":1},{""product"":""Vela Halo 281"",""quantity"":1},{""product"":""Candle Orbit 548"",""quantity"":1}]",7549.95,23.79,-37.873607,145.020947,0,7573.74,Autumn,True,7.4249,"vela pulse 1009 has made my desk arrangement more adaptable than the simple stand i used before. the old stand held a phone in one fixed position, which was fine for occasional charging but awkward during video calls, reading, or following a recipe. vela pulse 1009 lets me alter the viewing angle and height, so i can position the device beside my monitor or bring it closer when i need to check something. that flexibility has reduced the small daily annoyances i had stopped noticing. the base remains steady when i tap the screen, and the adjustment points have stayed firm through repeated changes. i use it for calls, reference notes, and keeping a timer visible while working. it also folds my phone into a less intrusive space when i am not actively using it. compared with the previous stand, the useful difference is not a dramatic feature but the ability to change the position without lifting the whole accessory and searching for a new place on the desk. there is a little resistance when making larger adjustments, so one-handed repositioning is not always smooth. i see that as a minor trade-off for the stability. vela pulse 1009 has survived being moved between my desk and a side table without developing looseness or marks. it is a modest accessory, but it solves a specific positioning problem more completely than the cheaper fixed stand and has become part of my regular workspace.",True
CORD001464,CUS00029,2019-03-26,Thompson,"[{""product"":""Candle Flux 162"",""quantity"":1},{""product"":""Vela Core 957"",""quantity"":2},{""product"":""Candle Orbit 674"",""quantity"":1}]",1927.29,14.33,-37.885124,144.891903,15,1652.53,Autumn,False,9.4002,"candle quest 408 was added to cover a home-office corner where the wireless signal had been inconsistent. positioning it took a few attempts, but once i moved it away from a thick shelf the desk connection became much steadier. video calls remained connected through normal work, and transferring smaller documents felt noticeably less interrupted than before. i also used the connection from a nearby room and found the range adequate for the way my household is arranged. the unit is not entirely invisible in use. a laptop occasionally showed a connection pause when waking from sleep, and the recovery took long enough to interrupt the beginning of a meeting. restarting the unit fixed it, but that is not something i want to make part of a weekly routine. the setup screen explains the basic choices but gives limited guidance when the signal changes from one room to another. when several devices were active in the evening, performance remained acceptable rather than especially quick. after three weeks, candle quest 408 has solved the main coverage problem and earns credit for that. it makes the office corner more usable and has reduced the number of dropped calls i was experiencing. the wake-up pauses and ordinary performance under a busy load keep my view measured. i would retain it for the coverage, while expecting occasional maintenance and a little experimentation with placement.",True
CORD001465,CUS00339,2019-10-04,Thompson,"[{""product"":""Candle Vista 110"",""quantity"":2},{""product"":""Vela Core 957"",""quantity"":1},{""product"":""Vela Nova 753"",""quantity"":1},{""product"":""Candle Shift 916"",""quantity"":1}]",10167.03,8.95,-37.828932,144.937784,5,9667.63,Spring,False,1.9834,"vela spark 585 has been monitoring door and window activity for several weeks, mainly at the front entrance and a ground-floor window. the alerts arrive quickly enough to tell me when someone has come home or when a window was left open, and the activity history is helpful when i am trying to remember what happened earlier. installation was uncomplicated, although aligning the two parts took a few attempts before the status appeared correctly. the app offers more notification choices than i expected, so the first evening involved some adjustment to avoid receiving unnecessary updates. since then, it has required little attention. the alert sound on my phone is easy to miss when i am busy, which means i still check the history rather than relying on one notification. vela spark 585 has nevertheless added useful awareness to our routine without making the home feel over-automated.",True
CORD001466,CUS00194,2019-10-08,Thompson,"[{""product"":""Candle Orbit 548"",""quantity"":1},{""product"":""Candle Vista 110"",""quantity"":1},{""product"":""Candle Orbit 674"",""quantity"":1},{""product"":""Vela Halo 281"",""quantity"":1}]",2927.46,12.59,-37.767717,144.891761,0,2940.05,Spring,False,6.972,"i bought vela wave 193 for a shared workroom where we regularly show presentation slides and photographs. after several weeks of ownership, it has become one of those devices i reach for without much thought. the initial setup was straightforward: i connected it to the room network, adjusted the viewing angle, and had a presentation ready before the next meeting. the menus are clearly arranged, and the controls respond without making me hunt through unnecessary options. the main screen is bright enough for our normal indoor lighting, and text remains readable when people are seated farther back. photographs also look lively, with enough contrast to make family pictures and project images pleasant to view. i have used it for short team briefings, quiet photo browsing, and leaving a rotating set of images visible during breaks. switching between those activities feels natural. the display starts promptly, and returning to a previous session does not create much interruption. what i especially appreciate is the balance between presentation usefulness and casual viewing. it does not feel limited to a single purpose. i can review a slide deck in the morning, show a group some design images after lunch, and leave a photo collection running while the room is being used for other work. the frame has stayed steady on the shelf, and the surface has been easy to wipe clean. the supplied warranty also gives me confidence that the purchase is supported if a serious issue appears. there are a couple of small limitations. the built-in sound is adequate for spoken material but not something i would choose for filling a large room with music. the screen can also reflect a strong window, so placement matters. neither point has affected my normal use. vela wave 193 has made presentations smoother, photo viewing more enjoyable, and the room more welcoming. for this kind of everyday display, i am very pleased with how much practical value it provides.",True
CORD001467,CUS00363,2019-10-03,Bakers,"[{""product"":""Vela Core 957"",""quantity"":1},{""product"":""Candle Vista 110"",""quantity"":1},{""product"":""Candle Orbit 548"",""quantity"":3},{""product"":""Candle Flux 162"",""quantity"":1},{""product"":""Candle Orbit 674"",""quantity"":1}]",4240.62,9.54,-37.788422,144.979018,5,4038.13,Spring,False,2.79,"the vela pulse 1081 has worked well for travel planning and casual media use during my 38 days of ownership. i have used it to check routes, read booking messages, browse local information, and watch short programmes while away from home. the screen is comfortable for maps and reading, while the device remains manageable in one hand. compared with the older phone i carried, apps open with less waiting and moving between travel information and messages feels more fluid. the vela pulse 1081 also compares favourably with relying on a small tablet. it fits into a pocket, connects promptly when i need information, and handles short viewing sessions without becoming awkward to carry. battery life has covered my normal days of navigation and casual media, though i take a charger when i expect extended use. the camera is suitable for quick snapshots and signs, but i would choose a dedicated camera for deliberate photography. there are a few compromises. the display can feel crowded when several travel pages are open, and the smooth finish is a little slippery without a case. heavy gaming would probably ask more of it than my routine does. for planning trips, keeping in touch, and filling quiet moments with media, the vela pulse 1081 compares well with both an older handset and a small tablet. the 24-month warranty provides useful reassurance, and i have found it a balanced, capable companion away from home.",True
CORD001468,CUS00010,2019-10-08,Bakers,"[{""product"":""Candle Lumen 220"",""quantity"":1},{""product"":""Vela Halo 137"",""quantity"":1},{""product"":""Candle Shift 916"",""quantity"":2},{""product"":""Candle Orbit 548"",""quantity"":1}]",8262.89,10.2,-37.811634,145.03732,10,7446.8,Spring,False,3.7018,"candle shift 646 has produced usable recordings for game streaming and media capture. after the initial configuration, the main workflow is straightforward and footage remains consistent during ordinary sessions. changing sources mid-stream is awkward, and longer recording periods make the unit noticeably warm. the controls provide the necessary options but are not arranged especially intuitively. it is suitable for occasional capture work, while frequent streaming would benefit from a smoother setup.",True
CORD001469,CUS00386,2019-07-28,Bakers,"[{""product"":""Candle Orbit 548"",""quantity"":2},{""product"":""Candle Shift 916"",""quantity"":1}]",2370.91,16.52,-37.78438,145.004804,0,2387.43,Winter,False,2.9699,"candle shift 1060 has been a poor laptop for study, research, and note taking. documents take too long to open, and the system becomes sluggish when a browser, reference file, and notes application are used together. the fan makes an irritating noise during ordinary reading, while the underside grows warm on the lap. the keyboard has uneven resistance and produces missed characters, which is troublesome when taking notes quickly. the screen reflects room lights and becomes difficult to read from an angle. sleep mode sometimes fails, leaving the battery drained by the next session. it can display documents and accept typed notes, but those basic capabilities do not compensate for the delays and awkward hardware. after repeated coursework sessions, candle shift 1060 has wasted time and caused needless frustration.",False
CORD001470,CUS00500,2019-11-16,Nickolson,"[{""product"":""Candle Edge 932"",""quantity"":1},{""product"":""Vela Nova 753"",""quantity"":1},{""product"":""Candle Flux 162"",""quantity"":1}]",6954.38,10.09,-37.845269,144.947455,10,6269.03,Spring,False,3.5444,"the candle lumen 598 has made a noticeable difference in the far rooms of my home. i placed it between the main network point and the study, and the connection now reaches the hallway and back bedroom with much less interruption. video calls from the study remain steady, while ordinary browsing in the bedroom no longer drops whenever someone uses the kitchen. installation was uncomplicated, and the indicators gave me enough information to find a suitable position without repeated guesswork. the unit is not especially small, so it needs a visible shelf rather than a hidden corner, but that is a minor trade-off for the extra coverage. it has been running quietly and consistently since i installed it. the candle lumen 598 is a worthwhile solution for extending a home network between rooms.",True
CORD001471,CUS00289,2019-02-08,Thompson,"[{""product"":""Candle Orbit 674"",""quantity"":2},{""product"":""Vela Halo 137"",""quantity"":1},{""product"":""Vela Core 957"",""quantity"":1}]",1679.48,21.79,-37.789782,144.944725,15,1449.35,Summer,True,2.5537,"candle orbit 206 was purchased for a desktop setup where i spend several hours playing at a time. it arrived in ordinary packaging and connected without a dramatic failure, but that was the least troublesome part of the experience. the unit occupies more space than its shape suggests, and arranging it beside my other equipment left the controls partly blocked. the surface began showing fingerprints almost immediately, while the edges picked up dust that was difficult to remove without taking everything apart. during the first longer session, the physical weaknesses became obvious. the main controls feel loose and give little indication of where an adjustment has stopped. i often reach for one setting and end up changing another because the controls are too close together and the labels are hard to distinguish in dim light. after an hour, the contact points created pressure that forced me to shift position repeatedly. a basic gaming function operates, but the awkward layout makes every change slower and more irritating than it should be. over the following weeks i tested candle orbit 206 with different games and moved it to a second desk. the connection remained present, though it occasionally dropped for a moment when the cable was nudged. that interruption was enough to break a match, and reconnecting required stopping what i was doing and checking several settings. the cable also sits at an exposed angle, so it snags when i move the chair. the product gives no convincing sense of durability; the housing flexes under ordinary pressure and the moving parts have developed a faint rattle. i compared the experience with the older hardware already in my room, and the difference is mostly in how often candle orbit 206 demands attention. instead of disappearing into the setup, it creates small delays, cramped hand movements, and repeated maintenance. the included guidance did not address the connection interruptions or the uncomfortable contact points. nothing has completely stopped it from operating, but dependable operation is not the same as an acceptable gaming experience. the poor ergonomics, unreliable connection, and weak construction leave me disappointed, and i cannot recommend it for long desktop sessions.",False
CORD001472,CUS00439,2019-09-26,Bakers,"[{""product"":""Candle Orbit 548"",""quantity"":1},{""product"":""Vela Core 957"",""quantity"":2},{""product"":""Candle Lumen 220"",""quantity"":2},{""product"":""Candle Vista 110"",""quantity"":1}]",9674.38,22.31,-37.762713,145.025961,15,8245.53,Spring,True,5.9106,"i kept candle orbit 764 on my desk for music during focused work and compared it with both headphones and a larger room speaker. it gives me an open listening option without isolating me from what is happening around the room. pairing was uncomplicated, and the controls were easy to reach while i was working. the result is more relaxed than wearing headphones, though less enveloping than a larger speaker placed for the whole room. at a desk distance, music and spoken content were clear enough for long work sessions. the volume range suited quiet concentration, and i did not need to keep changing it when moving papers or switching tasks. headphones still provide better detail when i want complete focus, while the larger speaker creates a fuller sound away from the desk. candle orbit 764 therefore works best within the small area where it is placed. the limitations are mostly about scale. when i moved to another part of the room, the sound lost some presence, and higher volume did not make it behave like a room-filling system. the wireless connection was steady in my normal arrangement, although i occasionally had to reconnect after changing devices. those moments were minor, but they kept the product from feeling completely effortless during a busy day. the unit has handled daily desk use without looking worn, and the 12-month warranty is a useful safeguard. i see candle orbit 764 as a sensible middle choice for focused desk work: less isolating than headphones and less imposing than a large speaker, with adequate everyday sound. buyers wanting deep room coverage or detailed listening should compare it with equipment designed for those purposes.",True
CORD001473,CUS00260,2019-02-23,Bakers,"[{""product"":""Candle Vista 110"",""quantity"":2},{""product"":""Vela Halo 137"",""quantity"":1},{""product"":""Candle Orbit 548"",""quantity"":1},{""product"":""Candle Edge 392"",""quantity"":1}]",5024.89,21.84,-37.763206,145.014766,10,4544.24,Summer,True,5.4787,"vela core 669 has protected my mobile devices during travel for roughly two years, moving between work bags, overnight luggage and a crowded drawer at home. the outer material has kept its shape, while the interior padding prevents the screen and corners from rubbing against other items. i like the separate space for a cable because it stops the accessory from winding around the device. the closure has remained secure without being difficult to open, and the case has picked up only light marks despite frequent handling. it is not large enough for every charger or a bulky power pack, so i still pack those separately. the inside can also be a tight fit when the device has a thick cover attached. for a slim phone or tablet setup, however, vela core 669 has offered clean, reassuring protection and has made packing for short trips noticeably easier.",True
CORD001474,CUS00165,2019-06-26,Bakers,"[{""product"":""Candle Shift 916"",""quantity"":2},{""product"":""Vela Halo 137"",""quantity"":3},{""product"":""Candle Orbit 674"",""quantity"":1},{""product"":""Candle Vista 110"",""quantity"":1}]",8137.86,28.96,-37.805673,145.020895,15,6946.14,Winter,True,2.3052,"the vela atlas 341 was intended for family calls and casual applications, but it has been a source of repeated frustration. calls connect, yet the speaker volume changes without warning and makes conversations difficult in a busy room. messages sometimes remain marked as sending even though the recipient receives them later, which leads to duplicate attempts. casual applications take a long time to open and close unexpectedly when switching between them. the screen registers taps unevenly near the lower edge, making the keyboard especially awkward for younger users. battery power drops quickly during ordinary family use, leaving little reserve by evening. the phone can perform its most basic tasks, but that does not offset the delays and uncertainty. after several weeks, the vela atlas 341 has proved disappointing for family communication and is not a dependable choice.",False
CORD001475,CUS00297,2019-11-08,Bakers,"[{""product"":""Vela Halo 281"",""quantity"":2},{""product"":""Vela Core 957"",""quantity"":3},{""product"":""Candle Lumen 220"",""quantity"":1}]",5405.28,11.83,-37.780131,145.051223,0,5417.11,Spring,False,5.9357,"vela atlas 971 has spent the last nineteen days handling the practical side of my workday: calls, calendar changes, reminders, and quick messages. i transferred my schedule during the first evening and used the phone the next morning for a full set of meetings. the calendar was easy to scan between calls, and i could move an appointment or add a note without losing track of the rest of the day. that made the phone feel useful immediately rather than requiring a long period of adjustment. outside work, i have used it for navigation, photographs, reading, and family video calls. voice conversations have remained clear in the places where i normally take them, and the device has moved smoothly between the calendar and other applications. i have carried it in a pocket and kept it on the desk during long periods of planning without finding it awkward. battery life has covered my usual day of calls and screen checks, with an overnight charge keeping the routine simple. the phone has not surprised me with crashes or interruptions during ordinary use. one-handed typing is not perfect for me, and i still need to reduce distractions when several appointments arrive together. those are habits i can manage. vela atlas 971 has given me a dependable centre for work communication and planning while remaining capable for everyday personal use. it feels responsive, practical, and well matched to the tasks that led me to buy it. after using it through busy and quiet days alike, i am pleased with the choice.",True
CORD001476,CUS00247,2019-04-27,Thompson,"[{""product"":""Vela Nova 753"",""quantity"":1},{""product"":""Vela Halo 137"",""quantity"":3}]",6683.28,12.19,-37.772503,144.890921,0,6695.47,Autumn,False,6.6553,"vela core 1083 became the centre of our living room more quickly than i expected. i bought it for relaxed gaming rather than a serious competitive setup, and after several weeks it has delivered exactly the sort of shared entertainment i wanted. the picture is bright and inviting, menus are simple to understand, and everyone in the room can follow what is happening without leaning forward. it has been especially enjoyable when friends visit because starting a game does not turn into a long technical exercise. setting it up was a pleasant surprise. the instructions were clear enough, the connections were easy to reach, and the display was ready for ordinary use without endless adjustments. i have played a mixture of slower puzzle games, cooperative adventures, and racing sessions. movement looks smooth during normal play, and the sound is perfectly adequate for a living room, although i sometimes lower it when someone else is reading nearby. the controls and menus respond well, so changing input or adjusting the volume does not break the rhythm of an evening. over time i have also appreciated how well it fits into our routine. it wakes quickly, does not dominate the room when switched off, and has remained stable through repeated use. there was one evening when i needed to reconnect a cable after moving the furniture, but that was a minor inconvenience rather than a product problem. i would choose a more specialised display for demanding gaming or colour-critical work, yet that is not what this purchase was for. vela core 1083 is a cheerful, capable choice for casual living-room gaming, and it has earned a permanent place in our home.",True
CORD001477,CUS00140,2019-06-05,Thompson,"[{""product"":""Candle Lumen 220"",""quantity"":2},{""product"":""Candle Orbit 548"",""quantity"":1},{""product"":""Candle Edge 392"",""quantity"":1},{""product"":""Vela Nova 753"",""quantity"":1},{""product"":""Candle Orbit 674"",""quantity"":1}]",12418.27,15.46,-37.760594,144.915296,10,11191.9,Winter,False,6.4289,"candle orbit 764 has supplied clear enough music during focused desk work and stayed connected through normal sessions. voices and instruments remain distinct, and the sound is comfortable at moderate volume. the buttons are small, and changing between sources involves more steps than expected. it is a reasonable single-device companion for work, but the controls make shared or frequently changing use less convenient.",True
CORD001478,CUS00444,2019-09-16,Thompson,"[{""product"":""Candle Orbit 548"",""quantity"":1}]",256.07,11.21,-37.787508,144.898816,5,254.48,Spring,False,5.0798,"the vela echo 151 has been my everyday phone for the last few weeks, mainly for calls, messages, navigation, and occasional media. my first impression was positive because the setup was uncomplicated and the menus were easy to understand. contacts transferred without trouble, and i was able to use it for work and personal calls the same day. the phone feels solid in the hand, although its smooth back makes me more cautious when placing it on a sloping surface. call quality has been consistent in the places where i normally use it. messages arrive promptly, and the screen is bright enough for checking a route or reading a longer conversation. navigation is also mostly dependable. i have used it while walking and while travelling as a passenger, and the directions were generally clear. in a few busy areas the location took a little while to catch up after a turn, so i still pay attention to street signs rather than relying on it blindly. the camera is adequate for quick pictures, but it does not always handle dim rooms gracefully. indoor photos can look soft, and details disappear when i crop them. that is not a major issue for my use, since i mainly take reference pictures, but it is worth knowing before treating this as a photography-focused phone. video playback is pleasant enough, though the built-in speaker sounds thin when the room is noisy. battery life has varied with how much navigation and streaming i use. on a quiet day it lasts comfortably, while a long trip requires a top-up before evening. the phone does not become unusable under that load, but the difference is noticeable. i have had no serious connection problem, yet the experience is not uniformly smooth across every task. overall, the vela echo 151 is a sensible 5g phone for communication and ordinary travel. it performs its main duties without drama, but its camera, speaker, and heavy-use battery behaviour keep it from feeling outstanding.",True
CORD001479,CUS00073,2019-09-12,Thompson,"[{""product"":""Vela Halo 281"",""quantity"":2},{""product"":""Candle Shift 916"",""quantity"":2},{""product"":""Candle Orbit 548"",""quantity"":1},{""product"":""Candle Flux 162"",""quantity"":1},{""product"":""Vela Core 957"",""quantity"":1}]",6366.85,14.83,-37.887802,144.883515,15,5426.65,Spring,False,10.0462,"for the last sixteen days, vela core 993 has served as a shared display for presentations and family photo viewing. i have used it to show slides during small discussions, browse albums after dinner, and display images while several people are gathered around the room. the picture remains easy to see from the side, and changing between content is simple enough that nobody needs a long explanation. its size makes it more suitable for a room or table than for carrying around, and the stand takes a little space on a crowded surface. those details have not reduced its usefulness in the setting where i use it. vela core 993 gives our household a clear, convenient way to share visual material without setting up a complicated arrangement.",True
CORD001480,CUS00091,2019-09-29,Bakers,"[{""product"":""Candle Orbit 548"",""quantity"":1},{""product"":""Candle Edge 392"",""quantity"":1},{""product"":""Vela Halo 281"",""quantity"":2}]",1693.3,16.23,-37.742814,145.042125,25,1286.2,Spring,False,8.5318,"i compared vela wave 355 with a simple wall switch while using it to control the lights in a shared room. app control sounds convenient, but the daily routine became more troublesome than expected. the application often took several seconds to show the current state, and pressing the control again during that delay sometimes produced the opposite result. the wall switch is less flexible, yet it responds immediately and does not leave anyone guessing about the lights. shared use exposed further weaknesses. other people in the room had trouble finding the correct control, and the account setup was awkward when a second phone needed access. after the home network briefly changed, vela wave 355 stopped responding until it was added again. this was particularly irritating at night when the light had been turned off remotely and could not be restored from the app. the status display also lagged behind the actual room, making troubleshooting difficult. the comparison is poor for ordinary lighting. vela wave 355 can switch a lamp when the connection is behaving, but that limited function does not compensate for delayed commands, confusing status information, and repeated setup work. the shared workspace needs a control that people can use without explanation. after several weeks, the device felt like another source of maintenance rather than a dependable improvement, and i would avoid relying on it for the main room.",False
CORD001481,CUS00191,2019-09-02,Bakers,"[{""product"":""Candle Orbit 674"",""quantity"":1},{""product"":""Candle Vista 110"",""quantity"":1},{""product"":""Vela Halo 281"",""quantity"":2},{""product"":""Candle Orbit 548"",""quantity"":1}]",3458.2,10.7,-37.839888,145.027721,5,3295.99,Spring,False,4.3807,"vela nova 123 has become a handy shared screen in our home. streaming starts quickly, photos are pleasant to view, and family members can use it without needing much instruction. the display remains clear from different seats, which helps during group viewing. the built-in sound is adequate rather than impressive, but the overall experience has been reliable and enjoyable.",True
CORD001482,CUS00443,2019-12-22,Bakers,"[{""product"":""Vela Halo 281"",""quantity"":2}]",1061.48,13.43,-37.745455,145.028602,15,915.69,Summer,False,7.7528,"i compared vela echo 439 with the collection of separate adapters i had been carrying for a laptop, phone, and tablet. the compact adapter has made that arrangement much less cluttered. instead of searching through several small pieces, i can bring one item to a shared desk and connect the devices i normally use. it has been particularly convenient during presentations and collaborative work, when changing from one device to another is part of the session. the older adapters each worked for one purpose, but they were easy to leave behind or mix up. vela echo 439 gives me a more consistent routine, and its small size takes little room in a bag. i tested it with several ordinary connections and found the setup straightforward. i still keep individual cables nearby because different situations call for different lengths, but that is not a criticism of the adapter itself. it covers the common connections i need without turning the workspace into a cable drawer. after using it for meetings, charging arrangements, and moving files between devices, i prefer the single-adapter approach. it does not remove every compatibility question, so i check the connection before an important presentation, yet it has performed predictably in normal use. vela echo 439 is a simple accessory rather than an exciting purchase, but compared with carrying several loose adapters, it offers a tidier and more convenient solution.",True
CORD001483,CUS00438,2019-06-30,Bakers,"[{""product"":""Vela Nova 753"",""quantity"":1},{""product"":""Candle Orbit 674"",""quantity"":1},{""product"":""Vela Core 957"",""quantity"":1},{""product"":""Candle Edge 932"",""quantity"":1}]",6489.62,19.46,-37.844853,145.05357,20,5211.16,Winter,False,6.4246,"vela echo 169 was bought for protective storage during travel, but the case feels too weak for that job. the outer material bends easily, and the closure opened inside my bag when other items pressed against it. the interior space is awkwardly shaped, leaving a phone or small device loose rather than held securely. a cable placed beside the device also pushed against the closure and made it difficult to shut. after several trips the edges showed marks, while the lining collected dust and offered little cushioning. the case can hold an item when left undisturbed, but that basic function does not amount to dependable protection. i became more concerned about damage each time the bag was moved. vela echo 169 has been disappointing for travel storage and is not an accessory i can trust.",False
CORD001484,CUS00137,2019-07-29,Nickolson,"[{""product"":""Candle Edge 392"",""quantity"":1},{""product"":""Candle Lumen 220"",""quantity"":3},{""product"":""Candle Shift 916"",""quantity"":1},{""product"":""Candle Edge 932"",""quantity"":1}]",14313.17,18.36,-37.864196,144.978074,15,12184.55,Winter,False,5.1255,"candle shift 196 was purchased for game streaming and media capture, yet the first month of ownership was dominated by awkward setup and unreliable results. the connection was detected, but the capture application repeatedly lost contact after sleep or restart. i had to remove the device, reconnect it, and wait through the same frustrating process before a session could begin. its basic capture function operates under ideal conditions, but that is a weak consolation when preparation takes longer than expected. during actual play, the stream sometimes showed a frozen image while sound continued. on other occasions the picture returned with a noticeable delay, making the recording difficult to follow. longer sessions exposed further problems: the unit became warm, the cable connection felt loose, and moving it slightly caused another interruption. the software offered no clear explanation for the failures. i tried different ports and restarted the computer several times, but the behaviour remained unreliable. friends waiting to watch made the delays particularly irritating, and the device turned a casual evening into troubleshooting. media capture was no less disappointing. files occasionally stopped before the session ended, leaving incomplete footage that could not be used. the warranty is longer than the time i kept testing the unit, but support supplied generic instructions and did not address the repeated disconnects. candle shift 196 may perform a simple task when nothing goes wrong, but the fragile connection and inconsistent recording make it poor equipment for streaming. i regret buying it and cannot recommend it for regular use.",False
CORD001485,CUS00204,2019-05-25,Bakers,"[{""product"":""Candle Orbit 548"",""quantity"":1},{""product"":""Vela Nova 753"",""quantity"":1},{""product"":""Candle Lumen 220"",""quantity"":1}]",8189.07,18.51,-37.815622,144.997559,5,7798.13,Autumn,True,0.6581,"i used vela ridge 131 for travel planning, maps, messages and media during three weeks of regular use. the screen is pleasant for reading directions and watching short videos, and switching between a map and a booking page has been straightforward. the phone connected reliably in the places i visited, although i did not test it in remote areas. compared with my previous handset, it feels quicker for ordinary navigation and more comfortable for viewing, but it is also slightly awkward to operate one-handed. the camera is sufficient for casual travel pictures, while the storage and general interface have not caused problems during this period. battery performance is mixed: light use lasts comfortably, but navigation, video and a bright display reduce the remaining charge noticeably. i found myself carrying a charger on longer outings, something i did less often with another phone i have used. charging itself has been uncomplicated, and the device did not become uncomfortably warm during my normal sessions. the casing has survived being moved in and out of a crowded bag without visible damage. the controls are placed sensibly, though the finish attracts fingerprints. vela ridge 131 gives a solid travel experience for maps and media, and it is a clear step above my older handset in responsiveness. its one-handed feel and demanding-use battery are ordinary rather than outstanding, so the phone suits moderate travellers better than people seeking maximum endurance.",True
CORD001486,CUS00318,2019-01-21,Bakers,"[{""product"":""Candle Edge 392"",""quantity"":1},{""product"":""Candle Lumen 220"",""quantity"":1},{""product"":""Candle Orbit 674"",""quantity"":1}]",4229.2,12.89,-37.751556,144.96624,25,3184.79,Summer,False,6.9799,"i bought candle bloom 406 after spending too many evenings with a gaming accessory that looked impressive but became uncomfortable during longer sessions. the older setup had brighter lighting and a heavier frame, yet i was constantly adjusting it. candle bloom 406 is less showy and much easier to live with at a desktop. its controls stay within reach, the fit remains comfortable, and it does not make the desk feel crowded. during extended gaming, the most useful improvement is consistency. the connection has remained stable, and the controls respond without a noticeable pause. i can move from a competitive match to a slower game without changing the whole arrangement. sound and voice communication are clear enough for team play, while the physical design prevents the small pressure points that bothered me before. after several hours, i notice the session rather than the equipment, which is exactly what i wanted. i compared it with a smaller model that a friend uses. that one is easier to pack, but candle bloom 406 feels steadier on the desk and provides better support when i lean back. a more expensive option offered richer audio, although its software was more involved and occasionally distracting. candle bloom 406 has fewer fine adjustments, but i prefer its direct approach for regular use. the finish shows fingerprints, and the controls would benefit from more separation because two buttons are close together. neither issue has affected performance. it has handled everyday play, voice chats, and several long weekend sessions without a loose joint or unreliable connection. candle bloom 406 is not the flashiest choice, but compared with the equipment i have used before, it gives me the best combination of comfort, stability, and uncomplicated desktop gaming.",True
CORD001487,CUS00082,2019-02-15,Bakers,"[{""product"":""Candle Orbit 548"",""quantity"":1},{""product"":""Vela Halo 281"",""quantity"":2},{""product"":""Vela Core 957"",""quantity"":3},{""product"":""Candle Orbit 674"",""quantity"":1}]",2456.02,35.97,-37.879184,145.037298,10,2224.39,Summer,False,8.5341,"vela nova 879 has reduced the loose charging cables around my desk. the channels hold the cables in place and make it easier to find the one i need without pulling everything apart. the organiser is small enough to fit beside my monitor, although its material feels lighter than the photographs suggested. it does not solve every cable mess, especially with thicker leads. still, it provides a straightforward improvement for routine organisation.",True
CORD001488,CUS00451,2019-01-02,Thompson,"[{""product"":""Vela Nova 753"",""quantity"":1},{""product"":""Candle Flux 162"",""quantity"":1},{""product"":""Candle Orbit 674"",""quantity"":2}]",6112.02,20.06,-37.794297,144.923015,10,5520.88,Summer,True,2.9396,"the candle bloom 820 has handled my regular creative projects with a calm, responsive feel. i have used it for photo adjustments, assembling short media pieces, and keeping several reference windows open while working. moving between tasks remains smooth, and the display gives me enough room to judge layouts without constantly rearranging everything. the keyboard is comfortable for longer sessions, while the lighter build makes it reasonable to move from a desk to the kitchen table. after weeks of use, the hinges and palm rest still feel solid. fans become noticeable during a heavier export, which is understandable for this type of portable computer, but it has not interrupted my work. file handling, editing, and everyday browsing have all been dependable. the candle bloom 820 is a well-balanced choice for someone who wants creative flexibility without a bulky workstation.",True
CORD001489,CUS00135,2019-02-28,Bakers,"[{""product"":""Vela Nova 753"",""quantity"":1}]",4403.61,9.16,-37.824436,145.000201,5,4192.59,Summer,False,1.6639,"the candle edge 1076 has made competitive play and voice communication more organised than my previous collection of loosely connected accessories. after 38 days, i have used it for regular matches, team conversations, and longer sessions with friends. the controls are easy to reach without pulling attention away from the game, and voice communication has remained clear enough for quick instructions. compared with switching between separate devices, the whole arrangement feels more coherent. the candle edge 1076 also compares well with using a general computer setup for everything. it gives the gaming area a clear centre, keeps the cables manageable, and makes it simple to adjust the balance between game sound and conversation. friends joining a session have understood the basic controls quickly, which avoids the long pauses that used to occur while someone searched through menus. the casing has stayed firm on the desk despite regular handling. it is not a complete answer for every competitive player. people who want extensive customisation may find the available controls limited, and the unit occupies noticeable space beside a monitor. i also needed a few sessions to settle on settings that suited different games. once adjusted, though, the candle edge 1076 has been dependable and pleasant to use. the 24-month warranty adds reassurance for frequently used gaming hardware. compared with my earlier improvised setup, it provides a cleaner, more consistent experience and has made team sessions easier to manage.",True
CORD001490,CUS00281,2019-06-20,Bakers,"[{""product"":""Candle Vista 110"",""quantity"":1},{""product"":""Candle Edge 392"",""quantity"":1},{""product"":""Candle Flux 162"",""quantity"":3},{""product"":""Candle Lumen 220"",""quantity"":1}]",8902.6,14.42,-37.824708,145.051394,20,7136.5,Winter,False,5.1975,"candle orbit 224 has been especially useful for online classes and video calls. voices come through clearly enough that i can follow a discussion without repeatedly asking people to speak up, and the microphone has given others a consistent impression of my voice. pairing took little time, and the connection has remained steady while i move around my desk. it is comfortable for a full lecture and does not press unpleasantly after extended use. music sounds balanced for casual listening, though the presentation is not especially powerful. the controls are small but become familiar quickly. over several months, i have used it for classes, work meetings, and occasional podcasts with few interruptions. candle orbit 224 is a practical audio device that reduces the strain of remote communication and performs its main job reliably.",True
CORD001491,CUS00010,2019-02-24,Bakers,"[{""product"":""Candle Edge 932"",""quantity"":1},{""product"":""Candle Edge 392"",""quantity"":1},{""product"":""Candle Lumen 220"",""quantity"":1},{""product"":""Candle Flux 162"",""quantity"":1}]",6455.91,10.59,-37.811634,145.03732,15,5498.11,Summer,False,3.7018,"candle shift 646 has produced usable recordings for game streaming and media capture. after the initial configuration, the main workflow is straightforward and footage remains consistent during ordinary sessions. changing sources mid-stream is awkward, and longer recording periods make the unit noticeably warm. the controls provide the necessary options but are not arranged especially intuitively. it is suitable for occasional capture work, while frequent streaming would benefit from a smoother setup.",True
CORD001492,CUS00259,2019-08-14,Thompson,"[{""product"":""Candle Edge 392"",""quantity"":1},{""product"":""Vela Core 957"",""quantity"":2}]",918.69,17.55,-37.802925,144.901226,15,798.44,Winter,False,4.1707,"vela pulse 541 handles simple calls, but casual family use has been marked by irritating failures. messages sometimes arrive late, apps freeze during ordinary browsing, and the battery drains faster than expected. the screen is awkward to read in bright conditions, which makes quick communication difficult. it performs the most basic phone task, yet the unreliable details create constant frustration. after several weeks, i cannot recommend it.",False
CORD001493,CUS00472,2019-08-08,Thompson,"[{""product"":""Candle Shift 916"",""quantity"":1},{""product"":""Candle Orbit 674"",""quantity"":2},{""product"":""Candle Flux 162"",""quantity"":1}]",3567.18,12.66,-37.801831,144.914224,15,3044.76,Winter,False,3.1272,"vela atlas 665 has made scheduled control of a household power outlet much more consistent than the plug timer i previously used. i set it for routine lamps and a small appliance, and the schedule has followed the same pattern without the drift that developed with the older timer. being able to change the timing without reaching behind furniture is the most noticeable convenience. the controls are simple enough for occasional adjustments. i can pause a schedule when plans change and restore it later, which is more flexible than manually turning the old timer’s dial. the outlet remains usable for ordinary switching, and the device has fitted into the existing space without making the surrounding plugs difficult to reach. i still check the setting after a power interruption because i prefer not to assume that every schedule will survive every household event. compared with my previous timer, vela atlas 665 gives me a clearer view of what is supposed to happen and when. that has been useful for a lamp that needs to operate at different times on different days. the physical button is slightly awkward to press when the outlet is tucked behind a cabinet, and the indicator is not very visible from across the room. those are minor design limitations rather than problems with the routine control itself. i do not use it for anything that must be supervised as a safety measure, and i keep the schedule modest. within that boundary, it has been dependable and less fiddly than the mechanical timer. vela atlas 665 is a practical upgrade for simple household routines because it replaces guesswork and repeated manual adjustments with predictable control.",True
CORD001494,CUS00048,2019-05-22,Bakers,"[{""product"":""Candle Orbit 548"",""quantity"":2},{""product"":""Vela Halo 281"",""quantity"":1},{""product"":""Vela Halo 137"",""quantity"":1},{""product"":""Candle Vista 110"",""quantity"":1},{""product"":""Vela Core 957"",""quantity"":1}]",3890.83,11.45,-37.783928,145.051074,20,3124.11,Autumn,False,5.6988,"i bought candle quest 426 for competitive play and voice communication, and it has fitted naturally into my evening sessions. the first thing i noticed was that it stayed in place when i moved quickly, so i was not constantly correcting the fit between matches. the controls are close enough to reach without taking my attention away from the game, and i learned their layout after only a few sessions. during play, sound from teammates is distinct and directional cues are easy to follow. the microphone has also made group communication less awkward; people can hear me clearly when i speak at a normal volume. i occasionally lower the volume because the sound can feel forceful in a loud match, but that is easy to manage. the cushioning became more comfortable after the initial adjustment, although i would still take a short break during a very long session. candle quest 426 has handled repeated use without loose parts or connection problems. i have used it for short matches and longer weekends, and the battery has been sufficient for my usual routine. reconnecting after a full shutdown can take a moment, but it has never caused me to miss a session. the microphone can pick up some room noise when i am near an open window, so i position myself carefully. those small considerations aside, the hardware feels durable and the communication is dependable. candle quest 426 has improved the flow of my games and helped me stay involved with friends, which is exactly what i wanted from it.",True
CORD001495,CUS00042,2019-12-24,Bakers,"[{""product"":""Candle Vista 110"",""quantity"":1},{""product"":""Candle Lumen 220"",""quantity"":1},{""product"":""Candle Orbit 548"",""quantity"":1},{""product"":""Vela Halo 281"",""quantity"":1},{""product"":""Vela Core 957"",""quantity"":1}]",6404.26,10.86,-37.782145,145.025649,0,6415.12,Summer,False,4.0907,"vela nova 375 has given me a convenient way to check temperature and humidity around the house. i glance at the app before opening windows or adjusting the room, and the readings have remained consistent enough for those everyday decisions. the display takes a moment to refresh after moving between screens, but it has not caused a practical problem. after 39 days, this is a helpful little part of my home routine.",True
CORD001496,CUS00050,2019-09-11,Thompson,"[{""product"":""Candle Edge 932"",""quantity"":1},{""product"":""Candle Flux 162"",""quantity"":1},{""product"":""Candle Orbit 548"",""quantity"":1},{""product"":""Vela Halo 137"",""quantity"":2}]",4326.62,12.61,-37.752038,144.925886,10,3906.57,Spring,False,6.9946,"vela nova 123 has made family viewing less awkward than it was with our previous display. we have used it for films, television programmes, and shorter clips, and the main difference is how readily everyone can join in. the picture is easy to see from the side of the room, and the interface is clear enough for different family members to browse without asking for help. our old display worked, but its menus felt slow and individual streaming choices often turned into a small argument about who was controlling it. the sound is suitable for ordinary evening viewing, with voices remaining understandable when the room is occupied. i would still use separate equipment for a more serious cinema experience, but that is not what we needed. vela nova 123 handles the everyday job with less fuss. switching between services is straightforward, and the remote has not caused the repeated confusion that came with the older unit. the screen also wakes promptly when we settle down for a programme, so there is less waiting before everyone can watch. the one limitation is that the built-in options do not remove every reason to use another device. a few less common services are more convenient from a separate player, and the screen can feel rather large when viewed from close up. those are manageable points in our room. compared with the display it replaced, vela nova 123 is more welcoming for shared film and television sessions, and it has become the screen the household reaches for first.",True
CORD001497,CUS00272,2019-10-17,Bakers,"[{""product"":""Vela Core 957"",""quantity"":2},{""product"":""Candle Orbit 674"",""quantity"":1},{""product"":""Candle Orbit 548"",""quantity"":1}]",1123.07,12.77,-37.746637,144.977543,0,1135.84,Spring,False,7.2147,"vela nova 195 has made our blind and curtain routines much more convenient. once the schedules were set, the movements happened at the expected times and required very little attention from me. i can also trigger a routine manually when the weather changes, and the response is quick enough to be useful. the mechanism operates quietly, which is important in the morning, and it has handled repeated opening and closing without sounding strained. i needed a little patience while positioning the controls correctly, because the first placement did not suit the window. after that adjustment, everyday use became simple. vela nova 195 has added a small but noticeable improvement to the room, especially on mornings when i am rushing out.",True
CORD001498,CUS00330,2019-11-15,Thompson,"[{""product"":""Candle Edge 932"",""quantity"":2},{""product"":""Candle Flux 162"",""quantity"":1},{""product"":""Candle Orbit 548"",""quantity"":1},{""product"":""Candle Vista 110"",""quantity"":3},{""product"":""Vela Halo 137"",""quantity"":1}]",10506.98,8.58,-37.818503,144.931889,10,9464.86,Spring,False,1.4827,"vela nova 537 has been useful during the last seventeen days because it lets me notice calendar alerts and short messages without reaching for my phone. pairing took little effort, and alerts have appeared promptly during commutes, meetings and household tasks. the display is readable at a glance, while the vibration is noticeable without being intrusive. i have found the quick message checks especially handy when my phone is in a bag, although longer replies still belong on the phone itself. the band has stayed comfortable through ordinary daytime wear and has not shifted much while i was walking. battery use has matched my expectations, with no need to interrupt the day for constant charging. the design is discreet enough for work and casual clothes, and the controls have behaved consistently. vela nova 537 offers a focused set of conveniences rather than a crowded collection of features, which is exactly why i keep reaching for it.",True
CORD001499,CUS00027,2019-04-04,Bakers,"[{""product"":""Vela Halo 281"",""quantity"":1},{""product"":""Candle Orbit 548"",""quantity"":1},{""product"":""Candle Edge 392"",""quantity"":1},{""product"":""Candle Lumen 220"",""quantity"":2},{""product"":""Vela Core 957"",""quantity"":2}]",8764.28,11.81,-37.853932,145.038011,10,7899.66,Autumn,False,6.163,"i placed the vela wave 625 in the main living area to keep an eye on temperature and humidity, and it has worked quietly in the background. the readings update regularly and give me a useful comparison between the living room and the smaller rooms nearby. the app presents the information in a way that is easy to check, and i can review changes without standing beside the sensor. setup took only a few minutes, with the connection remaining stable after the first configuration. the unit is unobtrusive and can sit on a shelf without changing the appearance of the room. i would have liked more historical detail in the display, but the basic monitoring is dependable for everyday use. the vela wave 625 is a sensible household device for anyone who wants clearer awareness of indoor conditions without a complicated installation.",True
CORD001500,CUS00349,2019-11-27,Bakers,"[{""product"":""Candle Orbit 548"",""quantity"":1},{""product"":""Candle Edge 392"",""quantity"":1},{""product"":""Vela Core 957"",""quantity"":3},{""product"":""Vela Halo 137"",""quantity"":2}]",2966.01,12.92,-37.779295,145.019038,15,2534.03,Spring,False,4.0037,"the vela ridge 1013 has been a frustrating smart display for music and spoken content. after six weeks in the living room, playback has stopped unexpectedly several times, usually after a device has been idle. spoken programs sometimes resume at the wrong point, and adjusting the volume through the display is slow and awkward. the speaker produces a thin sound with harsh high notes, while voices become difficult to follow when there is background noise. wireless pairing has also been unreliable; the display forgets a connected device and requires the same setup again. the touch surface records some presses late, which makes skipping a track or stopping playback unnecessarily difficult. vela support sent generic reset directions that did not resolve the interruptions. the device can produce sound from a basic request, but that limited function does not excuse the poor playback experience. i regret buying the vela ridge 1013.",False
