order_id,customer_id,date,nearest_warehouse,shopping_cart,order_price,delivery_charges,customer_lat,customer_long,coupon_discount,order_total,season,is_expedited_delivery,distance_to_nearest_warehouse,latest_customer_review,is_happy_customer
CORD000001,CUS00003,2019-07-21,Thompson,"[{""product"":""Candle Edge 392"",""quantity"":1}]",375.75,14.36,-37.845398,144.90594,15,333.75,Winter,False,5.1273,"vela echo 367 has been useful for walking and commuting. notifications appear promptly, the screen is readable with a quick glance, and the band stays secure while i move. i spend less time reaching for my phone and more time paying attention to the journey. some messages are necessarily abbreviated, but the information i need is visible. it is a practical and dependable wearable for daily travel.",True
CORD000002,CUS00470,2019-11-18,Thompson,"[{""product"":""Candle Orbit 548"",""quantity"":2},{""product"":""Vela Nova 753"",""quantity"":1},{""product"":""Candle Edge 392"",""quantity"":1}]",5291.5,8.24,-37.82172,144.948429,15,4506.01,Spring,False,1.013,"candle flux 108 has improved the wireless coverage in the part of the house where i work. video meetings, document uploads, and ordinary browsing have continued with fewer interruptions, even when another person is using the network elsewhere. installation was manageable, and the setup process gave me enough information to connect the devices i use every day. the unit does not take much space on the desk, and its operation has been quiet and unobtrusive. i did need to reposition it once to get the best result, and the lights are brighter than i prefer during evening work. these are easy adjustments rather than serious faults. candle flux 108 has made my home-office routine calmer because i spend less time wondering whether a call or upload will fail. it is a practical improvement for shared household connectivity.",True
CORD000003,CUS00097,2019-01-23,Bakers,"[{""product"":""Candle Vista 110"",""quantity"":1},{""product"":""Candle Orbit 674"",""quantity"":3},{""product"":""Vela Halo 281"",""quantity"":1}]",3319.51,10.99,37.774609,145.014069,10,2998.55,Summer,False,4.2688,"the candle edge 932 has become the shared tablet in our home for lessons, reading, and ordinary browsing. switching between educational pages and a video call has been smooth, and the display is large enough for two people to look at a worksheet together. the controls are uncomplicated, which has helped younger users find their way around without constant assistance. it is light enough to carry from the dining table to a sofa, and the battery has covered several short sessions before needing attention. the speakers are adequate for lessons but lack richness for serious music listening. that limitation is easy to accept because it is not the tablet's main purpose. for family learning and shared browsing, the candle edge 932 has been reliable and convenient.",True
CORD000004,CUS00040,2019-01-07,Nickolson,"[{""product"":""Candle Vista 110"",""quantity"":1},{""product"":""Vela Halo 137"",""quantity"":1},{""product"":""Candle Orbit 674"",""quantity"":1}]",2900.54,11,-37.822065,144.985179,20,2331.43,Summer,False,1.4259,"i bought candle arc 942 for drawing and lightweight creative work, then compared it with a simpler tablet used by a family member. the larger set of creative controls has not helped because the pen response is inconsistent. lines sometimes appear a fraction behind the movement, and light strokes disappear when the hand moves quickly. the simpler tablet has fewer drawing options but produces steadier marks, which matters more than a crowded menu. candle arc 942 also struggles when a canvas contains several layers; rotating or zooming can freeze briefly, and returning to the drawing may show an older position. i have tried different brushes, reduced the canvas size, and restarted the device during several weeks of sketches. the delays remain. the screen surface attracts fingerprints and reflections, making fine work tiring near a window. the pen itself functions, but its tip feels loose and the pressure changes are difficult to control. for notes or a small rough sketch, the tablet is usable. for regular creative work, the uneven response and sluggish handling become a constant source of frustration. compared with a plain drawing tablet, candle arc 942 offers extra settings without delivering reliable control. files can be opened and saved, yet the basic operations do not excuse the poor drawing experience. i would not choose it for serious sketching and cannot recommend it to anyone expecting precise, steady work.",False
CORD000005,CUS00416,2019-10-08,Nickolson,"[{""product"":""Candle Lumen 220"",""quantity"":3}]",10588.17,26.27,-37.888671,144.984898,0,10614.44,Spring,True,7.9077,"candle flux 864 was purchased for focused desk work, where interruptions are particularly irritating. compared with my older wireless audio unit, it starts with a more polished connection screen but takes longer to become usable. the pairing process failed twice during the first week, and later sessions sometimes began with one channel silent until i disconnected and reconnected it. that behaviour made the device feel unreliable at the exact moment i needed background sound. the sound itself is uneven. spoken material is intelligible at moderate volume, but music loses detail and bass becomes muddy when the volume rises. tracks with busy percussion turn into a crowded blur, while quieter recordings reveal a faint electronic hiss. the controls are small and awkward beside a keyboard, and changing volume from the unit often produces a delayed response. compared with the older unit, candle flux 864 offers no meaningful relief from those daily annoyances. after several weeks, the pattern remained frustrating rather than occasional. moving the device a short distance from the desk caused a drop that did not happen with the older speaker. battery warnings also appeared late, leaving no useful warning before a session stopped. the twelve-month warranty is stated in the paperwork, but support responses focused on repeating the pairing steps instead of addressing the repeated failures. candle flux 864 can produce sound, but the unstable connection and weak output make it a poor choice for concentrated work.",False
CORD000006,CUS00470,2019-04-17,Thompson,"[{""product"":""Candle Flux 162"",""quantity"":2},{""product"":""Candle Orbit 548"",""quantity"":1}]",2376.65,7.79,-37.82172,144.948429,10,2146.78,Autumn,False,1.013,"candle flux 108 has improved the wireless coverage in the part of the house where i work. video meetings, document uploads, and ordinary browsing have continued with fewer interruptions, even when another person is using the network elsewhere. installation was manageable, and the setup process gave me enough information to connect the devices i use every day. the unit does not take much space on the desk, and its operation has been quiet and unobtrusive. i did need to reposition it once to get the best result, and the lights are brighter than i prefer during evening work. these are easy adjustments rather than serious faults. candle flux 108 has made my home-office routine calmer because i spend less time wondering whether a call or upload will fail. it is a practical improvement for shared household connectivity.",True
CORD000007,CUS00144,2019-06-20,Nickolson,"[{""product"":""Candle Orbit 548"",""quantity"":1},{""product"":""Vela Halo 137"",""quantity"":1},{""product"":""Candle Flux 162"",""quantity"":2}]",3136.54,20.63,-37.887891,144.983435,20,2529.86,Winter,False,7.8012,"candle lumen 778 has been used for video meetings and home media streaming, and it compares poorly with the previous network device. a connection is available, but performance changes without warning. during meetings, speech becomes broken while other devices are streaming, and the problem takes long enough to correct that conversations are interrupted. the old unit had fewer controls, yet it behaved less erratically under the same household workload. streaming on one device can continue, but adding a second screen often leads to pauses and repeated buffering. the administration page shows activity without making the source of the problem obvious, so i have spent too much time restarting equipment and checking cables. device status information is present, although it is too vague to explain the failures. this is not a total loss of connection every time; the intermittent nature is what makes candle lumen 778 especially frustrating. the quest family positioning suggests a flexible home network, but daily use has exposed weak management and poor stability. the setup process did not match the instructions, and the support material gives broad advice that does not help with meeting interruptions. compared with the previous device, i have less confidence when scheduling a call or starting a film. the network performs basic tasks, but unreliable handling of shared traffic makes it unsuitable for my household. i regret replacing the older unit and would avoid this model.",False
CORD000008,CUS00401,2019-10-03,Bakers,"[{""product"":""Candle Orbit 548"",""quantity"":1}]",256.07,13.08,-37.837116,145.028932,5,256.35,Spring,False,4.2256,"i carried candle quest 336 on several trips for portable gaming and compared it with an older handheld device. the newer unit was not as convenient as its smaller appearance suggested. it felt heavy after being held for a while, and the edges pressed into my palms during longer sessions. the controls were positioned awkwardly, forcing my thumbs into a cramped angle. the older handheld was less powerful in appearance but caused much less strain. travel use exposed problems with the screen. reflections made dark scenes difficult to see, especially near a window or under bright room lighting. the viewing angle was narrow, so changing position meant losing detail. sound from the built-in speakers was thin and became harsh when background noise increased. headphone use reduced that problem, but adding another item to carry weakened the supposed convenience of the portable design. battery life was inconsistent across trips. short play sessions were possible, yet the remaining charge dropped sharply during demanding games. the indicator did not give me enough confidence to leave the charger behind. charging during travel was awkward because the connection was easily disturbed when the device rested in a bag or on a small table. a game could be launched and played at a basic level, but interruptions made the experience frustrating. candle quest 336 is portable in the narrow sense that it can be carried, but the comparison reveals poor ergonomics, weak visibility and unreliable endurance. the older handheld remains easier to use during journeys. after 32 days, i regret choosing this model and would avoid it for travel gaming, particularly when long sessions are expected.",False
CORD000009,CUS00420,2019-06-11,Nickolson,"[{""product"":""Candle Flux 162"",""quantity"":1},{""product"":""Candle Edge 392"",""quantity"":1}]",1436.04,16.07,-37.87903,144.997004,10,1308.51,Winter,False,7.1393,"candle quest 588 has made it easier to manage a home network used by both family and visitors. i set up a separate guest connection without needing specialist knowledge, and guests have been able to get online while the main household devices remain organised. the management controls are presented clearly enough for routine changes, such as checking connected devices or adjusting access. since installing it, i have spent less time explaining the main password and less time wondering which unfamiliar device is connected. some of the deeper options are tucked away and took patience to find, but i rarely need them. candle quest 588 has remained stable during established ownership and has handled phones, laptops, and household equipment without noticeable trouble. the guest-network function is especially convenient, while the overall management experience feels calm and manageable. it has brought useful order to a part of the home that previously required too much attention.",True
CORD000010,CUS00237,2019-01-14,Bakers,"[{""product"":""Candle Orbit 548"",""quantity"":1},{""product"":""Candle Vista 110"",""quantity"":3},{""product"":""Candle Orbit 674"",""quantity"":1}]",6029.9,18.14,-37.808236,144.994639,0,6048.04,Summer,True,0.2025,"candle bloom 280 has worked well in our shared home office, where different people use the same laptop for administration, documents, and meetings. compared with the older computer, it feels less sluggish when switching between routine tasks, and the keyboard is comfortable for writing emails or filling in forms. the screen is easy to read at a desk, while the portable shape lets us move it to another room when the office is occupied. that flexibility has been more valuable than i expected. i have passed it between users several times and the setup has remained straightforward. candle bloom 280 starts without unnecessary delay, handles ordinary browser work smoothly, and has provided clear audio during calls. the compact screen is less suitable when several large documents must be visible together, and the surface shows fingerprints, but both are minor inconveniences. the older laptop has a larger display, yet it feels cumbersome and requires more patience during simple tasks. what distinguishes candle bloom 280 is its balance for a mixed household routine. it is not a powerful workstation for demanding creative work, but it is pleasant to pick up and capable of the work we actually do. after thirty-six days, it has reduced arguments over the main desk computer and made shared administration easier. that combination of portability, responsive everyday performance, and comfortable use makes it a worthwhile choice.",True
CORD000011,CUS00288,2019-06-30,Bakers,"[{""product"":""Vela Nova 753"",""quantity"":1},{""product"":""Candle Vista 110"",""quantity"":1},{""product"":""Candle Flux 162"",""quantity"":3},{""product"":""Candle Orbit 548"",""quantity"":1}]",9657.14,17.32,-37.872298,145.053462,20,7743.03,Winter,False,8.6104,"candle bloom 586 has been a welcome companion on trips where i wanted something more engaging than a phone. its portable design fits into my small travel bag, and i can start playing during a train journey or while waiting between activities. the controls feel responsive for the types of games i play, and the screen is comfortable indoors when i am seated close by. i have also used it at home for shorter sessions, so it is not limited to travel. the device wakes quickly and the basic interface was easy to understand. longer sessions make the controls feel a little cramped, particularly when i hold it with both hands for a while, but that is a reasonable compromise for the compact shape. candle bloom 586 has provided enjoyable entertainment without taking over my luggage, and its portability is the feature i value most.",True
CORD000012,CUS00267,2019-04-24,Thompson,"[{""product"":""Candle Lumen 220"",""quantity"":2}]",7058.78,12.64,-37.756578,144.905529,15,6012.6,Autumn,False,7.2272,"vela atlas 197 has fitted into my daily routine more naturally than the wearable i tried before. i mainly use it for timekeeping and habit reminders, and those functions are presented without making me manage the device constantly. the previous wearable sent reminders in a way that felt intrusive, while this one is easier to notice and then dismiss when i am busy. i have kept using it because it supports small routines without taking over my attention. the display is readable during normal indoor use, and the controls became familiar after a short period. i can check the time quickly, review a reminder, and continue with whatever i was doing. its lighter feel is also preferable to my older device, which became uncomfortable by the end of a long day. the strap has remained secure during ordinary movement, although i would prefer a little more flexibility when adjusting it for different clothing. i do not use every available function, and some of the health-related information is more detailed than i need. battery performance has been consistent enough for my routine, but frequent interaction means charging becomes more regular. those are manageable limitations rather than reasons to stop wearing it. compared with the earlier wearable, vela atlas 197 is calmer, easier to read, and more practical for reminders and everyday timekeeping. it has become a quiet prompt for habits rather than another device demanding attention.",True
CORD000013,CUS00260,2019-07-10,Bakers,"[{""product"":""Candle Vista 110"",""quantity"":1},{""product"":""Candle Flux 162"",""quantity"":1},{""product"":""Vela Halo 137"",""quantity"":1},{""product"":""Vela Halo 281"",""quantity"":2}]",4698.25,14.66,-37.763206,145.014766,20,3773.26,Winter,False,5.4787,"vela core 669 has protected my mobile devices during travel for roughly two years, moving between work bags, overnight luggage and a crowded drawer at home. the outer material has kept its shape, while the interior padding prevents the screen and corners from rubbing against other items. i like the separate space for a cable because it stops the accessory from winding around the device. the closure has remained secure without being difficult to open, and the case has picked up only light marks despite frequent handling. it is not large enough for every charger or a bulky power pack, so i still pack those separately. the inside can also be a tight fit when the device has a thick cover attached. for a slim phone or tablet setup, however, vela core 669 has offered clean, reassuring protection and has made packing for short trips noticeably easier.",True
CORD000014,CUS00084,2019-06-12,Bakers,"[{""product"":""Candle Flux 162"",""quantity"":1},{""product"":""Candle Lumen 220"",""quantity"":1},{""product"":""Candle Edge 932"",""quantity"":1},{""product"":""Vela Core 957"",""quantity"":1},{""product"":""Vela Halo 137"",""quantity"":1}]",7111.52,12.41,-37.784551,144.994433,10,6412.78,Winter,False,2.8302,"candle lumen 238 has made it easier to manage our guest network and keep track of the devices connected at home. creating separate access for visitors was uncomplicated, and the management screen presents the important controls without overwhelming me with technical language. i have checked connected devices several times and found the information helpful when identifying which household equipment was active. the network has remained steady during normal browsing, calls, and streaming, while visitors have been able to connect without needing repeated assistance. some less common settings are tucked away, so i spent a little time exploring before i knew where everything lived. once configured, though, the routine checks take very little effort. the unit has operated quietly and has not needed frequent attention during these sixteen days. candle lumen 238 has provided a reassuring level of visibility and control, making our shared network easier to organise without adding unnecessary daily work.",True
CORD000015,CUS00434,2019-11-25,Thompson,"[{""product"":""Vela Core 957"",""quantity"":1},{""product"":""Candle Vista 110"",""quantity"":1},{""product"":""Vela Halo 281"",""quantity"":1}]",2618.8,8.36,-37.803009,144.952734,10,2365.28,Spring,False,1.1842,"candle vista 110 has handled my study routine with very little trouble. i use it for research, writing, online reading, and taking notes during long sessions, and the keyboard remains comfortable when several pages need to be produced. the screen gives text a clean appearance, while the portable shape makes it easy to move from the library table to the kitchen. applications open promptly for my ordinary work, and the battery generally carries me through a useful stretch away from a socket. the speakers are only average for entertainment, but headphones solve that easily. candle vista 110 feels dependable for academic work and has reduced the need to carry separate equipment for reading, writing, and research.",True
CORD000016,CUS00500,2019-01-28,Nickolson,"[{""product"":""Vela Nova 753"",""quantity"":1},{""product"":""Candle Orbit 674"",""quantity"":1},{""product"":""Candle Edge 392"",""quantity"":3}]",5854.92,10.48,-37.845269,144.947455,15,4987.16,Summer,False,3.5444,"the candle lumen 598 has made a noticeable difference in the far rooms of my home. i placed it between the main network point and the study, and the connection now reaches the hallway and back bedroom with much less interruption. video calls from the study remain steady, while ordinary browsing in the bedroom no longer drops whenever someone uses the kitchen. installation was uncomplicated, and the indicators gave me enough information to find a suitable position without repeated guesswork. the unit is not especially small, so it needs a visible shelf rather than a hidden corner, but that is a minor trade-off for the extra coverage. it has been running quietly and consistently since i installed it. the candle lumen 598 is a worthwhile solution for extending a home network between rooms.",True
CORD000017,CUS00039,2019-01-11,Bakers,"[{""product"":""Vela Core 957"",""quantity"":1},{""product"":""Candle Flux 162"",""quantity"":1},{""product"":""Candle Lumen 220"",""quantity"":1},{""product"":""Vela Halo 137"",""quantity"":1},{""product"":""Candle Vista 110"",""quantity"":2}]",9254.22,21.69,-37.846412,145.0336,10,8350.49,Summer,True,5.268,"the vela atlas 539 has been in my laptop bag for a month, and i use it when several devices need to connect through one compact adapter. its small size is the strongest advantage because it takes very little space and is easy to carry between home and work. in ordinary use it has allowed me to connect the accessories i need without unpacking a larger collection of separate pieces. the experience varies depending on how many connections are involved. with a light load, everything is simple and the adapter is convenient. when several devices are attached together, the cables crowd one another and moving the laptop becomes awkward. i have also had to pause briefly before a newly connected device was recognised. that has not happened every time, but it makes me check the connection rather than assuming it is ready. the casing has handled daily packing without visible damage, which is reassuring. i see the vela atlas 539 as a practical travel accessory for moderate use, not an answer to every connection problem. it saves space and generally performs its basic role, while crowded ports and occasional recognition delays limit the convenience.",True
CORD000018,CUS00122,2019-12-14,Thompson,"[{""product"":""Candle Lumen 220"",""quantity"":2},{""product"":""Vela Nova 753"",""quantity"":1}]",11462.39,11.42,-37.771352,144.928058,10,10327.57,Summer,False,4.8889,"vela core 993 has served two different purposes in our household. i use it to show presentations during small meetings, while other family members load photographs for visitors to browse. text remains readable from across the room, and images have enough colour and detail to feel inviting without much adjustment. moving from one file to another is quick, and the interface is simple enough that guests can use it independently. the display is not especially dramatic for films, and reflections appear near a sunny window, so placement matters. for presentations and photo viewing, however, it has been dependable and pleasant. vela core 993 now sits in the room where we gather most often and earns its space.",True
CORD000019,CUS00323,2019-12-20,Nickolson,"[{""product"":""Candle Orbit 548"",""quantity"":1},{""product"":""Candle Orbit 674"",""quantity"":1},{""product"":""Vela Nova 753"",""quantity"":1}]",4983.74,10.12,-37.844102,144.981529,5,4744.67,Summer,False,3.025,"vela echo 1087 has been worn mainly during workdays so i can glance at calendar alerts and check short messages without reaching for my phone. notifications arrive promptly most of the time, and the text is readable enough for deciding whether something needs immediate attention. the band is light, and i have been able to wear it through meetings without it becoming a distraction. its basic activity view is a welcome extra for walks. the small display limits what i can do with a message. longer notes require opening the phone, and replying or managing several alerts is not particularly convenient. notifications can also become crowded when many applications are active, making the useful items harder to find. i have occasionally needed to check the phone because an alert appeared later than expected, although this was not constant. vela echo 1087 is best understood as a quick notification window. it saves a few interruptions and looks unobtrusive, but the limited interaction and occasional delay mean it complements a phone rather than replacing any part of its communication role.",True
CORD000020,CUS00315,2019-10-31,Thompson,"[{""product"":""Candle Edge 932"",""quantity"":1},{""product"":""Candle Orbit 548"",""quantity"":1},{""product"":""Candle Lumen 220"",""quantity"":1}]",5275.94,20.03,-37.787776,144.944464,5,5032.17,Spring,True,2.7779,"before installing candle quest 948, the connection in the back room was noticeably weaker than in the rest of the house. i placed the unit between the main router and that room, then spent some time finding a position that was close enough to the existing signal while still helping the distant area. the setup instructions were clear, and the indicators made it easier to understand whether i had placed it sensibly. once i moved it away from a crowded shelf, the connection settled and the improvement became apparent during ordinary use. i have since used the extended coverage for video calls, browsing, music, and a television in the far room. the connection has remained much more even as i move through the house, and i no longer have to stand in one particular doorway to send a message or load a page. a demanding stream can still slow when several people are using the network at once, so the unit is not a complete answer to every busy period. for normal household activity, however, it has removed the dead spot that prompted the purchase. the compact casing does not take much space, and the lights can be seen without being distracting. i have restarted the equipment a few times while changing other network settings, and candle quest 948 returned to service without a complicated process. its performance has been steady over the ownership period, and the household has stopped treating the back room as an unreliable part of the network. it is a practical solution for extending coverage between rooms, with simple placement and useful results.",True
CORD000021,CUS00271,2019-02-21,Thompson,"[{""product"":""Candle Lumen 220"",""quantity"":1},{""product"":""Candle Orbit 548"",""quantity"":1},{""product"":""Candle Edge 932"",""quantity"":1},{""product"":""Candle Flux 162"",""quantity"":1}]",6336.23,13.96,-37.883581,144.910654,0,6350.19,Summer,False,8.5082,"i spent four weeks comparing the candle shift 592 with an older tablet while using both for sketching, light editing, reading references, and carrying ideas between rooms. the candle shift 592 feels more natural for this kind of creative work. the drawing surface responds predictably, and i can make short marks, adjust a composition, or review a page without waiting through the pauses that interrupted my previous workflow. it is also pleasant to use for reading when i am not drawing. the comparison was not completely one-sided. my older tablet had a slightly familiar layout, and i still reach for it when opening a project stored in an older format. once i am working, however, the candle shift 592 is easier to settle into. the size gives me room for a sketch without making the device awkward to carry, and the controls are close enough that i do not spend the whole session searching through menus. after a long drawing period the surface can feel warm, but it has remained comfortable for normal use. i would not choose this as the sole machine for demanding professional production. for lightweight creative work, quick drawings, and visual notes, it is a strong fit. the candle shift 592 has made me more willing to capture ideas immediately instead of waiting until i return to a desk. compared with my previous tablet, it offers a smoother and more focused experience, and i am very happy with the purchase.",True
CORD000022,CUS00458,2019-07-30,Nickolson,"[{""product"":""Vela Core 957"",""quantity"":1},{""product"":""Candle Edge 392"",""quantity"":1},{""product"":""Candle Orbit 548"",""quantity"":1}]",903.29,15.23,-37.829195,144.979082,5,873.36,Winter,False,1.4457,"the vela echo 403 was placed in a shared room for films and television, but family viewing quickly became frustrating. the display produces an image, yet streaming applications sometimes stalled while the rest of the household waited. resuming a programme could return to the wrong position, and the remote response was slow when several commands were entered close together. sound remained audible, but dialogue became difficult to follow during scenes with quieter voices, so the volume had to be adjusted repeatedly. the screen also showed distracting reflections during daytime viewing. i found the menus confusing when switching between family profiles, and occasional network drops required a full restart. these are not minor inconveniences when the device is meant for relaxed group use. after several weeks, the vela echo 403 felt unreliable and awkward rather than convenient. its poor streaming stability, weak interface, and inconsistent response made shared entertainment more difficult.",False
CORD000023,CUS00250,2019-09-28,Bakers,"[{""product"":""Candle Edge 392"",""quantity"":1},{""product"":""Candle Orbit 674"",""quantity"":1},{""product"":""Vela Halo 281"",""quantity"":1}]",1230.55,18.79,-37.802813,145.003606,10,1126.28,Spring,False,1.0859,"i have worn vela core 417 on walks and during my commute for a month. notifications appear promptly, the band is light, and the display remains readable outdoors. it has been useful for seeing messages without reaching for my phone. the strap feels less comfortable after a long afternoon, and i sometimes need to check the app before a notification appears. those limits matter, but the wearable has performed well for my everyday routine.",True
CORD000024,CUS00433,2019-04-09,Bakers,"[{""product"":""Candle Vista 110"",""quantity"":1}]",1816.59,12.56,-37.868003,145.02977,15,1556.66,Autumn,False,7.1276,"vela echo 133 has been used in our living room for casual games when friends or family visit. the large shared view makes it easy for people on different seats to follow the action, and the controls are simple enough that new players join quickly. the device is quiet during a normal session, so it does not dominate the room. for short games after dinner, the arrangement has been more inviting than our previous small-screen setup. compared with the older display and gaming unit, vela echo 133 feels better suited to a group. people can see the screen without leaning forward, and changing the player is straightforward. the older setup starts a little faster and has a more familiar menu, while vela echo 133 looks cleaner once the game is running. someone who mostly plays alone may not notice much benefit from the larger shared presentation, but our household has used that advantage repeatedly. there is a pause when moving from one activity to another, and the delay is more noticeable when several commands are made quickly. the built-in sound works for casual play but lacks fullness for films or music. i have also found the controls less comfortable after a long session, although short sessions cause no issue. vela echo 133 is neither a major disappointment nor a complete replacement for more dedicated equipment. it improves social play and visibility, while slower transitions and ordinary sound keep the overall result balanced.",False
CORD000025,CUS00127,2019-09-29,Thompson,"[{""product"":""Vela Nova 753"",""quantity"":1},{""product"":""Candle Orbit 674"",""quantity"":1},{""product"":""Candle Orbit 548"",""quantity"":1},{""product"":""Candle Flux 162"",""quantity"":1}]",6044.03,12.91,-37.752379,144.911105,10,5452.54,Spring,False,7.412,"candle shift 664 has been my main audio option during focused desk work, and i compared it with both wired earphones and a small speaker. the wireless arrangement is the biggest practical improvement because there is no cable catching on my notebook or keyboard. music stays present without filling the room, and the sound is balanced enough for the playlists i use while reading and writing. compared with the speaker, candle shift 664 gives me a more private and concentrated atmosphere. i used it for quiet office tasks, longer reading sessions, and short breaks when i wanted to listen without changing the setup. pairing was uncomplicated, and reconnecting later became routine. the fit remained comfortable for my usual work period, while the controls let me pause or adjust listening without reaching for the computer. wired earphones still have the advantage of being ready immediately, but they introduce tangles and restrict movement; this device makes it easier to stand up, collect a book, and return to the desk without removing everything. the battery needs attention before a particularly long day, and the ear pieces are more noticeable than a speaker when i am not listening. those are manageable trade-offs for the quiet convenience. candle shift 664 has reduced desk clutter and made focused music more enjoyable than either alternative i compared. it is a dependable, pleasant choice for anyone who spends regular time working at a desk.",True
CORD000026,CUS00222,2019-12-11,Bakers,"[{""product"":""Candle Orbit 548"",""quantity"":1},{""product"":""Vela Core 957"",""quantity"":1},{""product"":""Candle Vista 110"",""quantity"":1},{""product"":""Candle Flux 162"",""quantity"":1},{""product"":""Candle Orbit 674"",""quantity"":1}]",3728.48,12.91,-37.748132,144.979287,0,3741.39,Summer,False,7.0202,"i compared vela core 183 with the older living-room display it replaced, mainly for casual gaming and shared viewing. the new screen makes games feel more immediate, and the picture remains easy to follow when several people are sitting at different angles. menus are simple enough for guests to understand without a long explanation. for our usual evening sessions, it has been a noticeable improvement over the previous display, which often made the room feel less inviting because everyone had to sit directly in front of it. the best part is its flexibility. one person can play while others watch, and changing between a game and ordinary viewing does not turn into a technical discussion. the sound is acceptable for casual use, though we sometimes use separate speakers when we want fuller audio. it also takes a little time to adjust the picture for different games, so i would not describe it as completely effortless. those are manageable details rather than reasons to return to the old screen, which had a less pleasant viewing experience and more awkward controls. vela core 183 suits the way our household actually uses a display. a specialised gaming setup could offer more advanced control, but that would not necessarily work as well in a shared room. after regular use, i appreciate the readable picture, straightforward switching, and ability to support short sessions without fuss. it is not the most elaborate entertainment system, but compared with my former display it offers a more enjoyable and practical balance for casual living-room gaming.",True
CORD000027,CUS00244,2019-10-27,Thompson,"[{""product"":""Candle Shift 916"",""quantity"":1},{""product"":""Candle Flux 162"",""quantity"":1},{""product"":""Vela Halo 281"",""quantity"":1}]",3487.05,11.47,-37.821878,144.886235,10,3116.29,Spring,False,5.4408,"candle vista 128 has made our home connection feel more consistent than the basic network equipment it replaced. i bought it mainly for video meetings and media streaming, so i paid attention to the moments when several people were online. in those situations, calls have stayed usable while someone else watches a programme, and the connection has not needed constant attention. the setup was straightforward for my household. once connected, the controls were easier to understand than those on the previous unit, especially when checking which devices were active. i have used it for work calls, evening streaming and ordinary browsing over nineteen days. the improvement is most noticeable in the reduced need to restart or rearrange things. it is not completely invisible. the indicator lights are brighter than i expected, and i needed to spend a little time choosing a suitable position near the desk. those points are minor compared with the steadier routine. the unit itself feels solid and has stayed in place, even when cables are moved around the back. compared with my old network device, candle vista 128 gives me fewer awkward interruptions and more confidence before a meeting begins. i cannot judge every advanced networking function, but the tasks i bought it for have been handled well. for a home with calls and streaming happening together, it has been a useful and sensible upgrade.",True
CORD000028,CUS00096,2019-11-30,Nickolson,"[{""product"":""Candle Vista 110"",""quantity"":1},{""product"":""Candle Edge 392"",""quantity"":1},{""product"":""Candle Lumen 220"",""quantity"":1},{""product"":""Candle Flux 162"",""quantity"":2},{""product"":""Candle Shift 916"",""quantity"":1}]",9701.08,12.15,37.870768,144.939617,10,8743.12,Spring,False,6.369,"i bought the candle shift 736 for weekends away and expected to use it mainly during quiet gaps in travel. instead, it has become the device i reach for whenever i have a spare half hour. its portable shape fits into my small bag without forcing me to rearrange everything, and i have carried it between rooms, on a train and to a friend's house. the first session was brief because i was learning the controls, but the layout soon felt natural. i have played both short games and longer sessions, depending on the day. the screen is bright enough for indoor use, movement feels responsive, and the controls have remained comfortable even when a session lasts longer than planned. starting a game while travelling is simple because the device wakes quickly and remembers where i stopped. i particularly like being able to play in a quiet corner without setting up a television or carrying several separate accessories. the built-in sound is suitable for casual use, though i use headphones when other people are nearby. after several weeks of carrying it around, the candle shift 736 has picked up no concerning marks and the controls still feel firm. the battery requires some planning before a long journey, especially if i expect to play continuously, and the display is less enjoyable in strong outdoor light. those limits are easy to work around. what matters is that the device has made gaming fit naturally into travel instead of turning travel into a gaming project. it is compact, inviting and reliable enough for the relaxed play i wanted.",True
CORD000029,CUS00114,2019-01-25,Thompson,"[{""product"":""Candle Lumen 220"",""quantity"":1},{""product"":""Candle Vista 110"",""quantity"":2}]",7162.57,21.15,-37.831619,144.901817,5,6825.59,Summer,True,8.2485,"vela wave 409 has helped keep my phone at a convenient angle beside the monitor during calls and desk work. the arm adjusts smoothly and the base remains stable on a normal surface. the joint needs firm tightening, and a bump can make the phone drift from its chosen position. it is a practical accessory for daily positioning, although the adjustable design would benefit from a stronger hold.",True
CORD000030,CUS00431,2019-12-01,Thompson,"[{""product"":""Candle Edge 392"",""quantity"":2},{""product"":""Candle Orbit 674"",""quantity"":1},{""product"":""Vela Core 957"",""quantity"":1}]",1347.03,20.17,-37.821885,144.913687,0,1367.2,Summer,True,3.1061,"candle arc 510 has been a dependable laptop for research, notes, and regular study sessions. articles load quickly, documents remain responsive, and the keyboard is pleasant when i am writing for a long stretch. its lighter build makes it convenient to move between the library and home. the display area can feel limited when several windows are open, but for reading, drafting, and organising coursework it has served me very well.",True
CORD000031,CUS00062,2019-05-13,Thompson,"[{""product"":""Candle Orbit 548"",""quantity"":1},{""product"":""Candle Shift 916"",""quantity"":1},{""product"":""Vela Halo 281"",""quantity"":1},{""product"":""Vela Core 957"",""quantity"":1}]",2917.05,11.16,-37.766489,144.963535,10,2636.51,Autumn,False,5.3354,"vela nova 375 has helped me understand the changes in temperature and humidity inside my home instead of relying on how the room feels for a few minutes. i placed it in the area where i spend the most time and watched the readings through different parts of the day. the information was easy to interpret, and i soon noticed that the room became noticeably different after cooking or leaving windows closed overnight. that awareness has changed a few ordinary habits. i now open the room earlier when it feels stuffy and pay more attention to conditions before settling down to work. vela nova 375 has also been useful when comparing the living room with a quieter back room, where the air feels different even when the temperature seems similar. i am not using it for scientific work, but the repeated observations have given me a much more practical sense of the indoor environment. placement makes a difference. readings near a window or cooking area change quickly, so i had to choose a position that represented the room rather than a single local draft. the display is also less visible from across the room than i first expected, which means i usually walk over to check it. those are minor inconveniences, and they encouraged me to think about what i actually wanted to monitor. after forty-seven days, vela nova 375 has become a quiet but useful part of the house. it provides understandable temperature and humidity information, has prompted sensible ventilation habits, and does not demand constant attention. it cannot explain why a room changes, but it gives me a helpful starting point for making the space more comfortable.",True
CORD000032,CUS00348,2019-08-12,Bakers,"[{""product"":""Candle Edge 392"",""quantity"":1},{""product"":""Candle Orbit 548"",""quantity"":1}]",631.82,17.54,-37.77838,144.969823,15,554.59,Winter,False,4.1646,"vela halo 443 was purchased for presentations and viewing family photographs, but it has been a source of avoidable trouble. initial setup was not difficult, although the display sometimes failed to recognise a device after being switched on. during presentations, the image has frozen without warning and required a restart, leaving an awkward pause while everyone waited. photo viewing is also marred by slow transitions and occasional blank screens between images. the controls feel confusing, and finding the input setting takes too much effort for a device intended for shared use. i have tried different rooms and connection positions, but the interruptions continue rather than settling down. the screen can show an image once it is finally connected, yet that basic function is not enough for dependable meetings or relaxed viewing. vela halo 443 has delivered a frustrating and unreliable ownership experience, so i cannot recommend it.",True
CORD000033,CUS00367,2019-02-16,Thompson,"[{""product"":""Vela Halo 281"",""quantity"":1},{""product"":""Candle Orbit 548"",""quantity"":1},{""product"":""Candle Orbit 674"",""quantity"":2},{""product"":""Candle Edge 392"",""quantity"":1}]",1810.68,11.28,-37.820116,144.894493,0,1821.96,Summer,False,4.6919,"vela wave 463 has become a convenient choice for music and spoken-content playback at home. voices remain distinct, playback begins promptly, and the controls are simple enough for different people to use. music sounds pleasant at ordinary room volume, although the system does not replace a larger speaker setup. that limitation is acceptable for background listening. it has made daily audio more enjoyable and sits neatly in the room.",True
CORD000034,CUS00458,2019-07-10,Nickolson,"[{""product"":""Candle Edge 392"",""quantity"":1},{""product"":""Vela Halo 281"",""quantity"":1},{""product"":""Candle Orbit 674"",""quantity"":1},{""product"":""Vela Core 957"",""quantity"":1}]",1502.02,15.23,-37.829195,144.979082,5,1442.15,Winter,False,1.4457,"the vela echo 403 was placed in a shared room for films and television, but family viewing quickly became frustrating. the display produces an image, yet streaming applications sometimes stalled while the rest of the household waited. resuming a programme could return to the wrong position, and the remote response was slow when several commands were entered close together. sound remained audible, but dialogue became difficult to follow during scenes with quieter voices, so the volume had to be adjusted repeatedly. the screen also showed distracting reflections during daytime viewing. i found the menus confusing when switching between family profiles, and occasional network drops required a full restart. these are not minor inconveniences when the device is meant for relaxed group use. after several weeks, the vela echo 403 felt unreliable and awkward rather than convenient. its poor streaming stability, weak interface, and inconsistent response made shared entertainment more difficult.",False
CORD000035,CUS00412,2019-04-24,Thompson,"[{""product"":""Candle Edge 392"",""quantity"":1},{""product"":""Candle Vista 110"",""quantity"":1},{""product"":""Candle Edge 932"",""quantity"":1}]",3682.82,13.87,-37.88488,144.905791,10,3328.41,Autumn,False,8.8092,"vela wave 445 has handled our blind and curtain routines reliably since installation. the scheduled movements are useful when mornings are rushed and in the evening when we want less manual effort. finding the right timing took a little adjustment, but the final routine has remained consistent. it has made the room feel more orderly without demanding much attention.",True
CORD000036,CUS00021,2019-07-05,Thompson,"[{""product"":""Candle Vista 110"",""quantity"":1},{""product"":""Candle Edge 392"",""quantity"":2},{""product"":""Vela Core 957"",""quantity"":1}]",2839.56,15.92,-37.770499,144.888454,0,2855.48,Winter,False,6.9656,"i have used candle flux 792 for sketches, notes and small creative projects, and it has become a convenient part of my routine. the drawing surface feels responsive enough for rough ideas and light editing. it is easy to carry between rooms and the interface stays uncluttered. artists needing advanced tools may want more, but it performs very well for lightweight work.",True
CORD000037,CUS00215,2019-12-19,Nickolson,"[{""product"":""Vela Core 957"",""quantity"":2},{""product"":""Candle Orbit 548"",""quantity"":1},{""product"":""Candle Lumen 220"",""quantity"":2},{""product"":""Candle Edge 392"",""quantity"":1},{""product"":""Candle Edge 932"",""quantity"":1}]",9724.02,12.42,-37.869701,144.938242,15,8277.84,Summer,False,6.3128,"vela echo 313 has found a useful place in my kitchen and living room. i mainly use it for music, podcasts, and spoken programs while cooking or doing chores, and it handles those activities without requiring constant attention. voice commands are understood most of the time, and the playback controls are easy to use when i am nearby. spoken content is especially clear, which makes interviews and podcasts comfortable to follow. music sounds balanced at ordinary room volume, although the small enclosure does not create the fullness of a larger speaker. i have also appreciated the simple routine of starting playback in one room and continuing later without much fuss. the design blends into the room and has remained responsive after several weeks. vela echo 313 is a capable household speaker with a friendly, convenient listening experience.",True
CORD000038,CUS00001,2019-08-30,Thompson,"[{""product"":""Candle Orbit 548"",""quantity"":1},{""product"":""Candle Lumen 220"",""quantity"":1},{""product"":""Candle Edge 392"",""quantity"":1}]",4161.21,10.49,-37.817768,144.945742,0,4171.7,Winter,False,0.5784,No review submitted,True
CORD000039,CUS00186,2019-06-28,Thompson,"[{""product"":""Candle Orbit 548"",""quantity"":1}]",256.07,11.82,-37.795015,144.937457,20,216.68,Winter,False,2.1374,"i have worn vela core 867 for walks and commuting long enough to form a fairly settled opinion. it sits lightly on my wrist and the display is readable while moving between home, the station, and work. walking summaries are easy to review afterward, and notification previews save me from reaching for my phone whenever a message arrives. the vibration is noticeable without being distracting in a quiet office. pairing took a couple of attempts because i had to revisit the phone settings, but the connection has remained stable since then. the strap is not especially soft during very warm afternoons, which is the only recurring comfort issue i have noticed. otherwise the device has become a useful part of my routine, with sensible information and no unnecessary fuss.",True
CORD000040,CUS00499,2019-03-12,Bakers,"[{""product"":""Candle Edge 392"",""quantity"":1},{""product"":""Candle Orbit 548"",""quantity"":1},{""product"":""Vela Nova 753"",""quantity"":1}]",5035.43,9.08,-37.809667,145.02564,15,4289.2,Autumn,False,2.6716,"vela pulse 271 has been used for calendar management, messages, and work calls. the calendar opens quickly and calls remain understandable in ordinary indoor conditions. the battery needs attention on busy days, especially when the screen stays active between meetings. photos are acceptable for documents but less convincing in dim rooms. it has supported my routine without a major failure, yet the average battery and camera keep it from being more than a middle-of-the-road phone.",True
CORD000041,CUS00103,2019-06-11,Thompson,"[{""product"":""Candle Edge 392"",""quantity"":1},{""product"":""Candle Edge 932"",""quantity"":2},{""product"":""Vela Halo 281"",""quantity"":3}]",4948.93,31.56,-37.765765,144.96128,5,4733.04,Winter,True,5.3633,"i purchased candle bloom 388 to separate guest access from the rest of the home network and keep track of connected devices. the installation process was confusing from the beginning. the app accepted the network details, then returned to the same screen without explaining what had failed. after several attempts the unit appeared online, but the guest network disappeared whenever the device restarted, which made the arrangement unreliable. managing devices was an ongoing problem. names were lost after changes, and unfamiliar entries remained visible even after i had removed equipment. the interface used small controls and unclear labels, so a simple restriction required repeated checking. on one occasion a guest device could still reach the main network after i had selected the guest option. i could not determine whether the setting had failed or whether the display was inaccurate, which is unacceptable for a management tool. the wireless connection itself can carry ordinary traffic, but that narrow function is not the reason i bought candle bloom 388. reboots were slow, the status information was inconsistent, and the guest controls were awkward enough to discourage regular use. support offered generic reset instructions and did not resolve the repeated configuration loss. the unit has added uncertainty to a task that should be straightforward. candle bloom 388 is frustrating, unreliable, and difficult to recommend.",False
CORD000042,CUS00344,2019-12-08,Thompson,"[{""product"":""Vela Halo 137"",""quantity"":1},{""product"":""Candle Flux 162"",""quantity"":1}]",1820.18,13.98,-37.759513,144.876848,10,1652.14,Summer,False,8.5452,"vela pulse 163 has become a useful part of our living room because it handles both music and spoken content without demanding much attention. voices in podcasts and programmes remain distinct, and music has enough balance for casual listening while we cook or talk. starting playback is quick, and the controls are simple enough for different people in the household to use. the display is easy to check from the sofa, and the unit has remained responsive after repeated daily use. at higher volume the sound becomes less detailed, so i keep it at a moderate level or use another speaker when we want a fuller atmosphere. for ordinary listening, vela pulse 163 has been dependable and pleasant, providing clear playback whenever we want background entertainment.",True
CORD000043,CUS00337,2019-02-07,Thompson,"[{""product"":""Vela Nova 753"",""quantity"":2}]",8807.22,13.66,-37.766716,144.875839,10,7940.16,Summer,False,8.0803,"vela spark 207 has become part of my morning and evening routine because it records daily activity without demanding constant attention. the step information gives me a helpful reminder to move when i have spent too long at my desk, and the sleep tracking provides an interesting picture of how my nights differ. i find the display easy to check during a walk, while the band sits securely without becoming distracting. notifications arrive in a timely way and the controls are simple enough to use while i am moving. the charging routine is not difficult, although i have occasionally wished the remaining power were more visible at a glance. after established use, vela spark 207 feels like a practical and encouraging health wearable.",True
CORD000044,CUS00326,2019-05-20,Thompson,"[{""product"":""Candle Orbit 548"",""quantity"":1},{""product"":""Candle Orbit 674"",""quantity"":2},{""product"":""Vela Core 957"",""quantity"":1},{""product"":""Candle Edge 392"",""quantity"":1}]",1551.41,35.17,-37.85622,144.913445,15,1330.12,Autumn,False,5.6715,"candle flux 864 has become my usual listening choice during long stretches of desk work. pairing was uncomplicated, and after that first connection it returned to my device without repeated searching or confusing menus. music has enough detail for background listening, with voices and ordinary instruments remaining distinct rather than turning into a blurred wall of sound. i also use it for podcasts, where spoken words stay understandable at a moderate level. the controls are easy to reach while i am working, although the smaller buttons require a little care when i am not looking at them. during several extended sessions i did not feel pressured to keep adjusting its position, which is a sign that the fit suits me. it is less impressive in a noisy room and does not replace a larger audio setup, but those are reasonable limitations for focused desk use. candle flux 864 has delivered a consistent, enjoyable listening experience and has removed one more distraction from my work routine.",True
CORD000045,CUS00483,2019-04-19,Thompson,"[{""product"":""Candle Edge 392"",""quantity"":2},{""product"":""Vela Core 957"",""quantity"":3},{""product"":""Candle Vista 110"",""quantity"":2}]",5199.09,26.08,-37.860412,144.90408,20,4185.35,Autumn,True,6.5139,"vela core 687 was purchased for calendar alerts and quick message checks, but notifications are unreliable. some reminders appear long after the scheduled time, while messages occasionally fail to show until the watch is opened manually. the small display makes longer text awkward to read, and the vibration is easy to miss in a busy room. it shows information when prompted, but delayed alerts and weak visibility make it a frustrating daily accessory.",False
CORD000046,CUS00007,2019-10-30,Thompson,"[{""product"":""Candle Flux 162"",""quantity"":1},{""product"":""Vela Nova 753"",""quantity"":2},{""product"":""Vela Halo 281"",""quantity"":2},{""product"":""Candle Orbit 548"",""quantity"":1}]",11185.06,12.03,-37.813537,144.876477,20,8960.08,Spring,False,6.2019,"vela echo 349 has made my shared workspace more comfortable and less cluttered. before using it, my phone usually sat flat beside the keyboard or leaned against whatever object happened to be nearby. that arrangement worked in a basic sense, but it was unstable and made incoming calls or messages difficult to see. with vela echo 349, the phone has a consistent place, the screen stays visible, and i can use both hands for notes or keyboard work without constantly moving the device. compared with an improvised stand, this accessory feels much more deliberate. the base stays in position during ordinary use, and the support holds the phone at an angle that suits quick glances. i have used it beside colleagues, during video calls, and while following instructions on the phone. it has been particularly useful when the desk is busy because the device remains raised above papers and cables rather than disappearing underneath them. vela echo 349 also folds away easily enough when the workspace needs to be cleared. i tested it with different cases that i already own, and the fit remained practical. very bulky cases make the phone sit slightly higher, but i have not needed to remove my usual case. the finish has stayed neat after being carried between rooms, and the moving section still feels firm rather than loose. my only small reservation is that the footprint takes more desk space than a completely flat holder. that trade-off seems worthwhile because the phone is far easier to locate and view. after 37 days, vela echo 349 has replaced a collection of awkward temporary solutions. it does not add unnecessary complexity; it simply keeps a phone supported, visible, and ready for hands-free use. for a shared workspace, that practical improvement has been genuinely valuable.",True
CORD000047,CUS00218,"Apr 24, 2019",Thompson,"[{""product"":""Candle Flux 162"",""quantity"":1},{""product"":""Vela Core 957"",""quantity"":1},{""product"":""Candle Edge 392"",""quantity"":1},{""product"":""Candle Vista 110"",""quantity"":1}]",3524.1,24.3,-37.776418,144.932578,20,2843.58,Autumn,True,4.2277,"vela atlas 611 was chosen for mobile photography and messaging, replacing an older phone that had fewer features but behaved more predictably. in daylight, the camera captures an image, yet the result changes noticeably between the preview and the saved file. shadows become muddy and moving subjects blur even when the scene appears briefly still. indoor shots are especially disappointing, with grain and weak detail that make ordinary family pictures look poorly handled. messaging adds further irritation. notifications sometimes arrive in batches, and the keyboard lags when a conversation becomes long. the phone becomes warm during camera use, then drains rapidly while the screen is active. i have also seen the camera application close when moving from a message back to the viewfinder, losing the framing i had prepared. navigation opens and shows a route, but the location marker occasionally jumps several streets before correcting itself. compared with my previous phone, vela atlas 611 has a larger display but gives less confidence when capturing a moment or following directions. compared with carrying a small camera, it is more convenient in theory, yet the missed details, application closures, and uncertain location make that convenience weak. basic calls and messages operate, but the unreliable photography and frustrating interruptions make this a poor replacement. i regret the purchase and cannot recommend it.",False
CORD000048,CUS00300,2019-10-05,Thompson,"[{""product"":""Candle Lumen 220"",""quantity"":2},{""product"":""Candle Edge 932"",""quantity"":1},{""product"":""Candle Orbit 548"",""quantity"":1}]",8805.33,25.26,-37.781505,144.884199,5,8390.32,Spring,True,6.5212,"vela nova 987 was meant to handle calendar alerts and quick message checks, but missed notifications have made it frustrating to wear. pairing with my phone was not difficult at first, although the connection later drops when i move between rooms and does not always restore without restarting both devices. some alerts arrive several minutes late, while others never appear on the screen. message previews are cramped and require awkward swipes, especially while walking. the strap feels irritating after extended wear, and the display is hard to read in bright outdoor light. timekeeping continues when the connection fails, but that basic function is not enough for this purpose. after 43 days, vela nova 987 feels unreliable and i cannot recommend it.",False
CORD000049,CUS00200,2019-06-07,Thompson,"[{""product"":""Candle Orbit 548"",""quantity"":2},{""product"":""Candle Flux 162"",""quantity"":1},{""product"":""Candle Vista 110"",""quantity"":3},{""product"":""Vela Nova 753"",""quantity"":1},{""product"":""Candle Edge 392"",""quantity"":2}]",12177.31,17.4,-37.743948,144.899712,10,10976.98,Winter,False,8.7018,"vela core 507 has quietly fitted into my routine for activity and sleep tracking. the daily summaries are easy to check, and the overnight record gives me a convenient view of patterns without requiring much attention. it feels light enough to wear through ordinary chores and rest. the display can be hard to read outdoors, yet the tracking experience has remained encouraging and consistent.",True
CORD000050,CUS00485,2019-07-17,Thompson,"[{""product"":""Candle Flux 162"",""quantity"":1},{""product"":""Candle Edge 392"",""quantity"":1}]",1436.04,12.75,-37.785156,144.934908,20,1161.58,Winter,False,3.241,"vela ridge 797 has made everyday routines easier to manage during my 29 days of ownership. the time is easy to read, reminders arrive when expected, and the compact shape does not get in the way while i am working. i appreciate that the controls are straightforward rather than overloaded. battery life has been sensible for my routine. the strap took a little adjustment, but the wearable has been genuinely useful.",True
CORD000051,CUS00018,2019-06-25,Bakers,"[{""product"":""Candle Flux 162"",""quantity"":1},{""product"":""Candle Orbit 674"",""quantity"":2}]",1708.41,13.34,-37.774977,145.001568,0,1721.75,Winter,False,3.9335,"vela spark 729 has made the cable drawer and my desk much less frustrating. i bought it to keep charging leads from becoming a tangled bundle, and the separate spaces make it simple to identify the cable i need. it works for the leads used by my phone, tablet, and headphones, while the compact shape fits neatly beside my work bag. the material feels firm enough for everyday handling, and the organiser has not shifted around whenever i pick up one cable. i have moved it between a desk and a bedside table without the compartments losing their shape. it is not designed to hold every oversized adapter, so i still keep larger power accessories elsewhere, but that is easy to accommodate. after regular use, vela spark 729 has proved practical, tidy, and pleasantly uncomplicated, with a clear benefit for anyone who dislikes searching through loose charging cables.",True
CORD000052,CUS00195,2019-01-29,Bakers,"[{""product"":""Vela Core 957"",""quantity"":2},{""product"":""Candle Orbit 674"",""quantity"":1},{""product"":""Candle Lumen 220"",""quantity"":1}]",4396.39,9.01,-37.806331,144.979529,5,4185.58,Summer,False,1.4385,"i have used the candle edge 896 for game streaming and occasional media capture, and the results are mixed. the main controls are easy enough to understand, and it handled short broadcasts without a major interruption. capturing a clip while playing was also possible without much fuss. longer sessions revealed a few awkward points: monitoring the stream requires moving between screens, and the device became warm on the desk. audio levels sometimes needed manual adjustment before they sounded balanced. it is adequate for someone who streams casually and does not want a complicated setup, but regular creators may find the workflow restrictive. the essential functions operate, yet the overall experience feels more basic than the gaming-focused design suggests.",True
CORD000053,CUS00174,2019-12-14,Bakers,"[{""product"":""Vela Halo 137"",""quantity"":1},{""product"":""Candle Orbit 548"",""quantity"":2},{""product"":""Candle Orbit 674"",""quantity"":2},{""product"":""Candle Edge 392"",""quantity"":1}]",2295.9,10.03,-37.790795,144.972984,0,2305.93,Summer,False,2.8947,"for several weeks, the vela wave 985 has watched the main entry and a frequently used window in my home. installation took little time because the pieces are light and placement is flexible. alerts arrive promptly when a door opens or the window moves, and the wording identifies the activated point. i have tested it at different times and from different phones in the household, with the same basic result. i can check the activity history after returning home and see whether an opening event occurred. the unit blends into the frame and has not shifted despite repeated use. i did spend time adjusting alert preferences because the first setting produced more messages than i wanted, but that was easy to correct. it has not sent unexplained warnings during normal use. the vela wave 985 performs its focused job neatly, and the 12-month warranty adds confidence. for straightforward door and window activity alerts, it has been a worthwhile addition.",True
CORD000054,CUS00069,19/10/2019,Thompson,"[{""product"":""Candle Flux 162"",""quantity"":1},{""product"":""Candle Edge 932"",""quantity"":1},{""product"":""Vela Core 957"",""quantity"":1},{""product"":""Candle Lumen 220"",""quantity"":1}]",6351.63,21.2,-37.844288,144.917313,15,5420.09,Spring,True,4.3804,"candle flux 792 has become my regular tablet for quick sketches, annotations, and small creative tasks. the display is comfortable to work on, and the pen response feels natural once the settings are adjusted. it is light enough to move between rooms and wakes promptly when an idea occurs. larger projects would benefit from more workspace, but for drawing and lightweight editing it has been a genuinely useful purchase.",True
CORD000055,CUS00341,2019-07-24,Thompson,"[{""product"":""Vela Core 957"",""quantity"":1},{""product"":""Candle Orbit 548"",""quantity"":1},{""product"":""Candle Vista 110"",""quantity"":3}]",5977.31,16.38,-37.877161,144.921831,15,5097.09,Winter,False,7.5054,"candle vista 812 is a convenient tablet for watching media and joining video calls around the home. the screen is comfortable for casual viewing, and the camera and microphone have made family conversations uncomplicated. i like being able to pick it up without carrying a heavy device. the battery needs attention during especially busy days, but normal use has been pleasant and dependable.",True
CORD000056,CUS00337,2019-06-05,Thompson,"[{""product"":""Vela Halo 281"",""quantity"":1},{""product"":""Candle Lumen 220"",""quantity"":1},{""product"":""Candle Orbit 674"",""quantity"":1},{""product"":""Candle Edge 392"",""quantity"":1}]",4759.94,16.87,-37.766716,144.875839,15,4062.82,Winter,False,8.0803,"vela spark 207 has become part of my morning and evening routine because it records daily activity without demanding constant attention. the step information gives me a helpful reminder to move when i have spent too long at my desk, and the sleep tracking provides an interesting picture of how my nights differ. i find the display easy to check during a walk, while the band sits securely without becoming distracting. notifications arrive in a timely way and the controls are simple enough to use while i am moving. the charging routine is not difficult, although i have occasionally wished the remaining power were more visible at a glance. after established use, vela spark 207 feels like a practical and encouraging health wearable.",True
CORD000057,CUS00013,2019-04-01,Thompson,"[{""product"":""Candle Lumen 220"",""quantity"":1}]",3529.39,10.28,-37.796259,144.903995,20,2833.79,Autumn,False,4.2014,"vela core 435 has made door and window activity easier to notice around the house. notifications usually arrive quickly and describe the activity clearly, which saves me from checking repeatedly. installation was manageable and ongoing use has required little attention. one alert was late when the household connection was busy, so i keep normal checks in place. for everyday awareness, it has been a useful and reassuring addition.",True
CORD000058,CUS00373,2019-03-07,Nickolson,"[{""product"":""Candle Flux 162"",""quantity"":1},{""product"":""Vela Halo 137"",""quantity"":3},{""product"":""Vela Core 957"",""quantity"":2},{""product"":""Candle Vista 110"",""quantity"":2}]",7516.08,14.74,-37.873206,144.96744,10,6779.21,Autumn,False,6.0753,"candle arc 528 was purchased for video meetings and evening streaming, and i compared it with the uncomplicated network unit it replaced. the comparison became negative almost immediately. initial setup was not especially difficult, but the connection became unreliable once several devices were active. a meeting could begin normally and then develop broken audio, frozen video, or repeated reconnecting. streaming in another room made the problem more obvious rather than less. the older unit had a smaller range of settings, yet it behaved more predictably in daily use. candle arc 528 offers a busier control panel without making the underlying connection feel stronger. the signal drops in parts of the home where the previous unit remained usable, and moving a laptop only a short distance can produce an awkward interruption. restarting the network device clears the problem temporarily, but having to do that during work is frustrating and disruptive. i also disliked the way the status information is presented. several warnings are vague, so it is difficult to tell whether the fault involves the connection, the device, or the meeting service. the casing is plain and the device does transmit data when conditions are quiet, but that is a basic requirement rather than a meaningful advantage. for home meetings and media streaming, candle arc 528 created more uncertainty than the older equipment and proved too unreliable to recommend.",False
CORD000059,CUS00350,2019-04-29,Thompson,"[{""product"":""Candle Lumen 220"",""quantity"":1},{""product"":""Vela Nova 753"",""quantity"":1},{""product"":""Candle Edge 932"",""quantity"":1}]",9423.48,12.22,-37.843797,144.881923,15,8022.18,Autumn,False,6.6869,"the candle vista 740 has handled a month of travel-based work without becoming a burden in my bag. i use it for presentations, documents, email, and video meetings, and it has stayed responsive while moving between those tasks. the display is bright enough for ordinary rooms, the keyboard supports comfortable typing, and the hinge holds its position when i am presenting from a small table. starting work in a hotel or meeting room is quick, which saves time when schedules are tight. the speakers are thin for entertainment, and the webcam needs decent room lighting to look its best. i expected both limitations in a portable laptop and have not found them disruptive. the candle vista 740 has made mobile work easier and has proved a dependable companion for presentations and daily documents.",True
CORD000060,CUS00363,2019-03-06,Bakers,"[{""product"":""Candle Edge 392"",""quantity"":1},{""product"":""Candle Orbit 548"",""quantity"":1}]",631.82,9.18,-37.788422,144.979018,10,577.82,Autumn,False,4.04,"the vela pulse 1081 has worked well for travel planning and casual media use during my 38 days of ownership. i have used it to check routes, read booking messages, browse local information, and watch short programmes while away from home. the screen is comfortable for maps and reading, while the device remains manageable in one hand. compared with the older phone i carried, apps open with less waiting and moving between travel information and messages feels more fluid. the vela pulse 1081 also compares favourably with relying on a small tablet. it fits into a pocket, connects promptly when i need information, and handles short viewing sessions without becoming awkward to carry. battery life has covered my normal days of navigation and casual media, though i take a charger when i expect extended use. the camera is suitable for quick snapshots and signs, but i would choose a dedicated camera for deliberate photography. there are a few compromises. the display can feel crowded when several travel pages are open, and the smooth finish is a little slippery without a case. heavy gaming would probably ask more of it than my routine does. for planning trips, keeping in touch, and filling quiet moments with media, the vela pulse 1081 compares well with both an older handset and a small tablet. the 24-month warranty provides useful reassurance, and i have found it a balanced, capable companion away from home.",True
CORD000061,CUS00180,2019-04-30,Bakers,"[{""product"":""Vela Core 957"",""quantity"":2},{""product"":""Candle Orbit 548"",""quantity"":1},{""product"":""Candle Shift 916"",""quantity"":1},{""product"":""Candle Edge 932"",""quantity"":1}]",4148.26,10.12,-37.783743,145.026407,10,3743.55,Spring,False,4.0031,"candle arc 456 has suited my long desktop gaming sessions better than the basic equipment i was using before. the controls respond consistently, and i have not had to repeat inputs because they failed to register. the shape remains comfortable after several hours, with only mild warmth becoming noticeable during a particularly long session. setup on the desk was uncomplicated, and the cable has enough reach for my arrangement without pulling at the connection. i have used it across different games and found the handling predictable rather than distracting. the finish does show marks from regular use, and the buttons make more sound than i expected in a quiet room. neither issue affects the main purpose. after 46 days of ownership, candle arc 456 has provided steady control and comfortable handling, making extended desktop play more enjoyable without demanding complicated adjustments.",True
CORD000062,CUS00339,2019-07-16,Thompson,"[{""product"":""Candle Flux 162"",""quantity"":1},{""product"":""Vela Core 957"",""quantity"":1},{""product"":""Candle Orbit 548"",""quantity"":1}]",1587.83,11.69,-37.828932,144.937784,10,1440.74,Winter,False,1.9834,"vela spark 585 has been monitoring door and window activity for several weeks, mainly at the front entrance and a ground-floor window. the alerts arrive quickly enough to tell me when someone has come home or when a window was left open, and the activity history is helpful when i am trying to remember what happened earlier. installation was uncomplicated, although aligning the two parts took a few attempts before the status appeared correctly. the app offers more notification choices than i expected, so the first evening involved some adjustment to avoid receiving unnecessary updates. since then, it has required little attention. the alert sound on my phone is easy to miss when i am busy, which means i still check the history rather than relying on one notification. vela spark 585 has nevertheless added useful awareness to our routine without making the home feel over-automated.",True
CORD000063,CUS00016,2019-01-08,Thompson,"[{""product"":""Candle Edge 392"",""quantity"":1},{""product"":""Candle Lumen 220"",""quantity"":2}]",7434.53,10.43,-37.796738,144.913071,20,5958.05,Summer,False,3.4729,"candle arc 780 has handled our shared home-office administration without drama. i use it for documents, email, online forms, and occasional video meetings, while other family members borrow it for similar everyday tasks. it starts promptly, moves between ordinary applications smoothly, and remains comfortable to carry from the desk to the kitchen table. the keyboard has a sensible layout, and the screen is pleasant for reading longer documents. after months of shared use, the hinge and casing still feel firm. it is not intended for demanding creative work, and several open browser tabs can make it feel less responsive, so i would not choose it for heavy workloads. for administration and general home study, however, candle arc 780 has been reliable and uncomplicated. the consistent performance matters more to us than flashy features, and it has earned a permanent place in our household workspace.",True
CORD000064,CUS00443,2019-07-31,Bakers,"[{""product"":""Candle Shift 916"",""quantity"":1},{""product"":""Candle Orbit 548"",""quantity"":1},{""product"":""Candle Orbit 674"",""quantity"":2}]",2762.96,16.59,-37.745455,145.028602,0,2779.55,Winter,False,7.7528,"i compared vela echo 439 with the collection of separate adapters i had been carrying for a laptop, phone, and tablet. the compact adapter has made that arrangement much less cluttered. instead of searching through several small pieces, i can bring one item to a shared desk and connect the devices i normally use. it has been particularly convenient during presentations and collaborative work, when changing from one device to another is part of the session. the older adapters each worked for one purpose, but they were easy to leave behind or mix up. vela echo 439 gives me a more consistent routine, and its small size takes little room in a bag. i tested it with several ordinary connections and found the setup straightforward. i still keep individual cables nearby because different situations call for different lengths, but that is not a criticism of the adapter itself. it covers the common connections i need without turning the workspace into a cable drawer. after using it for meetings, charging arrangements, and moving files between devices, i prefer the single-adapter approach. it does not remove every compatibility question, so i check the connection before an important presentation, yet it has performed predictably in normal use. vela echo 439 is a simple accessory rather than an exciting purchase, but compared with carrying several loose adapters, it offers a tidier and more convenient solution.",True
CORD000065,CUS00040,2019-05-11,Nickolson,"[{""product"":""Candle Edge 392"",""quantity"":1},{""product"":""Vela Halo 281"",""quantity"":1},{""product"":""Candle Flux 162"",""quantity"":1},{""product"":""Candle Edge 932"",""quantity"":3}]",6438.22,22.11,-37.822065,144.985179,5,6138.42,Autumn,True,1.4259,"i bought candle arc 942 for drawing and lightweight creative work, then compared it with a simpler tablet used by a family member. the larger set of creative controls has not helped because the pen response is inconsistent. lines sometimes appear a fraction behind the movement, and light strokes disappear when the hand moves quickly. the simpler tablet has fewer drawing options but produces steadier marks, which matters more than a crowded menu. candle arc 942 also struggles when a canvas contains several layers; rotating or zooming can freeze briefly, and returning to the drawing may show an older position. i have tried different brushes, reduced the canvas size, and restarted the device during several weeks of sketches. the delays remain. the screen surface attracts fingerprints and reflections, making fine work tiring near a window. the pen itself functions, but its tip feels loose and the pressure changes are difficult to control. for notes or a small rough sketch, the tablet is usable. for regular creative work, the uneven response and sluggish handling become a constant source of frustration. compared with a plain drawing tablet, candle arc 942 offers extra settings without delivering reliable control. files can be opened and saved, yet the basic operations do not excuse the poor drawing experience. i would not choose it for serious sketching and cannot recommend it to anyone expecting precise, steady work.",False
CORD000066,CUS00483,2019-09-17,Thompson,"[{""product"":""Vela Core 957"",""quantity"":1},{""product"":""Vela Halo 281"",""quantity"":2},{""product"":""Candle Edge 392"",""quantity"":1},{""product"":""Candle Flux 162"",""quantity"":2},{""product"":""Candle Orbit 674"",""quantity"":1}]",4153.34,14.76,-37.860412,144.90408,15,3545.1,Spring,False,6.5139,"vela core 687 was purchased for calendar alerts and quick message checks, but notifications are unreliable. some reminders appear long after the scheduled time, while messages occasionally fail to show until the watch is opened manually. the small display makes longer text awkward to read, and the vibration is easy to miss in a busy room. it shows information when prompted, but delayed alerts and weak visibility make it a frustrating daily accessory.",False
CORD000067,CUS00184,2019-07-28,THOMPSON WH,"[{""product"":""Candle Orbit 548"",""quantity"":1},{""product"":""Candle Edge 392"",""quantity"":1},{""product"":""Candle Shift 916"",""quantity"":2},{""product"":""Candle Lumen 220"",""quantity"":1},{""product"":""Candle Orbit 674"",""quantity"":1}]",8202.81,15.84,-37.751086,144.952847,20,6578.09,Winter,False,6.867,"i use candle vista 614 during focused desk work, mostly for instrumental music and spoken programs. it connects without repeated attempts and keeps playing while i move between writing, research and short breaks. the sound is balanced at the volume i need, with speech remaining distinct and music providing atmosphere without becoming tiring. its footprint is small enough to leave beside my monitor, and the controls are within reach when i need to pause. bass is less substantial than i would want for dedicated music listening, and the indicator is slightly distracting in a dim room. for a work desk, however, the restrained presentation suits me. i have used it for long stretches on many days and have not encountered dropouts or crackling. candle vista 614 has made my workspace more inviting and has handled its intended role with reassuring consistency.",True
CORD000068,CUS00325,2019-06-23,Bakers,"[{""product"":""Candle Lumen 220"",""quantity"":1},{""product"":""Vela Core 957"",""quantity"":1},{""product"":""Vela Halo 281"",""quantity"":2}]",4862.34,12.77,-37.82284,145.028594,5,4631.99,Winter,False,3.2601,"after a month with the vela pulse 721, i have a fairly balanced view of it. i bought it mainly for work calls and calendar management, and those tasks have been handled without drama. calls sound crisp in a quiet room, the screen is readable during a meeting, and calendar alerts arrive promptly. moving between a call, an email, and the calendar feels responsive enough for an ordinary workday. the phone also feels manageable in one hand, although the smooth finish can make it awkward to grip when i am carrying other things. compared with my previous phone, the vela pulse 721 makes schedule changes quicker because the calendar view is more spacious and the display wakes promptly. the 5g connection has also been a benefit on my commute, where pages generally load without the pauses i was used to. on the other hand, my older phone had a simpler notification layout. i needed several days to get used to finding missed call alerts among the other icons, and the amount of visible information can feel busy. battery life has been sufficient for a normal day of calls, messages, and calendar checks, but a long stretch of video or hotspot use leaves less reserve than i expected. setup was straightforward, and transferring contacts and appointments took little effort. the build seems solid after regular handling, with no looseness around the buttons or charging port. i have not needed support, so i cannot judge how the warranty service would perform. for work, the pulse 721 is a capable step up in connectivity and screen space, but it is not an automatic upgrade for someone who values a quieter interface or spends heavily on demanding apps. i am satisfied with its core role and will keep using it, while still seeing a few practical reasons to compare alternatives before buying.",True
CORD000069,CUS00106,2019-02-12,Bakers,"[{""product"":""Candle Edge 392"",""quantity"":1},{""product"":""Vela Halo 137"",""quantity"":1},{""product"":""Vela Nova 753"",""quantity"":1},{""product"":""Candle Lumen 220"",""quantity"":1},{""product"":""Candle Orbit 548"",""quantity"":1}]",9324.71,10.36,-37.782916,144.977965,0,9335.07,Summer,False,3.3718,"vela atlas 629 has made a small but persistent desk problem much easier to manage. before using it, my charging cables collected beside the power outlet, slipped behind the desk, and became tangled whenever i needed one. i compared this organiser with a simple loose tray and found that vela atlas 629 keeps each cable in a more predictable position. it takes only a moment to place a cable back, which means the desk stays orderly even on busy mornings. i have used it for the cables connected to my phone, tablet, and headphones, changing the arrangement as devices move around the room. the openings hold the cables without making them difficult to remove, and the organiser has stayed in place during ordinary handling. the material feels sufficiently firm for daily use, while the shape does not take over the available workspace. a tray can hide several cables, but it still leaves them crossing over one another; this design makes individual leads easier to identify before i unplug anything. the capacity is limited if someone wants to store a large collection in one spot, and very thick cable ends need a little patience when being positioned. for my everyday set, those limitations are minor. vela atlas 629 is more convenient than leaving cables loose and more accessible than putting them in a drawer. it has improved the appearance of my desk and removed an irritating little task from my routine, so i am pleased with the purchase.",True
CORD000070,CUS00083,2019-12-02,Thompson,"[{""product"":""Vela Core 957"",""quantity"":1},{""product"":""Candle Shift 916"",""quantity"":1}]",2130.24,12.86,-37.750247,144.945854,0,2143.1,Summer,False,6.9423,"the vela atlas 791 became the shared point of contact for our family, handling calls, messages, maps, and the casual applications we use during the day. i was not looking for a specialised device; i wanted a phone that different family members could pick up and understand. it has met that expectation. text is readable, the touch response feels natural, and moving between a message and another app does not require much patience. we used it at home first, then took it on errands and short outings. communication remained dependable, and the camera was sufficient for quick snapshots of everyday moments. nobody in the household has needed a long explanation before using the main features. the vela atlas 791 also feels manageable in one hand, which is useful when carrying bags or helping a child at the same time. its finish is smooth and attractive, though it can be slippery on a bare surface, so a case is sensible. the battery has covered our ordinary day, including messaging, browsing, and occasional video, although heavy use means charging before the evening is over. that seems reasonable for the way we use it. the built-in speaker works for calls and short clips, while headphones are preferable for longer listening. i have encountered a brief pause when several applications are resumed together, but it has not become a pattern. what has mattered most is the phone's predictability: family members can call, share information, and use casual apps without fuss. the vela atlas 791 has been a pleasant everyday device, and it has earned a steady place in our household.",True
CORD000071,CUS00211,2019-04-09,Nickolson,"[{""product"":""Vela Core 957"",""quantity"":2},{""product"":""Vela Nova 753"",""quantity"":1},{""product"":""Candle Flux 162"",""quantity"":1},{""product"":""Vela Halo 281"",""quantity"":1}]",6537.58,19.27,-37.83313,144.966835,0,6556.85,Spring,True,1.6337,"candle flux 684 has suited the way music is played in our shared room better than the small speaker we used previously. the sound reaches the seating area without requiring everyone to sit close to the unit, and it works well for background music during cooking, reading, or having friends over. compared with the older speaker, voices and instruments feel less crowded together, especially at moderate volume. i have moved it between a shelf and a side table depending on what the room is being used for. pairing different phones has been straightforward, which is important when several people want to contribute to the playlist. the wireless connection has remained steady during normal use, and the controls are simple enough that visitors can adjust playback without a tutorial. i appreciate that it does not dominate the room visually. a larger audio system might create more impact, but it would also take more space and encourage a more formal listening setup. at very high volume the sound becomes less refined, so i would not choose it for filling a large gathering or carefully evaluating music. for shared-room listening, that boundary has not mattered. the speaker has provided a warmer and more spacious experience than the basic unit it replaced, while remaining easy to place and use. the twelve-month warranty is reassuring. after several weeks, candle flux 684 feels like a sensible improvement for everyday music rather than an unnecessarily elaborate audio purchase.",True
CORD000072,CUS00141,2019-12-06,Thompson,"[{""product"":""Candle Orbit 674"",""quantity"":2},{""product"":""Candle Orbit 548"",""quantity"":3},{""product"":""Vela Core 957"",""quantity"":1}]",1687.8,8.83,-37.805921,144.957492,0,1696.63,Summer,True,1.1841,"candle quest 138 has kept the shared devices in our home connected without demanding much attention. phones, a television and several smaller household devices have joined the network with little effort, and the management screen makes it possible to see what is connected. i particularly value the guest separation because visitors can use the internet without being placed alongside our ordinary household devices. the connection has remained steady during simultaneous browsing and streaming, and reconnecting after a brief interruption has been straightforward. the device list is not always instantly updated when somebody leaves the house, so it can look slightly out of date for a while. that minor delay has not affected actual use. candle quest 138 has simplified device management and reduced the amount of manual checking i used to do. it is a reliable network solution for a busy shared household.",True
CORD000073,CUS00311,2019-08-31,Thompson,"[{""product"":""Vela Nova 753"",""quantity"":1},{""product"":""Candle Edge 392"",""quantity"":1},{""product"":""Vela Halo 281"",""quantity"":2}]",5840.84,15.39,-37.835397,144.880882,20,4779.56,Winter,False,6.3388,"the vela ridge 455 has been part of my evening routine for several weeks, controlling a lamp in the living room through the app. installation was manageable, and after the first connection the light usually responds quickly to a tap. i can switch it on while carrying groceries or turn it off from another room, which is genuinely convenient. the simple control suits my routine, and the lamp has continued working normally with the device in place. my reservations come from the uneven details. the app occasionally takes a moment to show the current state, so i have tapped again because i was unsure whether the command arrived. reconnecting after a brief wireless interruption was not difficult, but it interrupted the routine and left the light in its previous state. the control screen offers fewer details than expected, making troubleshooting feel like guesswork. these issues are minor for a single lamp but would become awkward with several rooms. the vela ridge 455 is a workable lighting controller with a helpful remote function, though its status feedback and recovery behaviour keep the experience mixed.",True
CORD000074,CUS00064,2019-01-12,Thompson,"[{""product"":""Candle Orbit 548"",""quantity"":1},{""product"":""Candle Edge 392"",""quantity"":1},{""product"":""Vela Core 957"",""quantity"":2}]",1174.76,13.97,-37.8828,144.907555,20,953.78,Summer,False,8.5348,"i bought vela nova 177 because i wanted a quick record of my exercise sessions without taking my phone along for every walk or workout. the first setup was uncomplicated, and i spent a little time learning where the session controls were placed. once that became familiar, starting and ending an activity felt natural rather than disruptive. the summaries have been useful after walks, stretching sessions, and short indoor workouts. i can look back at the basic pattern of an activity and decide whether i moved enough that day. the wearable does not turn the information into a complicated training programme, which suits me. i prefer seeing a simple account of what i did and using it as a prompt for the next session. i have worn it through warm afternoons and longer walks, and the band has stayed comfortable. the screen is readable when i pause, though i sometimes need to angle my wrist in strong sunlight. session records have appeared consistently, and the device has not made me repeat an activity because of a missed start. battery management is straightforward, with charging fitting easily into my normal routine. vela nova 177 has encouraged me to be more consistent without making exercise feel like a competition. its summaries are clear, the controls become easy after a little practice, and the lightweight design suits everyday wear. bright sunlight is the main minor limitation, but the overall experience has been positive and useful.",True
CORD000075,CUS00038,2019-03-22,Bakers,"[{""product"":""Candle Orbit 674"",""quantity"":1},{""product"":""Vela Core 957"",""quantity"":1}]",595.53,13.92,-37.884155,145.03269,20,490.34,Autumn,False,8.8778,"vela halo 191 has worked particularly well as a family phone. calls and messages are quick to access, the interface is easy for different members of the household to understand, and casual apps open without noticeable delays. we have used it for group chats, photos, music and a few simple games, with consistent results. the screen is spacious enough for reading messages while still fitting comfortably in one hand. reception has been stable around the house and during short outings, and the battery normally lasts through a full day of shared use. the only small annoyance is that the glossy back shows fingerprints quickly, so it needs an occasional wipe. that is minor beside the reliable communication and pleasant day-to-day experience vela halo 191 provides.",True
CORD000076,CUS00367,2019-02-17,Thompson,"[{""product"":""Candle Orbit 548"",""quantity"":3}]",768.21,11.28,-37.820116,144.894493,0,779.49,Summer,False,4.6919,"vela wave 463 has become a convenient choice for music and spoken-content playback at home. voices remain distinct, playback begins promptly, and the controls are simple enough for different people to use. music sounds pleasant at ordinary room volume, although the system does not replace a larger speaker setup. that limitation is acceptable for background listening. it has made daily audio more enjoyable and sits neatly in the room.",True
CORD000077,CUS00385,"Jul 31, 2019",Bakers,"[{""product"":""Candle Orbit 548"",""quantity"":2},{""product"":""Candle Lumen 220"",""quantity"":1},{""product"":""Candle Orbit 674"",""quantity"":1},{""product"":""Candle Flux 162"",""quantity"":1}]",5425.88,16.04,-37.754674,145.035595,15,4628.04,Winter,False,7.101,"candle arc 420 has handled my creative projects and media editing with encouraging consistency. i have used it for arranging images, trimming clips and keeping reference material open beside my work. the screen gives me enough room to see the timeline without constantly hiding other panels, and the keyboard is comfortable when i switch back to writing descriptions or planning notes. projects open promptly and ordinary edits remain responsive. exporting a larger piece makes the fan audible and the body warm, so i avoid placing it on soft furniture during longer sessions. that is expected for the workload and has not interrupted my progress. the lighter design is convenient when i take work to another room, though i pack it carefully. after seventeen days, candle arc 420 has proved versatile without feeling unnecessarily complicated. it supports both creative experimentation and routine writing, which makes it a useful all-round machine for my current projects.",True
CORD000078,CUS00410,2019-06-27,Bakers,"[{""product"":""Candle Orbit 674"",""quantity"":1},{""product"":""Candle Orbit 548"",""quantity"":2},{""product"":""Candle Edge 932"",""quantity"":1}]",2326.68,20.68,-37.739436,145.000473,10,2114.69,Winter,False,7.8594,"i used candle edge 1040 for travel-based work and presentations, then compared it with a heavier laptop that had been dependable for the same tasks. the older machine was inconvenient to carry, but it opened documents without long pauses and handled a presentation while several browser tabs were running. candle edge 1040 was lighter in the bag yet more difficult to trust. resuming from sleep sometimes left the screen dark, and i had to close and reopen the lid before work could continue. the keyboard feels cramped during long typing sessions, with several keys requiring an awkward reach. the trackpad also registered unintended touches while i was writing, which caused missed words and accidental selections. during a presentation, switching between slides and notes produced delays that were not present on the older laptop. these interruptions were embarrassing in front of other people and made preparation more stressful than the reduced weight justified. battery use was another poor comparison. short sessions away from a power outlet were manageable, but longer travel days required constant attention to the remaining charge. the casing picked up marks quickly, and the hinge developed a loose feel after ordinary opening and closing. candle support recommended updates and a restart, but the sleep and presentation problems returned. candle edge 1040 performs basic office tasks, yet its awkward keyboard, unreliable resume behavior, and weak travel endurance leave it behind a less portable but far less frustrating alternative.",False
CORD000079,CUS00348,2019-10-15,Bakers,"[{""product"":""Candle Lumen 220"",""quantity"":1}]",3529.39,13.04,-37.77838,144.969823,25,2660.08,Spring,False,4.1646,"vela halo 443 was purchased for presentations and viewing family photographs, but it has been a source of avoidable trouble. initial setup was not difficult, although the display sometimes failed to recognise a device after being switched on. during presentations, the image has frozen without warning and required a restart, leaving an awkward pause while everyone waited. photo viewing is also marred by slow transitions and occasional blank screens between images. the controls feel confusing, and finding the input setting takes too much effort for a device intended for shared use. i have tried different rooms and connection positions, but the interruptions continue rather than settling down. the screen can show an image once it is finally connected, yet that basic function is not enough for dependable meetings or relaxed viewing. vela halo 443 has delivered a frustrating and unreliable ownership experience, so i cannot recommend it.",False
CORD000080,CUS00472,2019-04-06,Thompson,"[{""product"":""Candle Vista 110"",""quantity"":1},{""product"":""Candle Orbit 674"",""quantity"":1},{""product"":""Candle Edge 392"",""quantity"":1},{""product"":""Candle Orbit 548"",""quantity"":2}]",3028.54,20.44,-37.801831,144.914224,15,2594.7,Autumn,True,3.1272,"vela atlas 665 has made scheduled control of a household power outlet much more consistent than the plug timer i previously used. i set it for routine lamps and a small appliance, and the schedule has followed the same pattern without the drift that developed with the older timer. being able to change the timing without reaching behind furniture is the most noticeable convenience. the controls are simple enough for occasional adjustments. i can pause a schedule when plans change and restore it later, which is more flexible than manually turning the old timer’s dial. the outlet remains usable for ordinary switching, and the device has fitted into the existing space without making the surrounding plugs difficult to reach. i still check the setting after a power interruption because i prefer not to assume that every schedule will survive every household event. compared with my previous timer, vela atlas 665 gives me a clearer view of what is supposed to happen and when. that has been useful for a lamp that needs to operate at different times on different days. the physical button is slightly awkward to press when the outlet is tucked behind a cabinet, and the indicator is not very visible from across the room. those are minor design limitations rather than problems with the routine control itself. i do not use it for anything that must be supervised as a safety measure, and i keep the schedule modest. within that boundary, it has been dependable and less fiddly than the mechanical timer. vela atlas 665 is a practical upgrade for simple household routines because it replaces guesswork and repeated manual adjustments with predictable control.",True
CORD000081,CUS00118,2019-10-20,Bakers,"[{""product"":""Candle Edge 392"",""quantity"":1},{""product"":""Candle Edge 932"",""quantity"":2},{""product"":""Vela Core 957"",""quantity"":2}]",3899.65,11.47,-37.77972,145.043794,10,3521.15,Spring,False,5.4352,"vela atlas 1043 has been useful for presentations and viewing family photos. images remain clear when people sit at different angles, and switching between slides or pictures feels quick. its compact shape makes it easy to move from the study to the dining room. the built-in sound suits small groups but is not powerful enough for a large gathering. for everyday sharing, it has stayed responsive and enjoyable.",True
CORD000082,CUS00143,2019-08-14,Nickolson,"[{""product"":""Candle Flux 162"",""quantity"":1},{""product"":""Vela Core 957"",""quantity"":1}]",1331.76,16.55,-37.887266,144.957861,5,1281.72,Winter,False,7.7045,"i bought vela nova 429 because charging leads had begun collecting in a drawer and on the edge of my desk. the accessory is compact, so placing it beside the socket did not require rearranging anything. i could separate the cables i use every day and keep the less frequently used ones behind them. that simple change made the area look calmer, although the organiser holds fewer thicker leads than i first expected. during the first week, i tried it with phone, tablet, and headphone cables. slimmer cables stayed in their channels without much movement, while a heavier lead occasionally pulled free when i lifted the device from the desk. the material has enough firmness to keep its shape, and the base does not slide much on the surface. it is not a complicated item, but the usefulness depends on placing it where the cables naturally arrive. when i moved it to a lower shelf, reaching the connectors became awkward and the tidy effect was reduced. after 41 days, the channels have not stretched and the finish still looks clean. vela nova 429 has solved the specific problem of loose everyday cables, though it has not replaced a larger storage box for spare accessories. i appreciate that it needs no setup and takes very little room. my view is mixed in a practical way: it is a neat solution for a small group of light cables, but the limited capacity and weaker grip on thick ones should be considered before buying. for my desk, it remains useful enough to keep.",True
CORD000083,CUS00298,2019-04-16,Thompson,"[{""product"":""Candle Orbit 548"",""quantity"":1},{""product"":""Vela Nova 753"",""quantity"":1},{""product"":""Candle Edge 392"",""quantity"":1},{""product"":""Candle Lumen 220"",""quantity"":1}]",8564.82,11.71,-37.802688,144.879435,15,7291.81,Autumn,False,6.0446,"candle arc 960 has settled into my study routine better than the older laptop it replaced. i use it for reading papers, taking notes, joining online sessions, and keeping several research windows open. those tasks remain responsive enough that i can move from a document to a browser reference without losing my train of thought. the keyboard is comfortable for long notes, and the screen gives text a pleasant amount of space without making the laptop cumbersome to carry. the difference from my previous machine is most apparent during a full afternoon of work. the older laptop became warm and sluggish when i had notes, references, and a meeting open together. candle arc 960 handles that combination with much less fuss. its build feels sturdy in a backpack, and the hinge has remained firm after frequent movement between the library, desk, and kitchen table. starting a session is quick, which encourages me to use it for short bursts of reading rather than waiting for it to become ready. it is still an ultrabook, so i would not choose it for demanding creative or specialist software. the speakers are adequate rather than room filling, and i sometimes connect headphones for recorded material. for study, research, and note taking, however, the balance is excellent. after weeks of ownership, candle arc 960 feels like a focused tool that removes small obstacles from ordinary academic work.",True
CORD000084,CUS00088,2019-10-06,Bakers,"[{""product"":""Vela Nova 753"",""quantity"":1},{""product"":""Candle Edge 392"",""quantity"":1},{""product"":""Candle Orbit 548"",""quantity"":1}]",5035.43,13,-37.754348,145.044165,20,4041.34,Spring,False,7.5354,"vela echo 457 has fitted naturally into my daily routine. it records walks and general activity without demanding much attention, while the sleep view gives me a helpful picture of my overnight patterns. the band remains comfortable for long periods and the companion display is easy to read. i would not treat every sleep estimate as exact, but the trends have been consistent enough to be useful. after regular wear, i appreciate having a simple reminder to move and a convenient record of my habits.",True
CORD000085,CUS00283,2019-07-19,Bakers,"[{""product"":""Candle Orbit 548"",""quantity"":1},{""product"":""Candle Orbit 674"",""quantity"":1},{""product"":""Vela Core 957"",""quantity"":1},{""product"":""Vela Halo 281"",""quantity"":3},{""product"":""Vela Halo 137"",""quantity"":1}]",3203.71,15.87,-37.750169,145.016195,10,2899.21,Winter,False,6.9029,"vela core 183 has been used in the living room for casual gaming, where its main advantage is fitting into a shared space without making the room feel like a dedicated gaming area. the display is easy to see from the sofa and from the side chairs, so people can watch without sitting directly in front of it. compared with a smaller personal screen, it makes group play more sociable. compared with a purpose-built gaming arrangement, however, it feels less focused and offers fewer reasons to use it for long sessions. the basic controls have remained responsive, and starting a short game has been uncomplicated. i noticed that the living-room setting creates its own compromises. someone may pause the game to adjust the room or start another activity, and the display is also used for ordinary viewing, so it does not always feel dedicated to one purpose. the unit has handled repeated switching between those uses without any obvious problem. its size is helpful for shared play, but the brightness and reflections in the room can affect the experience depending on where people sit. vela core 183 is therefore a moderate option rather than an outstanding one. it is more inviting than a small monitor for occasional group gaming, while a specialised setup would suit someone who values uninterrupted sessions. i am satisfied with its role in the living room, provided expectations remain casual and flexible.",True
CORD000086,CUS00265,2019-08-05,Bakers,"[{""product"":""Vela Nova 753"",""quantity"":2},{""product"":""Vela Halo 137"",""quantity"":1},{""product"":""Candle Flux 162"",""quantity"":1},{""product"":""Candle Lumen 220"",""quantity"":1},{""product"":""Candle Edge 392"",""quantity"":1}]",14532.54,14.27,-37.804671,145.052034,0,14546.81,Winter,False,5.0252,"candle flux 990 has handled travel documents, presentations, and meeting notes without slowing me down. it is manageable to carry, starts promptly, and the keyboard feels comfortable when i write on the move. the screen has remained easy to follow in different offices. the trackpad was a little sensitive until i changed its setting. overall, it has been a capable, pleasant laptop for regular travel-based work.",True
CORD000087,CUS00061,2019-06-07,Bakers,"[{""product"":""Candle Lumen 220"",""quantity"":1},{""product"":""Candle Orbit 674"",""quantity"":1},{""product"":""Vela Core 957"",""quantity"":2}]",4396.39,16.95,-37.739254,144.969769,20,3534.06,Winter,False,8.1783,"candle vista 542 has become my preferred surface for sketching and lightweight creative work. before using it, i divided the task between paper notes and a laptop, which made revisions and reference images awkward to manage. the tablet gives me a more direct way to draw, review ideas, and make small changes without setting up a full desk. compared with the laptop, it feels more natural for quick sketches and is easier to carry from one room to another. i have used candle vista 542 for rough illustrations, colour planning, handwritten annotations, and simple creative experiments. the screen is large enough for the work i do, and the response feels immediate during ordinary drawing. it is also convenient to show a draft to someone nearby without passing around loose pages. the tablet is not intended for heavy professional projects, and demanding files can make the experience less fluid. i also find the surface a little reflective under strong light, so i choose my working position carefully. paper remains pleasant for spontaneous ideas, while the laptop is better for detailed editing and extended typing. candle vista 542 sits between those options and handles the early, flexible stage particularly well. its portable form and approachable controls have encouraged me to draw more often instead of postponing small projects. after regular use, i am satisfied with its creative usefulness and think it offers a strong balance for lightweight work.",True
CORD000088,CUS00011,2019-08-21,Bakers,"[{""product"":""Vela Halo 281"",""quantity"":1},{""product"":""Candle Edge 932"",""quantity"":1},{""product"":""Candle Vista 110"",""quantity"":1},{""product"":""Candle Orbit 548"",""quantity"":1},{""product"":""Candle Flux 162"",""quantity"":1}]",5154.17,29.67,-37.8568,145.062111,5,4926.13,Winter,True,7.8474,"candle flux 234 has been a welcome addition to our shared room because different people can enjoy music without complicated setup. pairing is quick, and the controls are visible enough that visitors can adjust playback without searching through an app. sound carries well at ordinary volume, with voices and instruments remaining distinct. we have used it during meals, weekend cleaning, and relaxed evenings, and it has handled the changes in listening position well. the bass is restrained, so anyone seeking a strong club-like effect may want something larger. for background music and spoken content, that balance is comfortable. the casing has also survived being moved between shelves without showing much wear. candle flux 234 has made shared playback easy to start and easy to hand over, which suits our household better than a complicated system.",True
CORD000089,CUS00090,2019-11-15,Thompson,"[{""product"":""Candle Orbit 548"",""quantity"":1},{""product"":""Candle Edge 392"",""quantity"":1},{""product"":""Candle Flux 162"",""quantity"":1}]",1692.11,11.19,-37.784045,144.902283,10,1534.09,Spring,False,5.0614,"candle arc 348 improved the wireless coverage in the far side of my home compared with the single-router arrangement i had been tolerating. before installing it, the connection weakened in the bedroom and near the back work area. with the extender placed between those rooms and the main equipment, browsing and ordinary video calls have been more consistent. the change is not dramatic in every corner, but it has removed the dead spots that caused the most interruptions. setup was clearer than i expected, and i was able to position the unit without repeatedly restarting the network. i compared the same work routine before and after installation: sending files, joining calls, and listening to online audio now involve fewer pauses. performance still depends on where the extender sits, and moving it too far from the main signal reduces the benefit. that is a placement consideration rather than a fault, and the indicator helped me find a sensible location. compared with buying a longer cable or accepting weak coverage, candle arc 348 is a convenient solution for extending service between rooms. it has stayed connected during ordinary household use, and the compact design does not make the hallway look cluttered. it is not intended to replace the main network or solve every building-related obstruction, but it has made the previously unreliable area much more usable. after a month of ownership, i am pleased with the improvement.",True
CORD000090,CUS00111,2019-04-14,Thompson,"[{""product"":""Vela Halo 281"",""quantity"":1},{""product"":""Vela Halo 137"",""quantity"":2},{""product"":""Vela Core 957"",""quantity"":1}]",2321.99,23.89,-37.775065,144.875455,10,2113.68,Autumn,True,7.5554,"the vela echo 961 has been used mostly for messages, quick photographs, and sharing images with family. in daylight the camera produces pictures that are clear enough for ordinary memories, and opening the camera from the lock screen is convenient. indoor shots show more softness and require a steady hand, especially when the subject is moving. messaging is dependable, although switching between the camera and a conversation can take a moment. the phone fits comfortably in one hand, but the smooth back makes me cautious when setting it down. it has met my everyday needs without standing out. people wanting casual photos and communication will find it adequate, while photography enthusiasts may notice the limits quickly.",True
CORD000091,CUS00384,2019-11-13,Thompson,"[{""product"":""Vela Nova 753"",""quantity"":3},{""product"":""Candle Vista 110"",""quantity"":1},{""product"":""Vela Halo 137"",""quantity"":2}]",16547.2,15.6,-37.773126,144.875563,15,14080.72,Spring,False,7.6692,"candle edge 302 handles plain reading, but annotation is where the trouble starts. handwritten notes often trail behind my pen, and small corrections can leave stray marks that take time to remove. after longer study sessions, the screen feels cramped for comparing a page with my notes. the tablet has enough battery for ordinary reading, yet the unreliable pen response makes serious annotation awkward. i regret buying it and cannot recommend it for study.",False
CORD000092,CUS00157,2019-05-07,Thompson,"[{""product"":""Vela Core 957"",""quantity"":1},{""product"":""Candle Shift 916"",""quantity"":1},{""product"":""Candle Orbit 548"",""quantity"":2},{""product"":""Candle Flux 162"",""quantity"":1}]",3702.67,13.79,-37.843996,144.908512,5,3531.33,Autumn,False,4.8578,"vela spark 1089 was supposed to connect several devices through one compact adapter, but it has been disappointing in daily use. connecting more than one peripheral causes one of them to disappear, and the missing device returns only after unplugging the adapter. the cable is short and stiff, which puts awkward pressure on the ports when the laptop is moved. the casing becomes warm during ordinary use, while the indicator gives no useful warning before a connection fails. a single device may connect for a while, so the basic purpose is present, but it does not handle a shared setup reliably. repeated reconnection has made desk work frustrating. the weak construction and unreliable behaviour make vela spark 1089 a poor accessory.",False
CORD000093,CUS00330,2019-10-13,Thompson,"[{""product"":""Candle Lumen 220"",""quantity"":1},{""product"":""Candle Flux 162"",""quantity"":1}]",4589.68,19.08,-37.818503,144.931889,15,3920.31,Autumn,True,1.4827,"vela nova 537 has been useful during the last seventeen days because it lets me notice calendar alerts and short messages without reaching for my phone. pairing took little effort, and alerts have appeared promptly during commutes, meetings and household tasks. the display is readable at a glance, while the vibration is noticeable without being intrusive. i have found the quick message checks especially handy when my phone is in a bag, although longer replies still belong on the phone itself. the band has stayed comfortable through ordinary daytime wear and has not shifted much while i was walking. battery use has matched my expectations, with no need to interrupt the day for constant charging. the design is discreet enough for work and casual clothes, and the controls have behaved consistently. vela nova 537 offers a focused set of conveniences rather than a crowded collection of features, which is exactly why i keep reaching for it.",True
CORD000094,CUS00143,2019-05-09,Nickolson,"[{""product"":""Candle Flux 162"",""quantity"":1},{""product"":""Vela Core 957"",""quantity"":2},{""product"":""Candle Edge 392"",""quantity"":1}]",1978.98,13.01,-37.887266,144.957861,0,1991.99,Autumn,False,7.7045,"i bought vela nova 429 because charging leads had begun collecting in a drawer and on the edge of my desk. the accessory is compact, so placing it beside the socket did not require rearranging anything. i could separate the cables i use every day and keep the less frequently used ones behind them. that simple change made the area look calmer, although the organiser holds fewer thicker leads than i first expected. during the first week, i tried it with phone, tablet, and headphone cables. slimmer cables stayed in their channels without much movement, while a heavier lead occasionally pulled free when i lifted the device from the desk. the material has enough firmness to keep its shape, and the base does not slide much on the surface. it is not a complicated item, but the usefulness depends on placing it where the cables naturally arrive. when i moved it to a lower shelf, reaching the connectors became awkward and the tidy effect was reduced. after 41 days, the channels have not stretched and the finish still looks clean. vela nova 429 has solved the specific problem of loose everyday cables, though it has not replaced a larger storage box for spare accessories. i appreciate that it needs no setup and takes very little room. my view is mixed in a practical way: it is a neat solution for a small group of light cables, but the limited capacity and weaker grip on thick ones should be considered before buying. for my desk, it remains useful enough to keep.",True
CORD000095,CUS00072,2019-04-22,Thompson,"[{""product"":""Candle Orbit 548"",""quantity"":1},{""product"":""Vela Halo 281"",""quantity"":1},{""product"":""Vela Nova 753"",""quantity"":1},{""product"":""Vela Core 957"",""quantity"":1},{""product"":""Candle Lumen 220"",""quantity"":1}]",8991.28,21.57,-37.780886,144.914045,10,8113.72,Autumn,True,4.573,"vela nova 789 has been useful when i need to connect several devices through one compact adapter at a shared desk. it saves space and recognises ordinary peripherals without much delay. the casing is small enough to travel with a laptop, and the cable has tolerated repeated packing. the ports are positioned close together, however, so two wide plugs can interfere with one another. i have also noticed that reconnecting everything after moving the adapter takes a little care. it has remained stable during document work and file transfers, though i have not pushed it with a large collection of devices at once. the adapter solves a real space problem, but its compact design creates the same restriction that makes it portable. it is a functional accessory for light use, with convenience balanced against cramped port arrangement.",True
CORD000096,CUS00051,2019-03-11,Nickolson,"[{""product"":""Candle Flux 162"",""quantity"":1},{""product"":""Vela Halo 137"",""quantity"":1},{""product"":""Candle Orbit 548"",""quantity"":2},{""product"":""Vela Halo 281"",""quantity"":2},{""product"":""Vela Nova 753"",""quantity"":1}]",7797.41,15.44,-37.87241,145.010284,15,6643.24,Autumn,False,6.9714,"vela nova 1077 was used for exercise session summaries, but the recorded results have been unreliable. a walk can appear with missing sections, and the device has ended a session while i was still moving. the screen is difficult to read outdoors, making it awkward to check whether tracking is active. syncing to the phone often takes several attempts, and older summaries sometimes disappear from the history. the strap shifts during movement and collects sweat around the fastening point, which becomes uncomfortable over longer sessions. it records some activity, so the basic feature is present, but incomplete summaries are not useful for reviewing a workout. the repeated gaps have been disappointing. i cannot recommend vela nova 1077 for regular exercise tracking.",False
CORD000097,CUS00320,2019-05-25,Thompson,"[{""product"":""Candle Flux 162"",""quantity"":1},{""product"":""Vela Halo 281"",""quantity"":1},{""product"":""Candle Vista 110"",""quantity"":1},{""product"":""Vela Core 957"",""quantity"":1}]",3679.09,24.3,-37.743519,144.91876,15,3151.53,Autumn,True,8.0821,"vela ridge 617 has fitted neatly into my walking and commuting routine. notifications appear quickly, the time is easy to read during a glance, and the band stays comfortable when worn for several hours. the companion setup was uncomplicated, and charging does not take much planning. bright sunlight makes the display less visible, which is the main limitation i have noticed. otherwise, it is a practical and dependable daily wearable.",True
CORD000098,CUS00090,2019-11-28,Thompson,"[{""product"":""Candle Orbit 674"",""quantity"":1},{""product"":""Vela Halo 137"",""quantity"":2},{""product"":""Candle Edge 392"",""quantity"":2}]",2595.34,21.69,-37.784045,144.902283,10,2357.5,Spring,True,5.0614,"candle arc 348 improved the wireless coverage in the far side of my home compared with the single-router arrangement i had been tolerating. before installing it, the connection weakened in the bedroom and near the back work area. with the extender placed between those rooms and the main equipment, browsing and ordinary video calls have been more consistent. the change is not dramatic in every corner, but it has removed the dead spots that caused the most interruptions. setup was clearer than i expected, and i was able to position the unit without repeatedly restarting the network. i compared the same work routine before and after installation: sending files, joining calls, and listening to online audio now involve fewer pauses. performance still depends on where the extender sits, and moving it too far from the main signal reduces the benefit. that is a placement consideration rather than a fault, and the indicator helped me find a sensible location. compared with buying a longer cable or accepting weak coverage, candle arc 348 is a convenient solution for extending service between rooms. it has stayed connected during ordinary household use, and the compact design does not make the hallway look cluttered. it is not intended to replace the main network or solve every building-related obstruction, but it has made the previously unreliable area much more usable. after a month of ownership, i am pleased with the improvement.",True
CORD000099,CUS00442,2019-01-08,Nickolson,"[{""product"":""Candle Orbit 548"",""quantity"":1}]",256.07,13.46,-37.882812,144.933912,20,218.32,Summer,False,7.7961,"i used candle lumen 310 for reading papers, writing notes and keeping research tabs open through a long study period. its restrained size suited a crowded desk, and i could carry it to the library without feeling as though i was transporting office equipment. the first setup was clear enough, and the screen made ordinary text comfortable to read for a couple of hours at a time. i liked being able to open it quickly between classes and continue from the same place without much preparation. for note taking and document work, performance has been consistent. browser pages, reference files and a word processor can remain open together, although the machine begins to feel less responsive when i add many more tabs. the keyboard has a reasonably firm feel, and the trackpad is accurate for selecting passages and navigating long articles. the display is not especially generous when comparing two pages side by side, so i often resize windows or use another screen. that is manageable, but it makes some research tasks slower than they would be on a larger laptop. after regular use, the battery has been sufficient for a morning of reading and writing, with the exact result depending on brightness and wireless activity. the casing has picked up a few ordinary marks from being carried around, but nothing has affected operation. i have not needed warranty assistance. candle lumen 310 has made study more portable and has remained dependable for the work i actually assign to it. i would not choose it for intensive software or large creative projects, yet for research, notes and everyday academic administration it offers a balanced mix of convenience and limitation.",True
CORD000100,CUS00011,2019-04-14,Bakers,"[{""product"":""Candle Orbit 674"",""quantity"":1},{""product"":""Vela Core 957"",""quantity"":2},{""product"":""Vela Halo 281"",""quantity"":2}]",1928.48,13.12,-37.8568,145.062111,5,1845.18,Autumn,False,7.8474,"candle flux 234 has been a welcome addition to our shared room because different people can enjoy music without complicated setup. pairing is quick, and the controls are visible enough that visitors can adjust playback without searching through an app. sound carries well at ordinary volume, with voices and instruments remaining distinct. we have used it during meals, weekend cleaning, and relaxed evenings, and it has handled the changes in listening position well. the bass is restrained, so anyone seeking a strong club-like effect may want something larger. for background music and spoken content, that balance is comfortable. the casing has also survived being moved between shelves without showing much wear. candle flux 234 has made shared playback easy to start and easy to hand over, which suits our household better than a complicated system.",True
CORD000101,CUS00455,2019-06-17,Bakers,"[{""product"":""Vela Halo 281"",""quantity"":1},{""product"":""Candle Edge 392"",""quantity"":2},{""product"":""Candle Flux 162"",""quantity"":1}]",2342.53,26.18,-37.776436,144.9986,5,2251.58,Winter,True,3.7434,"i have used candle vista 200 for document work, video meetings, and preparation while moving between rooms and offices. the keyboard is comfortable for longer typing sessions, and the screen gives documents enough space without making the laptop cumbersome to carry. video meetings have been stable, with clear enough sound for normal conversations. i can keep several work windows open and switch between them without the system feeling sluggish. the hinge holds its position well when i use it on a small desk, and the casing has handled regular travel without creaking. battery life is suitable for my usual schedule, although heavier meeting days may call for a top-up. the webcam is adequate rather than exceptional, but it has not caused complaints from colleagues. candle vista 200 has become a dependable portable office for the routine tasks i need to complete.",True
CORD000102,CUS00012,2019-02-14,Bakers,"[{""product"":""Candle Orbit 674"",""quantity"":1},{""product"":""Candle Shift 916"",""quantity"":1},{""product"":""Vela Nova 753"",""quantity"":2}]",10990.05,9.12,-37.805831,145.012606,10,9900.17,Winter,False,1.5951,"i use vela wave 499 in a shared workspace where my phone is often needed but the desk is rarely spacious. before getting it, i was constantly leaning the device against notebooks, mugs, or whatever happened to be nearby. this accessory gave it a consistent place and made hands-free calls and reference checks much less awkward. the first setup took only a few minutes, and i soon stopped thinking about the arrangement because it fit naturally beside my keyboard. over the following weeks i used it during video calls, while following instructions on my phone, and when keeping a message visible while working. the support has remained steady during ordinary handling. i can place the phone down, lift it for a quick check, and return it without having to reset the position every time. that matters in a shared area because i sometimes move my things aside for another person and then put them back in a hurry. vela wave 499 still feels simple after repeated use rather than becoming a source of extra adjustments. the footprint is not tiny, so anyone with a very crowded surface may need to make room for it. it also works best when placed on a reasonably level section of the desk; an uneven edge makes the angle less useful. those details were easy to accommodate in my setup. what i value most is the reduction in little interruptions. the phone stays visible, my hands remain available for other work, and the shared desk looks less improvised. vela wave 499 has proved practical, unobtrusive, and well suited to the hands-free support i wanted.",True
CORD000103,CUS00398,2019-05-06,Bakers,"[{""product"":""Candle Orbit 674"",""quantity"":2},{""product"":""Vela Halo 137"",""quantity"":1},{""product"":""Candle Edge 392"",""quantity"":1},{""product"":""Vela Halo 281"",""quantity"":1}]",2314.5,11.3,-37.795117,144.997153,0,2325.8,Autumn,False,1.6631,"i compared vela atlas 1043 with a plain display i had used for presentations and family photos. the older display was less ambitious, but it behaved predictably whenever a laptop or storage device was connected. vela atlas 1043 has a sharper-looking interface, yet the practical experience is much worse. presentation files take too long to appear, and the display occasionally returns to its home screen while i am moving between slides. that interruption is embarrassing and makes the device unsuitable for work in front of other people. the problem is not limited to one type of file. during several family viewing sessions, photographs loaded in an uneven order and some thumbnails remained blank until i reopened the folder. compared with the straightforward photo viewer on the older display, this process feels needlessly complicated. the controls respond after a delay, so a second press can register as another command and send the screen somewhere unexpected. i began using the remote slowly and checking every selection, which defeats the purpose of a shared display. i tested the unit with different presentation sources and found no dependable pattern. one session proceeded for a while, then the screen froze during a transition. another required unplugging the display before it would accept the input again. the basic panel still produces an image, but that limited success does not compensate for the unreliable switching and awkward navigation. vela atlas 1043 also takes longer to become ready than the simpler equipment it replaced. the warranty may help if the faults are treated as a defect, but the ownership period has already involved too many interruptions. a basic screen with a separate presentation source would be less frustrating and easier to control. for photo viewing, the slow loading and missing previews are equally disappointing. vela atlas 1043 looks more capable than my previous display, yet it performs worse where i actually need it. i regret the purchase and cannot recommend it for presentations or family use.",False
CORD000104,CUS00369,2019-04-06,Bakers,"[{""product"":""Vela Halo 137"",""quantity"":1},{""product"":""Vela Halo 281"",""quantity"":1},{""product"":""Vela Core 957"",""quantity"":1},{""product"":""Candle Edge 392"",""quantity"":1}]",1937.85,8.11,-37.804281,145.00978,10,1752.17,Autumn,False,1.4273,"candle orbit 944 has covered music and spoken audio during long evenings at home. the sound is pleasant at moderate volume, and the connection remains steady around the room. after extended listening the fit becomes noticeable, while the buttons can be difficult to distinguish by touch. it is a reasonable choice for relaxed use, with comfort depending on the listener.",True
CORD000105,CUS00411,2019-04-16,Thompson,"[{""product"":""Vela Halo 281"",""quantity"":1}]",530.74,12.63,-37.824596,144.911843,25,410.69,Autumn,False,3.3663,"i chose the vela atlas 719 for carrying a phone and small accessories between home, work, and several overnight trips. at first glance, the shape appeared compact, but the interior immediately felt poorly organised. the main compartment was narrow near the zip and wider at the opposite end, so the phone had to be pushed in at an angle. taking it out with one hand was awkward, particularly when i was standing in a station or reaching into a crowded bag. the first week exposed further problems. the inner divider folded down whenever the case was opened, allowing the charging lead to slide over the device. the zip also caught on the edge of the lining and needed to be pulled back before closing. nothing fell out when the case was left flat on a table, but that limited result did not help during travel. each time the bag was moved, i had to check whether the phone had shifted against the accessories. on a longer journey, the exterior picked up scuffs and the thin padding offered little confidence when the case was placed under other items. a small impact against a seat frame left a visible mark on the device cover inside. the vela atlas 719 did not split or lose its basic shape, yet that narrow fact is not enough for protective storage. the stiff walls took up more room than expected while still failing to cushion ordinary knocks. i also found the handle uncomfortable to hold when the case was loaded. it twisted toward the zip and pulled the contents sideways, making the case feel unstable while walking. support provided a generic cleaning suggestion and did not address the divider or padding. after thirty-two days, the case had become another source of worry rather than protection. the vela atlas 719 is frustrating for travel storage, and i regret choosing it for a device i carry every day.",False
CORD000106,CUS00482,2019-02-12,Thompson,"[{""product"":""Candle Orbit 674"",""quantity"":1},{""product"":""Candle Shift 916"",""quantity"":1},{""product"":""Candle Vista 110"",""quantity"":2},{""product"":""Vela Nova 753"",""quantity"":1}]",10219.62,13.05,-37.863987,144.896772,5,9721.69,Summer,False,7.2156,"after several weeks of carrying it between home, work, and presentation rooms, the candle lumen 940 has become my preferred travel laptop. it is light enough to move around without planning for it, yet the body feels solid when opened on a small desk or tray table. documents, browser research, and presentation files all remain responsive during a busy afternoon. the display is comfortable for reviewing slides, and the keyboard has a pleasant amount of movement for longer notes. it also wakes quickly, which matters when a meeting starts unexpectedly. battery life has been strong for my usual travel day, although i still pack the charger for a full schedule. the speakers are ordinary rather than impressive, but that is a minor limitation for a work-focused machine. setup was straightforward and the warranty documentation was easy to keep with my records. the candle lumen 940 has made mobile work feel simpler and more organised.",True
CORD000107,CUS00486,2019-09-24,Thompson,"[{""product"":""Candle Orbit 548"",""quantity"":1},{""product"":""Vela Nova 753"",""quantity"":3}]",13466.9,9.57,-37.799877,144.91919,10,12129.78,Spring,True,2.8326,"vela nova 141 has settled into my family routine nicely. calls connect promptly, messages arrive when expected, and casual apps remain responsive while i move between them. the camera is sufficient for quick family photos, although it struggles a little in dim rooms. i have also appreciated not having to restart the phone during busy days. it feels like a practical handset that handles communication and ordinary browsing without creating extra work.",True
CORD000108,CUS00352,2019-08-03,Bakers,"[{""product"":""Candle Vista 110"",""quantity"":1},{""product"":""Candle Edge 932"",""quantity"":2},{""product"":""Candle Flux 162"",""quantity"":2},{""product"":""Candle Edge 392"",""quantity"":2},{""product"":""Candle Orbit 548"",""quantity"":1}]",7925.7,11.39,-37.795929,144.989805,10,7144.52,Winter,False,1.6352,"the vela ridge 707 has given me a convenient overview of daily activity and sleep without requiring much effort. i check the activity summary after walking and review the sleep information in the morning. the presentation is simple enough to understand quickly, and the device has remained comfortable overnight. it has stayed responsive during errands, desk work, and regular walks. notifications do not overwhelm the display, and syncing the information has been consistent when i open the companion view. i like having a broad sense of my routine rather than needing to record every detail manually. the tracking is not a substitute for specialised equipment or professional assessment, and some summaries are necessarily basic. for everyday awareness, vela ridge 707 has been useful and unobtrusive. it gives me a gentle prompt to notice my habits, fits comfortably through the day, and has become something i check without thinking about it.",True
CORD000109,CUS00275,2019-06-04,Nickolson,"[{""product"":""Candle Edge 392"",""quantity"":1},{""product"":""Candle Orbit 548"",""quantity"":1},{""product"":""Candle Vista 110"",""quantity"":1}]",2448.41,13.23,-37.847103,144.993384,5,2339.22,Winter,False,3.7986,"vela atlas 1079 has brought some order to the charging cables that used to spread across my desk and bedside table. i can keep the cables grouped instead of pulling through a tangled pile every time i need one. the accessory takes little room, and its shape works with the different cable lengths i use around the house. after several weeks of opening, closing, and rearranging it, the material still feels intact and the cables have not been damaged by the storage. it is not large enough for a collection of unusually thick leads, so i keep those elsewhere, but ordinary charging cables fit without awkward forcing. vela atlas 1079 is a small improvement rather than an exciting purchase, yet it has made daily charging more pleasant and organised.",True
CORD000110,CUS00403,2019-11-05,Nickolson,"[{""product"":""Vela Nova 753"",""quantity"":1},{""product"":""Candle Lumen 220"",""quantity"":2},{""product"":""Vela Core 957"",""quantity"":1},{""product"":""Candle Flux 162"",""quantity"":2}]",13854.44,15.09,-37.87981,144.952193,10,12484.09,Spring,False,6.9753,"i bought the candle shift 160 for reading papers, writing notes, and carrying between rooms at home. the first impression was ordinary rather than impressive. it started up and handled short documents, but the trackpad felt awkward and the keyboard became tiring during longer writing sessions. the screen also seemed cramped when i had several research pages open, so i was constantly switching between windows. after several weeks, the weaknesses became harder to overlook. the machine sometimes paused while i moved between a browser, a document, and a small set of reference files. these pauses were not dramatic failures, yet they interrupted my concentration often enough to make study sessions frustrating. the fan also became noticeable during routine work, and the underside grew warm when i used it on my lap. battery life was inconsistent, which made it difficult to rely on the laptop away from a power socket. i had hoped the compact design would make it a practical travelling notebook. instead, the light body felt less substantial than expected, and the charging cable was awkward to manage in my bag. the basic ports worked, but connecting accessories did not always feel smooth because the available space was limited. i contacted support about the pauses and received general suggestions that did not address what i was seeing. the candle shift 160 can open documents and take notes, but those basic functions are not enough for my use. the slow moments, heat, cramped workspace, and unreliable battery made the ownership period disappointing. i regret choosing it for regular research, and i cannot recommend it for anyone expecting a dependable study laptop.",False
CORD000111,CUS00069,2019-08-06,Thompson,"[{""product"":""Candle Lumen 220"",""quantity"":1},{""product"":""Candle Edge 392"",""quantity"":1},{""product"":""Candle Edge 932"",""quantity"":1},{""product"":""Candle Vista 110"",""quantity"":1},{""product"":""Candle Orbit 548"",""quantity"":1}]",7468.28,33.97,-37.844288,144.917313,0,7495,Winter,True,4.3804,"candle flux 792 has become my regular tablet for quick sketches, annotations, and small creative tasks. the display is comfortable to work on, and the pen response feels natural once the settings are adjusted. it is light enough to move between rooms and wakes promptly when an idea occurs. larger projects would benefit from more workspace, but for drawing and lightweight editing it has been a genuinely useful purchase.",True
CORD000112,CUS00085,2019-04-23,Thompson,"[{""product"":""Candle Flux 162"",""quantity"":1},{""product"":""Vela Nova 753"",""quantity"":1},{""product"":""Candle Lumen 220"",""quantity"":2}]",12522.68,12.29,-37.751866,144.940388,0,12534.97,Autumn,False,6.7869,"vela echo 781 has worked well for planning trips, checking maps, reading messages, and watching media during journeys. apps respond quickly enough for everyday use, and the screen remains clear in bright places. i particularly appreciate having my notes and route information available without carrying another device. battery life has covered my usual day, though heavy video use requires a top-up sooner. even with that limitation, it has been a reliable and enjoyable travel companion.",True
CORD000113,CUS00271,2019-06-09,Thompson,"[{""product"":""Candle Orbit 674"",""quantity"":1},{""product"":""Vela Core 957"",""quantity"":1},{""product"":""Candle Flux 162"",""quantity"":1},{""product"":""Candle Shift 916"",""quantity"":1}]",3514.59,17.23,-37.883581,144.910654,5,3356.09,Winter,False,8.5082,"i spent four weeks comparing the candle shift 592 with an older tablet while using both for sketching, light editing, reading references, and carrying ideas between rooms. the candle shift 592 feels more natural for this kind of creative work. the drawing surface responds predictably, and i can make short marks, adjust a composition, or review a page without waiting through the pauses that interrupted my previous workflow. it is also pleasant to use for reading when i am not drawing. the comparison was not completely one-sided. my older tablet had a slightly familiar layout, and i still reach for it when opening a project stored in an older format. once i am working, however, the candle shift 592 is easier to settle into. the size gives me room for a sketch without making the device awkward to carry, and the controls are close enough that i do not spend the whole session searching through menus. after a long drawing period the surface can feel warm, but it has remained comfortable for normal use. i would not choose this as the sole machine for demanding professional production. for lightweight creative work, quick drawings, and visual notes, it is a strong fit. the candle shift 592 has made me more willing to capture ideas immediately instead of waiting until i return to a desk. compared with my previous tablet, it offers a smoother and more focused experience, and i am very happy with the purchase.",True
CORD000114,CUS00087,2019-04-12,Bakers,"[{""product"":""Candle Orbit 548"",""quantity"":1},{""product"":""Candle Shift 916"",""quantity"":2},{""product"":""Vela Halo 281"",""quantity"":2},{""product"":""Candle Flux 162"",""quantity"":1},{""product"":""Candle Lumen 220"",""quantity"":2}]",13154.16,10.35,-37.790395,145.037344,15,11191.39,Autumn,False,4.2942,"i have used candle quest 966 for about three weeks in a shared room, mainly for casual games after work. setup was straightforward, and the controls were quickly understood by everyone in the household. it handles ordinary sessions without drama, with responsive input and a pleasant enough picture from the usual viewing distance. the compact shape also makes it easier to move aside when the room is being used for something else. longer sessions revealed a few compromises. the sound is adequate but becomes thin when several people are talking, so we often lower the game volume. i also found the menus slightly awkward when switching between users, and the supplied controls feel less comfortable after an extended session. those points have not stopped us using it, but they prevent it from feeling especially polished. candle quest 966 is a sensible option for occasional shared-room play, though dedicated players may want more refinement.",True
CORD000115,CUS00434,2019-07-13,Thompson,"[{""product"":""Candle Edge 932"",""quantity"":2},{""product"":""Candle Flux 162"",""quantity"":1},{""product"":""Vela Halo 281"",""quantity"":1}]",4571.99,11.01,-37.803009,144.952734,0,4583,Winter,False,1.1842,"candle vista 110 has handled my study routine with very little trouble. i use it for research, writing, online reading, and taking notes during long sessions, and the keyboard remains comfortable when several pages need to be produced. the screen gives text a clean appearance, while the portable shape makes it easy to move from the library table to the kitchen. applications open promptly for my ordinary work, and the battery generally carries me through a useful stretch away from a socket. the speakers are only average for entertainment, but headphones solve that easily. candle vista 110 feels dependable for academic work and has reduced the need to carry separate equipment for reading, writing, and research.",True
CORD000116,CUS00429,2019-12-17,Thompson,"[{""product"":""Candle Lumen 220"",""quantity"":1},{""product"":""Vela Core 957"",""quantity"":1}]",3800.86,12.4,-37.867786,144.930844,5,3623.22,Summer,False,6.2917,"vela wave 967 fits neatly into my walking and commuting routine. during walks it records activity without requiring constant attention, and the notification display lets me see a message or reminder before reaching for my phone. i have found the alerts timely enough for everyday appointments and transport updates. the band is light and did not distract me during longer walks, although the small text can be difficult to read in bright sunlight. charging has been simple, and the wearable has continued working through ordinary movement and occasional rain exposure. i do not use every available feature, but the parts that matter to me have been consistent. vela wave 967 is a useful companion for staying aware while moving around.",True
CORD000117,CUS00353,2019-03-02,Thompson,"[{""product"":""Candle Lumen 220"",""quantity"":1},{""product"":""Candle Edge 932"",""quantity"":1},{""product"":""Candle Orbit 548"",""quantity"":1}]",5275.94,20.75,-37.864498,144.878465,0,5289.44,Autumn,False,8.3368,"candle orbit 656 replaced a dated gaming setup that had become awkward during long desktop sessions. i noticed the difference during the first weekend because the arrangement felt less cramped and i could settle into a game without repeatedly shifting equipment around. the controls respond consistently, and the overall design supports the kind of extended play i usually do rather than only short bursts. compared with my previous hardware, it feels more composed when several things are happening at once. i have used candle orbit 656 for competitive matches, slower strategy games, and voice conversations between sessions. the controls are easy to locate after a little practice, and the connection has remained steady through normal use. i also appreciate that the equipment does not dominate the desk. it fits into my existing arrangement without forcing me to move everything else. the finish has held up through regular handling, though dust is visible on the darker surfaces and i clean it more often than i expected. there are modest limitations. the setup takes some time to tune, and the default arrangement did not suit every game or volume level. the cable placement also needs thought if the desk is already crowded. once i made those adjustments, the comparison with my old equipment became clear: candle orbit 656 is less distracting, more comfortable for long play, and easier to manage across different games. it has become the dependable centre of my desktop gaming routine, with only minor maintenance and setup work required.",True
CORD000118,CUS00095,2019-03-07,Bakers,"[{""product"":""Candle Orbit 674"",""quantity"":1},{""product"":""Candle Edge 392"",""quantity"":1},{""product"":""Vela Core 957"",""quantity"":3},{""product"":""Candle Orbit 548"",""quantity"":1}]",1770.29,11.63,-37.762626,145.026276,10,1604.89,Autumn,False,5.9319,"vela echo 925 has given me a more useful view of indoor conditions than relying on how the room happens to feel. i compared it with occasional checks from a basic instrument and with simply opening a window when the air seemed uncomfortable. after forty-five days, the continuous monitoring has made changes in temperature and humidity easier to notice. the readings are available without much effort, and i can compare one part of the day with another instead of trying to remember what the room felt like earlier. compared with the basic instrument, vela echo 925 is better suited to observing patterns because it stays in place and remains ready to check. the compact design fits on a shelf without distracting from the room, and the setup did not take long once i chose a sensible location. i have found the information useful when deciding whether to ventilate or adjust the room, though i treat it as guidance rather than an exact account of every corner. placement matters, and a sensor near a window will naturally describe a different spot from one near a desk. that is the main limitation and was easy to understand. the device has remained consistent during routine use, and i enjoy having an objective reference before changing the room. it is more informative than guessing and less intrusive than repeatedly checking a separate instrument. vela echo 925 has therefore become a small but worthwhile part of my home routine, especially when i want to understand indoor temperature and humidity over time.",True
CORD000119,CUS00002,2019-12-22,Thompson,"[{""product"":""Vela Nova 753"",""quantity"":1},{""product"":""Candle Lumen 220"",""quantity"":1},{""product"":""Candle Shift 916"",""quantity"":1}]",9791.77,10.97,-37.783182,144.916426,15,8333.97,Summer,False,4.2429,"i bought the vela halo 389 to keep several devices connected at my desk, and it has reduced the usual tangle of separate adapters. it is compact enough to leave beside a laptop without taking over the workspace, while the ports are arranged so cables can be attached without much fumbling. i have moved between a phone, storage device and other small accessories during normal work and have not had to restart anything to make a connection appear. the casing has picked up a few marks from being carried in a bag, but it still feels solid and the connections remain secure. it does exactly what i wanted from a small mobile accessory: it keeps common devices together, saves space and avoids hunting through drawers whenever another connection is needed.",True
CORD000120,CUS00213,2019-09-22,Thompson,"[{""product"":""Candle Orbit 674"",""quantity"":1},{""product"":""Candle Orbit 548"",""quantity"":1},{""product"":""Candle Flux 162"",""quantity"":1}]",1640.42,9.47,-37.83505,144.935299,20,1321.81,Spring,False,2.6944,"vela core 507 has quietly tracked my daily activity and sleep for 27 days. the band is light enough to wear through ordinary tasks and overnight, and the companion view makes patterns easy to check in the morning. step information has been consistent with my routine, while sleep summaries give me a useful prompt to notice habits. the display is small, but that keeps it unobtrusive. it has been a helpful everyday companion.",True
CORD000121,CUS00134,2019-12-11,Thompson,"[{""product"":""Vela Core 957"",""quantity"":1},{""product"":""Candle Orbit 674"",""quantity"":1}]",595.53,8.35,-37.808208,144.945969,10,544.33,Summer,False,0.5058,"vela wave 355 has made app-controlled room lighting pleasantly simple. i can switch the lights while seated, adjust the room before guests arrive, and turn everything off without walking around to each control. the app responds promptly during normal use and the settings are easy to understand. it is less useful when my phone is out of reach, but the everyday convenience has been a clear improvement.",True
CORD000122,CUS00500,2019-08-25,Nickolson,"[{""product"":""Candle Edge 392"",""quantity"":1},{""product"":""Candle Flux 162"",""quantity"":1},{""product"":""Candle Orbit 548"",""quantity"":1}]",1692.11,13.01,-37.845269,144.947455,15,1451.3,Winter,False,3.5444,"the candle lumen 598 has made a noticeable difference in the far rooms of my home. i placed it between the main network point and the study, and the connection now reaches the hallway and back bedroom with much less interruption. video calls from the study remain steady, while ordinary browsing in the bedroom no longer drops whenever someone uses the kitchen. installation was uncomplicated, and the indicators gave me enough information to find a suitable position without repeated guesswork. the unit is not especially small, so it needs a visible shelf rather than a hidden corner, but that is a minor trade-off for the extra coverage. it has been running quietly and consistently since i installed it. the candle lumen 598 is a worthwhile solution for extending a home network between rooms.",True
CORD000123,CUS00155,2019-07-24,Bakers,"[{""product"":""Candle Edge 392"",""quantity"":1},{""product"":""Candle Flux 162"",""quantity"":1},{""product"":""Candle Orbit 548"",""quantity"":1}]",1692.11,13.12,-37.780949,145.015083,0,1705.23,Winter,False,4.9208,"vela atlas 917 has become a practical part of my walking routine because it handles the small reminders i used to miss on my phone. compared with checking a screen in my pocket, seeing a short notification on my wrist is quicker and less disruptive. the display is readable during daytime walks, and the controls do not require much thought once the basic arrangement is familiar. i mainly use it for commute messages, time checks, and reminders to move, so i cannot judge features intended for serious training, but it suits my ordinary habits very well. the difference from my previous wearable is most noticeable during travel. i can glance at an incoming message while carrying a bag or waiting at a crossing, then decide whether it needs a reply. alerts arrive without the constant interruption of a phone buzzing in a pocket. on walks, the device feels secure and does not become an irritation after an hour. the strap has remained comfortable through changing parts of the day, and the watch face is simple enough that i can read it without stopping. battery behaviour has also been encouraging. i charge it as part of my normal evening routine rather than worrying about it midway through a commute. its activity information is useful as a prompt, although i treat the measurements as general guidance rather than precise records. vela atlas 917 is not a replacement for a dedicated fitness device, and the notification choices take a little patience to arrange. even so, compared with carrying a phone for every glance, it makes daily movement and commuting feel more organised. after several weeks, i appreciate how quietly it supports my routine and consider it a worthwhile everyday wearable.",True
CORD000124,CUS00289,2019-08-25,Thompson,"[{""product"":""Candle Orbit 548"",""quantity"":1},{""product"":""Vela Core 957"",""quantity"":1}]",527.54,12.17,-37.789782,144.944725,0,539.71,Winter,False,2.5537,"candle edge 374 has performed well during video calls and online classes. voices are easy to follow, and people on the other end have heard me clearly during ordinary conversations. pairing was quick, and the connection remained steady across several sessions. the fit becomes slightly noticeable after a long lesson, although it never became distracting. it is a convenient and pleasant audio choice for regular meetings, coursework, and casual calls.",True
CORD000125,CUS00010,2019-11-09,Bakers,"[{""product"":""Candle Flux 162"",""quantity"":1},{""product"":""Vela Core 957"",""quantity"":1},{""product"":""Candle Orbit 548"",""quantity"":1}]",1587.83,10.2,-37.811634,145.03732,5,1518.64,Spring,False,3.7018,"candle shift 646 has produced usable recordings for game streaming and media capture. after the initial configuration, the main workflow is straightforward and footage remains consistent during ordinary sessions. changing sources mid-stream is awkward, and longer recording periods make the unit noticeably warm. the controls provide the necessary options but are not arranged especially intuitively. it is suitable for occasional capture work, while frequent streaming would benefit from a smoother setup.",True
CORD000126,CUS00211,2019-09-10,Nickolson,"[{""product"":""Vela Halo 281"",""quantity"":1},{""product"":""Candle Flux 162"",""quantity"":1},{""product"":""Candle Orbit 548"",""quantity"":2}]",2103.17,8.69,-37.83313,144.966835,5,2006.7,Spring,False,1.6337,"candle flux 684 has suited the way music is played in our shared room better than the small speaker we used previously. the sound reaches the seating area without requiring everyone to sit close to the unit, and it works well for background music during cooking, reading, or having friends over. compared with the older speaker, voices and instruments feel less crowded together, especially at moderate volume. i have moved it between a shelf and a side table depending on what the room is being used for. pairing different phones has been straightforward, which is important when several people want to contribute to the playlist. the wireless connection has remained steady during normal use, and the controls are simple enough that visitors can adjust playback without a tutorial. i appreciate that it does not dominate the room visually. a larger audio system might create more impact, but it would also take more space and encourage a more formal listening setup. at very high volume the sound becomes less refined, so i would not choose it for filling a large gathering or carefully evaluating music. for shared-room listening, that boundary has not mattered. the speaker has provided a warmer and more spacious experience than the basic unit it replaced, while remaining easy to place and use. the twelve-month warranty is reassuring. after several weeks, candle flux 684 feels like a sensible improvement for everyday music rather than an unnecessarily elaborate audio purchase.",True
CORD000127,CUS00343,2019-12-24,Thompson,"[{""product"":""Vela Halo 281"",""quantity"":1}]",530.74,12.63,-37.860974,144.903223,0,543.37,Summer,False,6.6085,"the vela core 1011 has become my everyday phone for taking quick photographs, sending messages, and keeping up with family conversations. photos taken outdoors have good colour and enough detail for sharing, while indoor results are still usable when the room is reasonably bright. opening the camera and returning to messages feels quick, so i do not miss many spontaneous moments. the screen is comfortable for reading longer conversations, and the phone fits easily in one hand for short tasks. during several weeks of commuting, it has kept a steady connection and handled repeated messaging without unusual delays. the battery has covered my normal day, though heavy camera use means i prefer to recharge before an evening outing. a few small settings are tucked away more deeply than i expected, but i learned their locations quickly. i appreciate that the vela core 1011 feels balanced rather than focused on only one feature. its photography, messaging, and general handling have all worked well enough to make it a dependable part of my routine.",True
CORD000128,CUS00153,2019-10-25,Bakers,"[{""product"":""Candle Vista 110"",""quantity"":1},{""product"":""Candle Lumen 220"",""quantity"":2},{""product"":""Vela Nova 753"",""quantity"":1}]",13278.98,16.36,-37.750878,145.060336,15,11303.49,Spring,False,8.7149,"vela atlas 233 was bought for casual living-room gaming, but it has not fitted that purpose well. games launch, although loading screens are long and returning from a pause can leave the display frozen. input from the controller is occasionally delayed, which makes even slow games feel awkward. when two people play, the problem becomes more noticeable and one controller has needed repeated pairing. the menus are poorly arranged, with settings buried behind several screens and no obvious route back. i reduced the picture settings and restarted the system after each freeze, but the interruptions continued over the month. it can show a basic game when used alone, yet the lag and pairing failures make shared play frustrating. vela atlas 233 has turned short evening sessions into repeated troubleshooting and does not justify the space it occupies.",False
CORD000129,CUS00416,2019-04-29,Nickolson,"[{""product"":""Candle Orbit 674"",""quantity"":2},{""product"":""Vela Core 957"",""quantity"":1}]",919.59,27.17,-37.888671,144.984898,20,762.84,Autumn,True,7.9077,"candle flux 864 was purchased for focused desk work, where interruptions are particularly irritating. compared with my older wireless audio unit, it starts with a more polished connection screen but takes longer to become usable. the pairing process failed twice during the first week, and later sessions sometimes began with one channel silent until i disconnected and reconnected it. that behaviour made the device feel unreliable at the exact moment i needed background sound. the sound itself is uneven. spoken material is intelligible at moderate volume, but music loses detail and bass becomes muddy when the volume rises. tracks with busy percussion turn into a crowded blur, while quieter recordings reveal a faint electronic hiss. the controls are small and awkward beside a keyboard, and changing volume from the unit often produces a delayed response. compared with the older unit, candle flux 864 offers no meaningful relief from those daily annoyances. after several weeks, the pattern remained frustrating rather than occasional. moving the device a short distance from the desk caused a drop that did not happen with the older speaker. battery warnings also appeared late, leaving no useful warning before a session stopped. the twelve-month warranty is stated in the paperwork, but support responses focused on repeating the pairing steps instead of addressing the repeated failures. candle flux 864 can produce sound, but the unstable connection and weak output make it a poor choice for concentrated work.",False
CORD000130,CUS00478,2019-11-15,Thompson,"[{""product"":""Vela Core 957"",""quantity"":1},{""product"":""Candle Orbit 548"",""quantity"":3},{""product"":""Vela Halo 281"",""quantity"":2},{""product"":""Candle Edge 392"",""quantity"":1}]",2476.91,11.2,-37.767427,144.940099,0,2488.11,Spring,False,5.0683,"candle bloom 604 has made my commute more enjoyable, especially for podcasts and spoken programs. voices stay distinct during bus rides, and the fit remains secure while walking between stops. music has enough presence for everyday listening, although the controls are a little small when wearing gloves. that limitation is manageable. overall, the headphones have been dependable and pleasant across my regular journeys.",True
CORD000131,CUS00385,2019-11-15,Bakers,"[{""product"":""Vela Core 957"",""quantity"":3},{""product"":""Vela Halo 281"",""quantity"":2},{""product"":""Candle Vista 110"",""quantity"":1}]",3692.48,23.18,-37.754674,145.035595,0,3852.91,Spring,True,7.101,"candle arc 420 has handled my creative projects and media editing with encouraging consistency. i have used it for arranging images, trimming clips and keeping reference material open beside my work. the screen gives me enough room to see the timeline without constantly hiding other panels, and the keyboard is comfortable when i switch back to writing descriptions or planning notes. projects open promptly and ordinary edits remain responsive. exporting a larger piece makes the fan audible and the body warm, so i avoid placing it on soft furniture during longer sessions. that is expected for the workload and has not interrupted my progress. the lighter design is convenient when i take work to another room, though i pack it carefully. after seventeen days, candle arc 420 has proved versatile without feeling unnecessarily complicated. it supports both creative experimentation and routine writing, which makes it a useful all-round machine for my current projects.",True
CORD000132,CUS00347,2019-02-02,Bakers,"[{""product"":""Candle Flux 162"",""quantity"":1},{""product"":""Vela Nova 753"",""quantity"":1},{""product"":""Candle Edge 932"",""quantity"":1}]",6954.38,11.64,-37.838321,145.042262,15,5922.86,Winter,False,5.1945,"i have used vela pulse 451 for 36 days as my everyday phone, mainly for calls, messages, maps, and ordinary browsing. it feels more capable than the older phone it replaced, especially when i move between navigation and communication during a busy day. messages arrive promptly, calls have been clear in the places where i normally use them, and the screen is comfortable for reading directions without constantly zooming. the improvement is practical rather than flashy, which suits me well. i compared it with a smaller family phone while travelling around familiar areas. the other phone is easier to hold in one hand, but vela pulse 451 gives me a more comfortable view of maps and messages. navigation has remained steady during walks and car trips, and changing between applications has been smooth. i also tested it with casual photographs and a few everyday apps; the basic experience has been responsive and pleasant. the larger body can feel slightly awkward when i am carrying several things, yet the extra viewing space is valuable enough that i have accepted the trade-off. battery performance has been satisfactory for a normal day of communication and navigation, though extended map use means i carry a charger on longer outings. the phone connected to my existing accessories without a complicated process, and the controls became familiar quickly. i appreciate that family members can reach me consistently and that i can check directions without relying on another device. vela pulse 451 is not intended to replace a specialist camera or a high-end gaming device, but it handles daily communication and navigation with confidence. compared with my previous phone, it feels more balanced, responsive, and dependable, and i am happy to keep using it.",True
CORD000133,CUS00265,2019-12-21,Bakers,"[{""product"":""Vela Halo 281"",""quantity"":2},{""product"":""Vela Core 957"",""quantity"":1}]",1332.95,11.52,-37.804671,145.052034,0,1344.47,Summer,False,5.0252,"candle flux 990 has handled travel documents, presentations, and meeting notes without slowing me down. it is manageable to carry, starts promptly, and the keyboard feels comfortable when i write on the move. the screen has remained easy to follow in different offices. the trackpad was a little sensitive until i changed its setting. overall, it has been a capable, pleasant laptop for regular travel-based work.",False
CORD000134,CUS00473,2019-07-19,Nickolson,"[{""product"":""Vela Halo 281"",""quantity"":1},{""product"":""Candle Orbit 548"",""quantity"":1},{""product"":""Candle Orbit 674"",""quantity"":3},{""product"":""Vela Nova 753"",""quantity"":1}]",6162.6,15.76,-37.874437,145.000588,5,5870.23,Winter,False,6.7811,"i placed vela core 975 indoors to keep track of temperature and humidity in the rooms we use most. the readings are easy to view, and checking changes from the app has become part of my routine. the app sometimes takes a moment to refresh, and the historical information is less convenient to review than current readings. the device itself has been unobtrusive and consistent enough for household awareness. it is useful for monitoring, though the software feels unfinished.",True
CORD000135,CUS00161,2019-04-10,Thompson,"[{""product"":""Candle Shift 916"",""quantity"":1},{""product"":""Candle Edge 392"",""quantity"":2},{""product"":""Candle Orbit 548"",""quantity"":1}]",2866.34,14.47,-37.744568,144.880354,5,2737.49,Autumn,False,9.5775,"candle vista 650 suits the way i divide my work between documents, video meetings, and different rooms around the house. my previous laptop was acceptable at a fixed desk but became frustrating when i carried it around, mainly because it felt cumbersome and took time to recover when several work windows were open. the vista feels easier to live with. documents open promptly, moving between notes and a meeting screen is uncomplicated, and i can continue writing without waiting after a call ends. the keyboard has enough travel for regular typing, and the screen is comfortable for reading messages and reviewing shared material. during meetings, the camera and microphone have been clear enough for ordinary conversations, so i have not needed to repeat myself as often as i did with the older machine. i usually work with headphones when the room is busy, since the built-in sound is merely adequate. the casing also picks up a few marks from travel, but that is cosmetic and has not affected daily use. i compared candle vista 650 with a heavier office laptop that belongs to a family member. the older computer has a larger working area, yet it is inconvenient to move and feels slower when i keep documents, browser pages, and meeting software open together. the vista offers a better balance for portable document work. it is not intended to replace a desktop for unusually demanding tasks, but it gives me a dependable, manageable setup for the work i actually do. the longer warranty is another reassuring part of the purchase.",True
CORD000136,CUS00190,2019-11-12,Thompson,"[{""product"":""Candle Edge 932"",""quantity"":2},{""product"":""Vela Core 957"",""quantity"":2},{""product"":""Candle Vista 110"",""quantity"":1},{""product"":""Candle Shift 916"",""quantity"":1}]",7199.26,13.93,-37.742414,144.900828,5,6853.23,Spring,False,8.8063,"vela wave 211 has been a clear improvement over my previous phone for casual photography and messaging. i take pictures during walks, family gatherings, and ordinary errands rather than setting up carefully, so i value a camera that responds quickly and gives me an image worth keeping. the phone has made that process less frustrating, and i can move from taking a picture to sending it without waiting around. the older handset was slimmer and easier to grip, while vela wave 211 feels a little broader in the hand. in exchange, the screen gives me a better view of photos and conversations, and the camera is more dependable when the light changes. daylight results are the strongest, but indoor snapshots have also been suitable for sharing. i do not expect perfect detail in every difficult scene, although the overall results compare favourably with what i had before. messaging has been straightforward during the ownership period. conversations open promptly, typing feels responsive, and sending a picture does not interrupt the rest of the phone for long. i have adjusted the notification settings so that frequent group messages do not dominate the day. battery coverage has been sufficient for my normal use, though taking many photos and using the screen heavily means charging earlier than on a quiet day. vela wave 211 is not the smallest phone and serious photography still belongs to dedicated equipment, but it is a capable everyday option. compared with my old device, it makes spontaneous photos and quick sharing more enjoyable. the broader shape is a minor compromise for the clearer screen and more responsive camera experience.",True
CORD000137,CUS00291,2019-06-14,Nickolsen,"[{""product"":""Candle Shift 916"",""quantity"":1},{""product"":""Candle Orbit 548"",""quantity"":1},{""product"":""Candle Orbit 674"",""quantity"":2},{""product"":""Candle Flux 162"",""quantity"":2}]",4883.54,19.6,-37.876871,144.955693,10,4414.79,Winter,False,6.5932,"the vela pulse 739 was meant to connect several devices through one compact adapter, but it has caused repeated problems at my desk. the adapter is small, yet its ports are positioned so closely that wider cables block neighbouring sockets. devices are detected inconsistently, especially after the computer wakes from sleep, and reconnecting often requires unplugging everything. during heavier use, one connected device has disappeared without warning. the casing also becomes noticeably warm, which makes me hesitant to leave it attached for long periods. it can pass a connection through a single port, but that basic operation is not enough for a multi-device setup. the cramped layout and unreliable detection are frustrating. i regret buying the vela pulse 739.",False
CORD000138,CUS00293,2019-04-13,Thompson,"[{""product"":""Candle Flux 162"",""quantity"":1},{""product"":""Candle Shift 916"",""quantity"":3},{""product"":""Candle Orbit 548"",""quantity"":1}]",6892.67,11.55,-37.786755,144.889302,10,6214.95,Autumn,False,5.8366,"after 29 days with the vela wave 121, it has settled into my work routine nicely. calls stay intelligible while i move between rooms, and the calendar view is quick to check before a meeting. i also value being able to switch from a call to an appointment without the phone feeling confusing. the finish has picked up a small mark, but the handset still feels solid and dependable for everyday office use. it is a sensible phone for someone who mainly needs communication and scheduling.",True
CORD000139,CUS00210,2019-01-19,Nickolson,"[{""product"":""Vela Nova 753"",""quantity"":1},{""product"":""Candle Flux 162"",""quantity"":1},{""product"":""Candle Edge 392"",""quantity"":1},{""product"":""Candle Vista 110"",""quantity"":1},{""product"":""Vela Halo 137"",""quantity"":1}]",8416.13,12.5,-37.874652,144.98746,15,7166.21,Summer,False,6.4285,"candle lumen 616 has been used in our shared room for casual games over the past two years. it was easy to fit into the existing setup, and the controls became familiar after a couple of evenings. the system starts promptly, handles the games we play most often without fuss, and makes it straightforward for different family members to take turns. i particularly like that a short session does not require a long preparation routine, so it gets used on ordinary weeknights as well as weekends. the response feels consistent, and we have not had repeated crashes or unexplained interruptions. storage for accessories around the unit is limited, and the included control is less comfortable during a very long session than a larger gamepad. those points are noticeable but not serious for our use. candle lumen 616 has brought easy, relaxed entertainment to a shared space and has held up well through regular casual play.",True
CORD000140,CUS00398,2019-11-07,Bakers,"[{""product"":""Candle Orbit 548"",""quantity"":1},{""product"":""Vela Core 957"",""quantity"":3},{""product"":""Candle Flux 162"",""quantity"":1},{""product"":""Candle Edge 932"",""quantity"":1}]",3621.25,21.71,-37.795117,144.997153,0,3642.96,Spring,True,1.6631,"i compared vela atlas 1043 with a plain display i had used for presentations and family photos. the older display was less ambitious, but it behaved predictably whenever a laptop or storage device was connected. vela atlas 1043 has a sharper-looking interface, yet the practical experience is much worse. presentation files take too long to appear, and the display occasionally returns to its home screen while i am moving between slides. that interruption is embarrassing and makes the device unsuitable for work in front of other people. the problem is not limited to one type of file. during several family viewing sessions, photographs loaded in an uneven order and some thumbnails remained blank until i reopened the folder. compared with the straightforward photo viewer on the older display, this process feels needlessly complicated. the controls respond after a delay, so a second press can register as another command and send the screen somewhere unexpected. i began using the remote slowly and checking every selection, which defeats the purpose of a shared display. i tested the unit with different presentation sources and found no dependable pattern. one session proceeded for a while, then the screen froze during a transition. another required unplugging the display before it would accept the input again. the basic panel still produces an image, but that limited success does not compensate for the unreliable switching and awkward navigation. vela atlas 1043 also takes longer to become ready than the simpler equipment it replaced. the warranty may help if the faults are treated as a defect, but the ownership period has already involved too many interruptions. a basic screen with a separate presentation source would be less frustrating and easier to control. for photo viewing, the slow loading and missing previews are equally disappointing. vela atlas 1043 looks more capable than my previous display, yet it performs worse where i actually need it. i regret the purchase and cannot recommend it for presentations or family use.",False
CORD000141,CUS00016,2019-04-24,Thompson,"[{""product"":""Candle Edge 392"",""quantity"":1},{""product"":""Vela Core 957"",""quantity"":1}]",647.22,9.71,-37.796738,144.913071,20,527.49,Autumn,False,3.4729,"candle arc 780 has handled our shared home-office administration without drama. i use it for documents, email, online forms, and occasional video meetings, while other family members borrow it for similar everyday tasks. it starts promptly, moves between ordinary applications smoothly, and remains comfortable to carry from the desk to the kitchen table. the keyboard has a sensible layout, and the screen is pleasant for reading longer documents. after months of shared use, the hinge and casing still feel firm. it is not intended for demanding creative work, and several open browser tabs can make it feel less responsive, so i would not choose it for heavy workloads. for administration and general home study, however, candle arc 780 has been reliable and uncomplicated. the consistent performance matters more to us than flashy features, and it has earned a permanent place in our household workspace.",True
CORD000142,CUS00453,2019-10-11,Nickolson,"[{""product"":""Candle Shift 916"",""quantity"":1},{""product"":""Candle Edge 392"",""quantity"":1},{""product"":""Vela Core 957"",""quantity"":2},{""product"":""Candle Vista 110"",""quantity"":1}]",4594.05,12.59,-37.879906,144.952797,0,4606.64,Spring,False,6.9744,"vela echo 853 has been used for shared films and television in our living room, where people often watch from different angles. the picture stays bright across the seating area, and dialogue is clear enough that nobody has needed to ask for frequent volume changes. starting a programme is quick, and the interface is simple enough for visitors and younger family members to navigate. we have also used it for short viewing sessions during the day, when the screen remains easy to see. the built-in sound is adequate rather than rich, so music and dramatic scenes would benefit from separate speakers. that limitation has not affected normal viewing. after regular use, vela echo 853 feels like a pleasant, low-effort addition to our evening routine.",True
CORD000143,CUS00455,2019-11-21,Bakers,"[{""product"":""Vela Core 957"",""quantity"":1},{""product"":""Candle Flux 162"",""quantity"":1},{""product"":""Vela Halo 137"",""quantity"":1},{""product"":""Vela Halo 281"",""quantity"":1}]",2622.39,10.23,-37.776436,144.9986,10,2370.38,Spring,False,3.7434,"i have used candle vista 200 for document work, video meetings, and preparation while moving between rooms and offices. the keyboard is comfortable for longer typing sessions, and the screen gives documents enough space without making the laptop cumbersome to carry. video meetings have been stable, with clear enough sound for normal conversations. i can keep several work windows open and switch between them without the system feeling sluggish. the hinge holds its position well when i use it on a small desk, and the casing has handled regular travel without creaking. battery life is suitable for my usual schedule, although heavier meeting days may call for a top-up. the webcam is adequate rather than exceptional, but it has not caused complaints from colleagues. candle vista 200 has become a dependable portable office for the routine tasks i need to complete.",True
CORD000144,CUS00063,2019-12-11,Nickolson,"[{""product"":""Candle Vista 110"",""quantity"":1},{""product"":""Candle Orbit 548"",""quantity"":1},{""product"":""Candle Flux 162"",""quantity"":1},{""product"":""Candle Edge 392"",""quantity"":1},{""product"":""Candle Lumen 220"",""quantity"":1}]",7038.09,12.05,-37.865993,144.996811,20,5642.52,Summer,False,5.7885,"the vela nova 645 has made my blind routine much more pleasant over the last nineteen days. i set it to open in the morning and close in the evening, and the movement now happens consistently without me remembering each step. the first setup took some patience while i positioned the control and checked the travel, but the instructions were clear enough to guide me through it. after that, changing the routine was quick, and i could make a temporary adjustment without losing the main schedule. what i like most is the quiet sense of order it brings to the room. the blind follows the planned sequence smoothly, and the manual control remains available when i want a different position. i have tested the routine on busy mornings and relaxed weekends, and it has continued to behave as expected. the vela nova 645 feels neatly made, the controls are responsive, and the echo family design blends into the window area. the app could offer more visual detail about the current position, but the essential automation is reliable and genuinely useful. it has become a home improvement i notice most when i am away from it.",True
CORD000145,CUS00175,2019-09-18,Thompson,"[{""product"":""Candle Vista 110"",""quantity"":1},{""product"":""Candle Orbit 548"",""quantity"":1},{""product"":""Candle Flux 162"",""quantity"":2}]",4193.24,12.02,-37.804599,144.877308,25,3156.95,Spring,False,6.194,"the vela spark 261 has replaced my previous phone for everyday messaging and casual photography. moving my accounts and contacts across was reasonably clear, and the phone felt familiar after a short adjustment. messages open quickly, calls are easy to manage, and the screen is comfortable for reading. its size works well for one-handed use, although typing with both hands is more relaxed when i am at a desk. the camera produces appealing results in daylight. i have taken indoor pictures, street scenes, and quick photos of documents, and most have been clear enough to share. in dim rooms the result becomes softer, and the camera sometimes takes a moment to settle before saving the image. that is not unusual for a phone in this range, but it means i have missed a couple of quick moments. the editing tools are simple and adequate for ordinary use. messaging has been the most dependable part of the experience. the keyboard responds well, and notifications arrive without much delay. battery life covers a normal day for me, though extended camera use or navigation drains it more quickly. the phone has remained stable with several apps open, but switching between them can occasionally feel less fluid than expected. the casing is easy to hold, though it attracts fingerprints. i see the vela spark 261 as a competent general phone with a camera that is strongest in good light. it does not have a serious weakness for my routine, but neither photography in darker places nor heavy multitasking feels exceptional. i am content with the change and expect to keep using it, while recognising that more demanding users may want a faster or more specialised device.",True
CORD000146,CUS00250,2019-10-09,Bakers,"[{""product"":""Candle Orbit 674"",""quantity"":1}]",324.06,8.29,-37.802813,145.003606,5,316.15,Spring,False,1.0859,"i have worn vela core 417 on walks and during my commute for a month. notifications appear promptly, the band is light, and the display remains readable outdoors. it has been useful for seeing messages without reaching for my phone. the strap feels less comfortable after a long afternoon, and i sometimes need to check the app before a notification appears. those limits matter, but the wearable has performed well for my everyday routine.",True
CORD000147,CUS00456,30/06/2019,Thompson,"[{""product"":""Candle Shift 916"",""quantity"":1},{""product"":""Candle Lumen 220"",""quantity"":1},{""product"":""Candle Orbit 548"",""quantity"":2}]",5900.3,14.65,-37.821939,144.885926,20,4734.89,Winter,False,5.4688,"i placed vela ridge 1085 near the main entry and used it to watch door and window activity. the alerts have been useful when i am working in another room, and the application records enough recent activity to help me understand what happened. installation was manageable, although positioning the sensor took a little trial and error before the messages arrived consistently. most openings are reported promptly, but there have been occasional delays that make the system feel less immediate than a security-focused product. the alert sound is noticeable without being overwhelming, and the battery compartment is easy to access. i appreciate the simple purpose and have kept it in daily use. its coverage and timing are satisfactory for awareness around the house, but i would still check a door directly when it matters.",True
CORD000148,CUS00371,2019-04-05,Bakers,"[{""product"":""Candle Orbit 674"",""quantity"":1},{""product"":""Candle Orbit 548"",""quantity"":1},{""product"":""Vela Core 957"",""quantity"":1},{""product"":""Vela Nova 753"",""quantity"":2}]",9658.82,11.22,-37.830835,145.050884,0,9670.04,Autumn,False,5.4097,"vela core 561 has handled family messages, casual apps, and everyday calls without trouble. apps open promptly, the display remains readable outdoors, and photos are more than adequate for quick family moments. the phone feels slightly tall in a small hand, but the weight is manageable. battery use has been consistent through a normal day. it is a capable, uncomplicated phone that has fitted my routine well.",True
CORD000149,CUS00228,2019-10-25,Bakers,"[{""product"":""Vela Core 957"",""quantity"":1}]",271.47,12.99,-37.762831,145.056503,5,270.89,Spring,False,7.5164,"vela atlas 323 has worked nicely for shared films and television at home. everyone can find the main controls quickly, streaming resumes smoothly, and the picture remains enjoyable from different seats. the built-in speakers lack depth for a dramatic film, but ordinary programs sound clear enough. after regular family use, the display has proved straightforward and dependable, with very little time spent solving small annoyances.",True
CORD000150,CUS00364,2019-01-12,Thompson,"[{""product"":""Vela Core 957"",""quantity"":1},{""product"":""Candle Orbit 548"",""quantity"":1},{""product"":""Candle Flux 162"",""quantity"":1},{""product"":""Vela Halo 281"",""quantity"":1}]",2118.57,19.77,-37.793793,144.962977,0,2138.34,Summer,True,2.522,"i bought the candle quest 696 for game streaming and media capture, and the first fortnight has been encouraging. getting it connected to my desk was uncomplicated, so i could spend more time playing and less time sorting out the setup. captured footage looked consistent during ordinary sessions, and the controls were easy to reach while i was concentrating on a game. i also appreciated being able to review clips without interrupting everything else running on the setup. longer sessions gave me a good sense of its practical strengths. the hardware stayed composed on my desk, and stream preparation became a repeatable part of my routine rather than a source of uncertainty. friends watching the broadcasts said the picture and sound were steady, which matches my own impression. the accompanying controls are not especially decorative, but they are clear and functional. candle quest 696 has made sharing gameplay more enjoyable and has given my media-capture setup a welcome sense of dependability.",True
CORD000151,CUS00260,2019-04-28,Bakers,"[{""product"":""Candle Lumen 220"",""quantity"":2},{""product"":""Candle Orbit 548"",""quantity"":1}]",7314.85,11.27,-37.763206,145.014766,15,6228.89,Autumn,False,5.4787,"vela core 669 has protected my mobile devices during travel for roughly two years, moving between work bags, overnight luggage and a crowded drawer at home. the outer material has kept its shape, while the interior padding prevents the screen and corners from rubbing against other items. i like the separate space for a cable because it stops the accessory from winding around the device. the closure has remained secure without being difficult to open, and the case has picked up only light marks despite frequent handling. it is not large enough for every charger or a bulky power pack, so i still pack those separately. the inside can also be a tight fit when the device has a thick cover attached. for a slim phone or tablet setup, however, vela core 669 has offered clean, reassuring protection and has made packing for short trips noticeably easier.",True
CORD000152,CUS00429,2019-02-09,Thompson,"[{""product"":""Candle Edge 392"",""quantity"":1},{""product"":""Candle Orbit 674"",""quantity"":1}]",699.81,12.4,-37.867786,144.930844,5,677.22,Summer,False,6.2917,"vela wave 967 fits neatly into my walking and commuting routine. during walks it records activity without requiring constant attention, and the notification display lets me see a message or reminder before reaching for my phone. i have found the alerts timely enough for everyday appointments and transport updates. the band is light and did not distract me during longer walks, although the small text can be difficult to read in bright sunlight. charging has been simple, and the wearable has continued working through ordinary movement and occasional rain exposure. i do not use every available feature, but the parts that matter to me have been consistent. vela wave 967 is a useful companion for staying aware while moving around.",True
CORD000153,CUS00045,2019-04-13,Thompson,"[{""product"":""Candle Flux 162"",""quantity"":1},{""product"":""Candle Orbit 674"",""quantity"":1},{""product"":""Vela Core 957"",""quantity"":1}]",1655.82,16,-37.769645,144.878542,0,1671.82,Autumn,False,7.691,"i wore vela wave 967 while walking and commuting, mainly for alerts, but notifications have been too unreliable. some messages arrive well after the phone displays them, and others never appear on the wearable. the vibration is weak enough to miss in a noisy street, while the small display makes longer messages awkward to read. step tracking also seems inconsistent, with totals changing after the device reconnects. the strap rubs against the wrist during longer walks and becomes irritating in warm weather. charging requires careful alignment and occasionally fails without an obvious sign. the device can show a short alert under favourable conditions, but the missed notifications, poor readability, and weak tracking make vela wave 967 a frustrating commute companion.",False
CORD000154,CUS00381,2019-01-16,Thompson,"[{""product"":""Candle Orbit 548"",""quantity"":1},{""product"":""Candle Lumen 220"",""quantity"":1},{""product"":""Candle Orbit 674"",""quantity"":1}]",4109.52,14.25,-37.790463,144.884011,20,3301.87,Summer,False,6.0658,"vela echo 691 was intended for family communication and casual apps, but routine use is frustrating. applications take too long to open, messages sometimes remain pending, and switching between tasks causes noticeable pauses. the screen is adequate for reading, although the touch response feels inconsistent near the edges. calls can be made, but that basic function does not excuse the poor software behaviour. this 5g smartphone feels unreliable and underpowered, so i regret buying it.",False
CORD000155,CUS00266,2019-11-13,Bakers,"[{""product"":""Vela Halo 281"",""quantity"":1},{""product"":""Candle Orbit 674"",""quantity"":2},{""product"":""Vela Core 957"",""quantity"":1}]",1450.33,13.05,-37.74422,144.971619,5,1390.86,Spring,False,7.6027,"the vela echo 349 has made my shared workspace less cluttered. i use it to keep a phone visible during calls, timers, and quick reference tasks, and it is more convenient than propping the phone against a mug or a stack of notebooks. compared with those improvised arrangements, the base feels planted and the viewing angle is easier to adjust. i can see the screen while sitting at the desk, then turn it slightly when someone beside me needs to look at it. i tried it with more than one phone case and did not have trouble seating the devices. the support holds the phone without making the buttons difficult to reach, and lifting the device out does not drag the stand across the desk. that matters in our shared room because i often need to move between typing and checking a message. after nearly four weeks, the hinge still feels controlled rather than loose. a colleague also borrowed it for a presentation, and the stand kept the phone visible without becoming a distraction. the echo 349 is not designed to replace a full desk mount. it has a compact range of adjustment, so a very low or unusually angled setup may need a book underneath. the surface can also collect dust around the support, which is a minor maintenance issue. those points are easy to accept because the accessory is small, stable, and simple to reposition. compared with my previous makeshift holder, the vela echo 349 looks tidier and works more predictably. it is a modest purchase, but it has earned a permanent place at my desk.",True
CORD000156,CUS00491,2019-05-05,Thompson,"[{""product"":""Candle Orbit 674"",""quantity"":1},{""product"":""Candle Orbit 548"",""quantity"":1},{""product"":""Candle Edge 392"",""quantity"":1},{""product"":""Candle Flux 162"",""quantity"":2}]",3076.46,13.24,-37.758527,144.887193,0,3089.7,Autumn,False,7.996,"candle vista 974 has become part of my study setup for online classes and video calls. voices come through clearly enough that i can follow discussions without repeatedly asking people to speak again, and the audio remains consistent during longer sessions. i have also used it for informal calls with family, where the conversation feels natural rather than distant. pairing it with my devices was uncomplicated, and reconnecting later has generally been quick. the controls are easy to reach while i am taking notes, which saves me from interrupting a meeting. i needed a little time to find the most comfortable position for extended use, but after that adjustment it has been pleasant to wear. music is not its main purpose for me, yet ordinary background listening is perfectly acceptable. candle vista 974 has handled my daily calls and classes with dependable results, and it has removed a recurring source of distraction from remote study.",True
CORD000157,CUS00247,2019-12-25,Thompson,"[{""product"":""Candle Orbit 548"",""quantity"":1},{""product"":""Vela Halo 281"",""quantity"":2},{""product"":""Candle Edge 392"",""quantity"":1},{""product"":""Vela Core 957"",""quantity"":1},{""product"":""Candle Orbit 674"",""quantity"":2}]",2612.89,22.66,-37.772503,144.890921,10,2374.26,Summer,True,6.6553,"vela core 1083 became the centre of our living room more quickly than i expected. i bought it for relaxed gaming rather than a serious competitive setup, and after several weeks it has delivered exactly the sort of shared entertainment i wanted. the picture is bright and inviting, menus are simple to understand, and everyone in the room can follow what is happening without leaning forward. it has been especially enjoyable when friends visit because starting a game does not turn into a long technical exercise. setting it up was a pleasant surprise. the instructions were clear enough, the connections were easy to reach, and the display was ready for ordinary use without endless adjustments. i have played a mixture of slower puzzle games, cooperative adventures, and racing sessions. movement looks smooth during normal play, and the sound is perfectly adequate for a living room, although i sometimes lower it when someone else is reading nearby. the controls and menus respond well, so changing input or adjusting the volume does not break the rhythm of an evening. over time i have also appreciated how well it fits into our routine. it wakes quickly, does not dominate the room when switched off, and has remained stable through repeated use. there was one evening when i needed to reconnect a cable after moving the furniture, but that was a minor inconvenience rather than a product problem. i would choose a more specialised display for demanding gaming or colour-critical work, yet that is not what this purchase was for. vela core 1083 is a cheerful, capable choice for casual living-room gaming, and it has earned a permanent place in our home.",True
CORD000158,CUS00106,2019-11-10,Bakers,"[{""product"":""Candle Lumen 220"",""quantity"":1},{""product"":""Candle Vista 110"",""quantity"":1},{""product"":""Candle Edge 392"",""quantity"":1}]",5721.73,9.96,-37.782916,144.977965,20,4587.34,Spring,False,3.3718,"vela atlas 629 has made a small but persistent desk problem much easier to manage. before using it, my charging cables collected beside the power outlet, slipped behind the desk, and became tangled whenever i needed one. i compared this organiser with a simple loose tray and found that vela atlas 629 keeps each cable in a more predictable position. it takes only a moment to place a cable back, which means the desk stays orderly even on busy mornings. i have used it for the cables connected to my phone, tablet, and headphones, changing the arrangement as devices move around the room. the openings hold the cables without making them difficult to remove, and the organiser has stayed in place during ordinary handling. the material feels sufficiently firm for daily use, while the shape does not take over the available workspace. a tray can hide several cables, but it still leaves them crossing over one another; this design makes individual leads easier to identify before i unplug anything. the capacity is limited if someone wants to store a large collection in one spot, and very thick cable ends need a little patience when being positioned. for my everyday set, those limitations are minor. vela atlas 629 is more convenient than leaving cables loose and more accessible than putting them in a drawer. it has improved the appearance of my desk and removed an irritating little task from my routine, so i am pleased with the purchase.",True
CORD000159,CUS00147,2019-04-03,Thompson,"[{""product"":""Candle Shift 916"",""quantity"":2},{""product"":""Candle Lumen 220"",""quantity"":2},{""product"":""Candle Edge 392"",""quantity"":1}]",11152.07,19.7,-37.795587,144.935013,10,10056.56,Autumn,True,2.1752,"candle lumen 994 has been a pleasant choice for listening at home. the wireless link stayed intact as i moved between rooms, and the fit remained comfortable through long evening sessions. voices sound natural and music has a balanced character that suits relaxed listening. the charging port is not easy to see in dim light, but i quickly learned its position. for everyday use, it has been reliable and enjoyable.",True
CORD000160,CUS00001,2019-07-26,Thompson,"[{""product"":""Candle Flux 162"",""quantity"":3},{""product"":""Candle Orbit 548"",""quantity"":1},{""product"":""Vela Halo 137"",""quantity"":1}]",4196.83,24.99,-37.817768,144.945742,10,3787.64,Winter,False,0.5784,No review submitted,True
CORD000161,CUS00001,2019-10-19,Thompson,"[{""product"":""Candle Flux 162"",""quantity"":1},{""product"":""Candle Orbit 548"",""quantity"":3},{""product"":""Vela Core 957"",""quantity"":1},{""product"":""Candle Orbit 674"",""quantity"":1}]",2424.03,7.92,-37.817768,144.945742,10,2189.55,Spring,False,0.5784,No review submitted,True
CORD000162,CUS00203,2019-06-05,Nickolson,"[{""product"":""Candle Edge 392"",""quantity"":1},{""product"":""Candle Lumen 220"",""quantity"":2},{""product"":""Candle Orbit 548"",""quantity"":1},{""product"":""Candle Orbit 674"",""quantity"":1},{""product"":""Candle Flux 162"",""quantity"":1}]",9074.95,13.38,-37.854223,144.972795,20,7273.34,Winter,False,3.9719,"vela pulse 1099 has been used in a shared workspace to hold a phone during calls, reference reading, and short recordings. the adjustable support makes it possible to raise the screen and keep both hands free, which is useful when several people need to see the same information. the base stays in place on my desk, and adjusting the angle is quick once the preferred position is found. it has also made charging while viewing the screen less awkward. the stand is not equally accommodating with every case or device shape. a thicker case reduces the range of adjustment, and the hinge needs to be tightened carefully if the screen is touched often. at its highest position the setup feels less secure, especially when the desk is bumped. it takes more space than a simple flat holder, which matters in a crowded shared area. vela pulse 1099 is a useful hands-free support for a settled desk arrangement. it improves viewing and call posture in the right position, but the limited adjustment under load and larger footprint make it less universal than it first appears.",True
CORD000163,CUS00125,2019-12-28,Nickolson,"[{""product"":""Vela Core 957"",""quantity"":1},{""product"":""Candle Shift 916"",""quantity"":1},{""product"":""Vela Nova 753"",""quantity"":1},{""product"":""Candle Orbit 674"",""quantity"":1},{""product"":""Candle Edge 392"",""quantity"":1}]",7233.66,8.72,-37.826647,144.975383,15,6157.33,Summer,False,1.0315,"the candle orbit 566 suits casual gaming in our shared room because it does not require a large dedicated setup. i can connect it to the existing screen, start a short game, and put everything away when someone else needs the space. controls are responsive for the games we play, and the menus are easy for different family members to understand. multiplayer sessions have remained enjoyable without complicated preparation. the device becomes warm during longer use, and the supplied controls feel less comfortable after several hours, so we tend to play in shorter periods. that limitation fits our casual habits. the candle orbit 566 has added an accessible entertainment option to the room and has been simple enough for everyone here to use.",True
CORD000164,CUS00208,2019-02-05,Thompson,"[{""product"":""Candle Orbit 548"",""quantity"":1},{""product"":""Candle Shift 916"",""quantity"":1}]",2114.84,13.01,-37.874118,144.922729,15,1810.62,Summer,False,7.1589,"vela core 831 has handled travel planning, maps, messages and media without trouble. apps open promptly, the screen is comfortable for route checking, and photos look lively in ordinary daylight. i appreciate having one dependable device while moving between places. it becomes warm during extended video use, but that has not outweighed its practical performance.",True
CORD000165,CUS00341,2019-02-25,Thompson,"[{""product"":""Candle Vista 110"",""quantity"":1},{""product"":""Candle Flux 162"",""quantity"":1}]",2876.88,13.25,-37.877161,144.921831,5,2746.29,Summer,False,7.5054,"candle vista 812 is a convenient tablet for watching media and joining video calls around the home. the screen is comfortable for casual viewing, and the camera and microphone have made family conversations uncomplicated. i like being able to pick it up without carrying a heavy device. the battery needs attention during especially busy days, but normal use has been pleasant and dependable.",True
CORD000166,CUS00205,2019-09-18,Bakers,"[{""product"":""Candle Edge 392"",""quantity"":1},{""product"":""Candle Orbit 674"",""quantity"":1}]",699.81,12.88,-37.860653,145.049383,5,677.7,Spring,False,9.8718,"before using candle flux 1098, the connection in our back room was noticeably weaker than in the main living area. after placing it between the rooms, coverage became much more consistent for browsing, calls and ordinary streaming. setup was clear enough that i did not need specialist knowledge, and the indicator made it easier to find a sensible position. several household devices now remain connected while people move around, with fewer pauses than we had before. the unit has also remained stable over weeks of use rather than requiring frequent restarts. its shape is not especially discreet on a shelf, and the first placement took some experimenting, but those are small concerns. candle flux 1098 has improved the practical reach of our home network and has been a dependable solution for the troublesome area.",True
CORD000167,CUS00015,2019-10-06,Bakers,"[{""product"":""Candle Edge 932"",""quantity"":1},{""product"":""Vela Halo 281"",""quantity"":1}]",2021.22,9.83,-37.8102,145.031526,15,1727.87,Spring,False,3.1885,"vela spark 531 has been particularly useful for travel planning and media use. i can check routes, compare information, and keep travel messages nearby without the phone feeling slow or difficult to manage. the screen is comfortable for maps and viewing, while the battery has lasted through ordinary days of navigation and some video watching. switching between directions and other apps is straightforward, which helps when plans change unexpectedly. the body is easy to carry, although its smooth surface makes a case worthwhile. the built-in sound is perfectly adequate for short clips, but i prefer headphones for longer viewing. after several trips and everyday use, vela spark 531 has proved a capable travel companion. it keeps planning, communication, and entertainment in one accessible device.",True
CORD000168,CUS00385,2019-03-21,Bakers,"[{""product"":""Vela Halo 281"",""quantity"":1},{""product"":""Candle Vista 110"",""quantity"":1},{""product"":""Candle Flux 162"",""quantity"":1},{""product"":""Candle Edge 392"",""quantity"":1},{""product"":""Candle Lumen 220"",""quantity"":3}]",14371.54,12.54,-37.754674,145.035595,5,13665.5,Autumn,False,7.101,"candle arc 420 has handled my creative projects and media editing with encouraging consistency. i have used it for arranging images, trimming clips and keeping reference material open beside my work. the screen gives me enough room to see the timeline without constantly hiding other panels, and the keyboard is comfortable when i switch back to writing descriptions or planning notes. projects open promptly and ordinary edits remain responsive. exporting a larger piece makes the fan audible and the body warm, so i avoid placing it on soft furniture during longer sessions. that is expected for the workload and has not interrupted my progress. the lighter design is convenient when i take work to another room, though i pack it carefully. after seventeen days, candle arc 420 has proved versatile without feeling unnecessarily complicated. it supports both creative experimentation and routine writing, which makes it a useful all-round machine for my current projects.",True
CORD000169,CUS00082,2019-03-03,Bakers,"[{""product"":""Candle Orbit 548"",""quantity"":1},{""product"":""Vela Halo 281"",""quantity"":1},{""product"":""Candle Lumen 220"",""quantity"":2}]",7845.59,24.66,-37.879184,145.037298,5,7477.97,Autumn,True,8.5341,"vela nova 879 has reduced the loose charging cables around my desk. the channels hold the cables in place and make it easier to find the one i need without pulling everything apart. the organiser is small enough to fit beside my monitor, although its material feels lighter than the photographs suggested. it does not solve every cable mess, especially with thicker leads. still, it provides a straightforward improvement for routine organisation.",True
CORD000170,CUS00495,2019-05-02,Bakers,"[{""product"":""Candle Orbit 674"",""quantity"":1},{""product"":""Vela Core 957"",""quantity"":2},{""product"":""Candle Shift 916"",""quantity"":2},{""product"":""Candle Edge 392"",""quantity"":1}]",4960.29,13.49,-37.740229,145.029426,0,4973.78,Autumn,False,8.3195,"candle bloom 1036 has become my regular choice for gaming away from home. it is compact enough to fit into a travel bag without taking over the available space, yet it feels substantial when held. setup was quick, and i could start playing after connecting it in a few different places. the controls responded cleanly during casual games, with no distracting delay in the sessions i played. i particularly appreciate how manageable it is on a small table or in a shared room. i can use it for a short break without needing a large arrangement of equipment, and packing it away is just as simple. the display remains comfortable for ordinary play, though some smaller interface details can feel cramped when viewed from farther away. that is a minor limitation for a portable device rather than a serious obstacle. after continued use, candle bloom 1036 has held up well and has made travel gaming much less awkward. it offers an enjoyable balance of convenience and capability, and it has earned a permanent place in my travel kit.",True
CORD000171,CUS00093,2019-02-03,Bakers,"[{""product"":""Vela Halo 281"",""quantity"":3},{""product"":""Candle Shift 916"",""quantity"":1},{""product"":""Candle Edge 392"",""quantity"":1},{""product"":""Candle Vista 110"",""quantity"":1},{""product"":""Vela Core 957"",""quantity"":1}]",5914.8,11.24,-37.798378,145.045889,15,5038.82,Summer,False,4.6342,"the vela echo 313 has become part of my evening routine for radio, podcasts, and spoken programs. compared with the small speaker i used previously, it is easier to control from across the room and the display makes the current activity less mysterious. voices are clear at ordinary volume, and the unit fits neatly on a shelf without taking over the room. it has also been convenient when i want background audio while cooking, since i do not need to handle my phone constantly. music exposes the difference between this and the older speaker. the vela echo 313 produces enough sound for casual listening, but the lower range feels restrained and busy tracks can sound flat. commands are usually understood, though a request made from another room may need repeating, particularly when there is running water or conversation nearby. the display is useful for basic information, but it is not something i would use for extended visual content. moving between different spoken sources can also be less direct than using a phone app. for podcasts and radio, i prefer the vela echo 313 because the controls are convenient and speech remains intelligible. for music, the older speaker still has the more satisfying presentation, even though it offers less hands-free control. this is a practical shared-room device with a clear strength in spoken content, but it should not be judged as a replacement for a dedicated music speaker.",True
CORD000172,CUS00419,2019-01-31,Thompson,"[{""product"":""Vela Core 957"",""quantity"":2},{""product"":""Vela Halo 137"",""quantity"":1},{""product"":""Vela Nova 753"",""quantity"":1},{""product"":""Candle Orbit 674"",""quantity"":1}]",6030.5,11.96,-37.85578,144.912948,0,6042.46,Summer,False,5.6528,"candle shift 808 has improved wireless coverage around my home office. the signal reaches the back room more consistently, and calls remain stable while i move between rooms with a laptop. streaming in the evening has also been uneventful. the initial placement took two attempts because the first spot left a weak corner, but the indicators helped me find a better position. since then, the connection has stayed dependable and the unit has required little attention.",True
CORD000173,CUS00124,2019-08-07,Thompson,"[{""product"":""Candle Flux 162"",""quantity"":1},{""product"":""Vela Core 957"",""quantity"":2},{""product"":""Candle Lumen 220"",""quantity"":1},{""product"":""Candle Edge 392"",""quantity"":1}]",5508.37,14.51,-37.78868,144.89484,10,4972.04,Winter,False,5.308,"the vela wave 571 became my work phone after my previous handset started making calendar changes awkward. i mainly needed dependable calls, quick access to appointments, and enough room to move between messages and meeting notes. the first setup took a little patience while my accounts and contacts transferred, but the process was orderly and i was able to start using the phone the same afternoon. calls have been the strongest part of the experience. voices come through clearly in my home office, and the connection has held during longer conversations while i walk between rooms. i have also joined several work calls from different parts of the house without having to repeat myself. the speaker is useful for short meetings, although i prefer headphones when several people are speaking because the small built-in speaker cannot make every voice equally distinct. the calendar is easy to check at a glance. i can move from an appointment reminder to an email or note without the phone feeling sluggish, and reminders have appeared when expected. the screen is comfortable for reading ordinary messages, while the keyboard feels accurate once i got used to its spacing. battery life has covered my usual day of calls, calendar checks, and moderate browsing, though a busy day with repeated video use leaves less reserve by evening. i have carried the vela wave 571 on commutes, used it beside a laptop, and relied on it during a week of unusually full meetings. it has remained responsive and has not introduced any surprises. the camera and entertainment features were not my reason for buying it, so i have not judged it on those points. for work calls and calendar management, it has made my routine smoother and earned a secure place in my daily bag.",True
CORD000174,CUS00219,2019-01-27,Bakers,"[{""product"":""Candle Shift 916"",""quantity"":1},{""product"":""Candle Lumen 220"",""quantity"":1},{""product"":""Candle Orbit 674"",""quantity"":1}]",5712.22,12.88,-37.7797,145.064699,5,5439.49,Summer,False,6.9718,"vela pulse 685 has provided helpful alerts when doors or windows are used. after a little positioning work, the notifications matched the activity i wanted to notice and arrived without excessive fuss. the unit itself stays unobtrusive in the room. it is not a substitute for checking the house directly, but it adds useful awareness and has remained dependable throughout my regular ownership.",True
CORD000175,CUS00129,2019-12-30,Thompson,"[{""product"":""Candle Flux 162"",""quantity"":1},{""product"":""Vela Halo 281"",""quantity"":1}]",1591.03,13.63,-37.766093,144.949569,15,1366.01,Summer,False,5.1841,"vela echo 745 moves blinds when controlled manually, but scheduled routines fail too often. the morning routine may start late, the curtain can stop halfway, and the app gives no useful warning. i changed the schedule and restarted the system, but the improvement lasted only briefly. manual control works, although relying on it defeats the automation. after several weeks, the unpredictable behaviour is frustrating and i cannot trust this device with regular blind routines.",False
CORD000176,CUS00088,2019-05-08,Bakers,"[{""product"":""Candle Vista 110"",""quantity"":1},{""product"":""Candle Lumen 220"",""quantity"":1},{""product"":""Candle Edge 392"",""quantity"":2},{""product"":""Candle Orbit 548"",""quantity"":1}]",6353.55,12.88,-37.754348,145.044165,5,6048.75,Autumn,False,7.5354,"vela echo 457 has fitted naturally into my daily routine. it records walks and general activity without demanding much attention, while the sleep view gives me a helpful picture of my overnight patterns. the band remains comfortable for long periods and the companion display is easy to read. i would not treat every sleep estimate as exact, but the trends have been consistent enough to be useful. after regular wear, i appreciate having a simple reminder to move and a convenient record of my habits.",True
CORD000177,CUS00289,2019-02-28,Thompson,"[{""product"":""Candle Edge 392"",""quantity"":2},{""product"":""Candle Orbit 548"",""quantity"":1}]",1007.57,9.79,-37.789782,144.944725,5,966.98,Summer,False,2.5537,"candle edge 374 has performed well during video calls and online classes. voices are easy to follow, and people on the other end have heard me clearly during ordinary conversations. pairing was quick, and the connection remained steady across several sessions. the fit becomes slightly noticeable after a long lesson, although it never became distracting. it is a convenient and pleasant audio choice for regular meetings, coursework, and casual calls.",True
CORD000178,CUS00375,2019-01-07,Thompson,"[{""product"":""Vela Core 957"",""quantity"":1},{""product"":""Candle Lumen 220"",""quantity"":1},{""product"":""Candle Orbit 548"",""quantity"":3}]",4569.07,10.96,-37.792883,144.905909,15,3894.67,Summer,False,4.2331,"candle shift 484 has replaced a small wireless speaker that always sounded thin once more than one person was in the room. the comparison was immediate during ordinary music playback: this speaker fills a shared room more evenly, and voices in spoken content remain easier to follow when i am working several steps away. i use it at a desk during the day and move it to the kitchen when friends are over. the sound does not become unpleasant when the volume rises, which was a recurring problem with my older speaker. pairing has also been less troublesome. the first connection was straightforward, and later sessions resumed without the repeated searching and resetting i had come to expect. different people in the household have been able to use it without needing a long explanation. the controls are clear enough for changing volume or pausing a track, while phone controls remain available when i want to browse a larger library. that division feels more natural than the awkward button layout on the device it replaced. candle shift 484 is not a large stereo system, so it cannot create the same depth as separate speakers placed around a room. its appearance is also plain, which may disappoint someone looking for a decorative centrepiece. those are fair limitations, but they are not weaknesses in my use case. after regular shared-room playback, the connection has remained dependable and the casing has handled being moved between rooms without concern. compared with my former speaker, candle shift 484 gives clearer, fuller listening with fewer interruptions and suits casual group use very well.",True
CORD000179,CUS00280,2019-01-21,Bakers,"[{""product"":""Candle Flux 162"",""quantity"":1},{""product"":""Vela Halo 281"",""quantity"":1}]",1591.03,13.15,-37.869159,145.032635,20,1285.97,Summer,False,7.353,"vela pulse 1063 has improved the way we listen to music and spoken content in the living room. compared with the small speaker we had before, it gives voices more presence and makes dialogue easier to follow when someone is cooking or moving around. music is balanced at ordinary volume, and the controls are simple enough for different people in the household to start, pause, or change what is playing. i have used it for podcasts, radio-style programmes, playlists, and occasional background sound while working. the connection has remained stable during regular sessions, and the unit remembers enough of its setup that i am not rebuilding the arrangement each time. its shape fits neatly on a shelf, with no awkward tangle of cables across the furniture. at higher volume, busy music can lose some separation, so dedicated audio equipment would still be better for careful listening. that limitation is easy to accept because vela pulse 1063 is aimed at shared everyday playback rather than a specialist listening room. it has also been more convenient than moving a phone around whenever somebody wants to hear a programme. the casing feels solid, and routine handling has not left it looking worn. i compared it with a basic portable speaker and preferred this model because the spoken word is less tiring to follow over a longer session. for a shared room, it delivers clear, pleasant playback with very little effort and has earned regular use in our home.",True
CORD000180,CUS00157,2019-12-31,Thompson,"[{""product"":""Vela Halo 281"",""quantity"":1},{""product"":""Vela Core 957"",""quantity"":1},{""product"":""Candle Orbit 674"",""quantity"":1},{""product"":""Candle Shift 916"",""quantity"":1}]",2985.04,13.4,-37.843996,144.908512,15,2550.68,Summer,False,4.8578,"vela spark 1089 was supposed to connect several devices through one compact adapter, but it has been disappointing in daily use. connecting more than one peripheral causes one of them to disappear, and the missing device returns only after unplugging the adapter. the cable is short and stiff, which puts awkward pressure on the ports when the laptop is moved. the casing becomes warm during ordinary use, while the indicator gives no useful warning before a connection fails. a single device may connect for a while, so the basic purpose is present, but it does not handle a shared setup reliably. repeated reconnection has made desk work frustrating. the weak construction and unreliable behaviour make vela spark 1089 a poor accessory.",False
CORD000181,CUS00279,2019-03-02,Thompson,"[{""product"":""Candle Orbit 548"",""quantity"":1},{""product"":""Vela Nova 753"",""quantity"":1},{""product"":""Vela Halo 281"",""quantity"":1}]",5190.42,11.94,-37.792709,144.959719,15,4423.8,Autumn,False,2.4826,"candle bloom 802 has been disappointing for reading and handwritten notes. page changes feel slow, and the writing response becomes uneven when several pages are marked up. my notes are sometimes misplaced after switching between documents, which makes study sessions frustrating. reading basic text is possible, but annotation is the reason i bought it and that part remains unreliable. the awkward workflow has made me avoid using it for serious work.",False
CORD000182,CUS00440,2019-06-18,Bakers,"[{""product"":""Vela Halo 281"",""quantity"":1},{""product"":""Candle Lumen 220"",""quantity"":1},{""product"":""Vela Halo 137"",""quantity"":2},{""product"":""Candle Shift 916"",""quantity"":1}]",7438.68,29.31,-37.873607,145.020947,20,5980.25,Winter,True,7.4249,"vela pulse 1009 has made my desk arrangement more adaptable than the simple stand i used before. the old stand held a phone in one fixed position, which was fine for occasional charging but awkward during video calls, reading, or following a recipe. vela pulse 1009 lets me alter the viewing angle and height, so i can position the device beside my monitor or bring it closer when i need to check something. that flexibility has reduced the small daily annoyances i had stopped noticing. the base remains steady when i tap the screen, and the adjustment points have stayed firm through repeated changes. i use it for calls, reference notes, and keeping a timer visible while working. it also folds my phone into a less intrusive space when i am not actively using it. compared with the previous stand, the useful difference is not a dramatic feature but the ability to change the position without lifting the whole accessory and searching for a new place on the desk. there is a little resistance when making larger adjustments, so one-handed repositioning is not always smooth. i see that as a minor trade-off for the stability. vela pulse 1009 has survived being moved between my desk and a side table without developing looseness or marks. it is a modest accessory, but it solves a specific positioning problem more completely than the cheaper fixed stand and has become part of my regular workspace.",True
CORD000183,CUS00485,2019-11-28,Thompson,"[{""product"":""Candle Edge 392"",""quantity"":1},{""product"":""Candle Lumen 220"",""quantity"":2}]",7434.53,9.87,-37.785156,144.934908,15,6329.22,Spring,False,3.241,"vela ridge 797 has made everyday routines easier to manage during my 29 days of ownership. the time is easy to read, reminders arrive when expected, and the compact shape does not get in the way while i am working. i appreciate that the controls are straightforward rather than overloaded. battery life has been sensible for my routine. the strap took a little adjustment, but the wearable has been genuinely useful.",True
CORD000184,CUS00270,2019-11-10,Bakers,"[{""product"":""Vela Core 957"",""quantity"":1},{""product"":""Candle Edge 392"",""quantity"":1},{""product"":""Candle Orbit 548"",""quantity"":1}]",903.29,21.68,37.829754,145.046943,5,879.81,Spring,True,5.0456,"candle orbit 674 has supported video calls and online classes with little setup. voices come through clearly in a quiet room, while background noise is more noticeable when several people are speaking nearby. the controls are easy to locate and the fit remains comfortable for a lesson. it is a dependable everyday option, although it does not isolate the room especially well.",True
CORD000185,CUS00168,2019-06-06,Bakers,"[{""product"":""Vela Core 957"",""quantity"":1},{""product"":""Candle Lumen 220"",""quantity"":1}]",3800.86,10.31,-37.812683,144.997538,5,3621.13,Winter,False,0.361,"candle edge 572 has been helpful during field visits where i need to complete forms and show information to clients. the screen remains readable in ordinary indoor settings, and the tablet is quick to wake when i need to record a response. handwritten notes and typed entries both feel natural, which lets me work in the way that suits the situation. i have carried it between appointments without worrying about the construction, and the battery has covered my usual working day. the display is harder to read in strong outdoor glare, and a protective case adds noticeable weight. those points are reasonable for a portable work device. candle edge 572 has made field administration more organised and has given client presentations a more direct, professional feel.",True
CORD000186,CUS00233,2019-03-03,Thompson,"[{""product"":""Candle Vista 110"",""quantity"":1},{""product"":""Candle Orbit 548"",""quantity"":1},{""product"":""Candle Edge 392"",""quantity"":1}]",2448.41,12.16,-37.786211,144.879558,0,2460.57,Autumn,False,6.6214,"vela ridge 959 replaced a fixed stand that forced my phone into one position beside the monitor. the old stand was acceptable for checking messages, but it became awkward when i needed to view a call, follow a recipe, or share a screen with someone sitting at a different angle. adjustable positioning has made the phone fit the task instead of making the task fit the stand. the mount is especially useful during desk work. i can raise the phone, turn it toward me, or move it aside without picking up the whole base. compared with my previous stand, vela ridge 959 gives me a better view during calls and leaves more room for papers and a keyboard. the adjustment points have remained firm during regular use, while still allowing deliberate repositioning when i change activities. i have used it with the phone in portrait and landscape positions, with a case fitted, and at different points on the desk. it has handled those variations without feeling precarious. the base occupies some space, so it is not ideal for a very small surface, and i would not treat it as a travel accessory. at a permanent work area, however, that footprint is a fair exchange for the range of positions. a basic stand is cheaper and takes up less room, but vela ridge 959 offers noticeably more control. it has improved calls, viewing, and quick reference tasks without adding much effort. after several weeks, i prefer its adjustable design to the rigid holder i used before and consider it a useful upgrade for my desk.",True
CORD000187,CUS00163,2019-06-14,Nickolson,"[{""product"":""Candle Orbit 548"",""quantity"":3},{""product"":""Candle Edge 392"",""quantity"":1},{""product"":""Vela Core 957"",""quantity"":1}]",1415.43,13.55,-37.854218,144.954528,0,1428.98,Winter,False,4.175,"vela pulse 181 has been particularly useful for organising travel and handling media while away from home. compared with my former phone, its larger, more comfortable view makes maps, reservations, and long messages easier to inspect. i have used it to compare routes, read travel information, listen to downloaded material, and take quick photographs, often within the same hour. switching between those activities feels smoother than it did on the older handset, which makes planning less tiring. the screen is bright enough for most indoor situations, and the shape gives me a secure grip when i am standing on a platform or walking with a bag. vela pulse 181 is not pocket-friendly in the way a very small phone would be, and one-handed typing can be awkward when i am moving. i accept that compromise because the larger display reduces squinting and makes a map much easier to follow. the speakers work well for casual media, though headphones remain preferable in public places. i also compared it with carrying a separate tablet. the phone cannot match a tablet for extended viewing, but it is much easier to keep available when plans change unexpectedly. during regular ownership it has remained responsive through navigation, browsing, and calls, and the battery has covered my normal travel day with sensible use. the 24-month warranty gives useful peace of mind. for travel planning and everyday media, vela pulse 181 offers a more versatile balance than my previous phone.",True
CORD000188,CUS00349,2019-02-08,Bakers,"[{""product"":""Candle Orbit 548"",""quantity"":2}]",512.14,12.8,-37.779295,145.019038,5,499.33,Summer,False,4.0037,"the vela ridge 1013 has been a frustrating smart display for music and spoken content. after six weeks in the living room, playback has stopped unexpectedly several times, usually after a device has been idle. spoken programs sometimes resume at the wrong point, and adjusting the volume through the display is slow and awkward. the speaker produces a thin sound with harsh high notes, while voices become difficult to follow when there is background noise. wireless pairing has also been unreliable; the display forgets a connected device and requires the same setup again. the touch surface records some presses late, which makes skipping a track or stopping playback unnecessarily difficult. vela support sent generic reset directions that did not resolve the interruptions. the device can produce sound from a basic request, but that limited function does not excuse the poor playback experience. i regret buying the vela ridge 1013.",True
CORD000189,CUS00327,2019-10-19,Thompson,"[{""product"":""Vela Core 957"",""quantity"":2},{""product"":""Vela Halo 281"",""quantity"":1},{""product"":""Candle Vista 110"",""quantity"":1}]",2890.27,16.36,-37.877682,144.891781,15,2473.09,Spring,False,8.7076,"i bought candle vista 974 for video calls and online classes, expecting a practical replacement for an older wireless headset. the comparison was disappointing almost immediately. pairing was awkward, and the connection sometimes dropped after the laptop had been idle. reconnecting meant opening settings again rather than simply continuing a call. my previous headset stayed connected through a full class, while this one produced brief silences that made me ask people to repeat themselves. voice pickup is the biggest problem. in a quiet room my voice reaches the other participants, but it sounds thin and distant. when a fan or another person is nearby, the microphone captures enough background noise to make speech difficult to follow. i tested it during several meetings and received repeated comments that my words were breaking up. the speakers are louder than those on my old headset, yet louder output does not solve the uneven sound. spoken explanations lose detail, and music used between classes has a harsh edge. the fit also compares poorly. after a long lecture, the headband presses against one area and the ear cushions become irritating. controls are small and awkward to find without looking, especially when i need to mute quickly. battery life has been inconsistent, with one session ending sooner than expected and leaving me searching for a cable. candle provides a warranty, but the support instructions did not resolve the connection or microphone faults. the basic audio function operates, but the interruptions, weak microphone, and uncomfortable fit make candle vista 974 a frustrating choice for regular calls.",False
CORD000190,CUS00487,2019-06-24,Bakers,"[{""product"":""Candle Edge 932"",""quantity"":2},{""product"":""Candle Edge 392"",""quantity"":1},{""product"":""Vela Core 957"",""quantity"":1},{""product"":""Candle Flux 162"",""quantity"":1}]",4771.97,20.81,-37.747551,145.040624,0,4709.28,Winter,False,8.008,"i bought the vela nova 249 for a shared desk where i needed my phone held up during calls and reference work. compared with the plain weighted stand i had before, this accessory takes less room, but the trade-off is a flimsy, awkward feel. the support arm shifts when i tap the screen, and the base slides across a smooth desk unless i keep one hand on it. that makes the supposedly hands-free arrangement frustrating rather than practical. for the first week i tried several positions beside my keyboard and monitor. the hinge can be moved and the phone stays in the cradle, yet the range is narrow enough that small changes in viewing angle become a nuisance. a thicker case also makes the fit tight, so i had to remove it before placing the phone inside. compared with a wider stand, the vela nova 249 leaves less room for adjustment and feels poorly suited to a busy shared workspace. cables are another problem: the opening is cramped, and a charging lead bends against the side instead of hanging naturally. after repeated use, the plastic joints have become looser and the arm droops under ordinary handling. nothing here requires complicated setup, but that is about the only unremarkable aspect; the holder does retain the device when left untouched. in practice, people moving around the desk or brushing the surface can disturb the position, which defeats the purpose of buying it. the compact shape is less intrusive than a large stand, but the weak grip and awkward adjustments are more irritating than that saving is worth. i regret choosing it over a sturdier alternative and cannot recommend the vela nova 249.",False
CORD000191,CUS00278,2019-01-27,Bakers,"[{""product"":""Vela Nova 753"",""quantity"":2},{""product"":""Candle Edge 932"",""quantity"":2},{""product"":""Candle Vista 110"",""quantity"":1}]",13604.77,20.74,-37.777733,144.977447,10,12265.03,Summer,True,3.9131,"candle edge 428 was installed to improve the connection in the room where i work and watch media. compared with the previous network arrangement, video meetings now remain more consistent when another person is streaming elsewhere in the home. i notice fewer moments where a conversation freezes or the picture becomes difficult to follow. streaming has also become less interrupted during normal evening use, which is a meaningful improvement over the occasional buffering i had accepted before. i spent time comparing different positions because the placement made more difference than i expected. once it was settled, candle edge 428 handled calls, browsing, and media playback without needing regular attention. it did not remove every fluctuation during heavier household use, and the room farthest away is still not identical to the room where the equipment sits. those limits are understandable for a connected network intended to extend coverage, and they have not affected my main work area. the older setup required more awareness of which device was using the connection. with candle edge 428, i can join a meeting while someone else watches a program without planning around it. the result is not dramatic in every room, but it is clear in the spaces that previously caused trouble. for a home that combines remote meetings and streaming, this has been a worthwhile and practical improvement.",True
CORD000192,CUS00287,2019-05-26,Thompson,"[{""product"":""Candle Orbit 548"",""quantity"":2},{""product"":""Vela Halo 281"",""quantity"":1},{""product"":""Candle Edge 932"",""quantity"":3},{""product"":""Candle Edge 392"",""quantity"":1}]",5890.07,23.55,-37.749491,144.959811,0,5913.62,Autumn,True,7.1142,"the vela wave 1057 has been used throughout the day and overnight to track activity and sleep. step counts update regularly and give me a helpful sense of whether i have been moving enough, though the figures differ from another tracker on some walks. the sleep view identifies bedtime and waking reasonably well but sometimes records quiet reading as sleep. the band is light and did not interfere with ordinary tasks, although its clasp needs checking after changing clothes. notifications are visible but not the main reason i wear it, since longer messages are difficult to read on the small screen. charging is simple and the battery lasts several days with normal use. i would not rely on the measurements for detailed analysis, but the broad trends are useful. it provides a fair daily overview while remaining limited in precision and presentation.",True
CORD000193,CUS00432,2019-01-27,Thompson,"[{""product"":""Candle Orbit 674"",""quantity"":2},{""product"":""Vela Core 957"",""quantity"":1},{""product"":""Vela Halo 281"",""quantity"":1}]",1450.33,12.26,-37.775526,144.896132,5,1390.07,Summer,False,6.0905,"candle shift 304 has made my commute more enjoyable, especially when i want spoken content rather than a screen to look at. podcasts and recorded talks are easy to follow, and music has a balanced sound that works well in the background. the wireless connection has stayed consistent through the journey, and reconnecting when i start the day has been uncomplicated. the controls are easy to find while walking, so i can pause or adjust playback without stopping for long. i find the fit comfortable for a normal trip, although after a particularly long day i prefer some quiet time. that is a reasonable part of wearing any audio device. candle shift 304 has become a dependable travel companion, giving me clear listening and a simple routine from the moment i leave home.",True
CORD000194,CUS00458,2019-12-03,Nickolson,"[{""product"":""Candle Orbit 548"",""quantity"":1},{""product"":""Vela Core 957"",""quantity"":1}]",527.54,11.01,-37.829195,144.979082,5,512.17,Summer,False,1.4457,"the vela echo 403 was placed in a shared room for films and television, but family viewing quickly became frustrating. the display produces an image, yet streaming applications sometimes stalled while the rest of the household waited. resuming a programme could return to the wrong position, and the remote response was slow when several commands were entered close together. sound remained audible, but dialogue became difficult to follow during scenes with quieter voices, so the volume had to be adjusted repeatedly. the screen also showed distracting reflections during daytime viewing. i found the menus confusing when switching between family profiles, and occasional network drops required a full restart. these are not minor inconveniences when the device is meant for relaxed group use. after several weeks, the vela echo 403 felt unreliable and awkward rather than convenient. its poor streaming stability, weak interface, and inconsistent response made shared entertainment more difficult.",False
CORD000195,CUS00471,2019-07-07,Thompson,"[{""product"":""Vela Halo 137"",""quantity"":2},{""product"":""Candle Flux 162"",""quantity"":1},{""product"":""Candle Vista 110"",""quantity"":2},{""product"":""Vela Nova 753"",""quantity"":2}]",15020.47,18.69,-37.763725,144.936455,20,12035.07,Winter,False,5.5221,"vela nova 123 was bought for family media streaming, but shared use quickly exposed several disappointing problems. streams paused without warning even when other devices in the home were not active, and the picture sometimes returned with the sound out of sync. the interface became sluggish after switching between services, leaving children waiting while menus loaded. remote commands were occasionally ignored, so turning the volume down required repeated presses. after the display lost its network connection, reconnecting was awkward and the device did not always remember the previous application. viewing from the side of the room also revealed uneven brightness that made the picture hard to follow. the screen does show content, but that narrow success is overshadowed by interruptions and poor control response. family viewing became a sequence of delays and complaints. vela nova 123 is unreliable for the purpose it was meant to serve.",False
CORD000196,CUS00351,2019-07-02,Thompson,"[{""product"":""Vela Core 957"",""quantity"":2},{""product"":""Candle Edge 392"",""quantity"":1}]",918.69,11.39,-37.800872,144.95822,15,792.28,Summer,False,1.6376,"after several weeks with the candle orbit 962, i find it more versatile than the older tablet i used for travel. its screen gives videos enough space to enjoy, while the weight remains manageable in a small bag. i mainly use it for streaming, joining video calls, checking messages, and reading documents, and it handles those changes of activity without fuss. compared with my previous device, switching between a call and a browser page feels quicker, and the display is easier to follow when i am sitting away from a desk. the camera and microphones are suitable for ordinary video conversations. my voice comes through clearly in a quiet room, and the image is perfectly adequate for classes or family calls. the speakers are also more open than on my old tablet, although they are not a replacement for a dedicated audio system. battery life has been dependable through a day of mixed use, especially when i am not watching video continuously. charging is straightforward, and the tablet is ready again by the time i need it the next morning. i compared the candle orbit 962 with a larger tablet borrowed from work. the larger model is better for reading two full pages side by side, but it is much less convenient to carry. the orbit 962 strikes a more practical balance for portable media and communication. its controls are familiar, the interface is pleasant to use, and the construction has stayed solid despite being moved between rooms and bags. i would choose the larger screen for intensive document work, but for travel, calls, and everyday entertainment, this tablet has been a worthwhile step up.",True
CORD000197,CUS00337,2019-10-22,Thompson,"[{""product"":""Candle Orbit 674"",""quantity"":2},{""product"":""Vela Halo 281"",""quantity"":1},{""product"":""Candle Shift 916"",""quantity"":1},{""product"":""Vela Core 957"",""quantity"":1}]",3309.1,13.4,-37.766716,144.875839,15,2826.13,Spring,False,8.0803,"vela spark 207 has become part of my morning and evening routine because it records daily activity without demanding constant attention. the step information gives me a helpful reminder to move when i have spent too long at my desk, and the sleep tracking provides an interesting picture of how my nights differ. i find the display easy to check during a walk, while the band sits securely without becoming distracting. notifications arrive in a timely way and the controls are simple enough to use while i am moving. the charging routine is not difficult, although i have occasionally wished the remaining power were more visible at a glance. after established use, vela spark 207 feels like a practical and encouraging health wearable.",True
CORD000198,CUS00140,2019-06-06,Thompson,"[{""product"":""Vela Core 957"",""quantity"":1},{""product"":""Candle Flux 162"",""quantity"":3},{""product"":""Candle Orbit 548"",""quantity"":1}]",3708.41,15.46,-37.760594,144.915296,0,3723.87,Winter,False,6.4289,"candle orbit 764 has supplied clear enough music during focused desk work and stayed connected through normal sessions. voices and instruments remain distinct, and the sound is comfortable at moderate volume. the buttons are small, and changing between sources involves more steps than expected. it is a reasonable single-device companion for work, but the controls make shared or frequently changing use less convenient.",True
CORD000199,CUS00429,2019/03/17,Thompson,"[{""product"":""Candle Orbit 548"",""quantity"":1},{""product"":""Vela Core 957"",""quantity"":1}]",527.54,11.91,-37.867786,144.930844,0,539.45,Autumn,False,6.2917,"vela wave 967 fits neatly into my walking and commuting routine. during walks it records activity without requiring constant attention, and the notification display lets me see a message or reminder before reaching for my phone. i have found the alerts timely enough for everyday appointments and transport updates. the band is light and did not distract me during longer walks, although the small text can be difficult to read in bright sunlight. charging has been simple, and the wearable has continued working through ordinary movement and occasional rain exposure. i do not use every available feature, but the parts that matter to me have been consistent. vela wave 967 is a useful companion for staying aware while moving around.",True
CORD000200,CUS00015,2019-11-26,Bakers,"[{""product"":""Vela Halo 137"",""quantity"":1},{""product"":""Candle Edge 932"",""quantity"":1},{""product"":""Candle Edge 392"",""quantity"":1}]",2626.12,20.33,-37.8102,145.031526,15,2252.53,Spring,True,3.1885,"vela spark 531 has been particularly useful for travel planning and media use. i can check routes, compare information, and keep travel messages nearby without the phone feeling slow or difficult to manage. the screen is comfortable for maps and viewing, while the battery has lasted through ordinary days of navigation and some video watching. switching between directions and other apps is straightforward, which helps when plans change unexpectedly. the body is easy to carry, although its smooth surface makes a case worthwhile. the built-in sound is perfectly adequate for short clips, but i prefer headphones for longer viewing. after several trips and everyday use, vela spark 531 has proved a capable travel companion. it keeps planning, communication, and entertainment in one accessible device.",True
CORD000201,CUS00210,2019-11-21,Nickolson,"[{""product"":""Vela Halo 281"",""quantity"":1},{""product"":""Vela Core 957"",""quantity"":2},{""product"":""Candle Orbit 548"",""quantity"":1},{""product"":""Candle Edge 392"",""quantity"":1}]",1705.5,25.19,-37.874652,144.98746,10,1560.14,Spring,True,6.4285,"i bought candle vista 110 for reading papers, writing notes, and carrying between rooms during study sessions. the first setup was awkward, with updates taking far longer than expected and the fan becoming distracting during ordinary document work. the keyboard feels cramped, and after an hour of typing my hands become tired. that made longer research tasks unpleasant. battery life has also been disappointing. it drops quickly when several documents and a browser are open, so i regularly need the charger beside me. the screen is usable for text, but reflections make reading difficult near a window. video meetings introduce another problem: the microphone level is inconsistent and the camera image looks dull. the basic functions operate, but the repeated interruptions and weak endurance make candle vista 110 difficult to live with. i regret choosing it for daily study.",False
CORD000202,CUS00047,2019-04-11,Thompson,"[{""product"":""Candle Orbit 674"",""quantity"":1},{""product"":""Candle Flux 162"",""quantity"":1},{""product"":""Candle Orbit 548"",""quantity"":1},{""product"":""Candle Vista 110"",""quantity"":2}]",5273.6,12.53,-37.749354,144.938244,25,3967.73,Autumn,False,7.0833,"i installed the candle shift 448 to improve coverage between rooms where the main connection had become inconsistent. compared with relying on the central router alone, it gives the back room a more usable signal, and ordinary browsing has been less interrupted since i positioned it near the middle of the house. the unit is small enough to avoid taking over the shelf, and moving it during setup was not difficult. for phones, casual streaming and routine work, the extended area has been a noticeable improvement over the previous weak spot. the result depends more on placement than i expected. when i put it too close to the room needing coverage, the benefit was limited, so finding a suitable position took several attempts. the connection is also not identical to being close to the main router; busy use in different rooms can still feel slower than the direct connection. my older extender had fewer settings and was quicker to understand, while the candle shift 448 provides more control but asks the user to pay attention during setup. once configured, i have not needed to change it often. the casing has remained cool and the connection has stayed present through normal household use. i cannot say whether it would suit a much larger home or heavy simultaneous traffic because my needs are moderate. the longer warranty is reassuring, although support has not been required. in comparison, this device is more effective than my old extender at filling the particular gap i had, but it is not a universal solution. its performance is acceptable when the layout and expectations are realistic.",True
CORD000203,CUS00129,2019-03-09,Thompson,"[{""product"":""Vela Core 957"",""quantity"":2},{""product"":""Candle Edge 932"",""quantity"":1},{""product"":""Candle Shift 916"",""quantity"":1}]",3892.19,14.04,-37.766093,144.949569,5,3711.62,Autumn,False,5.1841,"vela echo 745 moves blinds when controlled manually, but scheduled routines fail too often. the morning routine may start late, the curtain can stop halfway, and the app gives no useful warning. i changed the schedule and restarted the system, but the improvement lasted only briefly. manual control works, although relying on it defeats the automation. after several weeks, the unpredictable behaviour is frustrating and i cannot trust this device with regular blind routines.",False
CORD000204,CUS00367,2019-03-02,Thompson,"[{""product"":""Vela Nova 753"",""quantity"":1},{""product"":""Candle Vista 110"",""quantity"":1}]",6220.2,10.66,-37.820116,144.894493,0,6230.86,Autumn,False,4.6919,"vela wave 463 has become a convenient choice for music and spoken-content playback at home. voices remain distinct, playback begins promptly, and the controls are simple enough for different people to use. music sounds pleasant at ordinary room volume, although the system does not replace a larger speaker setup. that limitation is acceptable for background listening. it has made daily audio more enjoyable and sits neatly in the room.",True
CORD000205,CUS00157,2019-12-29,Thompson,"[{""product"":""Vela Halo 281"",""quantity"":1},{""product"":""Candle Flux 162"",""quantity"":1},{""product"":""Candle Orbit 548"",""quantity"":1},{""product"":""Candle Orbit 674"",""quantity"":1}]",2171.16,13.4,-37.843996,144.908512,0,2184.56,Summer,False,4.8578,"vela spark 1089 was supposed to connect several devices through one compact adapter, but it has been disappointing in daily use. connecting more than one peripheral causes one of them to disappear, and the missing device returns only after unplugging the adapter. the cable is short and stiff, which puts awkward pressure on the ports when the laptop is moved. the casing becomes warm during ordinary use, while the indicator gives no useful warning before a connection fails. a single device may connect for a while, so the basic purpose is present, but it does not handle a shared setup reliably. repeated reconnection has made desk work frustrating. the weak construction and unreliable behaviour make vela spark 1089 a poor accessory.",False
CORD000206,CUS00064,2019-05-23,Thompson,"[{""product"":""Candle Flux 162"",""quantity"":1},{""product"":""Candle Lumen 220"",""quantity"":2},{""product"":""Vela Core 957"",""quantity"":1},{""product"":""Candle Edge 392"",""quantity"":1}]",8766.29,13.66,-37.8828,144.907555,20,7026.69,Autumn,False,8.5348,"candle quest 354 has been useful on train rides and walks when i want spoken content without carrying much equipment. voices in podcasts and recorded talks sound distinct, and the controls are easy to reach when i need to pause before entering a station. pairing has remained consistent across my phone and tablet, with no repeated searching or unexplained disconnections. the fit is comfortable for my usual commute, although after a long uninterrupted stretch i prefer to remove it for a short break. music is enjoyable at moderate volume, but this is not the device i would choose for detailed listening. for spoken content and everyday travel, candle quest 354 has proved reliable, light, and pleasantly uncomplicated.",True
CORD000207,CUS00064,2019-07-28,Thompson,"[{""product"":""Candle Orbit 548"",""quantity"":1},{""product"":""Candle Edge 392"",""quantity"":1},{""product"":""Vela Halo 137"",""quantity"":2},{""product"":""Candle Lumen 220"",""quantity"":1},{""product"":""Vela Core 957"",""quantity"":1}]",5952.46,17.25,-37.8828,144.907555,15,5076.84,Winter,False,8.5348,"candle quest 354 has been useful on train rides and walks when i want spoken content without carrying much equipment. voices in podcasts and recorded talks sound distinct, and the controls are easy to reach when i need to pause before entering a station. pairing has remained consistent across my phone and tablet, with no repeated searching or unexplained disconnections. the fit is comfortable for my usual commute, although after a long uninterrupted stretch i prefer to remove it for a short break. music is enjoyable at moderate volume, but this is not the device i would choose for detailed listening. for spoken content and everyday travel, candle quest 354 has proved reliable, light, and pleasantly uncomplicated.",True
CORD000208,CUS00463,2019-02-02,Bakers,"[{""product"":""Candle Lumen 220"",""quantity"":1}]",3529.39,8.34,-37.809536,145.000781,20,2831.85,Summer,False,0.4902,"candle shift 232 has found a useful place in our home because different family members can pick it up for different reasons. it is used for reading, browsing, school research, drawing practice, and watching instructional material. the screen is comfortable for these activities, and the tablet is light enough to carry from the kitchen table to the sofa without making a simple task feel cumbersome. after the initial setup, switching between the usual applications became natural. i have especially appreciated it during shared learning. one person can look up information while another follows along, and the touch controls are approachable for younger users. the device handles ordinary browsing and media without making us wait for every page or change of activity. battery life has suited our normal sessions, although i recharge it before a particularly busy day. the casing has also stood up well to being moved around the house, which is important when a device is used by more than one person. the compact screen is not ideal when several documents need to be visible simultaneously, and the on-screen keyboard takes a little practice for longer writing. those limitations are understandable for a portable tablet. candle shift 232 has nevertheless supported a wide range of family activities and has remained easy to share. its combination of approachable controls, useful portability, and steady everyday performance has made it a satisfying household device.",True
CORD000209,CUS00388,2019-11-17,Bakers,"[{""product"":""Vela Core 957"",""quantity"":1},{""product"":""Candle Flux 162"",""quantity"":2},{""product"":""Candle Edge 392"",""quantity"":1}]",2767.8,10.22,-37.803874,145.036942,5,2639.63,Spring,False,3.727,"the vela nova 771 has handled work calls and calendar management for 45 days. calls connect clearly in the places i normally work, and the microphone has kept my voice understandable without repeated adjustments. calendar alerts arrive on time, and moving from an alert to the relevant appointment is quick enough for a busy morning. i have also used it for messages, maps, and short notes between meetings. the screen shows several calendar details at once, which reduces the need to open each event separately. battery life covers a normal workday of calls and checking, although long video or navigation uses it faster. the camera is adequate for scanning a document or taking a quick photo. the vela nova 771 is a reliable work companion that keeps communication and scheduling close at hand.",True
CORD000210,CUS00025,2019-04-25,Thompson,"[{""product"":""Candle Flux 162"",""quantity"":1},{""product"":""Candle Orbit 674"",""quantity"":1},{""product"":""Vela Halo 281"",""quantity"":1},{""product"":""Candle Lumen 220"",""quantity"":1}]",5444.48,14.57,-37.743464,144.87974,20,4370.15,Autumn,False,9.7077,"vela ridge 239 has reduced the clutter caused by connecting several devices. it takes little space in my work bag, and moving between the connected items has been straightforward during daily use. the connections have stayed in place rather than requiring constant adjustment. its small size means the ports are close together, so large plugs can feel awkward, but the adapter still performs its main job well. i am happy with its practicality.",True
CORD000211,CUS00376,2019-12-07,Thompson,"[{""product"":""Candle Orbit 548"",""quantity"":1},{""product"":""Vela Halo 137"",""quantity"":2},{""product"":""Vela Halo 281"",""quantity"":1},{""product"":""Vela Nova 753"",""quantity"":2}]",11113.81,12.31,-37.773112,144.898038,0,11126.12,Summer,False,6.1573,"vela pulse 253 has been a pleasant centrepiece for shared film and television viewing. people can see the picture clearly from different seats, and the controls are simple enough for everyone to use. dialogue remains understandable at moderate volume, while films look bright and inviting in the evening. switching between programmes is quick, which keeps the conversation going instead of turning selection into a technical task. the built-in sound is less impressive for music, and glare appears when daylight reaches the screen directly. in our usual viewing time, those issues are minor. the display has continued to start reliably after months of family use, and the remote has remained responsive. vela pulse 253 has made shared viewing more comfortable and has been a worthwhile addition to our living room.",True
CORD000212,CUS00452,2019-12-17,Nickolson,"[{""product"":""Vela Core 957"",""quantity"":2},{""product"":""Candle Orbit 674"",""quantity"":1},{""product"":""Vela Halo 281"",""quantity"":1}]",1397.74,12.09,-37.866782,144.996122,0,1409.83,Summer,False,5.8441,"the vela spark 495 has made our blind and curtain routines more adaptable than the fixed arrangements we used before. i set it to open and close at different points in the day, then adjust the routine when our schedule changes. compared with doing everything manually, it saves a surprising number of small interruptions. compared with a simple timer, it is better suited to days when nobody follows exactly the same pattern. the first setup took some thought because i wanted the movements to suit the rooms rather than happen all at once. once the routines were arranged, the app controls were clear enough for other household members to use. i have changed the schedule for weekends, left one room outside the routine, and made occasional manual adjustments when the weather or our plans changed. the system has remained useful because it allows those exceptions instead of forcing one rigid pattern. it is not a perfect replacement for hands-on control. the app is unnecessary when i am already beside the window, and a person with only one blind may not find automation worthwhile. the mechanism also needs sensible placement and a little attention during setup. even with those limitations, the vela spark 495 compares favourably with a timer and is less disruptive than repeatedly adjusting everything by hand. it gives the house a more flexible rhythm without demanding constant supervision, which is the reason it has stayed in use rather than becoming another abandoned gadget.",True
CORD000213,CUS00153,2019-05-12,Bakers,"[{""product"":""Candle Flux 162"",""quantity"":1},{""product"":""Candle Lumen 220"",""quantity"":2},{""product"":""Vela Halo 137"",""quantity"":1},{""product"":""Candle Edge 932"",""quantity"":2}]",11859.92,16.8,-37.750878,145.060336,15,10097.73,Autumn,False,8.7149,"vela atlas 233 was bought for casual living-room gaming, but it has not fitted that purpose well. games launch, although loading screens are long and returning from a pause can leave the display frozen. input from the controller is occasionally delayed, which makes even slow games feel awkward. when two people play, the problem becomes more noticeable and one controller has needed repeated pairing. the menus are poorly arranged, with settings buried behind several screens and no obvious route back. i reduced the picture settings and restarted the system after each freeze, but the interruptions continued over the month. it can show a basic game when used alone, yet the lag and pairing failures make shared play frustrating. vela atlas 233 has turned short evening sessions into repeated troubleshooting and does not justify the space it occupies.",False
CORD000214,CUS00193,2019-01-28,Bakers,"[{""product"":""Vela Core 957"",""quantity"":1},{""product"":""Vela Nova 753"",""quantity"":1},{""product"":""Candle Vista 110"",""quantity"":2},{""product"":""Candle Edge 392"",""quantity"":1},{""product"":""Vela Halo 137"",""quantity"":2}]",10203.79,23.38,-37.747225,145.031764,20,8186.41,Summer,True,7.6829,"candle bloom 136 has been used on train rides, in hotel rooms and on the sofa, and its portable design has made casual gaming much easier to fit around travel. the controls respond predictably, the screen is comfortable for shorter sessions, and resuming a game after a break does not involve a long setup routine. i like being able to pick it up for a few minutes without committing to the desk. the casing has stayed solid in my bag, although the surface shows fingerprints quickly and the small controls can feel cramped during a demanding sequence. battery endurance is adequate for my usual journeys, but i carry a charger for longer days away. those details keep it from feeling perfect, yet candle bloom 136 has delivered dependable entertainment wherever i have had a spare moment.",True
CORD000215,CUS00414,2019-06-11,Bakers,"[{""product"":""Candle Edge 392"",""quantity"":2},{""product"":""Vela Halo 281"",""quantity"":1}]",1282.24,16.21,-37.753868,145.038451,5,1234.34,Winter,False,7.306,"i added candle shift 538 because visitors were regularly asking for the main household network details, and i wanted a cleaner way to manage devices. the change was worthwhile. creating a separate guest network took a little reading during the initial setup, but the controls then made sense and i could see which devices were connected without searching through a long list. it has made visits less awkward because guests can connect while the devices used by my household remain separated. the network has supported phones, a television, a laptop, and several small household devices at the same time during ordinary evenings. i have not noticed interruptions when someone joins the guest connection, and the management screen gives enough information to understand what is happening. i particularly like being able to remove an old device without changing access for everyone else. that small detail has saved time on more than one occasion. the interface includes more options than i need, so it took a while to understand which settings mattered for my home. once configured, i rarely need to revisit them. the unit has also operated quietly and has not required frequent restarting. candle shift 538 is not an elaborate enterprise system, but for managing guest access and keeping track of household devices, it has been dependable and convenient. it has brought order to a part of my network that used to feel unnecessarily messy.",True
CORD000216,CUS00328,2019-03-25,Thompson,"[{""product"":""Candle Flux 162"",""quantity"":1},{""product"":""Vela Halo 281"",""quantity"":2},{""product"":""Candle Orbit 548"",""quantity"":1},{""product"":""Candle Edge 932"",""quantity"":1}]",3868.32,13.47,-37.756552,144.884794,5,3731.62,Autumn,False,8.3002,"candle vista 902 has become part of my reading and study routine. text is sharp enough for long articles, and marking passages with the stylus feels natural once the palm setting is adjusted. i can write short handwritten notes beside a document, then return to them later without losing the context. the tablet is light enough to hold during a commute, while the case gives it a steadier angle on a desk. the handwriting area feels narrow when i am trying to write quickly, and the keyboard is better for brief entries than lengthy essays. those limits are easy to work around for my use. after several weeks, the device has remained responsive and the battery has supported repeated reading sessions. it is a thoughtfully practical tablet for annotation.",True
CORD000217,CUS00386,2019-07-17,Bakers,"[{""product"":""Vela Halo 281"",""quantity"":1}]",530.74,16.52,-37.78438,145.004804,10,494.19,Winter,False,2.9699,"candle shift 1060 has been a poor laptop for study, research, and note taking. documents take too long to open, and the system becomes sluggish when a browser, reference file, and notes application are used together. the fan makes an irritating noise during ordinary reading, while the underside grows warm on the lap. the keyboard has uneven resistance and produces missed characters, which is troublesome when taking notes quickly. the screen reflects room lights and becomes difficult to read from an angle. sleep mode sometimes fails, leaving the battery drained by the next session. it can display documents and accept typed notes, but those basic capabilities do not compensate for the delays and awkward hardware. after repeated coursework sessions, candle shift 1060 has wasted time and caused needless frustration.",False
CORD000218,CUS00500,2019-08-16,Nickolson,"[{""product"":""Candle Flux 162"",""quantity"":1},{""product"":""Candle Shift 916"",""quantity"":1}]",3040.81,26.01,-37.845269,144.947455,20,2361.26,Winter,True,3.5444,"the candle lumen 598 has made a noticeable difference in the far rooms of my home. i placed it between the main network point and the study, and the connection now reaches the hallway and back bedroom with much less interruption. video calls from the study remain steady, while ordinary browsing in the bedroom no longer drops whenever someone uses the kitchen. installation was uncomplicated, and the indicators gave me enough information to find a suitable position without repeated guesswork. the unit is not especially small, so it needs a visible shelf rather than a hidden corner, but that is a minor trade-off for the extra coverage. it has been running quietly and consistently since i installed it. the candle lumen 598 is a worthwhile solution for extending a home network between rooms.",True
CORD000219,CUS00431,2019-10-27,Thompson,"[{""product"":""Vela Halo 281"",""quantity"":1},{""product"":""Candle Orbit 548"",""quantity"":1},{""product"":""Candle Edge 392"",""quantity"":1},{""product"":""Candle Flux 162"",""quantity"":1}]",2222.85,9.77,-37.821885,144.913687,15,1899.19,Spring,False,3.1061,"candle arc 510 has been a dependable laptop for research, notes, and regular study sessions. articles load quickly, documents remain responsive, and the keyboard is pleasant when i am writing for a long stretch. its lighter build makes it convenient to move between the library and home. the display area can feel limited when several windows are open, but for reading, drafting, and organising coursework it has served me very well.",True
CORD000220,CUS00050,2019-08-01,Thompson,"[{""product"":""Candle Orbit 548"",""quantity"":2},{""product"":""Vela Core 957"",""quantity"":1},{""product"":""Candle Edge 392"",""quantity"":1}]",1159.36,15.95,-37.752038,144.925886,0,1175.31,Winter,False,6.9946,"vela nova 123 has made family viewing less awkward than it was with our previous display. we have used it for films, television programmes, and shorter clips, and the main difference is how readily everyone can join in. the picture is easy to see from the side of the room, and the interface is clear enough for different family members to browse without asking for help. our old display worked, but its menus felt slow and individual streaming choices often turned into a small argument about who was controlling it. the sound is suitable for ordinary evening viewing, with voices remaining understandable when the room is occupied. i would still use separate equipment for a more serious cinema experience, but that is not what we needed. vela nova 123 handles the everyday job with less fuss. switching between services is straightforward, and the remote has not caused the repeated confusion that came with the older unit. the screen also wakes promptly when we settle down for a programme, so there is less waiting before everyone can watch. the one limitation is that the built-in options do not remove every reason to use another device. a few less common services are more convenient from a separate player, and the screen can feel rather large when viewed from close up. those are manageable points in our room. compared with the display it replaced, vela nova 123 is more welcoming for shared film and television sessions, and it has become the screen the household reaches for first.",True
CORD000221,CUS00404,2019-05-30,Thompson,"[{""product"":""Candle Flux 162"",""quantity"":1},{""product"":""Candle Vista 110"",""quantity"":2},{""product"":""Candle Orbit 548"",""quantity"":1}]",4949.54,10.52,-37.806776,144.946091,5,4712.58,Autumn,False,0.6613,"i bought the candle orbit 836 for trips because a compact gaming machine seemed less awkward than carrying a larger setup. after a month of ownership, the comparison is frustrating. it starts games and handles short sessions, but the portable design brings too many compromises. the screen feels cramped when text is small, and the controls leave my hands sore before i want to stop. the casing also picks up scratches quickly in a travel bag, which makes the device look worn far sooner than expected. compared with the other handheld units i have used, the orbit 836 is harder to live with during longer sessions. its fan becomes intrusive in a quiet room, while the warmth around the grips makes an already awkward hold more uncomfortable. the battery indication is unreliable: it can show plenty of time remaining and then drop sharply during a demanding game. charging during play is possible, although the cable position gets in the way and the unit still loses power slowly. wireless pairing has also been inconsistent, with a controller sometimes disappearing after sleep and needing repeated attempts. i tried changing settings and carrying a separate case, but neither solved the underlying problems. the menu responds, and games launch, yet those basic functions do not offset the weak endurance, tiring controls, and disappointing travel durability. a larger portable system is heavier, but it feels less cramped and less irritating over an evening. for occasional short play the candle orbit 836 can operate, but as a travel gaming purchase it has been a regret and i cannot recommend it.",False
CORD000222,CUS00118,2019-07-23,Bakers,"[{""product"":""Candle Orbit 548"",""quantity"":2},{""product"":""Vela Core 957"",""quantity"":2},{""product"":""Candle Shift 916"",""quantity"":1},{""product"":""Vela Nova 753"",""quantity"":1},{""product"":""Vela Halo 137"",""quantity"":2}]",8837.24,14.62,-37.77972,145.043794,15,7526.27,Winter,False,5.4352,"vela atlas 1043 has been useful for presentations and viewing family photos. images remain clear when people sit at different angles, and switching between slides or pictures feels quick. its compact shape makes it easy to move from the study to the dining room. the built-in sound suits small groups but is not powerful enough for a large gathering. for everyday sharing, it has stayed responsive and enjoyable.",True
CORD000223,CUS00090,2019-09-13,Thompson,"[{""product"":""Candle Shift 916"",""quantity"":1},{""product"":""Candle Edge 392"",""quantity"":1}]",2234.52,11.19,-37.784045,144.902283,5,2133.98,Spring,False,5.0614,"candle arc 348 improved the wireless coverage in the far side of my home compared with the single-router arrangement i had been tolerating. before installing it, the connection weakened in the bedroom and near the back work area. with the extender placed between those rooms and the main equipment, browsing and ordinary video calls have been more consistent. the change is not dramatic in every corner, but it has removed the dead spots that caused the most interruptions. setup was clearer than i expected, and i was able to position the unit without repeatedly restarting the network. i compared the same work routine before and after installation: sending files, joining calls, and listening to online audio now involve fewer pauses. performance still depends on where the extender sits, and moving it too far from the main signal reduces the benefit. that is a placement consideration rather than a fault, and the indicator helped me find a sensible location. compared with buying a longer cable or accepting weak coverage, candle arc 348 is a convenient solution for extending service between rooms. it has stayed connected during ordinary household use, and the compact design does not make the hallway look cluttered. it is not intended to replace the main network or solve every building-related obstruction, but it has made the previously unreliable area much more usable. after a month of ownership, i am pleased with the improvement.",True
CORD000224,CUS00472,2019-02-13,Thompson,"[{""product"":""Vela Halo 137"",""quantity"":1},{""product"":""Vela Core 957"",""quantity"":1},{""product"":""Candle Flux 162"",""quantity"":1},{""product"":""Candle Edge 932"",""quantity"":2}]",5072.61,10.19,-37.801831,144.914224,10,4575.54,Summer,False,3.1272,"vela atlas 665 has made scheduled control of a household power outlet much more consistent than the plug timer i previously used. i set it for routine lamps and a small appliance, and the schedule has followed the same pattern without the drift that developed with the older timer. being able to change the timing without reaching behind furniture is the most noticeable convenience. the controls are simple enough for occasional adjustments. i can pause a schedule when plans change and restore it later, which is more flexible than manually turning the old timer’s dial. the outlet remains usable for ordinary switching, and the device has fitted into the existing space without making the surrounding plugs difficult to reach. i still check the setting after a power interruption because i prefer not to assume that every schedule will survive every household event. compared with my previous timer, vela atlas 665 gives me a clearer view of what is supposed to happen and when. that has been useful for a lamp that needs to operate at different times on different days. the physical button is slightly awkward to press when the outlet is tucked behind a cabinet, and the indicator is not very visible from across the room. those are minor design limitations rather than problems with the routine control itself. i do not use it for anything that must be supervised as a safety measure, and i keep the schedule modest. within that boundary, it has been dependable and less fiddly than the mechanical timer. vela atlas 665 is a practical upgrade for simple household routines because it replaces guesswork and repeated manual adjustments with predictable control.",True
CORD000225,CUS00095,2019-02-09,Bakers,"[{""product"":""Candle Shift 916"",""quantity"":1},{""product"":""Vela Nova 753"",""quantity"":1},{""product"":""Candle Orbit 674"",""quantity"":1},{""product"":""Candle Lumen 220"",""quantity"":1}]",10115.83,12.15,-37.762626,145.026276,0,10127.98,Summer,False,5.9319,"vela echo 925 has given me a more useful view of indoor conditions than relying on how the room happens to feel. i compared it with occasional checks from a basic instrument and with simply opening a window when the air seemed uncomfortable. after forty-five days, the continuous monitoring has made changes in temperature and humidity easier to notice. the readings are available without much effort, and i can compare one part of the day with another instead of trying to remember what the room felt like earlier. compared with the basic instrument, vela echo 925 is better suited to observing patterns because it stays in place and remains ready to check. the compact design fits on a shelf without distracting from the room, and the setup did not take long once i chose a sensible location. i have found the information useful when deciding whether to ventilate or adjust the room, though i treat it as guidance rather than an exact account of every corner. placement matters, and a sensor near a window will naturally describe a different spot from one near a desk. that is the main limitation and was easy to understand. the device has remained consistent during routine use, and i enjoy having an objective reference before changing the room. it is more informative than guessing and less intrusive than repeatedly checking a separate instrument. vela echo 925 has therefore become a small but worthwhile part of my home routine, especially when i want to understand indoor temperature and humidity over time.",True
CORD000226,CUS00117,2019-07-14,Thompson,"[{""product"":""Candle Lumen 220"",""quantity"":1},{""product"":""Vela Core 957"",""quantity"":1},{""product"":""Vela Nova 753"",""quantity"":1}]",8204.47,15.35,-37.756736,144.957926,0,8219.82,Winter,False,6.2927,"i have worn vela core 777 during regular exercise sessions for more than a month, using it mainly to review what i did afterward rather than to watch every moment while moving. compared with the basic tracker i owned previously, the summaries are easier to scan at the end of a session. i can quickly see whether a short walk, home workout, or longer outdoor activity felt consistent with my memory of the effort. that makes the device helpful without turning exercise into a constant search for numbers. the wearable is light enough that i generally stop noticing it once a session begins. its surface has stayed readable in the different indoor spaces where i exercise, and the controls have not become awkward when my hands are warm. after a session, the record gives me a useful prompt to think about duration and pace in broad terms. i value that simple reflection more than a crowded display filled with details i would not know how to use. i compared it with a phone-based activity record. the phone can capture a walk, but carrying it is inconvenient during floor exercises and it is easy to forget to start the record. vela core 777 is more immediate for that reason. on the other hand, the phone remains better for reviewing notes and viewing a longer history, so i still use both. the wearable is not a substitute for careful personal judgement, and its session summary is most helpful when i remember to begin and end the activity properly. over several weeks, the strap has remained secure during ordinary movement and the casing has not shown anything beyond minor everyday wear. i have not needed the support or warranty service. the main compromise is that the display feels small when i want to check it while moving quickly, but that is a minor issue for my use. vela core 777 gives me a clearer routine than my old tracker and a more convenient record than my phone alone, so i am pleased with the purchase.",True
CORD000227,CUS00477,2019-07-23,Bakers,"[{""product"":""Vela Core 957"",""quantity"":1},{""product"":""Candle Edge 392"",""quantity"":1},{""product"":""Vela Halo 137"",""quantity"":3},{""product"":""Candle Flux 162"",""quantity"":2},{""product"":""Candle Orbit 548"",""quantity"":1}]",5303.54,27.31,-37.766529,144.97796,10,4800.5,Winter,True,5.066,"vela nova 339 has been useful when i need to connect several devices without carrying a collection of separate adapters. compared with swapping individual connectors, one compact accessory makes my desk and travel bag less cluttered. i used it with ordinary mobile and computer equipment, and the basic connections were recognised without a complicated routine. its small size is the clearest advantage because it reduces the amount of planning needed before leaving the house. the comparison changes when many devices are involved at once. i had to pay attention to how the connections were arranged, and the compact body became slightly awkward when several cables pulled in different directions. vela nova 339 is easier to carry than multiple adapters, but it is not always easier to use in a crowded workspace. i also preferred checking the setup before an important task rather than assuming every combination would behave identically. that caution is a limitation, not a major failure. for occasional travel and a tidy personal desk, this adapter provides a sensible middle ground. it offers more flexibility than carrying one connector, while a larger workstation accessory may be more comfortable for permanent use. the 12-month warranty is appropriate for a small item that will be moved often. i would choose vela nova 339 for convenience and portability, but i would not treat it as a universal replacement for every connection arrangement.",True
CORD000228,CUS00330,2019-06-21,Thompson,"[{""product"":""Candle Edge 932"",""quantity"":1},{""product"":""Candle Orbit 548"",""quantity"":2},{""product"":""Vela Halo 281"",""quantity"":1},{""product"":""Candle Orbit 674"",""quantity"":1},{""product"":""Vela Nova 753"",""quantity"":1}]",7261.03,11.26,-37.818503,144.931889,25,5457.03,Winter,False,1.4827,"vela nova 537 has been useful during the last seventeen days because it lets me notice calendar alerts and short messages without reaching for my phone. pairing took little effort, and alerts have appeared promptly during commutes, meetings and household tasks. the display is readable at a glance, while the vibration is noticeable without being intrusive. i have found the quick message checks especially handy when my phone is in a bag, although longer replies still belong on the phone itself. the band has stayed comfortable through ordinary daytime wear and has not shifted much while i was walking. battery use has matched my expectations, with no need to interrupt the day for constant charging. the design is discreet enough for work and casual clothes, and the controls have behaved consistently. vela nova 537 offers a focused set of conveniences rather than a crowded collection of features, which is exactly why i keep reaching for it.",True
CORD000229,CUS00171,2019-01-08,Bakers,"[{""product"":""Vela Core 957"",""quantity"":1},{""product"":""Candle Lumen 220"",""quantity"":1},{""product"":""Candle Orbit 674"",""quantity"":2}]",4448.98,11.41,-37.779142,145.034644,10,4015.49,Summer,False,4.8747,"candle orbit 746 has made game streaming and media capture much less complicated in my study. i was able to connect it to my existing setup without spending an evening troubleshooting, and the controls are arranged in a way that becomes familiar quickly. during longer sessions, the captured picture remained consistent and voice input stayed present instead of disappearing whenever the game became busy. i have also used it for recording short clips after a match, which is convenient when i want to review a moment without setting up another device. the housing is a little larger than i expected, so it needs a permanent spot near the monitor, but that is easy to accommodate. the supplied support coverage adds reassurance for a piece of equipment that sits in regular use. candle orbit 746 has given me a steady, enjoyable way to share and save gameplay.",True
CORD000230,CUS00274,2019-02-20,Nickolson,"[{""product"":""Candle Edge 392"",""quantity"":1},{""product"":""Vela Core 957"",""quantity"":1}]",647.22,10.49,-37.81264,144.966963,0,657.71,Summer,False,0.7001,"candle flux 504 produced sound during my commute, but the listening experience was disappointing. the wireless connection dropped near busy stations, speech became muffled whenever the volume changed, and the controls were awkward to use through a coat pocket. reconnecting took several attempts, which was particularly frustrating on crowded platforms. the earbuds remain in place, but that single functioning feature does not solve the unstable audio. i cannot recommend them for dependable spoken-content listening.",False
CORD000231,CUS00347,2019-08-18,Bakers,"[{""product"":""Candle Orbit 548"",""quantity"":2},{""product"":""Candle Lumen 220"",""quantity"":1},{""product"":""Vela Halo 281"",""quantity"":1}]",4572.27,14.42,-37.838321,145.042262,0,4586.69,Winter,False,5.1945,"i have used vela pulse 451 for 36 days as my everyday phone, mainly for calls, messages, maps, and ordinary browsing. it feels more capable than the older phone it replaced, especially when i move between navigation and communication during a busy day. messages arrive promptly, calls have been clear in the places where i normally use them, and the screen is comfortable for reading directions without constantly zooming. the improvement is practical rather than flashy, which suits me well. i compared it with a smaller family phone while travelling around familiar areas. the other phone is easier to hold in one hand, but vela pulse 451 gives me a more comfortable view of maps and messages. navigation has remained steady during walks and car trips, and changing between applications has been smooth. i also tested it with casual photographs and a few everyday apps; the basic experience has been responsive and pleasant. the larger body can feel slightly awkward when i am carrying several things, yet the extra viewing space is valuable enough that i have accepted the trade-off. battery performance has been satisfactory for a normal day of communication and navigation, though extended map use means i carry a charger on longer outings. the phone connected to my existing accessories without a complicated process, and the controls became familiar quickly. i appreciate that family members can reach me consistently and that i can check directions without relying on another device. vela pulse 451 is not intended to replace a specialist camera or a high-end gaming device, but it handles daily communication and navigation with confidence. compared with my previous phone, it feels more balanced, responsive, and dependable, and i am happy to keep using it.",True
CORD000232,CUS00138,2019-07-02,Thompson,"[{""product"":""Candle Flux 162"",""quantity"":1},{""product"":""Candle Lumen 220"",""quantity"":1},{""product"":""Candle Orbit 548"",""quantity"":1},{""product"":""Candle Edge 392"",""quantity"":1},{""product"":""Candle Orbit 674"",""quantity"":2}]",5869.62,31.88,-37.8413,144.892689,5,5699.52,Winter,True,5.7397,"vela nova 195 was installed for automated blind and curtain routines, but the schedules have not been dependable. a routine may run once and then fail without an obvious reason, leaving the blinds in the wrong position. manual control works, although the response is slow and the status is unclear. recreating routines did not solve the problem, so daily use became frustrating. the device can move the blinds, but its unreliable automation makes it a poor purchase.",False
CORD000233,CUS00030,2019-01-10,Thompson,"[{""product"":""Vela Core 957"",""quantity"":2},{""product"":""Candle Orbit 548"",""quantity"":3},{""product"":""Vela Nova 753"",""quantity"":1}]",5714.76,11.39,-37.832567,144.897941,10,5154.67,Summer,False,4.8491,"vela pulse 397 has fitted neatly into my day for habit reminders and quick time checks. the screen is readable, alerts are noticeable, and the basic controls are easy to understand. wearing it for a full day can become less comfortable, while changing a reminder takes more taps than it should. it is a pleasant, focused wearable for simple routines, although anyone seeking extensive features may find it limited.",True
CORD000234,CUS00467,2019-05-15,Thompson,"[{""product"":""Candle Orbit 548"",""quantity"":1},{""product"":""Candle Edge 932"",""quantity"":2},{""product"":""Vela Halo 281"",""quantity"":1},{""product"":""Candle Flux 162"",""quantity"":1},{""product"":""Vela Core 957"",""quantity"":1}]",5099.53,14.82,-37.859571,144.909271,15,4349.42,Autumn,False,6.1816,"candle flux 810 has been disappointing for study and research. note-taking documents opened slowly, and moving between browser pages left the system unresponsive for several seconds. the keyboard felt cramped during longer writing sessions, while the trackpad produced awkward scrolling and missed gestures. it can display notes and basic pages, but heavier reading quickly becomes frustrating. after repeated delays during ordinary coursework, i regret buying this ultrabook and cannot recommend it.",False
CORD000235,CUS00389,2019-05-07,Bakers,"[{""product"":""Vela Halo 137"",""quantity"":2},{""product"":""Candle Edge 932"",""quantity"":1}]",3010.26,12.1,-37.777519,145.057335,5,2871.85,Autumn,False,6.5436,"the candle shift 898 has helped extend coverage to the parts of my home that used to be less consistent. i placed it between the main connection and the room where i often work, and devices there now remain connected during ordinary browsing and calls. setup was manageable, with the status information making placement easier than guessing. once positioned, it blends into the room and requires little attention. i have noticed that location still matters, so moving it too far from the main connection is not productive, but that is useful practical guidance rather than a flaw. the connection has stayed steady for the household devices i use most, and the improvement is noticeable during daily work. the candle shift 898 has made the network feel more even across the home and has reduced interruptions.",True
CORD000236,CUS00495,2019-12-26,Bakers,"[{""product"":""Candle Edge 932"",""quantity"":1},{""product"":""Vela Nova 753"",""quantity"":1},{""product"":""Vela Core 957"",""quantity"":1},{""product"":""Candle Flux 162"",""quantity"":1}]",7225.85,13.82,-37.740229,145.029426,20,5794.5,Summer,False,8.3195,"candle bloom 1036 has become my regular choice for gaming away from home. it is compact enough to fit into a travel bag without taking over the available space, yet it feels substantial when held. setup was quick, and i could start playing after connecting it in a few different places. the controls responded cleanly during casual games, with no distracting delay in the sessions i played. i particularly appreciate how manageable it is on a small table or in a shared room. i can use it for a short break without needing a large arrangement of equipment, and packing it away is just as simple. the display remains comfortable for ordinary play, though some smaller interface details can feel cramped when viewed from farther away. that is a minor limitation for a portable device rather than a serious obstacle. after continued use, candle bloom 1036 has held up well and has made travel gaming much less awkward. it offers an enjoyable balance of convenience and capability, and it has earned a permanent place in my travel kit.",True
CORD000237,CUS00040,2019-04-10,Nickolson,"[{""product"":""Vela Halo 281"",""quantity"":2},{""product"":""Candle Orbit 674"",""quantity"":1},{""product"":""Vela Core 957"",""quantity"":1}]",1657.01,22.11,-37.822065,144.985179,15,1430.57,Autumn,True,1.4259,"i bought candle arc 942 for drawing and lightweight creative work, then compared it with a simpler tablet used by a family member. the larger set of creative controls has not helped because the pen response is inconsistent. lines sometimes appear a fraction behind the movement, and light strokes disappear when the hand moves quickly. the simpler tablet has fewer drawing options but produces steadier marks, which matters more than a crowded menu. candle arc 942 also struggles when a canvas contains several layers; rotating or zooming can freeze briefly, and returning to the drawing may show an older position. i have tried different brushes, reduced the canvas size, and restarted the device during several weeks of sketches. the delays remain. the screen surface attracts fingerprints and reflections, making fine work tiring near a window. the pen itself functions, but its tip feels loose and the pressure changes are difficult to control. for notes or a small rough sketch, the tablet is usable. for regular creative work, the uneven response and sluggish handling become a constant source of frustration. compared with a plain drawing tablet, candle arc 942 offers extra settings without delivering reliable control. files can be opened and saved, yet the basic operations do not excuse the poor drawing experience. i would not choose it for serious sketching and cannot recommend it to anyone expecting precise, steady work.",False
CORD000238,CUS00380,2019-11-18,Nickolson,"[{""product"":""Candle Edge 932"",""quantity"":1},{""product"":""Vela Core 957"",""quantity"":1},{""product"":""Candle Orbit 548"",""quantity"":1}]",2018.02,11.45,-37.8671,144.964353,0,2029.47,Spring,False,5.4128,"i bought candle vista 992 for sketching, annotating ideas, and handling lightweight creative work away from my main desk. it has become particularly useful in the evenings because i can take it to the sofa and continue a drawing without setting up a full computer. the display gives my work enough room to develop, and the touch response feels natural for casual sketches and handwritten notes. opening reference material beside a drawing is convenient, and the tablet has remained responsive during the moderate projects i have attempted. its size is comfortable to carry, though i would want a larger workspace for serious illustration. that boundary is clear, but it matches the portable role i had in mind. candle vista 992 has encouraged me to practise more often because the device is ready when an idea appears. it is a capable, enjoyable tool for creative work that does not demand heavy processing.",True
CORD000239,CUS00176,2019-01-13,Bakers,"[{""product"":""Vela Core 957"",""quantity"":1},{""product"":""Candle Orbit 548"",""quantity"":2}]",783.61,11.57,-37.782031,145.041334,20,775.71,Summer,False,5.1067,"candle orbit 782 has been shared by my family for browsing, reading and learning activities for the past month. the screen is comfortable for short lessons, and the device wakes quickly when someone wants to check a page or watch a tutorial. switching between users is possible, though the process feels slower when several people are waiting. touch response is generally accurate, but a younger user occasionally needs to repeat a tap near the screen edges. battery life covers ordinary afternoon use and requires planning for a longer day. the casing has handled being moved around the house without obvious damage, but the tablet is not especially light for small hands. candle orbit 782 works as a general household device and avoids serious complications. its mixed performance makes it adequate for shared browsing, though not an exciting choice for intensive use.",True
CORD000240,CUS00105,2019-09-08,Nickolson,"[{""product"":""Candle Orbit 548"",""quantity"":1},{""product"":""Candle Lumen 220"",""quantity"":1},{""product"":""Candle Vista 110"",""quantity"":1}]",5602.05,12.16,-37.843879,144.980084,20,4493.8,Spring,False,2.9597,"i bought vela core 453 for shared film and television viewing in the living room. the display showed an image after setup, but arranging the device and finding the needed controls was awkward. the instructions were sparse, and the menus were frustrating to navigate when i tried to connect the usual services. a simple viewing session required too much searching and repeated button presses. once the household started using it, the picture frequently paused during longer programmes. sometimes playback resumed on its own, while other times i had to leave the programme and open it again. the sound could continue briefly after the image stopped, producing an irritating mismatch. vela core 453 was technically capable of displaying content, but its interruptions made the central use unreliable. the shared-room setting exposed further weaknesses. viewing from the side made parts of the image look dull, and the remote did not always register a press on the first attempt. when several people tried to adjust volume or pause a programme, the response became slow and confusing. we stopped using it for longer films because the repeated interruptions were more frustrating than entertaining. support recommended restarting the device and checking the connection, steps i had already tried. the faults returned during ordinary use, and no replacement arrangement was offered. vela core 453 can display a programme under favourable conditions, but that limited result does not offset the poor controls, uneven playback, and unreliable shared viewing. i regret the purchase and cannot recommend it.",False
CORD000241,CUS00119,2019-03-24,Bakers,"[{""product"":""Candle Orbit 548"",""quantity"":1},{""product"":""Candle Orbit 674"",""quantity"":1},{""product"":""Candle Vista 110"",""quantity"":1}]",2396.72,8.02,-37.810442,144.980341,15,2045.23,Autumn,False,1.3091,"vela core 957 has become something i check several times a day for activity and sleep information. the band is light, and i can wear it during work, walks and overnight without it becoming distracting. its activity view gives me a quick sense of how much i have moved, while the sleep summary helps me notice patterns across several nights. notifications are restrained rather than constant, which suits me. the charge lasts through my normal routine, although i need to remember to top it up before a particularly busy week. the companion interface is basic and does not provide extensive interpretation, but the main readings are easy to find. vela core 957 has encouraged more regular awareness of my habits.",True
CORD000242,CUS00399,2019-09-27,Thompson,"[{""product"":""Candle Flux 162"",""quantity"":1},{""product"":""Candle Orbit 548"",""quantity"":1},{""product"":""Vela Halo 137"",""quantity"":2}]",2836.14,12.78,-37.867983,144.903716,15,2423.5,Spring,False,10.9831,"the vela spark 873 has worked well as a shared display for family media. we use it for programmes, short videos, and occasional browsing from the living room, and everyone can settle in without a long setup process. the picture is pleasant for ordinary viewing, while the controls are simple enough that different family members can find what they want. switching between profiles and activities has not caused confusion, and the design sits neatly among our other furniture. it is not a replacement for a dedicated cinema setup, but that is not what we needed. what matters here is that it starts quickly, presents media clearly, and is friendly for mixed ages and habits. the vela spark 873 has brought more relaxed shared viewing to our evenings and has remained dependable through regular use.",True
CORD000243,CUS00110,2019-05-22,Nickolson,"[{""product"":""Candle Flux 162"",""quantity"":1},{""product"":""Candle Vista 110"",""quantity"":1},{""product"":""Vela Halo 137"",""quantity"":3},{""product"":""Candle Lumen 220"",""quantity"":1}]",8685.94,10.18,-37.851402,144.948947,15,7393.23,Autumn,False,4.0721,"i installed vela spark 1035 to keep track of door and window activity in a home where people often come and go at different times. the setup was more manageable than the sensor arrangement i had tried previously. the instructions explained the basic sequence clearly, and i was able to place it without turning the installation into a larger project. once it was in position, the activity alerts were easy to understand rather than filled with unnecessary detail. compared with relying on memory or a quick visual check, vela spark 1035 gives me a convenient record of what has happened. i notice it most when i am already in bed and want to know whether a side door was closed, or when a family member leaves earlier than i do. the alerts have arrived consistently during normal use. i still check the door physically when something seems unusual, because an alert is not a substitute for a proper security system, but the device provides a useful extra prompt. i compared it with a basic reminder routine on my phone. the phone reminder was easy to ignore and could not tell me whether anything had actually moved. vela spark 1035 is more relevant because its message is connected to an event. it also avoids the repeated manual checking that made the old routine tiresome. placement matters, and i needed to spend a little time finding a position that did not interfere with the door, but that adjustment was straightforward. the device has worked quietly in the background and has not demanded much attention after installation. its alerts are more helpful for routine awareness than for serious protection, and i would not claim more than it can provide. even with that boundary, vela spark 1035 is a clear improvement over my previous method. it has made small household checks easier to remember and gives me useful information without making the home feel over-automated.",True
CORD000244,CUS00241,2019-06-12,Nickolson,"[{""product"":""Candle Lumen 220"",""quantity"":1},{""product"":""Candle Orbit 548"",""quantity"":1},{""product"":""Candle Orbit 674"",""quantity"":1},{""product"":""Candle Flux 162"",""quantity"":1},{""product"":""Candle Edge 932"",""quantity"":1}]",6660.29,11.77,-37.831472,144.95225,5,6339.05,Winter,False,2.0879,"candle arc 456 has been used for extended desktop gaming sessions, including quieter strategy games and more active play. the controls are comfortable over several hours, and the layout became familiar without much adjustment. starting games and moving through menus felt responsive, while the unit remained stable on the desk. i also appreciated that the surrounding setup did not need repeated rearrangement between sessions. for ordinary play, it has provided a consistent and reasonably comfortable experience. after a long session, the casing becomes warm and the fan is noticeable in a quiet room. the surface can also collect marks, and cleaning around the controls takes care. during busy scenes there are occasional brief pauses, although they have not prevented normal play. candle arc 456 is a balanced desktop gaming device: comfortable enough for regular use and capable in common situations, but not entirely free of thermal or performance compromises.",True
CORD000245,CUS00186,2019-03-17,Thompson,"[{""product"":""Candle Vista 110"",""quantity"":1},{""product"":""Candle Orbit 674"",""quantity"":1},{""product"":""Vela Nova 753"",""quantity"":1},{""product"":""Candle Edge 392"",""quantity"":1},{""product"":""Candle Orbit 548"",""quantity"":1}]",7176.08,8.67,-37.795015,144.937457,5,6825.95,Autumn,False,2.1374,"i have worn vela core 867 for walks and commuting long enough to form a fairly settled opinion. it sits lightly on my wrist and the display is readable while moving between home, the station, and work. walking summaries are easy to review afterward, and notification previews save me from reaching for my phone whenever a message arrives. the vibration is noticeable without being distracting in a quiet office. pairing took a couple of attempts because i had to revisit the phone settings, but the connection has remained stable since then. the strap is not especially soft during very warm afternoons, which is the only recurring comfort issue i have noticed. otherwise the device has become a useful part of my routine, with sensible information and no unnecessary fuss.",True
CORD000246,CUS00419,2019-05-17,Thompson,"[{""product"":""Candle Lumen 220"",""quantity"":1},{""product"":""Vela Core 957"",""quantity"":1},{""product"":""Vela Halo 281"",""quantity"":1},{""product"":""Candle Flux 162"",""quantity"":1}]",5391.89,11.41,-37.85578,144.912948,0,5403.3,Autumn,False,5.6528,"candle shift 808 has improved wireless coverage around my home office. the signal reaches the back room more consistently, and calls remain stable while i move between rooms with a laptop. streaming in the evening has also been uneventful. the initial placement took two attempts because the first spot left a weak corner, but the indicators helped me find a better position. since then, the connection has stayed dependable and the unit has required little attention.",True
CORD000247,CUS00077,2019-07-01,Thompson,"[{""product"":""Vela Core 957"",""quantity"":1},{""product"":""Candle Shift 916"",""quantity"":2},{""product"":""Candle Flux 162"",""quantity"":2},{""product"":""Vela Halo 281"",""quantity"":1},{""product"":""Candle Lumen 220"",""quantity"":1}]",10169.72,25.61,-37.796335,144.918838,25,7652.9,Winter,True,3.0744,"candle flux 288 has been a useful step up from the simpler network equipment i used previously. my main needs were a separate guest network and a manageable way to keep track of household devices, and it handles both without making routine changes feel mysterious. compared with a basic connection box, the controls give me a clearer view of what is connected and make it easier to keep visitors on their own access route. the guest arrangement has been particularly convenient when people visit. i can provide access without folding every device into the main household setup, and the separation feels more orderly than changing one shared password. candle flux 288 also makes everyday management less tiring. i can recognise the devices i expect to see, notice when something has changed, and make small adjustments without searching through an overly complicated system. there are more advanced networking units available for someone managing a large or highly technical environment. for an ordinary home, that extra complexity would not necessarily improve the experience. candle flux 288 gives me enough control to keep the network organised while remaining approachable when i only need to check a setting. compared with my old equipment, it has reduced the amount of guesswork involved in guest access and device management. the connection has stayed steady, and the clearer administration is the feature i value most.",True
CORD000248,CUS00411,2019-10-04,Thompson,"[{""product"":""Candle Lumen 220"",""quantity"":1},{""product"":""Candle Orbit 548"",""quantity"":2},{""product"":""Candle Flux 162"",""quantity"":1},{""product"":""Candle Edge 932"",""quantity"":1}]",6592.3,22.96,-37.824596,144.911843,20,5296.8,Spring,True,3.3663,"i chose the vela atlas 719 for carrying a phone and small accessories between home, work, and several overnight trips. at first glance, the shape appeared compact, but the interior immediately felt poorly organised. the main compartment was narrow near the zip and wider at the opposite end, so the phone had to be pushed in at an angle. taking it out with one hand was awkward, particularly when i was standing in a station or reaching into a crowded bag. the first week exposed further problems. the inner divider folded down whenever the case was opened, allowing the charging lead to slide over the device. the zip also caught on the edge of the lining and needed to be pulled back before closing. nothing fell out when the case was left flat on a table, but that limited result did not help during travel. each time the bag was moved, i had to check whether the phone had shifted against the accessories. on a longer journey, the exterior picked up scuffs and the thin padding offered little confidence when the case was placed under other items. a small impact against a seat frame left a visible mark on the device cover inside. the vela atlas 719 did not split or lose its basic shape, yet that narrow fact is not enough for protective storage. the stiff walls took up more room than expected while still failing to cushion ordinary knocks. i also found the handle uncomfortable to hold when the case was loaded. it twisted toward the zip and pulled the contents sideways, making the case feel unstable while walking. support provided a generic cleaning suggestion and did not address the divider or padding. after thirty-two days, the case had become another source of worry rather than protection. the vela atlas 719 is frustrating for travel storage, and i regret choosing it for a device i carry every day.",False
CORD000249,CUS00354,2019-11-25,Nickolsen,"[{""product"":""Candle Edge 932"",""quantity"":2}]",2980.96,20.58,-37.849488,144.960191,25,2256.3,Spring,True,3.5321,"the vela atlas 755 has made room lighting easier to manage at home. i installed it for the main living area and now use the app when i want to switch the lights on before entering, turn them off after everyone has gone upstairs, or change the atmosphere without getting up. the first setup required patience while i worked through the pairing steps, but afterwards the controls were clear. commands have generally been carried out promptly, and the household has adapted to using the app without much explanation. it is especially handy when my hands are full or when i am already settled for the evening. i have noticed that the response can be slower when the network is busy, so i would not describe it as instant every time. the app also offers more choices than i regularly need, which makes the first few visits feel slightly crowded. even with those small limitations, the vela atlas 755 has been dependable over several weeks. its everyday convenience is more valuable than i expected, particularly for routines at the start and end of the day.",True
CORD000250,CUS00084,2019-07-11,Bakers,"[{""product"":""Candle Lumen 220"",""quantity"":1},{""product"":""Vela Halo 281"",""quantity"":1}]",4060.13,12.41,-37.784551,144.994433,25,3057.51,Winter,False,5.3302,"candle lumen 238 has made it easier to manage our guest network and keep track of the devices connected at home. creating separate access for visitors was uncomplicated, and the management screen presents the important controls without overwhelming me with technical language. i have checked connected devices several times and found the information helpful when identifying which household equipment was active. the network has remained steady during normal browsing, calls, and streaming, while visitors have been able to connect without needing repeated assistance. some less common settings are tucked away, so i spent a little time exploring before i knew where everything lived. once configured, though, the routine checks take very little effort. the unit has operated quietly and has not needed frequent attention during these sixteen days. candle lumen 238 has provided a reassuring level of visibility and control, making our shared network easier to organise without adding unnecessary daily work.",True
CORD000251,CUS00378,2019-07-01,Thompson,"[{""product"":""Candle Orbit 548"",""quantity"":1},{""product"":""Vela Halo 281"",""quantity"":1}]",786.81,16.37,-37.772772,144.878384,25,606.48,Winter,True,7.4907,"i have been using vela pulse 109 at my desk to position my phone during video calls, timers, and reference work. the adjustable arm lets me raise the screen to eye level, which reduces the constant bending and rearranging i used to do. once tightened, it stays in the chosen position even when i tap the phone, and the base feels secure on the desk. changing from portrait to landscape is uncomplicated, so i can adapt it for a call or a document quickly. it also leaves more open space around my keyboard than a loose stand would. the adjustment points need a firm hand when first set, but they have not loosened with repeated use. vela pulse 109 is a useful, solid accessory for an organised workstation.",True
CORD000252,CUS00163,2019-05-04,Nickolson,"[{""product"":""Candle Flux 162"",""quantity"":3}]",3180.87,10.26,-37.854218,144.954528,0,3191.13,Autumn,False,4.175,"vela pulse 181 has been particularly useful for organising travel and handling media while away from home. compared with my former phone, its larger, more comfortable view makes maps, reservations, and long messages easier to inspect. i have used it to compare routes, read travel information, listen to downloaded material, and take quick photographs, often within the same hour. switching between those activities feels smoother than it did on the older handset, which makes planning less tiring. the screen is bright enough for most indoor situations, and the shape gives me a secure grip when i am standing on a platform or walking with a bag. vela pulse 181 is not pocket-friendly in the way a very small phone would be, and one-handed typing can be awkward when i am moving. i accept that compromise because the larger display reduces squinting and makes a map much easier to follow. the speakers work well for casual media, though headphones remain preferable in public places. i also compared it with carrying a separate tablet. the phone cannot match a tablet for extended viewing, but it is much easier to keep available when plans change unexpectedly. during regular ownership it has remained responsive through navigation, browsing, and calls, and the battery has covered my normal travel day with sensible use. the 24-month warranty gives useful peace of mind. for travel planning and everyday media, vela pulse 181 offers a more versatile balance than my previous phone.",True
CORD000253,CUS00047,2019-07-16,Thompson,"[{""product"":""Vela Halo 281"",""quantity"":1},{""product"":""Candle Vista 110"",""quantity"":1},{""product"":""Candle Edge 932"",""quantity"":1}]",3837.81,29.02,-37.749354,144.938244,25,2907.38,Winter,False,7.0833,"i installed the candle shift 448 to improve coverage between rooms where the main connection had become inconsistent. compared with relying on the central router alone, it gives the back room a more usable signal, and ordinary browsing has been less interrupted since i positioned it near the middle of the house. the unit is small enough to avoid taking over the shelf, and moving it during setup was not difficult. for phones, casual streaming and routine work, the extended area has been a noticeable improvement over the previous weak spot. the result depends more on placement than i expected. when i put it too close to the room needing coverage, the benefit was limited, so finding a suitable position took several attempts. the connection is also not identical to being close to the main router; busy use in different rooms can still feel slower than the direct connection. my older extender had fewer settings and was quicker to understand, while the candle shift 448 provides more control but asks the user to pay attention during setup. once configured, i have not needed to change it often. the casing has remained cool and the connection has stayed present through normal household use. i cannot say whether it would suit a much larger home or heavy simultaneous traffic because my needs are moderate. the longer warranty is reassuring, although support has not been required. in comparison, this device is more effective than my old extender at filling the particular gap i had, but it is not a universal solution. its performance is acceptable when the layout and expectations are realistic.",True
CORD000254,CUS00011,2019-09-29,Bakers,"[{""product"":""Vela Halo 281"",""quantity"":1},{""product"":""Vela Core 957"",""quantity"":1},{""product"":""Candle Vista 110"",""quantity"":1},{""product"":""Vela Nova 753"",""quantity"":1}]",7022.41,13.23,-37.8568,145.062111,10,6333.4,Spring,False,7.8474,"candle flux 234 has been a welcome addition to our shared room because different people can enjoy music without complicated setup. pairing is quick, and the controls are visible enough that visitors can adjust playback without searching through an app. sound carries well at ordinary volume, with voices and instruments remaining distinct. we have used it during meals, weekend cleaning, and relaxed evenings, and it has handled the changes in listening position well. the bass is restrained, so anyone seeking a strong club-like effect may want something larger. for background music and spoken content, that balance is comfortable. the casing has also survived being moved between shelves without showing much wear. candle flux 234 has made shared playback easy to start and easy to hand over, which suits our household better than a complicated system.",True
CORD000255,CUS00328,2019-06-09,Thompson,"[{""product"":""Candle Edge 932"",""quantity"":1}]",1490.48,17.06,-37.756552,144.884794,5,1433.02,Winter,False,8.3002,"candle vista 902 has become part of my reading and study routine. text is sharp enough for long articles, and marking passages with the stylus feels natural once the palm setting is adjusted. i can write short handwritten notes beside a document, then return to them later without losing the context. the tablet is light enough to hold during a commute, while the case gives it a steadier angle on a desk. the handwriting area feels narrow when i am trying to write quickly, and the keyboard is better for brief entries than lengthy essays. those limits are easy to work around for my use. after several weeks, the device has remained responsive and the battery has supported repeated reading sessions. it is a thoughtfully practical tablet for annotation.",True
CORD000256,CUS00290,2019-10-10,Thompson,"[{""product"":""Candle Edge 392"",""quantity"":1},{""product"":""Candle Vista 110"",""quantity"":2},{""product"":""Candle Orbit 674"",""quantity"":1},{""product"":""Vela Halo 281"",""quantity"":1}]",4863.73,12.62,-37.873964,144.928036,10,4389.98,Spring,False,7.0172,"candle vista 164 has fitted into my desk routine better than the wired audio set i was using previously. i mainly use it while reading, writing, and sorting through long documents, so i value consistent wireless listening more than dramatic volume. the connection has remained steady around my workspace, and i can move away briefly without the sound dropping out in ordinary use. compared with my older wired option, this is less restrictive when i need to reach for a notebook or answer something across the room. the older set never needed charging, so it still has that advantage, but candle vista 164 is much less awkward during a busy afternoon. pairing was straightforward, and returning to it after a break has not required repeated fiddling. controls are easy to find once learned, though i occasionally press the wrong one when i am working quickly. the sound is well suited to speech, background music, and quieter playlists. voices remain distinct, and music does not become tiring during a long session. it is not the most forceful presentation for someone seeking heavy bass, but that is not what i bought it for. i also appreciate being able to listen without having a cable crossing the desk or catching on a chair. after several weeks, the comfort and dependable connection matter more to me than small differences in sound character. candle vista 164 has made focused work calmer and more convenient than my previous arrangement. its minor control learning curve is easy to accept, and i would choose it again for a home office listening routine.",True
CORD000257,CUS00125,2019-12-21,Nickolson,"[{""product"":""Candle Shift 916"",""quantity"":1},{""product"":""Vela Core 957"",""quantity"":1}]",2130.24,8.72,-37.826647,144.975383,25,1606.4,Summer,False,1.0315,"the candle orbit 566 suits casual gaming in our shared room because it does not require a large dedicated setup. i can connect it to the existing screen, start a short game, and put everything away when someone else needs the space. controls are responsive for the games we play, and the menus are easy for different family members to understand. multiplayer sessions have remained enjoyable without complicated preparation. the device becomes warm during longer use, and the supplied controls feel less comfortable after several hours, so we tend to play in shorter periods. that limitation fits our casual habits. the candle orbit 566 has added an accessible entertainment option to the room and has been simple enough for everyone here to use.",True
CORD000258,CUS00043,2019-11-16,Thompson,"[{""product"":""Vela Core 957"",""quantity"":2},{""product"":""Vela Halo 137"",""quantity"":1},{""product"":""Candle Orbit 674"",""quantity"":1},{""product"":""Candle Vista 110"",""quantity"":2}]",5260.07,13.07,-37.745018,144.961294,5,5010.14,Spring,False,7.6261,"candle flux 540 has handled my travel-based work with very little friction. i use it for preparing presentations, reviewing documents, joining meetings, and showing material to other people, and it remains responsive across that mix. the body is light enough to carry between locations without making my bag feel overloaded. its keyboard is comfortable for writing notes during a meeting, while the screen gives presentations a clean, readable appearance in ordinary rooms. starting work after a short break is quick, and the battery has generally covered a workday with moderate use. i have noticed the fan during longer periods of video calls, but it settles once that heavier activity ends. the ports are adequate for my usual accessories, although i carry a small adapter when visiting unfamiliar meeting rooms. after weeks of use, candle flux 540 feels like a well-balanced ultrabook: portable, capable, and dependable for the work i actually do.",True
CORD000259,CUS00178,2019-10-24,Thompson,"[{""product"":""Candle Orbit 674"",""quantity"":2},{""product"":""Vela Halo 281"",""quantity"":1}]",1178.86,9.74,-37.790319,144.967544,0,1188.6,Spring,False,3.0683,"vela core 849 has made video calls and desk work more comfortable in our shared workspace. i use it to hold a phone at a visible angle while taking notes, following a recipe or checking a message during a call. the base stays in place on my usual desk, and the support can be adjusted without forcing the device into an awkward position. when another person needs it, moving the stand takes only a moment, so it has become a shared item rather than something assigned to one desk. the finish has remained presentable after being carried between rooms, although dust collects around the adjustment points. it is designed for support rather than protection, and i would not rely on it to cushion a dropped device. that limitation is obvious from its simple construction. for hands-free use in a busy workspace, vela core 849 is a modest accessory that has delivered more daily value than i expected.",True
CORD000260,CUS00428,2019-04-27,Thompson,"[{""product"":""Candle Orbit 674"",""quantity"":1},{""product"":""Candle Edge 392"",""quantity"":1},{""product"":""Vela Halo 281"",""quantity"":2},{""product"":""Candle Flux 162"",""quantity"":1}]",2821.58,13.34,-37.844237,144.919234,10,2552.76,Autumn,False,4.2772,"i compared vela ridge 491 with the older phones used by the rest of my family. calls could be placed and messages could be sent, but shared use revealed too many irritating limitations. the screen became unresponsive during ordinary app switching, the camera application sometimes took several attempts to open, and notifications arrived in an uneven order. these are small failures individually, yet they made family communication feel uncertain and unnecessarily slow. the older phones had fewer visual effects, but they handled contact searches and message threads with less confusion. on vela ridge 491, the keyboard occasionally lagged behind typing, causing missing letters and repeated corrections. casual games also caused the handset to become warm and drain power quickly. the phone did not fail completely, so the basic calling function remains present; that is not enough for a device used throughout the day by several people. i compared indoor and outdoor use, and the display was difficult to read in bright surroundings. the body picked up scratches quickly despite careful handling, while the charging connection required a precise angle on some evenings. support suggested clearing applications and restarting the handset, but the same problems returned. vela ridge 491 is less dependable than the older phones it was meant to replace. its sluggish response and frustrating notification behaviour make it a poor choice for family communication, and i cannot recommend it.",False
CORD000261,CUS00220,2019-10-13,Bakers,"[{""product"":""Candle Edge 932"",""quantity"":1},{""product"":""Vela Nova 753"",""quantity"":1},{""product"":""Candle Edge 392"",""quantity"":1}]",6269.84,22.49,-37.84524,145.049299,5,5978.84,Spring,True,6.1569,"after five weeks with the candle lumen 670, i have a clearer sense of where it fits compared with the other portable computers i have used. it feels especially well suited to creative projects and media editing. i have moved between writing, image work, and video tasks without the machine becoming an obstacle, and the screen and compact shape make it easier to keep working away from my usual desk. it is not a workstation replacement for every demanding project, but as an ultrabook it gives a very satisfying balance of portability and capability. the biggest difference from my previous laptop is how naturally it handles a mixed day. i can review source material, arrange images, listen to reference audio, and join a meeting without constantly closing one task to make room for another. the keyboard has a comfortable layout, the trackpad responds consistently, and the chassis is light enough for a commute. i compared it with a bulkier machine in the same price range, and that model offered more physical heft while the candle was much easier to carry and set up in different rooms. the candle lumen 670 also feels thoughtfully finished. the hinge remains steady, the lid does not flex excessively, and the ports cover the everyday connections i normally need. candle’s warranty gives me additional confidence because this is equipment i expect to keep for a long time. my only small reservation is that the slim design leaves less room for later expansion than a larger laptop, so buyers with unusually demanding projects should consider their storage habits. for portable creative work, though, this has been a strong and versatile choice.",True
CORD000262,CUS00359,2019-05-11,Thompson,"[{""product"":""Vela Core 957"",""quantity"":1},{""product"":""Candle Edge 932"",""quantity"":1}]",1761.95,11.2,37.769186,144.920108,5,1685.05,Autumn,False,5.3847,"vela spark 819 has kept my mobile equipment organised during several trips and ordinary commutes. the case has enough structure to prevent loose items from being crushed in a bag, while the interior makes it easy to separate the device from its charging accessories. i can find what i need without emptying everything onto a table, which is especially helpful in shared transport or temporary workspaces. the outer material has handled being placed beside books and clothing without showing immediate wear. its shape takes up a little more room than a soft pouch, and the storage is not intended for every possible accessory. for the items it fits, however, vela spark 819 offers reassuring protection and a tidy way to carry them.",True
CORD000263,CUS00343,2019-01-07,Thompson,"[{""product"":""Candle Edge 392"",""quantity"":1},{""product"":""Candle Edge 932"",""quantity"":2}]",3356.71,22.63,-37.860974,144.903223,10,3043.67,Summer,True,6.6085,"the vela core 1011 has become my everyday phone for taking quick photographs, sending messages, and keeping up with family conversations. photos taken outdoors have good colour and enough detail for sharing, while indoor results are still usable when the room is reasonably bright. opening the camera and returning to messages feels quick, so i do not miss many spontaneous moments. the screen is comfortable for reading longer conversations, and the phone fits easily in one hand for short tasks. during several weeks of commuting, it has kept a steady connection and handled repeated messaging without unusual delays. the battery has covered my normal day, though heavy camera use means i prefer to recharge before an evening outing. a few small settings are tucked away more deeply than i expected, but i learned their locations quickly. i appreciate that the vela core 1011 feels balanced rather than focused on only one feature. its photography, messaging, and general handling have all worked well enough to make it a dependable part of my routine.",True
CORD000264,CUS00230,2019-04-18,Bakers,"[{""product"":""Vela Halo 281"",""quantity"":2},{""product"":""Candle Shift 916"",""quantity"":2},{""product"":""Candle Orbit 674"",""quantity"":1},{""product"":""Candle Orbit 548"",""quantity"":1},{""product"":""Candle Edge 932"",""quantity"":2}]",8340.11,11.27,-37.811736,145.057498,15,7100.36,Autumn,False,5.4734,"vela halo 965 has been a useful way to schedule a household power outlet without remembering the same task every day. compared with manually switching the outlet, the schedule removes a small chore from my evening routine. i use it for a lamp and occasionally for another low-demand household device, so the timing is simple and predictable. the device does not transform the whole home, but it gives one frequently used outlet a level of convenience that i notice whenever the schedule runs without my involvement. setting the timetable took some reading, although the process became clear after i understood the sequence of choices. once configured, vela halo 965 followed the planned on and off periods consistently. compared with a basic mechanical timer, the controls are more flexible when i want to change the routine for a different part of the week. i can also make a quick manual adjustment when needed, then return to the scheduled arrangement without starting over. the status information helps me see whether the outlet should currently be active. the main limitation is that it controls the outlet rather than understanding the behaviour of every appliance connected to it. i would not use it for equipment that should never be interrupted, and the first setup requires attention to safe placement and the device instructions. the unit also takes up some space beside the outlet, which may matter in a crowded area. compared with switching the lamp manually or using a less adaptable timer, vela halo 965 is a convenient improvement. after several weeks, its dependable schedule has made a small household routine easier, and i am pleased with the purchase.",True
CORD000265,CUS00297,2019-08-05,Bakers,"[{""product"":""Candle Flux 162"",""quantity"":1},{""product"":""Vela Core 957"",""quantity"":2},{""product"":""Vela Halo 137"",""quantity"":1}]",2363.12,15.05,-37.780131,145.051223,25,1787.39,Winter,False,5.9357,"vela atlas 971 has spent the last nineteen days handling the practical side of my workday: calls, calendar changes, reminders, and quick messages. i transferred my schedule during the first evening and used the phone the next morning for a full set of meetings. the calendar was easy to scan between calls, and i could move an appointment or add a note without losing track of the rest of the day. that made the phone feel useful immediately rather than requiring a long period of adjustment. outside work, i have used it for navigation, photographs, reading, and family video calls. voice conversations have remained clear in the places where i normally take them, and the device has moved smoothly between the calendar and other applications. i have carried it in a pocket and kept it on the desk during long periods of planning without finding it awkward. battery life has covered my usual day of calls and screen checks, with an overnight charge keeping the routine simple. the phone has not surprised me with crashes or interruptions during ordinary use. one-handed typing is not perfect for me, and i still need to reduce distractions when several appointments arrive together. those are habits i can manage. vela atlas 971 has given me a dependable centre for work communication and planning while remaining capable for everyday personal use. it feels responsive, practical, and well matched to the tasks that led me to buy it. after using it through busy and quiet days alike, i am pleased with the choice.",True
CORD000266,CUS00267,2019-11-07,Thompson,"[{""product"":""Candle Flux 162"",""quantity"":1},{""product"":""Vela Core 957"",""quantity"":1},{""product"":""Candle Orbit 548"",""quantity"":1},{""product"":""Candle Vista 110"",""quantity"":2},{""product"":""Candle Shift 916"",""quantity"":1}]",7079.78,12.78,-37.756578,144.905529,0,7092.56,Spring,False,7.2272,"vela atlas 197 has fitted into my daily routine more naturally than the wearable i tried before. i mainly use it for timekeeping and habit reminders, and those functions are presented without making me manage the device constantly. the previous wearable sent reminders in a way that felt intrusive, while this one is easier to notice and then dismiss when i am busy. i have kept using it because it supports small routines without taking over my attention. the display is readable during normal indoor use, and the controls became familiar after a short period. i can check the time quickly, review a reminder, and continue with whatever i was doing. its lighter feel is also preferable to my older device, which became uncomfortable by the end of a long day. the strap has remained secure during ordinary movement, although i would prefer a little more flexibility when adjusting it for different clothing. i do not use every available function, and some of the health-related information is more detailed than i need. battery performance has been consistent enough for my routine, but frequent interaction means charging becomes more regular. those are manageable limitations rather than reasons to stop wearing it. compared with the earlier wearable, vela atlas 197 is calmer, easier to read, and more practical for reminders and everyday timekeeping. it has become a quiet prompt for habits rather than another device demanding attention.",True
CORD000267,CUS00464,2019-11-04,Bakers,"[{""product"":""Candle Flux 162"",""quantity"":1},{""product"":""Candle Orbit 548"",""quantity"":3}]",1828.5,11.34,-37.849073,145.028948,15,1565.56,Spring,False,5.2582,"after using the vela nova 105 for a little over two weeks, i have settled into a routine with it and remain very pleased. i installed it in the main room and now reach for the app whenever i want to change the lighting without getting up. the controls respond promptly, and the room changes feel consistent from one use to the next. i enjoy setting the atmosphere before reading or winding down in the evening; the adjustment feels natural rather than gimmicky. the hardware fits neatly into the room, with a simple appearance that does not draw attention when switched off. setup was straightforward, and the instructions answered my questions without making the process feel drawn out. i have opened the app at different times of day and found the layout easy to follow when making a quick change. my only small reservation is that i sometimes need an extra moment to find the setting i want, but that has become familiar with practice. vela nova 105 has made everyday lighting more flexible, and it has earned a permanent place in my home.",True
CORD000268,CUS00384,2019-09-08,Thompson,"[{""product"":""Candle Orbit 548"",""quantity"":1},{""product"":""Vela Halo 137"",""quantity"":1}]",1015.96,15.6,-37.773126,144.875563,10,929.96,Spring,False,7.6692,"candle edge 302 handles plain reading, but annotation is where the trouble starts. handwritten notes often trail behind my pen, and small corrections can leave stray marks that take time to remove. after longer study sessions, the screen feels cramped for comparing a page with my notes. the tablet has enough battery for ordinary reading, yet the unreliable pen response makes serious annotation awkward. i regret buying it and cannot recommend it for study.",False
CORD000269,CUS00191,2019-04-23,Bakers,"[{""product"":""Candle Edge 392"",""quantity"":1},{""product"":""Candle Vista 110"",""quantity"":1},{""product"":""Candle Flux 162"",""quantity"":2}]",4312.92,10.42,-37.839888,145.027721,10,3892.05,Autumn,False,4.3807,"vela nova 123 has become a handy shared screen in our home. streaming starts quickly, photos are pleasant to view, and family members can use it without needing much instruction. the display remains clear from different seats, which helps during group viewing. the built-in sound is adequate rather than impressive, but the overall experience has been reliable and enjoyable.",True
CORD000270,CUS00176,2019-04-17,Bakers,"[{""product"":""Candle Vista 110"",""quantity"":1},{""product"":""Vela Halo 281"",""quantity"":1},{""product"":""Vela Core 957"",""quantity"":2},{""product"":""Candle Orbit 548"",""quantity"":3},{""product"":""Candle Edge 392"",""quantity"":1}]",4034.23,10.98,-37.782031,145.041334,5,3843.5,Autumn,False,5.1067,"i bought candle bloom 604 for commuting and have used it regularly on trains, walks and during household errands for the past two years. pairing was straightforward after the first charge, and the connection has generally stayed in place when my phone is in a pocket or bag. spoken content is the strongest part of the experience: voices sound distinct, podcasts remain intelligible over background noise, and the controls can be found without constantly checking the phone. music is enjoyable as well, though the presentation is more balanced than powerful and will not satisfy someone seeking heavy bass. the fit has stayed secure during normal walking, and the controls have survived being handled with gloves and hurriedly packed away. battery life has been sufficient for my usual routine, although i still charge before a long trip because the warning arrives sooner than expected. overall, candle bloom 604 has made commuting more comfortable and has remained a dependable everyday audio companion.",True
CORD000271,CUS00133,2019-12-05,Thompson,"[{""product"":""Vela Halo 281"",""quantity"":1}]",530.74,9.96,-37.828203,144.921914,0,540.7,Summer,False,2.8043,"i bought vela core 129 to stop my charging cables from spreading across the desk and have used it through several changes of routine. at first, putting the cables into place felt slightly awkward because the openings are firm and i had to work out which arrangement suited the different cable lengths. once set up, it kept the loose ends together and made the area beside my laptop look noticeably less cluttered. i could reach the cable i wanted without searching through a drawer, which was the main reason i chose this accessory. over time, the result has been mixed. the organisation works best when the cables stay in their usual positions. when i removed one cable for travel and returned it later, fitting it back into the same space took more effort than expected. a thicker charging lead also sat less neatly than a slimmer one, so the holder did not make every cable equally tidy. it has remained in place on the desk during ordinary use, and the material has not shown obvious damage after repeated handling. i have not needed the warranty or contacted support, so i cannot judge that part of the ownership experience. the most useful change is that i no longer pull several cables out of a drawer just to find one. that small convenience is clear during a busy morning, although the accessory is less helpful when my setup changes often. it is a straightforward piece of equipment rather than something that transforms the workspace. vela core 129 performs its basic organising role, but the firm slots and limited flexibility mean my impression remains balanced: worthwhile for a stable desk arrangement, with some fiddling required when cables are moved or replaced.",True
CORD000272,CUS00419,2019-01-19,Thompson,"[{""product"":""Candle Edge 392"",""quantity"":1},{""product"":""Candle Orbit 548"",""quantity"":2},{""product"":""Vela Core 957"",""quantity"":1}]",1159.36,11.96,-37.85578,144.912948,15,997.42,Summer,False,5.6528,"candle shift 808 has improved wireless coverage around my home office. the signal reaches the back room more consistently, and calls remain stable while i move between rooms with a laptop. streaming in the evening has also been uneventful. the initial placement took two attempts because the first spot left a weak corner, but the indicators helped me find a better position. since then, the connection has stayed dependable and the unit has required little attention.",True
CORD000273,CUS00453,2019-08-30,Nickolson,"[{""product"":""Candle Orbit 548"",""quantity"":1},{""product"":""Vela Core 957"",""quantity"":2},{""product"":""Candle Flux 162"",""quantity"":2},{""product"":""Candle Orbit 674"",""quantity"":2}]",3567.71,15.93,-37.879906,144.952797,10,3226.87,Winter,False,6.9744,"vela echo 853 has been used for shared films and television in our living room, where people often watch from different angles. the picture stays bright across the seating area, and dialogue is clear enough that nobody has needed to ask for frequent volume changes. starting a programme is quick, and the interface is simple enough for visitors and younger family members to navigate. we have also used it for short viewing sessions during the day, when the screen remains easy to see. the built-in sound is adequate rather than rich, so music and dramatic scenes would benefit from separate speakers. that limitation has not affected normal viewing. after regular use, vela echo 853 feels like a pleasant, low-effort addition to our evening routine.",True
CORD000274,CUS00231,2019-01-17,Thompson,"[{""product"":""Vela Nova 753"",""quantity"":1}]",4403.61,12.24,37.758346,144.941177,0,4415.85,Summer,False,6.063,"vela ridge 1031 has been dependable for travel planning, directions and watching media during breaks. the display is comfortable for reading, and moving between maps, messages and video does not feel cumbersome. it fits well in a pocket and is easy to use one-handed. the finish is slippery enough that i prefer a case, which is a small inconvenience. otherwise, it has been an excellent phone for my routine.",True
CORD000275,CUS00337,2019-09-15,Thompson,"[{""product"":""Candle Lumen 220"",""quantity"":1},{""product"":""Candle Shift 916"",""quantity"":1},{""product"":""Vela Halo 281"",""quantity"":1}]",5918.9,13.4,-37.766716,144.875839,15,5044.46,Spring,False,8.0803,"vela spark 207 has become part of my morning and evening routine because it records daily activity without demanding constant attention. the step information gives me a helpful reminder to move when i have spent too long at my desk, and the sleep tracking provides an interesting picture of how my nights differ. i find the display easy to check during a walk, while the band sits securely without becoming distracting. notifications arrive in a timely way and the controls are simple enough to use while i am moving. the charging routine is not difficult, although i have occasionally wished the remaining power were more visible at a glance. after established use, vela spark 207 feels like a practical and encouraging health wearable.",True
CORD000276,CUS00367,2019-02-08,Thompson,"[{""product"":""Candle Flux 162"",""quantity"":1},{""product"":""Candle Vista 110"",""quantity"":1}]",2876.88,21.28,-37.820116,144.894493,20,2322.78,Summer,True,4.6919,"vela wave 463 has become a convenient choice for music and spoken-content playback at home. voices remain distinct, playback begins promptly, and the controls are simple enough for different people to use. music sounds pleasant at ordinary room volume, although the system does not replace a larger speaker setup. that limitation is acceptable for background listening. it has made daily audio more enjoyable and sits neatly in the room.",True
CORD000277,CUS00456,2019-08-10,Thompson,"[{""product"":""Vela Halo 281"",""quantity"":1},{""product"":""Candle Edge 932"",""quantity"":2},{""product"":""Vela Halo 137"",""quantity"":1}]",4271.59,14.65,-37.821939,144.885926,15,3645.5,Winter,False,5.4688,"i placed vela ridge 1085 near the main entry and used it to watch door and window activity. the alerts have been useful when i am working in another room, and the application records enough recent activity to help me understand what happened. installation was manageable, although positioning the sensor took a little trial and error before the messages arrived consistently. most openings are reported promptly, but there have been occasional delays that make the system feel less immediate than a security-focused product. the alert sound is noticeable without being overwhelming, and the battery compartment is easy to access. i appreciate the simple purpose and have kept it in daily use. its coverage and timing are satisfactory for awareness around the house, but i would still check a door directly when it matters.",True
CORD000278,CUS00128,2019-02-03,Bakers,"[{""product"":""Vela Nova 753"",""quantity"":1},{""product"":""Vela Halo 281"",""quantity"":1}]",4934.35,10.66,-37.790718,145.030876,0,4945.01,Summer,False,3.7951,"vela pulse 127 gives me a quick, readable summary after exercise sessions. starting a workout is straightforward, and the display remains usable while i am moving. reviewing the results later takes little effort, which encourages me to keep a regular record. the strap feels somewhat firm, and small figures are difficult to read when i am tired. those details are minor, and the wearable has been a useful, encouraging part of my routine.",True
CORD000279,CUS00243,2019-08-09,Thompson,"[{""product"":""Vela Core 957"",""quantity"":1},{""product"":""Candle Edge 392"",""quantity"":1},{""product"":""Candle Orbit 674"",""quantity"":1}]",971.28,20.08,-37.74888,144.936542,25,748.54,Winter,False,7.1535,"we used vela spark 423 for shared film and television viewing, but the experience was marked by pauses, failed loading, and awkward controls. the home screen often took too long to appear, and selecting a program sometimes produced a blank screen before returning to the menu. during longer films, playback stopped several times and required restarting rather than continuing from the same point. different family members also found the remote confusing because the buttons were crowded and the response was delayed. the picture was visible when the stream held, but motion became uneven during busy scenes and subtitles occasionally appeared late. switching between profiles caused another pause, which made casual viewing feel unnecessarily difficult. a program could be started after enough patience, yet that basic success did not outweigh the repeated interruptions. vela spark 423 made family viewing frustrating and is not something i would choose again.",False
CORD000280,CUS00390,2019-03-05,Nickolson,"[{""product"":""Candle Orbit 548"",""quantity"":1},{""product"":""Candle Edge 392"",""quantity"":1},{""product"":""Vela Halo 281"",""quantity"":1},{""product"":""Candle Lumen 220"",""quantity"":1}]",4691.95,23.13,-37.877735,144.972164,20,3776.69,Autumn,True,6.5801,"i bought the vela core 471 mainly for work calls and calendar management, and it has performed well in both areas. calls connect quickly, voices remain clear in ordinary indoor use, and the microphone has been understood without people asking me to repeat myself. the calendar is simple to organise, with appointments easy to review while travelling between meetings. notifications arrive promptly, and i can move from an invitation to an email or message without the phone becoming sluggish. the screen is comfortable for reading schedules, while the size still fits easily in a pocket. battery life has covered my usual working day with room for evening messages, although frequent video use would require more attention to charging. i also like that the interface feels uncluttered rather than demanding constant adjustment. the camera is serviceable for quick documents but is not the reason to choose this model. for communication, planning, and everyday use, the vela core 471 has been a dependable and pleasantly uncomplicated phone.",True
CORD000281,CUS00447,2019-05-10,THOMPSON WH,"[{""product"":""Vela Core 957"",""quantity"":1},{""product"":""Candle Shift 916"",""quantity"":1},{""product"":""Candle Flux 162"",""quantity"":1}]",3190.53,12.34,-37.871661,144.924599,20,2564.76,Autumn,False,6.8495,"candle orbit 638 replaced a basic network unit that worked, but made guest access awkward. the new arrangement gives me a separate network for visitors and a clearer way to see the devices connected at home. i compared the setup process with the old unit, and the controls here are easier to follow when i want to change a password or check which household device is active. that extra visibility has made routine management less mysterious, especially when several phones and streaming devices are online together. i installed it in a shared living area and used it for ordinary browsing, television streaming, work calls, and a few visiting guests. connections have remained steady across the rooms i use most, and the guest network has kept visitors from needing access to the household settings. candle orbit 638 also makes it simple to pause or remove a device, which is more convenient than restarting the old unit whenever something behaved strangely. the first setup involved a few more steps than i expected, but the instructions were sensible and the process only needed to be done once. the older equipment offered fewer controls and occupied less visual space, so there is still a small trade-off. i also had to place candle orbit 638 carefully to keep its lights out of direct view at night. those are minor points beside the improved organisation. it is not aimed at someone managing a large office network, but for several shared household devices it provides a calm, practical balance. after more than a month, i am pleased with the coverage and especially with the guest-network separation.",True
CORD000282,CUS00430,2019-09-30,Nickolson,"[{""product"":""Candle Orbit 674"",""quantity"":1},{""product"":""Candle Orbit 548"",""quantity"":1}]",580.13,14.09,-37.86723,144.952688,0,594.22,Spring,False,5.607,"candle quest 534 has been disappointing in a shared room. it connected on some attempts but disappeared from the playback list after sitting unused. music then resumed with a harsh burst, which was unpleasant at moderate volume. the controls responded slowly, and changing tracks from across the room often failed. sound remained audible, but bass was weak and voices became sharp. the unreliable connection and poor control response make this speaker awkward for regular household listening.",True
CORD000283,CUS00318,2019-12-28,Bakers,"[{""product"":""Vela Halo 137"",""quantity"":1},{""product"":""Vela Halo 281"",""quantity"":1},{""product"":""Candle Orbit 674"",""quantity"":1}]",1614.69,12.89,-37.751556,144.96624,0,1627.58,Summer,False,6.9799,"i bought candle bloom 406 after spending too many evenings with a gaming accessory that looked impressive but became uncomfortable during longer sessions. the older setup had brighter lighting and a heavier frame, yet i was constantly adjusting it. candle bloom 406 is less showy and much easier to live with at a desktop. its controls stay within reach, the fit remains comfortable, and it does not make the desk feel crowded. during extended gaming, the most useful improvement is consistency. the connection has remained stable, and the controls respond without a noticeable pause. i can move from a competitive match to a slower game without changing the whole arrangement. sound and voice communication are clear enough for team play, while the physical design prevents the small pressure points that bothered me before. after several hours, i notice the session rather than the equipment, which is exactly what i wanted. i compared it with a smaller model that a friend uses. that one is easier to pack, but candle bloom 406 feels steadier on the desk and provides better support when i lean back. a more expensive option offered richer audio, although its software was more involved and occasionally distracting. candle bloom 406 has fewer fine adjustments, but i prefer its direct approach for regular use. the finish shows fingerprints, and the controls would benefit from more separation because two buttons are close together. neither issue has affected performance. it has handled everyday play, voice chats, and several long weekend sessions without a loose joint or unreliable connection. candle bloom 406 is not the flashiest choice, but compared with the equipment i have used before, it gives me the best combination of comfort, stability, and uncomplicated desktop gaming.",True
CORD000284,CUS00385,2019-02-23,Bakers,"[{""product"":""Candle Orbit 548"",""quantity"":1},{""product"":""Candle Edge 392"",""quantity"":2},{""product"":""Vela Halo 281"",""quantity"":1},{""product"":""Candle Flux 162"",""quantity"":1}]",2598.6,22.97,-37.754674,145.035595,5,2491.64,Summer,False,7.101,"candle arc 420 has handled my creative projects and media editing with encouraging consistency. i have used it for arranging images, trimming clips and keeping reference material open beside my work. the screen gives me enough room to see the timeline without constantly hiding other panels, and the keyboard is comfortable when i switch back to writing descriptions or planning notes. projects open promptly and ordinary edits remain responsive. exporting a larger piece makes the fan audible and the body warm, so i avoid placing it on soft furniture during longer sessions. that is expected for the workload and has not interrupted my progress. the lighter design is convenient when i take work to another room, though i pack it carefully. after seventeen days, candle arc 420 has proved versatile without feeling unnecessarily complicated. it supports both creative experimentation and routine writing, which makes it a useful all-round machine for my current projects.",True
CORD000285,CUS00377,2019-11-28,Nickolson,"[{""product"":""Candle Orbit 548"",""quantity"":1},{""product"":""Vela Nova 753"",""quantity"":1}]",4659.68,15.96,-37.887601,145.001203,10,4209.67,Spring,False,8.1608,"candle orbit 782 was bought for family learning and shared browsing, but sharing it has been more troublesome than expected. the tablet starts and opens ordinary pages, although switching between users is slow and the screen often remains on the previous activity longer than it should. during learning sessions, pages occasionally stalled, and returning to an earlier lesson required several unnecessary taps. the display attracts fingerprints quickly, while the speaker becomes harsh when several people are listening. battery performance has also been unreliable; a session that began with plenty of charge sometimes ended sooner than expected. i tried keeping fewer tabs open, but the sluggish response remained. after repeated use by different family members, the tablet feels poorly suited to a busy household. candle orbit 782 performs basic browsing, but the awkward sharing process and recurring delays make it frustrating to use. i regret buying it and cannot recommend it for family learning.",False
CORD000286,CUS00417,2019-07-03,Bakers,"[{""product"":""Candle Edge 392"",""quantity"":1},{""product"":""Candle Vista 110"",""quantity"":1}]",2192.34,24.2,37.820781,145.003707,0,2216.54,Winter,True,1.4115,"vela atlas 845 has made the morning and evening blind routines much less hands-on in our home. i spent some time positioning it and adjusting the schedules, but once those choices were made the daily operation became pleasantly consistent. the blinds respond without a long pause, and i can still use the physical control when i want to change things manually. it has been particularly useful on darker mornings, when the gradual routine is less abrupt than opening everything at once. the app interface is not especially exciting and i occasionally check that a schedule has saved, but i have not had a missed routine since the initial setup. the unit blends into the room rather than drawing attention to itself. after sixteen days, vela atlas 845 has proved reliable and convenient, with only a small learning curve at the beginning.",True
CORD000287,CUS00129,2019-01-09,Thompson,"[{""product"":""Candle Vista 110"",""quantity"":2},{""product"":""Candle Flux 162"",""quantity"":1},{""product"":""Candle Orbit 674"",""quantity"":1}]",5017.53,13.63,-37.766093,144.949569,10,4529.41,Summer,False,5.1841,"vela echo 745 moves blinds when controlled manually, but scheduled routines fail too often. the morning routine may start late, the curtain can stop halfway, and the app gives no useful warning. i changed the schedule and restarted the system, but the improvement lasted only briefly. manual control works, although relying on it defeats the automation. after several weeks, the unpredictable behaviour is frustrating and i cannot trust this device with regular blind routines.",False
CORD000288,CUS00479,2019-02-02,Bakers,"[{""product"":""Vela Halo 281"",""quantity"":2},{""product"":""Candle Edge 932"",""quantity"":2},{""product"":""Vela Core 957"",""quantity"":1}]",4313.91,12.92,-37.771348,145.0585,15,3679.74,Summer,False,7.0268,"our old network equipment had become the sort of thing nobody wanted to touch, so installing the candle lumen 868 was a relief. the instructions were readable and the initial connection took less time than expected. i placed it near the shared living area, connected the household devices one at a time, and soon had phones, a television, a laptop, and a small printer communicating without the usual arguments about which device had dropped out. what i noticed most over the following two weeks was the lack of drama. several people can be online at once while someone watches a film and another person joins a call. the connection has remained steady across the rooms we normally use, and the indicator lights are restrained rather than glaring at night. when i did need to check the settings, the arrangement was understandable enough that i did not have to keep returning to the manual. restarting after a brief household power interruption was also straightforward. the candle lumen 868 is not exciting equipment, but that is exactly what i wanted. it has made shared access feel ordinary again instead of something that needs daily troubleshooting. i have not tested it in a very large building, and its appearance is plain, but neither point matters in my home. with candle's 24-month warranty and dependable day-to-day behaviour, this has been a worthwhile improvement for a busy household.",True
CORD000289,CUS00306,2019-04-01,Thompson,"[{""product"":""Candle Edge 932"",""quantity"":1},{""product"":""Candle Edge 392"",""quantity"":1},{""product"":""Candle Flux 162"",""quantity"":2},{""product"":""Vela Core 957"",""quantity"":1}]",4258.28,7.33,-37.810815,144.942843,20,3413.95,Autumn,False,0.4249,"i moved to vela core 111 mainly for mobile photography and messaging, and the change from my previous phone has been rewarding. everyday photos look more balanced, especially when i am taking pictures indoors or in changing light. i do not need to spend as much time correcting images before sending them, and faces and ordinary household details remain recognizable without making every shot look artificial. messaging is quick, notifications arrive when expected, and the phone has handled a busy mixture of conversations, camera use and casual browsing without becoming troublesome. compared with my older handset, vela core 111 feels more responsive when moving between the camera and a message thread. the screen is comfortable for reading, and the phone is easy to carry without feeling fragile. i also compared its camera results with a family member's more basic phone; vela core 111 produced clearer images in dim rooms and focused more confidently on nearby subjects. battery performance has been suitable for my routine, though heavy camera use can still require a top-up before the end of a particularly busy day. that limitation is normal for the way i use it and has not changed my overall view. calls and messages remain the most important functions, and both have been steady. after several weeks, i appreciate that vela core 111 improves the parts of smartphone ownership i notice most often without introducing unnecessary complexity. it is a capable, polished replacement and a clear improvement over my previous device.",True
CORD000290,CUS00044,2019-08-19,Thompson,"[{""product"":""Candle Orbit 674"",""quantity"":1},{""product"":""Candle Lumen 220"",""quantity"":2},{""product"":""Vela Nova 753"",""quantity"":1},{""product"":""Vela Core 957"",""quantity"":1}]",12057.92,17.73,-37.746562,144.886132,0,12075.65,Winter,False,9.0951,"vela wave 841 has handled family communication and casual apps comfortably during my regular use. calls are clear in normal settings, messages arrive promptly, and moving between conversations, maps, and simple apps feels responsive. the screen is bright enough for reading and photos indoors, while the shape remains manageable in one hand for quick replies. i have also used it for video chats with relatives, and the connection has been steady when the network is available. battery life covers my usual day, although frequent video use means i need to charge sooner. the camera is perfectly adequate for family snapshots but does not replace a dedicated camera in difficult light. setup was easy, and the phone has remained pleasant to use after the initial transfer of my information. the casing has handled being carried in a pocket with keys without obvious marks. vela wave 841 is a sensible, dependable smartphone for communication and everyday apps.",True
CORD000291,CUS00417,2019-05-23,Bakers,"[{""product"":""Candle Orbit 674"",""quantity"":2},{""product"":""Vela Core 957"",""quantity"":1},{""product"":""Candle Flux 162"",""quantity"":1},{""product"":""Candle Orbit 548"",""quantity"":1}]",2235.95,8.1,-37.820781,145.003707,5,2132.25,Autumn,False,1.4115,"vela atlas 845 has made the morning and evening blind routines much less hands-on in our home. i spent some time positioning it and adjusting the schedules, but once those choices were made the daily operation became pleasantly consistent. the blinds respond without a long pause, and i can still use the physical control when i want to change things manually. it has been particularly useful on darker mornings, when the gradual routine is less abrupt than opening everything at once. the app interface is not especially exciting and i occasionally check that a schedule has saved, but i have not had a missed routine since the initial setup. the unit blends into the room rather than drawing attention to itself. after sixteen days, vela atlas 845 has proved reliable and convenient, with only a small learning curve at the beginning.",True
CORD000292,CUS00105,2019-01-21,Nickolson,"[{""product"":""Candle Edge 392"",""quantity"":1},{""product"":""Vela Core 957"",""quantity"":1},{""product"":""Vela Halo 137"",""quantity"":2}]",2167,12.07,-37.843879,144.980084,15,1854.02,Summer,False,2.9597,"i bought vela core 453 for shared film and television viewing in the living room. the display showed an image after setup, but arranging the device and finding the needed controls was awkward. the instructions were sparse, and the menus were frustrating to navigate when i tried to connect the usual services. a simple viewing session required too much searching and repeated button presses. once the household started using it, the picture frequently paused during longer programmes. sometimes playback resumed on its own, while other times i had to leave the programme and open it again. the sound could continue briefly after the image stopped, producing an irritating mismatch. vela core 453 was technically capable of displaying content, but its interruptions made the central use unreliable. the shared-room setting exposed further weaknesses. viewing from the side made parts of the image look dull, and the remote did not always register a press on the first attempt. when several people tried to adjust volume or pause a programme, the response became slow and confusing. we stopped using it for longer films because the repeated interruptions were more frustrating than entertaining. support recommended restarting the device and checking the connection, steps i had already tried. the faults returned during ordinary use, and no replacement arrangement was offered. vela core 453 can display a programme under favourable conditions, but that limited result does not offset the poor controls, uneven playback, and unreliable shared viewing. i regret the purchase and cannot recommend it.",False
CORD000293,CUS00414,2019-04-01,Bakers,"[{""product"":""Candle Shift 916"",""quantity"":2}]",3839.29,12.7,-37.753868,145.038451,15,3172.61,Autumn,False,7.306,"i added candle shift 538 because visitors were regularly asking for the main household network details, and i wanted a cleaner way to manage devices. the change was worthwhile. creating a separate guest network took a little reading during the initial setup, but the controls then made sense and i could see which devices were connected without searching through a long list. it has made visits less awkward because guests can connect while the devices used by my household remain separated. the network has supported phones, a television, a laptop, and several small household devices at the same time during ordinary evenings. i have not noticed interruptions when someone joins the guest connection, and the management screen gives enough information to understand what is happening. i particularly like being able to remove an old device without changing access for everyone else. that small detail has saved time on more than one occasion. the interface includes more options than i need, so it took a while to understand which settings mattered for my home. once configured, i rarely need to revisit them. the unit has also operated quietly and has not required frequent restarting. candle shift 538 is not an elaborate enterprise system, but for managing guest access and keeping track of household devices, it has been dependable and convenient. it has brought order to a part of my network that used to feel unnecessarily messy.",True
CORD000294,CUS00435,2019-09-28,Bakers,"[{""product"":""Vela Nova 753"",""quantity"":1},{""product"":""Vela Core 957"",""quantity"":1}]",4675.08,14.29,-37.843059,145.047432,15,3988.11,Spring,False,5.8767,"i compared candle arc 186 with the portable gaming device i had taken on earlier trips. its compact shape made it possible to carry in a small bag, and games did launch, but that was the end of the useful comparison. the controls felt cramped during longer sessions, with the shoulder buttons needing more pressure than expected. my older device was bulkier, yet my hands were less tense after an hour of play. travel use revealed inconsistent performance. battery power dropped quickly during demanding games, and the device became hot around the rear grip. on one journey it shut down while the charge indicator still showed a remaining level, forcing me to wait before trying again. loading screens also returned after brief pauses that did not occur on my previous handheld. these interruptions made it difficult to continue a game when there was limited access to power. the screen remained visible indoors, although reflections made it awkward to use near a window or under bright transport lighting. saving progress worked when the system stayed active, but i was never confident that a long session would finish without a freeze. i checked the charging lead and performed the available reset, with no lasting improvement. candle arc 186 is portable, but portability alone cannot excuse weak battery behavior, uncomfortable controls, and unreliable operation. compared with the device it replaced, it is a frustrating travel purchase.",False
CORD000295,CUS00281,2019-04-15,Bakers,"[{""product"":""Candle Shift 916"",""quantity"":1},{""product"":""Vela Core 957"",""quantity"":1},{""product"":""Candle Edge 932"",""quantity"":2}]",5111.2,11.05,-37.824708,145.051394,10,4611.13,Autumn,False,5.1975,"candle orbit 224 has been especially useful for online classes and video calls. voices come through clearly enough that i can follow a discussion without repeatedly asking people to speak up, and the microphone has given others a consistent impression of my voice. pairing took little time, and the connection has remained steady while i move around my desk. it is comfortable for a full lecture and does not press unpleasantly after extended use. music sounds balanced for casual listening, though the presentation is not especially powerful. the controls are small but become familiar quickly. over several months, i have used it for classes, work meetings, and occasional podcasts with few interruptions. candle orbit 224 is a practical audio device that reduces the strain of remote communication and performs its main job reliably.",True
CORD000296,CUS00339,2019-10-30,Thompson,"[{""product"":""Candle Vista 110"",""quantity"":2},{""product"":""Candle Orbit 548"",""quantity"":3},{""product"":""Vela Halo 281"",""quantity"":2}]",5462.87,8.95,-37.828932,144.937784,15,4652.39,Spring,False,1.9834,"vela spark 585 has been monitoring door and window activity for several weeks, mainly at the front entrance and a ground-floor window. the alerts arrive quickly enough to tell me when someone has come home or when a window was left open, and the activity history is helpful when i am trying to remember what happened earlier. installation was uncomplicated, although aligning the two parts took a few attempts before the status appeared correctly. the app offers more notification choices than i expected, so the first evening involved some adjustment to avoid receiving unnecessary updates. since then, it has required little attention. the alert sound on my phone is easy to miss when i am busy, which means i still check the history rather than relying on one notification. vela spark 585 has nevertheless added useful awareness to our routine without making the home feel over-automated.",True
CORD000297,CUS00362,2019-04-30,Bakers,"[{""product"":""Candle Edge 392"",""quantity"":1},{""product"":""Vela Halo 281"",""quantity"":1},{""product"":""Candle Orbit 548"",""quantity"":2},{""product"":""Candle Lumen 220"",""quantity"":1},{""product"":""Candle Vista 110"",""quantity"":1}]",6764.61,22.24,-37.807398,145.056964,10,6110.39,Autumn,True,5.4309,"vela wave 859 has improved the way i arrange devices on my desk. i bought it because i was tired of leaning a phone against books or moving it whenever i needed a different viewing angle. the first adjustment took a little patience, since i wanted the base and arm positioned neatly around my other equipment. once tightened, however, it held its position and gave me a clear place for the device during calls, reading, and following instructions while working. the useful part is the range of small adjustments. i can raise the screen, turn it towards me, or move it aside when i need the desk surface. vela wave 859 feels stable during ordinary tapping, and the base has not shifted during several weeks of daily use. i have also changed its position between a standing and seated arrangement without having to start over. the finish has picked up a few fingerprints, but it wipes clean easily and has not shown any serious marks. it is worth noting that the tightening mechanism is more deliberate than quick. if i want to make several large changes in succession, i have to loosen and retighten it instead of simply pushing the arm. that is a minor inconvenience, and the secure hold is more valuable in my use. the accessory has reduced desk clutter and made video calls more comfortable. vela wave 859 is a simple product, but it has solved an everyday positioning problem in a dependable way.",True
CORD000298,CUS00198,2019-04-03,Thompson,"[{""product"":""Candle Edge 392"",""quantity"":3},{""product"":""Vela Halo 281"",""quantity"":1}]",1657.99,21.78,-37.801475,144.893805,20,1348.17,Autumn,True,4.8422,"candle flux 756 is more suitable for my long desktop gaming sessions than the compact hardware i had before. the earlier setup was convenient for quick play, but after an hour i wanted more room and found myself adjusting the controls repeatedly. this equipment gives the session a more settled feel, with controls that remain responsive during extended play and a layout that is easy to find without looking away from the screen. i compared both arrangements over several evenings, using the same casual games and varying the session length. the biggest difference is comfort: candle flux 756 lets me keep my hands in a natural position for longer, and the equipment stays steady when the pace becomes more active. it also fits the desktop without forcing me to clear everything else away, which makes starting a session less of a project. the system handled repeated use without unexpected pauses, and returning to ordinary desktop work afterward was straightforward. the controls may feel more substantial than necessary for someone who only plays for a few minutes at a time, and the larger form takes more space than my old device. those trade-offs make sense for the use case. i have not treated it as professional competitive equipment, but for extended home gaming it gives a convincing balance of response and comfort. after seventeen days, candle flux 756 has replaced the previous setup for most sessions because it reduces physical fuss and keeps the experience enjoyable from the opening round to the last.",True
CORD000299,CUS00355,2019-07-13,Thompson,"[{""product"":""Vela Halo 137"",""quantity"":1},{""product"":""Vela Core 957"",""quantity"":1},{""product"":""Candle Flux 162"",""quantity"":1}]",2091.65,25.68,-37.809071,144.911503,15,1803.58,Winter,True,3.15,"the vela echo 943 is in our study, where i use it for small presentations and for displaying photos when family visits. the first setup involved arranging the room and deciding which folders should be visible, but the basic controls were soon familiar. photos look inviting on the screen, and visitors can stand nearby without needing a detailed explanation. for a short presentation, the display gives everyone a convenient place to look instead of gathering around a laptop. the device works best when the room is arranged around it. from an angle, some details are less easy to see, so i move chairs slightly when showing a group of people. changing from a presentation to a photo collection is uncomplicated once the relevant sources have been organised. i did spend time correcting the order of several images, since the display followed the file arrangement more literally than i expected. that was an organisational nuisance rather than a problem with the screen itself. after several weeks, i like having a dedicated display that can change roles without taking over the room. the vela echo 943 has made casual photo viewing more social, and it has been adequate for the presentations i give at home. it is not a replacement for a larger screen when the audience is spread widely, and the arrangement of content takes some care. my impression is therefore balanced: attractive and convenient for nearby viewing, with practical limits on distance and larger gatherings.",True
CORD000300,CUS00018,2019-06-15,Bakers,"[{""product"":""Candle Orbit 548"",""quantity"":1},{""product"":""Vela Core 957"",""quantity"":2},{""product"":""Candle Edge 392"",""quantity"":1},{""product"":""Candle Edge 932"",""quantity"":1},{""product"":""Vela Halo 137"",""quantity"":2}]",4185.02,26.34,-37.774977,145.001568,0,4211.36,Winter,True,3.9335,"vela spark 729 has made the cable drawer and my desk much less frustrating. i bought it to keep charging leads from becoming a tangled bundle, and the separate spaces make it simple to identify the cable i need. it works for the leads used by my phone, tablet, and headphones, while the compact shape fits neatly beside my work bag. the material feels firm enough for everyday handling, and the organiser has not shifted around whenever i pick up one cable. i have moved it between a desk and a bedside table without the compartments losing their shape. it is not designed to hold every oversized adapter, so i still keep larger power accessories elsewhere, but that is easy to accommodate. after regular use, vela spark 729 has proved practical, tidy, and pleasantly uncomplicated, with a clear benefit for anyone who dislikes searching through loose charging cables.",True
CORD000301,CUS00438,2019-10-30,Bakers,"[{""product"":""Candle Orbit 548"",""quantity"":1}]",256.07,25.19,-37.844853,145.05357,25,217.24,Spring,True,6.4246,"vela echo 169 was bought for protective storage during travel, but the case feels too weak for that job. the outer material bends easily, and the closure opened inside my bag when other items pressed against it. the interior space is awkwardly shaped, leaving a phone or small device loose rather than held securely. a cable placed beside the device also pushed against the closure and made it difficult to shut. after several trips the edges showed marks, while the lining collected dust and offered little cushioning. the case can hold an item when left undisturbed, but that basic function does not amount to dependable protection. i became more concerned about damage each time the bag was moved. vela echo 169 has been disappointing for travel storage and is not an accessory i can trust.",False
CORD000302,CUS00008,2019-04-22,Nickolson,"[{""product"":""Vela Core 957"",""quantity"":2},{""product"":""Vela Halo 281"",""quantity"":1},{""product"":""Candle Flux 162"",""quantity"":1}]",2133.97,22.28,-37.860892,145.001684,10,1942.85,Autumn,True,5.4847,"candle shift 610 has fitted neatly into my study routine. i use it for reading research, taking notes, drafting assignments, and keeping several reference pages available at once. compared with working only from a tablet, the keyboard makes longer writing less tiring and switching between sources feels more natural. compared with a heavier general-purpose laptop, this one is easier to carry between the library, a desk, and the kitchen table when i want a change of setting. the strongest difference is how little preparation it needs for ordinary study. i can open it, find my notes, and begin without rearranging the workspace. the keyboard has enough travel for sustained typing, and the screen has been comfortable for text-heavy work. i would not choose candle shift 610 for demanding creative software or intensive gaming, since that is not the role it seems designed to fill. for research and note taking, its focused character is an advantage rather than a weakness. over two weeks i compared it with my older computer for seminars, reading sessions, and evening writing. the newer device felt more manageable on a crowded desk, and moving it around did not become a chore. i also liked being able to keep notes beside a document without feeling that the display was too cramped. the only limitation i noticed is that the compact design leaves less room for a very large collection of accessories, but that has not affected my normal work. candle shift 610 is a sensible study companion: more capable for writing than a tablet and less cumbersome than the bulky laptop it replaced.",True
CORD000303,CUS00091,2019-04-06,Bakers,"[{""product"":""Candle Orbit 674"",""quantity"":1},{""product"":""Vela Core 957"",""quantity"":1},{""product"":""Candle Edge 392"",""quantity"":3}]",1722.78,16.65,-37.742814,145.042125,20,1394.87,Autumn,False,8.5318,"i compared vela wave 355 with a simple wall switch while using it to control the lights in a shared room. app control sounds convenient, but the daily routine became more troublesome than expected. the application often took several seconds to show the current state, and pressing the control again during that delay sometimes produced the opposite result. the wall switch is less flexible, yet it responds immediately and does not leave anyone guessing about the lights. shared use exposed further weaknesses. other people in the room had trouble finding the correct control, and the account setup was awkward when a second phone needed access. after the home network briefly changed, vela wave 355 stopped responding until it was added again. this was particularly irritating at night when the light had been turned off remotely and could not be restored from the app. the status display also lagged behind the actual room, making troubleshooting difficult. the comparison is poor for ordinary lighting. vela wave 355 can switch a lamp when the connection is behaving, but that limited function does not compensate for delayed commands, confusing status information, and repeated setup work. the shared workspace needs a control that people can use without explanation. after several weeks, the device felt like another source of maintenance rather than a dependable improvement, and i would avoid relying on it for the main room.",False
CORD000304,CUS00456,2019-06-03,Thompson,"[{""product"":""Vela Halo 137"",""quantity"":1},{""product"":""Vela Nova 753"",""quantity"":1},{""product"":""Vela Halo 281"",""quantity"":1},{""product"":""Candle Orbit 548"",""quantity"":2}]",6206.38,14.65,-37.821939,144.885926,25,4669.43,Winter,False,5.4688,"i placed vela ridge 1085 near the main entry and used it to watch door and window activity. the alerts have been useful when i am working in another room, and the application records enough recent activity to help me understand what happened. installation was manageable, although positioning the sensor took a little trial and error before the messages arrived consistently. most openings are reported promptly, but there have been occasional delays that make the system feel less immediate than a security-focused product. the alert sound is noticeable without being overwhelming, and the battery compartment is easy to access. i appreciate the simple purpose and have kept it in daily use. its coverage and timing are satisfactory for awareness around the house, but i would still check a door directly when it matters.",True
CORD000305,CUS00055,2019-03-21,Bakers,"[{""product"":""Vela Halo 281"",""quantity"":1},{""product"":""Candle Orbit 548"",""quantity"":1},{""product"":""Candle Flux 162"",""quantity"":2}]",2907.39,9.4,-37.784681,144.98092,15,2480.68,Autumn,False,3.083,"vela spark 279 solved an untidy problem that i had tolerated for far too long. my charging cables used to collect in a drawer, become tangled, and then turn up in the wrong bag. this organiser gives each cable a more definite place, so preparing for work or travel takes less searching. compared with the simple pouch i used before, it is easier to see what is stored and easier to return everything after use. the improvement is most apparent when i am packing quickly. i can keep the cables together without wrapping them into a tight knot, and the organiser does not take up much room beside other mobile accessories. at home it has stopped the charging area from becoming a loose pile. the materials feel sufficiently sturdy for ordinary handling, and after repeated opening and closing it has not become difficult to use. vela spark 279 is not exciting technology, but it removes a small source of daily irritation. there are limits to the compact design. a particularly bulky cable or a larger charging block needs to be carried separately, and filling every space can make the organiser less flexible. i also had to change my habit of dropping everything into one pocket. once that adjustment was made, the comparison with my old pouch was clear: the pouch stored cables, while vela spark 279 helps me keep them organised. it is a modest purchase, yet it has made travel preparation and everyday charging noticeably more orderly.",True
CORD000306,CUS00069,2019-01-22,Thompson,"[{""product"":""Candle Edge 392"",""quantity"":1},{""product"":""Vela Halo 281"",""quantity"":1}]",906.49,21.07,-37.844288,144.917313,5,882.24,Summer,True,4.3804,"candle flux 792 has become my regular tablet for quick sketches, annotations, and small creative tasks. the display is comfortable to work on, and the pen response feels natural once the settings are adjusted. it is light enough to move between rooms and wakes promptly when an idea occurs. larger projects would benefit from more workspace, but for drawing and lightweight editing it has been a genuinely useful purchase.",True
CORD000307,CUS00313,2019-01-16,Nickolson,"[{""product"":""Candle Orbit 548"",""quantity"":1},{""product"":""Candle Flux 162"",""quantity"":1},{""product"":""Candle Lumen 220"",""quantity"":1},{""product"":""Candle Vista 110"",""quantity"":1}]",6662.34,13.61,-37.886412,145.000254,15,5676.6,Summer,False,8.0082,"the candle flux 720 has handled my creative projects and media editing with encouraging consistency. i have used it for arranging images, reviewing video clips, and preparing written material, and the workflow has remained responsive during normal sessions. moving between source files and editing tools feels smooth, which has helped me keep ideas moving instead of waiting through frequent pauses. the screen gives me enough room to inspect details without making the machine feel cumbersome to carry. i also appreciate how well it transitions from project work to ordinary browsing and communication. the keyboard is comfortable for notes, and the portable design means i can change rooms when i need a different working environment. extended editing can make the underside warm, so i use a firm surface rather than my lap. that is a manageable compromise. candle flux 720 has proved versatile, creative work feels less interrupted, and i am satisfied with the purchase.",True
CORD000308,CUS00330,2019-08-01,Thompson,"[{""product"":""Candle Flux 162"",""quantity"":1},{""product"":""Vela Core 957"",""quantity"":1}]",1331.76,24.26,-37.818503,144.931889,5,1289.43,Winter,True,1.4827,"vela nova 537 has been useful during the last seventeen days because it lets me notice calendar alerts and short messages without reaching for my phone. pairing took little effort, and alerts have appeared promptly during commutes, meetings and household tasks. the display is readable at a glance, while the vibration is noticeable without being intrusive. i have found the quick message checks especially handy when my phone is in a bag, although longer replies still belong on the phone itself. the band has stayed comfortable through ordinary daytime wear and has not shifted much while i was walking. battery use has matched my expectations, with no need to interrupt the day for constant charging. the design is discreet enough for work and casual clothes, and the controls have behaved consistently. vela nova 537 offers a focused set of conveniences rather than a crowded collection of features, which is exactly why i keep reaching for it.",True
CORD000309,CUS00220,2019-06-05,Bakers,"[{""product"":""Vela Core 957"",""quantity"":1},{""product"":""Candle Edge 392"",""quantity"":2},{""product"":""Vela Halo 281"",""quantity"":2},{""product"":""Candle Orbit 674"",""quantity"":1}]",2408.51,15.23,-37.84524,145.049299,5,2303.31,Winter,False,6.1569,"after five weeks with the candle lumen 670, i have a clearer sense of where it fits compared with the other portable computers i have used. it feels especially well suited to creative projects and media editing. i have moved between writing, image work, and video tasks without the machine becoming an obstacle, and the screen and compact shape make it easier to keep working away from my usual desk. it is not a workstation replacement for every demanding project, but as an ultrabook it gives a very satisfying balance of portability and capability. the biggest difference from my previous laptop is how naturally it handles a mixed day. i can review source material, arrange images, listen to reference audio, and join a meeting without constantly closing one task to make room for another. the keyboard has a comfortable layout, the trackpad responds consistently, and the chassis is light enough for a commute. i compared it with a bulkier machine in the same price range, and that model offered more physical heft while the candle was much easier to carry and set up in different rooms. the candle lumen 670 also feels thoughtfully finished. the hinge remains steady, the lid does not flex excessively, and the ports cover the everyday connections i normally need. candle’s warranty gives me additional confidence because this is equipment i expect to keep for a long time. my only small reservation is that the slim design leaves less room for later expansion than a larger laptop, so buyers with unusually demanding projects should consider their storage habits. for portable creative work, though, this has been a strong and versatile choice.",True
CORD000310,CUS00042,2019-09-04,Baker's,"[{""product"":""Vela Nova 753"",""quantity"":1},{""product"":""Vela Core 957"",""quantity"":1},{""product"":""Vela Halo 137"",""quantity"":1},{""product"":""Candle Flux 162"",""quantity"":1}]",6495.26,10.49,-37.782145,145.025649,5,6180.99,Spring,False,4.0907,"vela nova 375 has given me a convenient way to check temperature and humidity around the house. i glance at the app before opening windows or adjusting the room, and the readings have remained consistent enough for those everyday decisions. the display takes a moment to refresh after moving between screens, but it has not caused a practical problem. after 39 days, this is a helpful little part of my home routine.",True
CORD000311,CUS00401,2019-04-30,Bakers,"[{""product"":""Vela Halo 137"",""quantity"":1},{""product"":""Candle Flux 162"",""quantity"":1}]",1820.18,13.3,-37.837116,145.028932,20,1469.44,Autumn,False,4.2256,"i carried candle quest 336 on several trips for portable gaming and compared it with an older handheld device. the newer unit was not as convenient as its smaller appearance suggested. it felt heavy after being held for a while, and the edges pressed into my palms during longer sessions. the controls were positioned awkwardly, forcing my thumbs into a cramped angle. the older handheld was less powerful in appearance but caused much less strain. travel use exposed problems with the screen. reflections made dark scenes difficult to see, especially near a window or under bright room lighting. the viewing angle was narrow, so changing position meant losing detail. sound from the built-in speakers was thin and became harsh when background noise increased. headphone use reduced that problem, but adding another item to carry weakened the supposed convenience of the portable design. battery life was inconsistent across trips. short play sessions were possible, yet the remaining charge dropped sharply during demanding games. the indicator did not give me enough confidence to leave the charger behind. charging during travel was awkward because the connection was easily disturbed when the device rested in a bag or on a small table. a game could be launched and played at a basic level, but interruptions made the experience frustrating. candle quest 336 is portable in the narrow sense that it can be carried, but the comparison reveals poor ergonomics, weak visibility and unreliable endurance. the older handheld remains easier to use during journeys. after 32 days, i regret choosing this model and would avoid it for travel gaming, particularly when long sessions are expected.",False
CORD000312,CUS00238,2019-08-30,Thompson,"[{""product"":""Vela Halo 281"",""quantity"":2},{""product"":""Candle Orbit 674"",""quantity"":1},{""product"":""Candle Edge 392"",""quantity"":1},{""product"":""Candle Flux 162"",""quantity"":1},{""product"":""Candle Vista 110"",""quantity"":1}]",4675.42,15.71,-37.866649,144.912773,15,3958.15,Winter,False,6.7151,"vela echo 133 has found a place in our living room as the screen we use for casual gaming when we want to play together without setting up a separate desk. during the first few days we tried short sessions, then gradually played for longer stretches once we understood the controls and the best seating positions. the display has handled that change well and has made ordinary evenings feel more social. games look bright and lively, with enough detail to make the action easy to follow from the sofa. movement stays smooth during the types of games we play, and i have not noticed distracting delays between an input and the result on screen. that responsiveness matters more than having an elaborate setup for us. we can pick up the controllers, switch to the appropriate source, and begin without spending the first part of the evening troubleshooting. the screen is large enough for two or three people to watch comfortably, and people sitting at an angle can still see what is happening. the built-in sound is adequate for game effects and conversation, while a separate speaker can be used when we want more atmosphere. between sessions, vela echo 133 works perfectly well for ordinary television, so it does not feel like equipment reserved for one narrow activity. its frame is unobtrusive, and the stand has stayed steady while people move around the cabinet. there was a short adjustment period with the remote because a few controls are arranged differently from the screen we replaced. once that became familiar, changing sources was quick. i also find that the picture needs a small brightness adjustment depending on the time of day, but that is easy to manage. after two weeks, vela echo 133 has delivered enjoyable shared gaming and has been flexible enough to support the rest of our living-room viewing, which is exactly what i wanted.",True
CORD000313,CUS00394,2019-02-20,Thompson,"[{""product"":""Candle Orbit 548"",""quantity"":1}]",256.07,23.27,-37.776449,144.920223,5,358.04,Summer,True,4.6678,"the candle bloom 784 was placed in a shared room for music playback, but the connection and sound have been inconsistent. different phones require repeated pairing, and one device can interrupt another without a clear warning. playback is audible near the unit, although the sound becomes weak across the room and voices are difficult to distinguish in busy tracks. volume changes are delayed, so people often press the control more than once and then receive several commands together. the casing also feels light and easy to knock from its position. it can play a song when paired correctly, but that basic function is not enough for shared use. the interruptions and poor control response are frustrating. i cannot recommend the candle bloom 784.",False
CORD000314,CUS00371,2019-07-20,Bakers,"[{""product"":""Candle Lumen 220"",""quantity"":1},{""product"":""Vela Nova 753"",""quantity"":1},{""product"":""Candle Vista 110"",""quantity"":1}]",9749.59,14.6,-37.830835,145.050884,10,8789.23,Winter,False,5.4097,"vela core 561 has handled family messages, casual apps, and everyday calls without trouble. apps open promptly, the display remains readable outdoors, and photos are more than adequate for quick family moments. the phone feels slightly tall in a small hand, but the weight is manageable. battery use has been consistent through a normal day. it is a capable, uncomplicated phone that has fitted my routine well.",True
CORD000315,CUS00035,2019-08-06,Thompson,"[{""product"":""Vela Halo 137"",""quantity"":1},{""product"":""Candle Flux 162"",""quantity"":1},{""product"":""Vela Halo 281"",""quantity"":1},{""product"":""Candle Shift 916"",""quantity"":2}]",6068.46,33.58,-37.756626,144.894838,25,4584.93,Winter,True,7.74,"the vela spark 927 was purchased to give me a record of exercise sessions without needing to carry my phone. at first, the pairing process seemed manageable, although the instructions left out enough detail that i had to try several times before the wearable appeared in the companion application. the strap was not especially awkward, but the device did not inspire confidence from the beginning. the main problem appeared after a few walks and indoor exercise sessions. the vela spark 927 often recorded that a session had started, then produced a summary with missing sections or an unexpectedly short duration. on one occasion, the session disappeared entirely after synchronisation. another time, the summary remained on the wearable but failed to transfer until i restarted both devices. these were not isolated annoyances because they continued throughout the ownership period. the display can show basic information, yet moving through the screens during exercise is frustrating. a swipe is sometimes ignored, and repeated attempts make it difficult to check anything while moving. the device also shifted on my wrist during faster activity, leaving me uncertain whether the recorded result represented the session at all. battery performance became another concern because it needed charging sooner than expected after several recorded activities. i cannot say that every function fails. it displays the time and occasionally produces a complete summary, but that basic operation does not compensate for missing records and unreliable syncing. the vela spark 927 turned exercise tracking into another task to monitor. after several weeks, i stopped trusting its summaries and cannot recommend it for anyone who needs consistent records.",False
CORD000316,CUS00233,2019-12-04,THOMPSON WH,"[{""product"":""Vela Nova 753"",""quantity"":1},{""product"":""Candle Flux 162"",""quantity"":1},{""product"":""Candle Orbit 548"",""quantity"":1},{""product"":""Vela Core 957"",""quantity"":1}]",5991.44,12.63,-37.786211,144.879558,10,5404.93,Summer,False,6.6214,"vela ridge 959 replaced a fixed stand that forced my phone into one position beside the monitor. the old stand was acceptable for checking messages, but it became awkward when i needed to view a call, follow a recipe, or share a screen with someone sitting at a different angle. adjustable positioning has made the phone fit the task instead of making the task fit the stand. the mount is especially useful during desk work. i can raise the phone, turn it toward me, or move it aside without picking up the whole base. compared with my previous stand, vela ridge 959 gives me a better view during calls and leaves more room for papers and a keyboard. the adjustment points have remained firm during regular use, while still allowing deliberate repositioning when i change activities. i have used it with the phone in portrait and landscape positions, with a case fitted, and at different points on the desk. it has handled those variations without feeling precarious. the base occupies some space, so it is not ideal for a very small surface, and i would not treat it as a travel accessory. at a permanent work area, however, that footprint is a fair exchange for the range of positions. a basic stand is cheaper and takes up less room, but vela ridge 959 offers noticeably more control. it has improved calls, viewing, and quick reference tasks without adding much effort. after several weeks, i prefer its adjustable design to the rigid holder i used before and consider it a useful upgrade for my desk.",True
CORD000317,CUS00487,2019-08-29,Bakers,"[{""product"":""Vela Halo 281"",""quantity"":1}]",530.74,20.81,-37.747551,145.040624,15,471.94,Winter,False,8.008,"i bought the vela nova 249 for a shared desk where i needed my phone held up during calls and reference work. compared with the plain weighted stand i had before, this accessory takes less room, but the trade-off is a flimsy, awkward feel. the support arm shifts when i tap the screen, and the base slides across a smooth desk unless i keep one hand on it. that makes the supposedly hands-free arrangement frustrating rather than practical. for the first week i tried several positions beside my keyboard and monitor. the hinge can be moved and the phone stays in the cradle, yet the range is narrow enough that small changes in viewing angle become a nuisance. a thicker case also makes the fit tight, so i had to remove it before placing the phone inside. compared with a wider stand, the vela nova 249 leaves less room for adjustment and feels poorly suited to a busy shared workspace. cables are another problem: the opening is cramped, and a charging lead bends against the side instead of hanging naturally. after repeated use, the plastic joints have become looser and the arm droops under ordinary handling. nothing here requires complicated setup, but that is about the only unremarkable aspect; the holder does retain the device when left untouched. in practice, people moving around the desk or brushing the surface can disturb the position, which defeats the purpose of buying it. the compact shape is less intrusive than a large stand, but the weak grip and awkward adjustments are more irritating than that saving is worth. i regret choosing it over a sturdier alternative and cannot recommend the vela nova 249.",False
CORD000318,CUS00354,2019-03-23,Nickolson,"[{""product"":""Candle Flux 162"",""quantity"":1},{""product"":""Vela Core 957"",""quantity"":1},{""product"":""Vela Halo 281"",""quantity"":2},{""product"":""Candle Edge 392"",""quantity"":1}]",2768.99,9.76,-37.849488,144.960191,20,2224.95,Autumn,False,3.5321,"the vela atlas 755 has made room lighting easier to manage at home. i installed it for the main living area and now use the app when i want to switch the lights on before entering, turn them off after everyone has gone upstairs, or change the atmosphere without getting up. the first setup required patience while i worked through the pairing steps, but afterwards the controls were clear. commands have generally been carried out promptly, and the household has adapted to using the app without much explanation. it is especially handy when my hands are full or when i am already settled for the evening. i have noticed that the response can be slower when the network is busy, so i would not describe it as instant every time. the app also offers more choices than i regularly need, which makes the first few visits feel slightly crowded. even with those small limitations, the vela atlas 755 has been dependable over several weeks. its everyday convenience is more valuable than i expected, particularly for routines at the start and end of the day.",True
CORD000319,CUS00433,2019-09-02,Bakers,"[{""product"":""Candle Orbit 548"",""quantity"":1},{""product"":""Candle Vista 110"",""quantity"":1}]",2072.66,12.7,-37.868003,145.02977,10,1878.09,Spring,False,7.1276,"vela echo 133 has been used in our living room for casual games when friends or family visit. the large shared view makes it easy for people on different seats to follow the action, and the controls are simple enough that new players join quickly. the device is quiet during a normal session, so it does not dominate the room. for short games after dinner, the arrangement has been more inviting than our previous small-screen setup. compared with the older display and gaming unit, vela echo 133 feels better suited to a group. people can see the screen without leaning forward, and changing the player is straightforward. the older setup starts a little faster and has a more familiar menu, while vela echo 133 looks cleaner once the game is running. someone who mostly plays alone may not notice much benefit from the larger shared presentation, but our household has used that advantage repeatedly. there is a pause when moving from one activity to another, and the delay is more noticeable when several commands are made quickly. the built-in sound works for casual play but lacks fullness for films or music. i have also found the controls less comfortable after a long session, although short sessions cause no issue. vela echo 133 is neither a major disappointment nor a complete replacement for more dedicated equipment. it improves social play and visibility, while slower transitions and ordinary sound keep the overall result balanced.",True
CORD000320,CUS00050,2019-03-23,Thompson,"[{""product"":""Candle Vista 110"",""quantity"":2},{""product"":""Candle Flux 162"",""quantity"":1},{""product"":""Candle Orbit 548"",""quantity"":1},{""product"":""Candle Edge 392"",""quantity"":1}]",5325.29,12.46,-37.752038,144.925886,5,5071.49,Autumn,False,6.9946,"vela nova 123 has made family viewing less awkward than it was with our previous display. we have used it for films, television programmes, and shorter clips, and the main difference is how readily everyone can join in. the picture is easy to see from the side of the room, and the interface is clear enough for different family members to browse without asking for help. our old display worked, but its menus felt slow and individual streaming choices often turned into a small argument about who was controlling it. the sound is suitable for ordinary evening viewing, with voices remaining understandable when the room is occupied. i would still use separate equipment for a more serious cinema experience, but that is not what we needed. vela nova 123 handles the everyday job with less fuss. switching between services is straightforward, and the remote has not caused the repeated confusion that came with the older unit. the screen also wakes promptly when we settle down for a programme, so there is less waiting before everyone can watch. the one limitation is that the built-in options do not remove every reason to use another device. a few less common services are more convenient from a separate player, and the screen can feel rather large when viewed from close up. those are manageable points in our room. compared with the display it replaced, vela nova 123 is more welcoming for shared film and television sessions, and it has become the screen the household reaches for first.",True
CORD000321,CUS00004,2019-02-28,Nickolson,"[{""product"":""Candle Edge 392"",""quantity"":1},{""product"":""Candle Orbit 548"",""quantity"":1},{""product"":""Vela Nova 753"",""quantity"":2},{""product"":""Vela Halo 137"",""quantity"":1}]",10198.93,14.18,-37.871945,144.976639,15,8726.52,Summer,False,5.9648,"candle arc 996 has been disappointing for game streaming and media capture. the preview appears, but recording becomes choppy when the game action gets busy, and saved clips sometimes contain broken audio. changing sources takes several attempts, which is awkward during a live session. the casing also becomes hot after extended use, while the status light provides little warning before a recording stops. basic capture is possible, but the unreliable output makes this hardware frustrating.",False
CORD000322,CUS00487,2019-09-13,Bakers,"[{""product"":""Candle Orbit 548"",""quantity"":2},{""product"":""Vela Core 957"",""quantity"":1},{""product"":""Candle Edge 392"",""quantity"":1}]",1159.36,15.85,-37.747551,145.040624,25,885.37,Spring,False,8.008,"i bought the vela nova 249 for a shared desk where i needed my phone held up during calls and reference work. compared with the plain weighted stand i had before, this accessory takes less room, but the trade-off is a flimsy, awkward feel. the support arm shifts when i tap the screen, and the base slides across a smooth desk unless i keep one hand on it. that makes the supposedly hands-free arrangement frustrating rather than practical. for the first week i tried several positions beside my keyboard and monitor. the hinge can be moved and the phone stays in the cradle, yet the range is narrow enough that small changes in viewing angle become a nuisance. a thicker case also makes the fit tight, so i had to remove it before placing the phone inside. compared with a wider stand, the vela nova 249 leaves less room for adjustment and feels poorly suited to a busy shared workspace. cables are another problem: the opening is cramped, and a charging lead bends against the side instead of hanging naturally. after repeated use, the plastic joints have become looser and the arm droops under ordinary handling. nothing here requires complicated setup, but that is about the only unremarkable aspect; the holder does retain the device when left untouched. in practice, people moving around the desk or brushing the surface can disturb the position, which defeats the purpose of buying it. the compact shape is less intrusive than a large stand, but the weak grip and awkward adjustments are more irritating than that saving is worth. i regret choosing it over a sturdier alternative and cannot recommend the vela nova 249.",False
CORD000323,CUS00341,2019-11-25,Thompson,"[{""product"":""Candle Flux 162"",""quantity"":1},{""product"":""Candle Orbit 674"",""quantity"":3},{""product"":""Vela Core 957"",""quantity"":1}]",2303.94,12.98,-37.877161,144.921831,10,2086.53,Spring,False,7.5054,"candle vista 812 is a convenient tablet for watching media and joining video calls around the home. the screen is comfortable for casual viewing, and the camera and microphone have made family conversations uncomplicated. i like being able to pick it up without carrying a heavy device. the battery needs attention during especially busy days, but normal use has been pleasant and dependable.",True
CORD000324,CUS00262,2019-06-16,Nickolson,"[{""product"":""Vela Halo 137"",""quantity"":2},{""product"":""Candle Edge 392"",""quantity"":1},{""product"":""Vela Core 957"",""quantity"":1},{""product"":""Candle Edge 932"",""quantity"":1}]",3657.48,14.93,-37.870372,144.96205,10,3306.66,Winter,False,5.7949,"i bought vela atlas 1079 to stop the charging cables on my desk becoming a tangled drawer, and after more than a month it has made that small daily task much calmer. the material feels firm, the openings hold different cable thicknesses without forcing them, and i can pick out the lead i need with one hand. i moved it between my study and the bedside table several times; it stayed in place and did not lose its shape. setup took only a few minutes, with no confusing parts or extra instructions. i also like that it keeps plugs from sliding behind the desk, which saves time when i am tired or in a hurry. it is not a dramatic purchase, but the tidy result is genuinely satisfying and the finish still looks fresh after regular handling. vela atlas 1079 has become one of those simple accessories i use every day. the 12-month warranty adds welcome reassurance, and i would happily choose it again for another workspace.",True
CORD000325,CUS00356,2019-05-16,Bakers,"[{""product"":""Candle Orbit 674"",""quantity"":2},{""product"":""Vela Halo 281"",""quantity"":1},{""product"":""Candle Orbit 548"",""quantity"":2},{""product"":""Candle Shift 916"",""quantity"":1}]",3549.77,11.35,-37.760248,145.003212,15,3028.65,Autumn,False,5.576,"for my creative projects, candle arc 870 has been a more satisfying compromise than the heavier laptop i used before. it is easier to carry between the desk and another room, yet still feels capable when i am editing media, arranging images, or working through a large document with several applications open. the older machine often made me wait between tasks, whereas candle arc 870 keeps the process moving with fewer pauses during my normal sessions. i especially notice the difference when i begin with a collection of images, make adjustments, and then switch to writing notes or checking reference material. the screen is comfortable for that routine, and the keyboard has a sensible feel for longer periods of typing. i have also used it away from the desk, where the lighter build is much less burdensome than my previous computer. it does not feel fragile when carried carefully, and the hinge has remained steady after regular opening and closing. there are a few compromises. the fan becomes audible during heavier editing, and the available connection choices are not as generous as on the older desktop setup, so i occasionally need an adapter. battery life also depends greatly on the kind of work i am doing. these points matter if the laptop will replace a full workstation. for portable creative work, however, candle arc 870 gives me a better blend of mobility and working speed than the bulky alternative i had been tolerating. it has earned a permanent place in my everyday workflow.",True
CORD000326,CUS00305,2019-02-19,Bakers,"[{""product"":""Candle Orbit 674"",""quantity"":1},{""product"":""Candle Edge 932"",""quantity"":1},{""product"":""Candle Shift 916"",""quantity"":1}]",3673.31,10.76,-37.774709,145.000116,20,2949.41,Summer,False,3.9471,"candle shift 862 has been a convenient tablet for portable media and video calls. it is easy to carry from room to room, starts quickly, and handles streaming without the pauses i had become accustomed to with my older device. the screen is comfortable for reading and watching, while the front camera produces a clear enough image for ordinary calls. switching from a video to a message is quick and does not interrupt my routine. the speakers are adequate in a quiet room but lack depth when there is background noise, so headphones are preferable in busier spaces. battery life has suited travel and evening use, though long video sessions reduce it noticeably. candle shift 862 is not a replacement for a full computer, but it has been responsive, portable, and genuinely useful for the activities i bought it to handle.",True
CORD000327,CUS00411,2019-12-27,Thompson,"[{""product"":""Vela Halo 281"",""quantity"":1},{""product"":""Candle Orbit 548"",""quantity"":1},{""product"":""Candle Shift 916"",""quantity"":1},{""product"":""Candle Edge 932"",""quantity"":1}]",4136.06,12.36,-37.824596,144.911843,0,4148.42,Summer,False,3.3663,"i chose the vela atlas 719 for carrying a phone and small accessories between home, work, and several overnight trips. at first glance, the shape appeared compact, but the interior immediately felt poorly organised. the main compartment was narrow near the zip and wider at the opposite end, so the phone had to be pushed in at an angle. taking it out with one hand was awkward, particularly when i was standing in a station or reaching into a crowded bag. the first week exposed further problems. the inner divider folded down whenever the case was opened, allowing the charging lead to slide over the device. the zip also caught on the edge of the lining and needed to be pulled back before closing. nothing fell out when the case was left flat on a table, but that limited result did not help during travel. each time the bag was moved, i had to check whether the phone had shifted against the accessories. on a longer journey, the exterior picked up scuffs and the thin padding offered little confidence when the case was placed under other items. a small impact against a seat frame left a visible mark on the device cover inside. the vela atlas 719 did not split or lose its basic shape, yet that narrow fact is not enough for protective storage. the stiff walls took up more room than expected while still failing to cushion ordinary knocks. i also found the handle uncomfortable to hold when the case was loaded. it twisted toward the zip and pulled the contents sideways, making the case feel unstable while walking. support provided a generic cleaning suggestion and did not address the divider or padding. after thirty-two days, the case had become another source of worry rather than protection. the vela atlas 719 is frustrating for travel storage, and i regret choosing it for a device i carry every day.",False
CORD000328,CUS00302,2019-05-14,Nickolson,"[{""product"":""Candle Lumen 220"",""quantity"":1}]",3529.39,24.94,-37.857894,144.998477,10,3201.39,Autumn,True,5.0545,"vela halo 983 has been frustrating for casual living-room gaming. games appear on screen, but input response becomes delayed and movement sometimes stutters during play. source changes are slow as well, which interrupts short sessions and causes awkward waiting. it displays a game at a basic level, though the poor response makes the experience unreliable. i regret the purchase and cannot recommend it for shared gaming.",False
CORD000329,CUS00480,2019-04-26,Baker's,"[{""product"":""Candle Shift 916"",""quantity"":1},{""product"":""Candle Flux 162"",""quantity"":3}]",5039.64,11.61,-37.828062,145.058472,0,5051.25,Autumn,False,5.907,"i wore vela ridge 257 during walks, commutes, and overnight for several weeks to see how it fitted into my routine. step totals were useful for noticing whether i had been sitting too long, and the sleep view gave me a general picture of when i settled down and woke up. the band was light enough for daytime use, though i noticed it more at night. readings did not always match my own estimate, particularly during short trips with frequent stops, so i treated them as an indication rather than an exact record. the companion view is understandable but offers less detail than i wanted. it has encouraged some awareness of my habits, while the occasional uncertainty keeps the overall experience firmly in the middle.",True
CORD000330,CUS00243,2019-02-10,Thompson,"[{""product"":""Candle Flux 162"",""quantity"":1},{""product"":""Candle Vista 110"",""quantity"":1}]",2876.88,25.01,-37.74888,144.936542,5,2758.05,Summer,True,7.1535,"we used vela spark 423 for shared film and television viewing, but the experience was marked by pauses, failed loading, and awkward controls. the home screen often took too long to appear, and selecting a program sometimes produced a blank screen before returning to the menu. during longer films, playback stopped several times and required restarting rather than continuing from the same point. different family members also found the remote confusing because the buttons were crowded and the response was delayed. the picture was visible when the stream held, but motion became uneven during busy scenes and subtitles occasionally appeared late. switching between profiles caused another pause, which made casual viewing feel unnecessarily difficult. a program could be started after enough patience, yet that basic success did not outweigh the repeated interruptions. vela spark 423 made family viewing frustrating and is not something i would choose again.",False
CORD000331,CUS00301,2019-04-03,Thompson,"[{""product"":""Candle Edge 392"",""quantity"":1},{""product"":""Vela Core 957"",""quantity"":2},{""product"":""Candle Edge 932"",""quantity"":1}]",2409.17,9.21,-37.832593,144.926952,0,2418.38,Autumn,False,2.8334,"the vela wave 553 has been used in our living room for shared films and television, and its strongest feature is the way it keeps viewing simple. the screen is large enough for a small group, and the controls are easy to understand once the preferred services are arranged. we could start ordinary programmes without much searching, and the sound was clear for dialogue. for an evening of casual viewing, it required less preparation than connecting a separate computer to the television. compared with watching on individual phones or tablets, the vela wave 553 makes a shared session more social and avoids several people trying to follow different screens. compared with a larger home cinema arrangement, it takes less space and is easier to manage, but the image and sound do not create the same sense of immersion. the display remained comfortable from our usual seating positions, though reflections were visible when a lamp or window was directly behind us. the interface worked well for common choices, while searching for less familiar content took a few extra steps. switching between users was manageable, but not completely instant when different preferences were involved. the built-in speakers are suitable for speech and ordinary programmes; louder viewing benefits from additional audio equipment. i also noticed that the unit is more appealing for planned viewing than for quickly checking something from across the room. it has remained stable during my ownership, and the 24-month warranty adds reassurance. the vela wave 553 is a balanced household display: more communal than personal screens and simpler than a full entertainment system, with compromises in reflected light, sound depth and the speed of less routine navigation.",True
CORD000332,CUS00233,2019-01-21,Thompson,"[{""product"":""Candle Shift 916"",""quantity"":2},{""product"":""Candle Orbit 674"",""quantity"":1},{""product"":""Candle Flux 162"",""quantity"":1},{""product"":""Candle Lumen 220"",""quantity"":2}]",12160.67,12.63,-37.786211,144.879558,10,10957.23,Summer,False,6.6214,"vela ridge 959 replaced a fixed stand that forced my phone into one position beside the monitor. the old stand was acceptable for checking messages, but it became awkward when i needed to view a call, follow a recipe, or share a screen with someone sitting at a different angle. adjustable positioning has made the phone fit the task instead of making the task fit the stand. the mount is especially useful during desk work. i can raise the phone, turn it toward me, or move it aside without picking up the whole base. compared with my previous stand, vela ridge 959 gives me a better view during calls and leaves more room for papers and a keyboard. the adjustment points have remained firm during regular use, while still allowing deliberate repositioning when i change activities. i have used it with the phone in portrait and landscape positions, with a case fitted, and at different points on the desk. it has handled those variations without feeling precarious. the base occupies some space, so it is not ideal for a very small surface, and i would not treat it as a travel accessory. at a permanent work area, however, that footprint is a fair exchange for the range of positions. a basic stand is cheaper and takes up less room, but vela ridge 959 offers noticeably more control. it has improved calls, viewing, and quick reference tasks without adding much effort. after several weeks, i prefer its adjustable design to the rigid holder i used before and consider it a useful upgrade for my desk.",True
CORD000333,CUS00422,2019-10-17,Nickolson,"[{""product"":""Candle Flux 162"",""quantity"":1}]",1060.29,13.7,-37.856684,145.001248,0,1073.99,Spring,False,5.0681,"vela core 273 was intended for family streaming, yet it has been a disappointing addition to the room. applications occasionally freeze while changing programmes, and restarting the display has become a routine annoyance. the interface is awkward for children to navigate, with delayed responses that lead to repeated selections. video can play once everything is working, but the interruptions and poor control experience leave me unable to recommend it for shared use.",False
CORD000334,CUS00485,2019-05-14,Thompson,"[{""product"":""Vela Core 957"",""quantity"":3},{""product"":""Candle Edge 932"",""quantity"":2},{""product"":""Candle Orbit 674"",""quantity"":1}]",4119.43,9.53,-37.785156,144.934908,5,3922.99,Autumn,False,3.241,"vela ridge 797 has made everyday routines easier to manage during my 29 days of ownership. the time is easy to read, reminders arrive when expected, and the compact shape does not get in the way while i am working. i appreciate that the controls are straightforward rather than overloaded. battery life has been sensible for my routine. the strap took a little adjustment, but the wearable has been genuinely useful.",True
CORD000335,CUS00389,2019-05-17,Bakers,"[{""product"":""Vela Core 957"",""quantity"":1},{""product"":""Candle Orbit 674"",""quantity"":1},{""product"":""Candle Lumen 220"",""quantity"":1},{""product"":""Candle Flux 162"",""quantity"":1},{""product"":""Vela Halo 281"",""quantity"":2}]",6246.69,12.1,-37.777519,145.057335,20,5009.45,Autumn,False,6.5436,"the candle shift 898 has helped extend coverage to the parts of my home that used to be less consistent. i placed it between the main connection and the room where i often work, and devices there now remain connected during ordinary browsing and calls. setup was manageable, with the status information making placement easier than guessing. once positioned, it blends into the room and requires little attention. i have noticed that location still matters, so moving it too far from the main connection is not productive, but that is useful practical guidance rather than a flaw. the connection has stayed steady for the household devices i use most, and the improvement is noticeable during daily work. the candle shift 898 has made the network feel more even across the home and has reduced interruptions.",True
CORD000336,CUS00244,2019-04-09,Thompson,"[{""product"":""Vela Halo 281"",""quantity"":1}]",530.74,11.24,-37.821878,144.886235,5,515.44,Autumn,False,5.4408,"candle vista 128 has made our home connection feel more consistent than the basic network equipment it replaced. i bought it mainly for video meetings and media streaming, so i paid attention to the moments when several people were online. in those situations, calls have stayed usable while someone else watches a programme, and the connection has not needed constant attention. the setup was straightforward for my household. once connected, the controls were easier to understand than those on the previous unit, especially when checking which devices were active. i have used it for work calls, evening streaming and ordinary browsing over nineteen days. the improvement is most noticeable in the reduced need to restart or rearrange things. it is not completely invisible. the indicator lights are brighter than i expected, and i needed to spend a little time choosing a suitable position near the desk. those points are minor compared with the steadier routine. the unit itself feels solid and has stayed in place, even when cables are moved around the back. compared with my old network device, candle vista 128 gives me fewer awkward interruptions and more confidence before a meeting begins. i cannot judge every advanced networking function, but the tasks i bought it for have been handled well. for a home with calls and streaming happening together, it has been a useful and sensible upgrade.",True
CORD000337,CUS00101,2019-02-13,Nickolson,"[{""product"":""Candle Orbit 674"",""quantity"":2}]",648.12,13.53,-37.888159,144.987547,20,532.03,Summer,False,7.8949,"i bought candle vista 524 for a stretch of remote classes and video calls, expecting to use it several times a week. the first setup was straightforward: it paired with my computer without much fuss, and the controls became familiar after a few sessions. what i noticed most was how consistently it handled ordinary conversations. voices came through with enough detail to follow a discussion, and people on the other end could understand me without repeated explanations. after several weeks, i started using it for longer meetings as well as short catch-ups. the wireless connection stayed steady around my desk, even when i moved slightly away from the computer to reach for papers. i also used it during an online class where several people were speaking in turn, and the audio remained clear enough that i did not feel the need to switch devices. the microphone is not intended to replace a dedicated recording setup, and surrounding household noise can still be heard, but that is a minor limitation for the purpose i bought it for. the physical design has held up through regular handling and packing into a drawer between uses. it does not take long to get ready, and i appreciate not having another cable across the desk during a call. i have kept using candle vista 524 because it removes small interruptions from my routine and performs its main job without drama. for remote learning and everyday calls, it has been a worthwhile purchase.",True
CORD000338,CUS00361,2019-03-26,Thompson,"[{""product"":""Candle Shift 916"",""quantity"":2},{""product"":""Vela Halo 281"",""quantity"":1},{""product"":""Vela Core 957"",""quantity"":1},{""product"":""Vela Halo 137"",""quantity"":2}]",6039.53,7.62,-37.806886,144.941708,10,5443.2,Autumn,False,0.7974,"vela spark 189 has simplified the way i connect several devices when working away from my usual desk. its compact shape fits neatly in a pouch, and the ports are arranged so i can attach the equipment i need without a tangle of separate adapters. connections have been recognised promptly, and i have used it with a laptop, external storage, and other everyday accessories without interruptions. the casing has survived being moved between rooms and carried in a work bag, with no signs of the loose fit i have seen in cheaper accessories. the cable is a little short for some desk layouts, so placement sometimes takes thought. even so, vela spark 189 is convenient, capable, and a worthwhile way to reduce clutter in a mobile setup.",True
CORD000339,CUS00472,2019-03-26,Thompson,"[{""product"":""Candle Lumen 220"",""quantity"":1},{""product"":""Vela Core 957"",""quantity"":3}]",4343.8,9.44,-37.801831,144.914224,25,3267.29,Autumn,False,3.1272,"vela atlas 665 has made scheduled control of a household power outlet much more consistent than the plug timer i previously used. i set it for routine lamps and a small appliance, and the schedule has followed the same pattern without the drift that developed with the older timer. being able to change the timing without reaching behind furniture is the most noticeable convenience. the controls are simple enough for occasional adjustments. i can pause a schedule when plans change and restore it later, which is more flexible than manually turning the old timer’s dial. the outlet remains usable for ordinary switching, and the device has fitted into the existing space without making the surrounding plugs difficult to reach. i still check the setting after a power interruption because i prefer not to assume that every schedule will survive every household event. compared with my previous timer, vela atlas 665 gives me a clearer view of what is supposed to happen and when. that has been useful for a lamp that needs to operate at different times on different days. the physical button is slightly awkward to press when the outlet is tucked behind a cabinet, and the indicator is not very visible from across the room. those are minor design limitations rather than problems with the routine control itself. i do not use it for anything that must be supervised as a safety measure, and i keep the schedule modest. within that boundary, it has been dependable and less fiddly than the mechanical timer. vela atlas 665 is a practical upgrade for simple household routines because it replaces guesswork and repeated manual adjustments with predictable control.",True
CORD000340,CUS00343,2019-09-18,Thompson,"[{""product"":""Vela Core 957"",""quantity"":1},{""product"":""Candle Flux 162"",""quantity"":1}]",1331.76,12.32,-37.860974,144.903223,25,1011.14,Spring,False,6.6085,"the vela core 1011 has become my everyday phone for taking quick photographs, sending messages, and keeping up with family conversations. photos taken outdoors have good colour and enough detail for sharing, while indoor results are still usable when the room is reasonably bright. opening the camera and returning to messages feels quick, so i do not miss many spontaneous moments. the screen is comfortable for reading longer conversations, and the phone fits easily in one hand for short tasks. during several weeks of commuting, it has kept a steady connection and handled repeated messaging without unusual delays. the battery has covered my normal day, though heavy camera use means i prefer to recharge before an evening outing. a few small settings are tucked away more deeply than i expected, but i learned their locations quickly. i appreciate that the vela core 1011 feels balanced rather than focused on only one feature. its photography, messaging, and general handling have all worked well enough to make it a dependable part of my routine.",True
CORD000341,CUS00366,2019-03-03,Thompson,"[{""product"":""Candle Lumen 220"",""quantity"":1},{""product"":""Vela Halo 281"",""quantity"":1},{""product"":""Candle Flux 162"",""quantity"":2},{""product"":""Candle Edge 392"",""quantity"":2}]",6932.21,13.49,-37.8275,144.899663,5,6599.09,Autumn,False,4.4785,"i compared the vela ridge 1049 with a plain stand already used at our shared office. the ridge takes up less visual space, but positioning it is more frustrating. the base sits firmly enough on a flat table and the basic hands-free function operates, yet the support angle is awkward whenever i move between a monitor and a notebook. i have to lift the phone out, shift the stand, and settle it again instead of making a small adjustment. during a video meeting that repeated fiddling makes the desk feel disorganised and leaves the camera pointed too high or too low. the material has a light, slightly hollow feel, and the hinge offers little resistance. a small bump from a notebook or a cable can change the viewing angle, so i keep correcting it while trying to take notes. a heavier stand beside it stays where it was placed, whereas this one demands attention. the narrow contact area also makes the phone wobble when i tap the screen. that wobble is not dramatic, but it is irritating when i am checking a message or trying to mute a call. after forty-two days of office use, the ridge has not broken, but that is a low standard for an accessory with such a limited purpose. it is less bulky than the alternative and the open space beneath the device helps with a crowded desk, yet those minor advantages do not offset the awkward adjustment and weak steadiness. i wanted a hands-free support that could disappear into the routine; instead, the vela ridge 1049 keeps reminding me that it is there. i cannot recommend it for a shared workspace.",False
CORD000342,CUS00466,2019-08-09,Bakers,"[{""product"":""Vela Halo 281"",""quantity"":2},{""product"":""Candle Orbit 548"",""quantity"":1},{""product"":""Candle Flux 162"",""quantity"":1},{""product"":""Vela Core 957"",""quantity"":1}]",2649.31,15.33,-37.754104,144.985373,10,2399.71,Winter,False,6.275,"candle arc 852 has become my preferred device for reading, annotating, and making handwritten notes because it offers a more natural working surface than my phone and less weight than a full laptop. i have used it for articles, marked-up documents, and quick notes during planning sessions. compared with my previous tablet, the writing experience feels more controlled, and i can move from reading to annotation without losing the thread of what i was doing. the display is comfortable for extended reading, and the size gives enough room for a page and notes without making the device awkward to carry. handwritten marks remain easy to review later, which is useful when i am away from my desk. the tablet has also handled ordinary document work without requiring much adjustment. a physical keyboard would still be preferable for long passages, and the device is not a substitute for that kind of typing. for its intended use, however, the trade-off is sensible. the casing has stayed in good condition through regular movement between rooms, and the controls have remained responsive. candle arc 852 compares favorably with both my phone and older tablet because it occupies a useful middle ground. it is focused enough for reading and notes, yet flexible for casual tasks. after repeated use, i find myself reaching for it first whenever i need to review material and write observations by hand.",True
CORD000343,CUS00136,2019-10-15,Thompson,"[{""product"":""Candle Orbit 674"",""quantity"":1},{""product"":""Candle Orbit 548"",""quantity"":1},{""product"":""Candle Edge 392"",""quantity"":2}]",1331.63,13.9,-37.765267,144.936928,0,1345.53,Spring,False,5.3461,"i bought the candle bloom 586 for trips and have used it regularly for 43 days. the compact shape fits into a small bag, but that is where the appeal ends for me. the controls feel cramped during longer sessions, and the buttons have a hollow, uneven response that makes repeated inputs frustrating. the screen is readable indoors, yet glare becomes a problem near a window or outside, so portable use is awkward rather than convenient. after several weeks, the battery behaviour has become increasingly irritating. a short session can leave me searching for a charger sooner than expected, and the remaining charge indicator is not consistent enough for planning a journey. the casing has also picked up marks easily, while the hinge and edges feel less solid than the price suggests. i have had no useful resolution from basic troubleshooting, and i would avoid the candle bloom 586 for travel gaming because the poor endurance and uncomfortable controls outweigh its small size.",False
CORD000344,CUS00275,2019-01-25,Nickolson,"[{""product"":""Candle Flux 162"",""quantity"":1},{""product"":""Candle Shift 916"",""quantity"":1},{""product"":""Candle Lumen 220"",""quantity"":2},{""product"":""Candle Orbit 548"",""quantity"":2}]",10489.98,10.66,-37.847103,144.993384,10,9451.64,Summer,False,3.7986,"vela atlas 1079 has brought some order to the charging cables that used to spread across my desk and bedside table. i can keep the cables grouped instead of pulling through a tangled pile every time i need one. the accessory takes little room, and its shape works with the different cable lengths i use around the house. after several weeks of opening, closing, and rearranging it, the material still feels intact and the cables have not been damaged by the storage. it is not large enough for a collection of unusually thick leads, so i keep those elsewhere, but ordinary charging cables fit without awkward forcing. vela atlas 1079 is a small improvement rather than an exciting purchase, yet it has made daily charging more pleasant and organised.",True
CORD000345,CUS00438,2019-05-20,Bakers,"[{""product"":""Vela Core 957"",""quantity"":1},{""product"":""Vela Halo 281"",""quantity"":1},{""product"":""Candle Flux 162"",""quantity"":2},{""product"":""Candle Orbit 674"",""quantity"":2},{""product"":""Vela Nova 753"",""quantity"":2}]",12378.13,15.01,-37.844853,145.05357,20,9917.51,Autumn,False,6.4246,"vela echo 169 was bought for protective storage during travel, but the case feels too weak for that job. the outer material bends easily, and the closure opened inside my bag when other items pressed against it. the interior space is awkwardly shaped, leaving a phone or small device loose rather than held securely. a cable placed beside the device also pushed against the closure and made it difficult to shut. after several trips the edges showed marks, while the lining collected dust and offered little cushioning. the case can hold an item when left undisturbed, but that basic function does not amount to dependable protection. i became more concerned about damage each time the bag was moved. vela echo 169 has been disappointing for travel storage and is not an accessory i can trust.",False
CORD000346,CUS00291,2019-03-02,Nickolson,"[{""product"":""Candle Orbit 674"",""quantity"":1},{""product"":""Candle Lumen 220"",""quantity"":1},{""product"":""Candle Orbit 548"",""quantity"":1},{""product"":""Candle Edge 392"",""quantity"":1}]",4485.27,15.14,-37.876871,144.955693,10,4051.88,Autumn,False,6.5932,"the vela pulse 739 was meant to connect several devices through one compact adapter, but it has caused repeated problems at my desk. the adapter is small, yet its ports are positioned so closely that wider cables block neighbouring sockets. devices are detected inconsistently, especially after the computer wakes from sleep, and reconnecting often requires unplugging everything. during heavier use, one connected device has disappeared without warning. the casing also becomes noticeably warm, which makes me hesitant to leave it attached for long periods. it can pass a connection through a single port, but that basic operation is not enough for a multi-device setup. the cramped layout and unreliable detection are frustrating. i regret buying the vela pulse 739.",False
CORD000347,CUS00422,2019-06-13,Nickolsen,"[{""product"":""Candle Edge 932"",""quantity"":1},{""product"":""Candle Orbit 548"",""quantity"":3},{""product"":""Candle Lumen 220"",""quantity"":1},{""product"":""Candle Orbit 674"",""quantity"":1}]",6112.14,18.31,-37.856684,145.001248,10,5519.24,Winter,False,5.0681,"vela core 273 was intended for family streaming, yet it has been a disappointing addition to the room. applications occasionally freeze while changing programmes, and restarting the display has become a routine annoyance. the interface is awkward for children to navigate, with delayed responses that lead to repeated selections. video can play once everything is working, but the interruptions and poor control experience leave me unable to recommend it for shared use.",False
CORD000348,CUS00418,2019-10-02,Bakers,"[{""product"":""Candle Shift 916"",""quantity"":1},{""product"":""Candle Edge 392"",""quantity"":1},{""product"":""Vela Core 957"",""quantity"":1},{""product"":""Candle Orbit 548"",""quantity"":1},{""product"":""Candle Flux 162"",""quantity"":1}]",3822.35,10.06,-37.82381,145.031125,15,3302.31,Spring,False,3.5071,"the candle quest 930 has become the shared laptop for bills, forms, household planning and occasional remote work. it starts promptly, handles several browser tabs without becoming awkward, and the keyboard is comfortable enough for longer stretches of typing. different members of the household have used it without needing much explanation, which says a lot about the layout and general clarity. video calls have been stable, and documents remain readable even when the screen is viewed from slightly off centre. the casing has collected a few fingerprints, but that is only a cosmetic nuisance. i would not choose this model for demanding creative work, though that is outside the role we bought it for. for everyday home-office administration, the candle quest 930 has been responsive, approachable and dependable. it feels like a sensible shared tool rather than a device that requires constant attention.",True
CORD000349,CUS00312,2019-05-07,Bakers,"[{""product"":""Candle Flux 162"",""quantity"":2},{""product"":""Candle Lumen 220"",""quantity"":1}]",5649.97,36.42,-37.765252,145.003675,15,4824.39,Autumn,True,5.0303,"vela pulse 199 sits on a shared desk where different people use it to hold a phone during calls, reference work and short video meetings. the base stays in place on the desk, and the support keeps a device visible without requiring someone to hold it. this has made shared work less cluttered, especially when a phone is needed beside a laptop. the adjustment range is narrower than i expected, so taller users often need to move the whole stand rather than simply change the angle. a larger phone in a thick case also fits tightly. the hinge has remained firm during ordinary use, though it takes both hands to make a major adjustment. vela pulse 199 is a sensible desk accessory for a fixed setup and handles its basic support role, but the restricted angle range and case compatibility reduce its flexibility in a busy shared workspace.",True
CORD000350,CUS00216,2019-04-28,Thompson,"[{""product"":""Candle Flux 162"",""quantity"":1},{""product"":""Candle Orbit 548"",""quantity"":2},{""product"":""Candle Vista 110"",""quantity"":1}]",3389.02,21.14,-37.777893,144.959997,10,3071.26,Autumn,False,4.0307,"the candle vista 596 has made game streaming and media capture more manageable than the arrangement i used before. during fifteen days of testing, i have recorded gameplay, prepared short streams, and switched between game footage and other media. the controls are understandable after a brief introduction, and the captured picture remains clear enough for sharing. i spend less time correcting the setup and more time actually playing or reviewing the material. compared with my previous capture equipment, the candle vista 596 handles transitions with fewer interruptions. connecting the sources was straightforward, and the unit has remained stable during longer sessions. the layout makes it possible to see what is being recorded without constantly opening another window. audio levels need a little attention when changing between sources, but once adjusted they have stayed consistent. the casing feels solid enough for a desk that is rearranged often. i also compared it with recording directly through software alone. software is convenient for quick clips, while the candle vista 596 gives me a clearer physical workflow when i am streaming and monitoring several elements at once. it is not the smallest accessory on the desk, and first-time users may need to read the controls carefully, but those are minor trade-offs for the added organisation. the candle vista 596 has reduced the awkward parts of my setup and produced dependable results. for streaming and media capture, i would choose it over my older equipment.",True
CORD000351,CUS00164,2019-10-03,Thompson,"[{""product"":""Vela Halo 281"",""quantity"":1},{""product"":""Candle Lumen 220"",""quantity"":1},{""product"":""Candle Vista 110"",""quantity"":2}]",7693.31,12.08,-37.844462,144.887998,5,7320.72,Spring,False,6.2778,"the candle arc 348 has helped remove a weak coverage spot between my study and the back rooms. i placed it where the existing signal was still usable, and devices farther away now connect with much less interruption. video calls in the study have stayed steadier, while phones and tablets can move around the house without needing constant manual attention. the setup instructions were clear enough for me to complete the process without outside help. i have also moved the unit once to find a better position, and reconnecting it was uncomplicated. the indicator light is brighter than i would prefer at night, so i covered it rather than changing my room arrangement. performance naturally depends on placement and the surrounding walls, but within my home it has made a noticeable difference. the candle arc 348 is a practical way to extend coverage between rooms without making network management feel complicated.",True
CORD000352,CUS00162,2019-03-13,Nickolson,"[{""product"":""Candle Vista 110"",""quantity"":1},{""product"":""Vela Core 957"",""quantity"":2},{""product"":""Vela Nova 753"",""quantity"":3}]",15570.36,15.88,-37.883444,144.944697,15,13250.69,Autumn,False,7.5338,"vela echo 115 was purchased to manage a household power outlet on a schedule, but the experience has been disappointing from the beginning. setup required several attempts before the outlet appeared in the application, and the instructions did not make the failure clear. once connected, manual switching worked often enough to suggest the hardware was functioning, yet scheduled control was far less dependable. some routines ran at the expected time, while others were delayed or ignored without a useful explanation. i used it for a lamp and later for a small appliance, and both behaved inconsistently. checking the application repeatedly became part of the routine, which defeated the purpose of automation. when the network connection changed, i had to reconnect the outlet and recreate part of the schedule. the application is also awkward. the current outlet state can be found, but the schedule screen makes it difficult to tell whether a rule is active. notifications do not clearly distinguish a completed action from a failed one. the outlet itself switches on when commanded manually, so its basic function operates, but the unreliable scheduling is the reason i bought it and the reason i am unhappy. vela echo 115 has not given me enough confidence to leave an appliance under its control. missed schedules, poor status information, and repeated reconnection make it frustrating to use. i now check the outlet by hand and have removed it from the appliance i originally intended to automate. this is an unreliable product that i cannot recommend.",True
CORD000353,CUS00195,2019-07-30,Bakers,"[{""product"":""Candle Edge 392"",""quantity"":1},{""product"":""Candle Orbit 674"",""quantity"":1}]",699.81,11.22,-37.806331,144.979529,20,571.07,Winter,False,1.4385,"before buying vela halo 929, i had charging cables in several drawers, beside the bed, and in a bag that i carried from room to room. i chose this accessory because i wanted a simple place to keep the loose ends together, not another complicated storage system. after arranging it on my desk, i began moving the cables into it one at a time and quickly noticed how much easier it was to see what i actually had. for the past two weeks i have used it beside the main charging area and moved it occasionally when clearing the desk. the cables stay separated instead of sliding into one tangled bundle, and i can pick out the one i need without pulling everything free. shorter leads sit more neatly than very long ones, which is worth knowing before arranging them. when several cables are being used at once, the space feels a little crowded, but it still works better than leaving them loose. the accessory has also helped with small household habits. i no longer discover a cable under a notebook or carry three spares when i need only one. it is not a storage solution for every electronic item, and it will not hide a large amount of extra length, but that was not my expectation. vela halo 929 has made an untidy corner calmer and more practical. the material has remained in place during normal handling, and the twelve-month warranty is welcome. it is an unglamorous purchase that has improved my everyday organisation.",True
CORD000354,CUS00289,2019-02-20,Thompson,"[{""product"":""Candle Lumen 220"",""quantity"":1},{""product"":""Vela Core 957"",""quantity"":2}]",4072.33,9.79,-37.789782,144.944725,10,3674.89,Summer,False,2.5537,"candle edge 374 has performed well during video calls and online classes. voices are easy to follow, and people on the other end have heard me clearly during ordinary conversations. pairing was quick, and the connection remained steady across several sessions. the fit becomes slightly noticeable after a long lesson, although it never became distracting. it is a convenient and pleasant audio choice for regular meetings, coursework, and casual calls.",True
CORD000355,CUS00125,2019-03-27,Nickolson,"[{""product"":""Candle Vista 110"",""quantity"":1},{""product"":""Candle Lumen 220"",""quantity"":1}]",5345.98,7.8,-37.826647,144.975383,20,4284.58,Autumn,False,1.0315,"the candle orbit 566 suits casual gaming in our shared room because it does not require a large dedicated setup. i can connect it to the existing screen, start a short game, and put everything away when someone else needs the space. controls are responsive for the games we play, and the menus are easy for different family members to understand. multiplayer sessions have remained enjoyable without complicated preparation. the device becomes warm during longer use, and the supplied controls feel less comfortable after several hours, so we tend to play in shorter periods. that limitation fits our casual habits. the candle orbit 566 has added an accessible entertainment option to the room and has been simple enough for everyone here to use.",True
CORD000356,CUS00356,2019-07-10,Bakers,"[{""product"":""Vela Core 957"",""quantity"":1},{""product"":""Vela Halo 281"",""quantity"":1},{""product"":""Candle Orbit 548"",""quantity"":1},{""product"":""Vela Nova 753"",""quantity"":1}]",5461.89,27.74,-37.760248,145.003212,0,5489.63,Winter,True,5.576,"for my creative projects, candle arc 870 has been a more satisfying compromise than the heavier laptop i used before. it is easier to carry between the desk and another room, yet still feels capable when i am editing media, arranging images, or working through a large document with several applications open. the older machine often made me wait between tasks, whereas candle arc 870 keeps the process moving with fewer pauses during my normal sessions. i especially notice the difference when i begin with a collection of images, make adjustments, and then switch to writing notes or checking reference material. the screen is comfortable for that routine, and the keyboard has a sensible feel for longer periods of typing. i have also used it away from the desk, where the lighter build is much less burdensome than my previous computer. it does not feel fragile when carried carefully, and the hinge has remained steady after regular opening and closing. there are a few compromises. the fan becomes audible during heavier editing, and the available connection choices are not as generous as on the older desktop setup, so i occasionally need an adapter. battery life also depends greatly on the kind of work i am doing. these points matter if the laptop will replace a full workstation. for portable creative work, however, candle arc 870 gives me a better blend of mobility and working speed than the bulky alternative i had been tolerating. it has earned a permanent place in my everyday workflow.",False
CORD000357,CUS00315,2019-05-23,Thompson,"[{""product"":""Candle Orbit 548"",""quantity"":1},{""product"":""Candle Shift 916"",""quantity"":1},{""product"":""Vela Core 957"",""quantity"":2},{""product"":""Vela Halo 137"",""quantity"":1}]",3417.67,9.17,-37.787776,144.944464,15,2914.19,Autumn,False,2.7779,"before installing candle quest 948, the connection in the back room was noticeably weaker than in the rest of the house. i placed the unit between the main router and that room, then spent some time finding a position that was close enough to the existing signal while still helping the distant area. the setup instructions were clear, and the indicators made it easier to understand whether i had placed it sensibly. once i moved it away from a crowded shelf, the connection settled and the improvement became apparent during ordinary use. i have since used the extended coverage for video calls, browsing, music, and a television in the far room. the connection has remained much more even as i move through the house, and i no longer have to stand in one particular doorway to send a message or load a page. a demanding stream can still slow when several people are using the network at once, so the unit is not a complete answer to every busy period. for normal household activity, however, it has removed the dead spot that prompted the purchase. the compact casing does not take much space, and the lights can be seen without being distracting. i have restarted the equipment a few times while changing other network settings, and candle quest 948 returned to service without a complicated process. its performance has been steady over the ownership period, and the household has stopped treating the back room as an unreliable part of the network. it is a practical solution for extending coverage between rooms, with simple placement and useful results.",True
CORD000358,CUS00284,2019-06-28,Thompson,"[{""product"":""Vela Core 957"",""quantity"":1},{""product"":""Candle Orbit 548"",""quantity"":1},{""product"":""Candle Shift 916"",""quantity"":1}]",2386.31,15.34,-37.852237,144.895969,0,2401.65,Winter,False,6.2844,"vela nova 555 has made room lighting more convenient than the manual setup i used before. i installed it for the main living area and now control the lights from the app when i am already settled in another part of the room. the change is small, but it removes the repeated walk to the switch and makes the room easier to manage when my hands are full. the app controls are clear enough for everyday use. i can turn the lighting on or off, check its current state, and create routines for the times when i usually start work or wind down. the routines have run consistently during my eighteen days of ownership. i particularly like being able to adjust the room before entering it, rather than arriving in a dark space and searching for the switch. compared with the previous manual arrangement, vela nova 555 is also more useful when other people are sharing the room. someone can use the physical switch while another person changes the setting in the app, and the basic lighting function remains familiar. the app is less satisfying when i want to make several changes quickly, because navigating between options takes a few extra taps. that minor awkwardness does not outweigh the daily convenience. i did not expect a lighting control to transform the room, but it has made ordinary routines smoother and more predictable. for app-controlled room lighting, vela nova 555 is a practical improvement over my old switch-only setup.",True
CORD000359,CUS00488,2019-02-05,Thompson,"[{""product"":""Candle Flux 162"",""quantity"":2},{""product"":""Candle Vista 110"",""quantity"":1},{""product"":""Candle Orbit 674"",""quantity"":1},{""product"":""Candle Edge 932"",""quantity"":1}]",5751.71,11.78,-37.765681,144.931849,0,5763.49,Summer,False,5.3937,"the candle shift 556 has performed well during the long desktop gaming sessions i usually have at weekends. controls remain responsive in fast matches, and the design feels sturdy when i move it or adjust my position. heat and noise have stayed reasonable during ordinary play, so the experience does not become distracting after an hour or two. i especially value the consistent performance when switching between different games, since i have not needed to keep changing settings. the included cable arrangement is a little untidy, and the overall shape takes more desk space than expected. those minor complaints are easy to live with. the candle shift 556 has given me a satisfying, stable setup for extended gaming.",True
CORD000360,CUS00056,2019-05-03,Nickolson,"[{""product"":""Vela Halo 137"",""quantity"":1},{""product"":""Vela Halo 281"",""quantity"":1}]",1290.63,10.1,-37.851717,144.986366,0,1300.73,Autumn,False,3.968,"the vela spark 477 has become a useful part of my exercise routine because it gives me something to review after a session without requiring a long setup. compared with relying on memory, the summaries help me notice whether a workout felt brief, demanding, or unusually uneven. i use the information as a prompt for reflection rather than treating it as a precise account of every movement. that modest role suits me better than a device covered in features i would never examine. the wearable is comfortable enough for walking, indoor sessions, and ordinary errands afterward. i have compared it with a phone-based record, and the spark 477 is more convenient during activity because it stays with me instead of being left in a pocket. the summaries are presented in a way i can understand at a glance, so i usually look at them while cooling down. over several weeks, the repeated view has made it easier to recognise my own habits and decide when a session should be shorter or more challenging. there are limits to what i expect from it. the results should not be treated as medical advice, and occasional readings do not capture how an exercise session felt in full. the display is also small for anyone wanting to study details immediately. compared with writing everything down afterward, though, the vela spark 477 requires far less effort and gives a useful overview. it is a sensible companion for someone who wants exercise summaries and gentle awareness rather than an overly complicated training system.",True
CORD000361,CUS00320,2019-06-12,Thompson,"[{""product"":""Vela Halo 281"",""quantity"":3},{""product"":""Candle Flux 162"",""quantity"":1},{""product"":""Candle Lumen 220"",""quantity"":1},{""product"":""Vela Halo 137"",""quantity"":2}]",7701.68,29.87,-37.743519,144.91876,20,6191.21,Summer,True,8.0821,"vela ridge 617 has fitted neatly into my walking and commuting routine. notifications appear quickly, the time is easy to read during a glance, and the band stays comfortable when worn for several hours. the companion setup was uncomplicated, and charging does not take much planning. bright sunlight makes the display less visible, which is the main limitation i have noticed. otherwise, it is a practical and dependable daily wearable.",True
CORD000362,CUS00229,2019-10-19,Bakers,"[{""product"":""Vela Nova 753"",""quantity"":3},{""product"":""Vela Core 957"",""quantity"":1}]",13482.3,20.91,-37.842687,145.013812,0,13503.21,Spring,True,3.9846,"candle arc 150 has accompanied me through a long stretch of document work and video meetings, and its portable design has proved genuinely helpful. i carry it between rooms and take it with me when i need to work away from my usual desk. it wakes promptly, handles several documents together, and keeps my regular work applications moving without making the experience feel laborious. the screen is comfortable for extended reading, while the keyboard has enough travel for writing notes throughout a meeting. video calls have been particularly straightforward. the camera and microphone are serviceable for meetings, and conversations remain natural when i am working from a quieter room. i appreciate not having to rearrange my workspace every time a call appears on my calendar. the battery has also suited my routine, giving me useful working time away from a power point, although i still recharge before a full day of intensive use. its weight and shape make it easy to place on a small table without feeling cramped. the machine is not designed to replace a large desktop for demanding work, and the compact form means that the display area can feel limited when several windows are open. i knew that trade-off when choosing it. after owning candle arc 150 for a while, i value the way it supports ordinary writing, research, and meetings with very little drama. it has earned a permanent place in my work bag because it is capable, portable, and pleasant to use.",True
CORD000363,CUS00253,2019-02-05,Bakers,"[{""product"":""Candle Orbit 674"",""quantity"":1},{""product"":""Vela Nova 753"",""quantity"":1},{""product"":""Vela Core 957"",""quantity"":1},{""product"":""Candle Lumen 220"",""quantity"":2}]",12057.92,9.18,-37.799448,145.009064,10,10861.31,Summer,False,1.6889,"for a quick comparison with my phone, i chose the vela echo 187 mainly for calendar alerts and message checks. the wearable is faster for glancing at an appointment when my hands are occupied, and the alert is easier to notice than a quiet phone vibration in a jacket pocket. the phone remains better for reading a long message or changing calendar details. that division of roles has made the wearable feel practical without making my phone redundant. during the first part of ownership i paid attention to how often i would actually look at it. short alerts are readable at a glance, and the display wakes promptly when i raise my wrist. in bright outdoor light i sometimes need to angle my arm before the text stands out, whereas the phone screen is more forgiving. i also found the wearable less distracting during errands because i can decide whether a message needs a full reply before taking out the phone. battery use has been manageable for my normal routine, and the light weight is less noticeable than the phone in a pocket. i still reach for the phone when i need context, so the wearable earns its place through speed rather than breadth. the vela echo 187 compares favourably with checking the phone for small pieces of information, but it is not a replacement for the phone's larger screen or fuller controls. calendar notifications have arrived consistently in my routine use, while message previews are most useful when they are brief. the band has stayed comfortable through ordinary days, though i would prefer a quicker way to review several alerts. i would keep it for reminders and quick checks, with the phone still handling everything more involved.",True
CORD000364,CUS00047,2019-12-28,Thompson,"[{""product"":""Candle Vista 110"",""quantity"":1},{""product"":""Candle Lumen 220"",""quantity"":1},{""product"":""Vela Halo 137"",""quantity"":2}]",6865.76,22.96,-37.749354,144.938244,5,6545.43,Summer,True,7.0833,"i installed the candle shift 448 to improve coverage between rooms where the main connection had become inconsistent. compared with relying on the central router alone, it gives the back room a more usable signal, and ordinary browsing has been less interrupted since i positioned it near the middle of the house. the unit is small enough to avoid taking over the shelf, and moving it during setup was not difficult. for phones, casual streaming and routine work, the extended area has been a noticeable improvement over the previous weak spot. the result depends more on placement than i expected. when i put it too close to the room needing coverage, the benefit was limited, so finding a suitable position took several attempts. the connection is also not identical to being close to the main router; busy use in different rooms can still feel slower than the direct connection. my older extender had fewer settings and was quicker to understand, while the candle shift 448 provides more control but asks the user to pay attention during setup. once configured, i have not needed to change it often. the casing has remained cool and the connection has stayed present through normal household use. i cannot say whether it would suit a much larger home or heavy simultaneous traffic because my needs are moderate. the longer warranty is reassuring, although support has not been required. in comparison, this device is more effective than my old extender at filling the particular gap i had, but it is not a universal solution. its performance is acceptable when the layout and expectations are realistic.",True
CORD000365,CUS00074,2019-09-02,Bakers,"[{""product"":""Candle Orbit 548"",""quantity"":1},{""product"":""Candle Shift 916"",""quantity"":1},{""product"":""Candle Vista 110"",""quantity"":1},{""product"":""Candle Lumen 220"",""quantity"":1}]",7460.82,33.95,-37.797585,145.03431,10,6724.94,Spring,False,3.7002,"vela atlas 449 has given my phone a steady place in our shared workspace. the support holds its position during taps, and the angle works for calls, reminders, and checking reference notes while i work. it is light enough to move when the desk is reassigned, though the base prefers a smooth, level surface. that is easy to accommodate. the stand has reduced clutter and made my phone more visible without getting in the way.",True
CORD000366,CUS00126,2019-07-26,Bakers,"[{""product"":""Vela Halo 137"",""quantity"":2},{""product"":""Candle Orbit 548"",""quantity"":2},{""product"":""Candle Orbit 674"",""quantity"":1}]",2355.98,33.77,-37.773199,144.987633,10,2146.9,Winter,True,4.1458,"i have used vela pulse 559 beside my adjustable desk for several weeks, mainly to keep my phone at eye level during calls and while following notes. the mount is straightforward to position, and the joints hold their angle without constant tightening. i can move the device aside when i need the desk surface, then return it to almost the same place. that small bit of consistency makes my work area feel much tidier. the base has remained steady through ordinary typing and tapping, and the holder suits the different cases i use. adjustments are smooth rather than stiff, although changing the angle with one hand can make the whole arm shift slightly. the finish has also survived being moved between my desk and a side table without visible wear. vela pulse 559 is a thoughtful, useful accessory for anyone who wants a better viewing position without permanently rearranging the desk.",True
CORD000367,CUS00408,2019-08-28,Bakers,"[{""product"":""Vela Halo 281"",""quantity"":1},{""product"":""Candle Flux 162"",""quantity"":1}]",1591.03,40.3,-37.83914,145.002082,15,1378.18,Winter,True,3.296,"the vela ridge 635 has been a useful step up from the basic door chime i used previously. a chime told me that something had happened only when i was nearby, whereas this system sends activity alerts through the app and lets me review whether a door or window was opened. that extra context is helpful when i am working in another room or away from home for a short time. the vela ridge 635 has made ordinary household activity easier to keep track of without requiring constant attention. installation was less troublesome than i expected. i placed the sensor on a frequently used door first, tested the alert, and then added a window. the app made it possible to give each entry a sensible name, so an alert was more meaningful than the vague sound from my old chime. in daily use, the notifications have arrived promptly enough for my needs. i have also found the history useful when trying to remember whether i had closed a window before leaving. compared with the previous setup, i receive information that can be checked later rather than a momentary signal that disappears. the system is not perfect. the first placement required adjustment because the two parts needed to align properly, and i had one delayed notification while the phone connection was poor. i would prefer a clearer explanation of a few app settings, especially when choosing which alerts should be delivered. once configured, though, the vela ridge 635 has remained steady and unobtrusive. it does not replace physically checking a door or window, but it provides a convenient additional reminder and gives better awareness than a nearby chime. for routine door and window activity alerts, it has been a practical improvement and i am pleased with the change.",True
CORD000368,CUS00332,2019-09-22,Thompson,"[{""product"":""Candle Vista 110"",""quantity"":1},{""product"":""Vela Core 957"",""quantity"":1}]",2088.06,11.68,-37.763476,144.927727,10,1890.93,Spring,False,5.7284,"candle arc 978 has kept my home connection stable during video meetings and media streaming. calls have remained clear during ordinary household use, and streaming no longer pauses whenever another person starts a session. installation was uncomplicated, although the indicator lights are brighter than necessary at night. i have not needed to restart it often, which is a welcome change from my previous setup. it has delivered consistent coverage and has made the network feel much less troublesome.",True
CORD000369,CUS00060,2019-06-01,Nickolson,"[{""product"":""Vela Nova 753"",""quantity"":1},{""product"":""Candle Flux 162"",""quantity"":1},{""product"":""Candle Edge 932"",""quantity"":3}]",9935.34,15.98,-37.87528,144.934107,0,9951.32,Winter,False,7.0295,"vela nova 537 has become handy for calendar alerts and quick message checks. short previews appear clearly enough that i can decide whether to reach for my phone, and reminders have arrived consistently during work and errands. i like being able to glance at an upcoming appointment without interrupting what i am doing. the screen can feel small when a message is longer, so i still use the phone for replies and detail. even with that limitation, the wearable fits naturally into my routine and has made notifications more manageable.",True
CORD000370,CUS00461,2019-05-19,Bakers,"[{""product"":""Candle Flux 162"",""quantity"":1},{""product"":""Candle Orbit 548"",""quantity"":2},{""product"":""Vela Core 957"",""quantity"":1}]",1843.9,20.94,-37.834191,145.025192,0,1864.84,Autumn,True,3.7634,"vela spark 999 has made hands-free device support much less awkward in our shared workspace. before using it, people tended to lean their phones against notebooks, mugs, or whatever else was nearby. those improvised arrangements worked only until someone moved a paper or reached across the desk. this accessory gives each supported device a more definite place, which has reduced the small daily interruptions that used to surround calls and messages. i compared it with a cheaper, flat stand that we already had. the flat stand takes up slightly less space when stored, but it does not position a device as naturally for hands-free use and is easy to disturb. vela spark 999 feels more deliberate in its role. it keeps the screen visible while leaving room around it for ordinary desk work, and several colleagues have been able to use the same arrangement without lengthy explanations. that consistency matters in a shared area. the finish has remained presentable through regular handling, and the support has not become loose during normal use. it is not a transformative product, and it does not solve every problem caused by a crowded workstation. if the desk is already overloaded, any additional object requires a little planning. still, compared with balancing a phone against random office items, this is clearly more convenient and reliable. i have moved it between two work surfaces and found the setup quick each time. vela spark 999 is a modest accessory, but it provides exactly the hands-free support it was intended to provide.",True
CORD000371,CUS00121,2019-08-07,Nickolson,"[{""product"":""Candle Edge 392"",""quantity"":1}]",375.75,11.6,-37.834314,144.961665,15,330.99,Winter,False,1.8801,"candle lumen 850 has become my regular machine for documents, research, and video meetings at home and away from my desk. it is light enough to carry with notebooks, yet the keyboard does not feel cramped during longer writing sessions. documents open promptly, switching between browser tabs and meeting software has been smooth, and the camera has been adequate for ordinary calls. i appreciate that the screen can be positioned without the whole base shifting. after sixteen days of daily use, the hinge and keyboard still feel firm. the speakers are serviceable rather than especially rich, so i use headphones when listening to longer recordings. setup required a few updates and personal adjustments, but nothing was confusing. candle lumen 850 has made portable document work uncomplicated and has handled my meeting routine with confidence.",True
CORD000372,CUS00165,2019-03-30,Bakers,"[{""product"":""Candle Orbit 548"",""quantity"":1},{""product"":""Candle Orbit 674"",""quantity"":1},{""product"":""Vela Core 957"",""quantity"":1}]",851.6,11.8,-37.805673,145.020895,20,693.08,Autumn,False,2.3052,"the vela atlas 341 was intended for family calls and casual applications, but it has been a source of repeated frustration. calls connect, yet the speaker volume changes without warning and makes conversations difficult in a busy room. messages sometimes remain marked as sending even though the recipient receives them later, which leads to duplicate attempts. casual applications take a long time to open and close unexpectedly when switching between them. the screen registers taps unevenly near the lower edge, making the keyboard especially awkward for younger users. battery power drops quickly during ordinary family use, leaving little reserve by evening. the phone can perform its most basic tasks, but that does not offset the delays and uncertainty. after several weeks, the vela atlas 341 has proved disappointing for family communication and is not a dependable choice.",False
CORD000373,CUS00385,2019-07-04,Bakers,"[{""product"":""Candle Edge 392"",""quantity"":1},{""product"":""Vela Nova 753"",""quantity"":1},{""product"":""Vela Halo 281"",""quantity"":1},{""product"":""Candle Flux 162"",""quantity"":1}]",6370.39,16.04,37.754674,145.035595,10,5749.39,Winter,False,7.101,"candle arc 420 has handled my creative projects and media editing with encouraging consistency. i have used it for arranging images, trimming clips and keeping reference material open beside my work. the screen gives me enough room to see the timeline without constantly hiding other panels, and the keyboard is comfortable when i switch back to writing descriptions or planning notes. projects open promptly and ordinary edits remain responsive. exporting a larger piece makes the fan audible and the body warm, so i avoid placing it on soft furniture during longer sessions. that is expected for the workload and has not interrupted my progress. the lighter design is convenient when i take work to another room, though i pack it carefully. after seventeen days, candle arc 420 has proved versatile without feeling unnecessarily complicated. it supports both creative experimentation and routine writing, which makes it a useful all-round machine for my current projects.",True
CORD000374,CUS00348,2019-06-24,Bakers,"[{""product"":""Vela Core 957"",""quantity"":2},{""product"":""Candle Orbit 674"",""quantity"":2},{""product"":""Vela Halo 281"",""quantity"":1}]",1721.8,17.54,-37.77838,144.969823,0,1739.34,Winter,False,4.1646,"vela halo 443 was purchased for presentations and viewing family photographs, but it has been a source of avoidable trouble. initial setup was not difficult, although the display sometimes failed to recognise a device after being switched on. during presentations, the image has frozen without warning and required a restart, leaving an awkward pause while everyone waited. photo viewing is also marred by slow transitions and occasional blank screens between images. the controls feel confusing, and finding the input setting takes too much effort for a device intended for shared use. i have tried different rooms and connection positions, but the interruptions continue rather than settling down. the screen can show an image once it is finally connected, yet that basic function is not enough for dependable meetings or relaxed viewing. vela halo 443 has delivered a frustrating and unreliable ownership experience, so i cannot recommend it.",False
CORD000375,CUS00067,2019-11-28,Bakers,"[{""product"":""Candle Shift 916"",""quantity"":1},{""product"":""Candle Edge 392"",""quantity"":1},{""product"":""Candle Lumen 220"",""quantity"":1},{""product"":""Vela Nova 753"",""quantity"":1},{""product"":""Candle Flux 162"",""quantity"":1}]",11227.81,10.31,-37.829211,145.031598,5,10676.73,Spring,False,3.843,"candle edge 1058 has made wireless work more consistent around my home office. calls remain stable, browsing feels responsive, and moving a device between nearby rooms no longer causes the interruptions i used to notice. setup was manageable after reading the instructions carefully. the status lights are brighter than necessary, but i am pleased with the dependable coverage and low maintenance.",True
CORD000376,CUS00047,2019-01-31,Thompson,"[{""product"":""Vela Core 957"",""quantity"":2},{""product"":""Vela Halo 281"",""quantity"":1},{""product"":""Candle Lumen 220"",""quantity"":1}]",4603.07,12.96,-37.749354,144.938244,10,4155.72,Summer,False,9.5833,"i installed the candle shift 448 to improve coverage between rooms where the main connection had become inconsistent. compared with relying on the central router alone, it gives the back room a more usable signal, and ordinary browsing has been less interrupted since i positioned it near the middle of the house. the unit is small enough to avoid taking over the shelf, and moving it during setup was not difficult. for phones, casual streaming and routine work, the extended area has been a noticeable improvement over the previous weak spot. the result depends more on placement than i expected. when i put it too close to the room needing coverage, the benefit was limited, so finding a suitable position took several attempts. the connection is also not identical to being close to the main router; busy use in different rooms can still feel slower than the direct connection. my older extender had fewer settings and was quicker to understand, while the candle shift 448 provides more control but asks the user to pay attention during setup. once configured, i have not needed to change it often. the casing has remained cool and the connection has stayed present through normal household use. i cannot say whether it would suit a much larger home or heavy simultaneous traffic because my needs are moderate. the longer warranty is reassuring, although support has not been required. in comparison, this device is more effective than my old extender at filling the particular gap i had, but it is not a universal solution. its performance is acceptable when the layout and expectations are realistic.",True
CORD000377,CUS00331,2019-10-28,Nickolson,"[{""product"":""Candle Orbit 548"",""quantity"":3},{""product"":""Vela Core 957"",""quantity"":1},{""product"":""Candle Vista 110"",""quantity"":2}]",4672.86,10.25,-37.851174,144.957592,20,3748.54,Spring,False,3.7718,"vela halo 803 replaced an older living-room display that was still functional but increasingly awkward for family viewing. the improvement was not just a matter of appearance. faces remain easier to follow from the side of the room, menus respond without the long pauses we had become used to, and the picture holds together better during darker film scenes. compared with the previous screen, it makes shared viewing less dependent on everyone sitting directly in front of it. the built-in sound is acceptable for everyday television, although we still use separate speakers for films when we want more atmosphere. the display has become the centre of several different routines. one person can watch a programme while another browses the guide, and the controls are simple enough that visiting relatives did not need a long explanation. streaming applications open more promptly than they did on the old unit, and returning to something already in progress is less frustrating. we did have to spend time arranging the home screen because the default selection was not exactly how we wanted it, but that was a one-time adjustment rather than an ongoing problem. reflections are still visible in bright afternoon light, so placement near the window matters. for casual viewing, vela halo 803 feels like a meaningful step forward rather than a cosmetic replacement. the older display remains adequate for a spare room, but it cannot match the smoother menus, broader viewing comfort, or more balanced everyday presentation here. this is not a cinema installation and the sound will not satisfy every film enthusiast without help. for a household comparing practical shared-use displays, however, vela halo 803 offers the more pleasant experience and has earned its place in our main room.",True
CORD000378,CUS00484,2019-11-30,Thompson,"[{""product"":""Candle Orbit 548"",""quantity"":1},{""product"":""Candle Shift 916"",""quantity"":2}]",3973.61,24.04,-37.73972,144.928524,5,3798.97,Spring,True,8.2741,"candle arc 690 has served me well for travel-based work, presentations, and quick document changes. it is easy to carry, starts promptly, and gives presentations a clear enough display for small groups. the keyboard is comfortable for shorter writing sessions, and ordinary multitasking remains smooth. i need a charger for particularly long working days, but that is expected with a portable computer. it has made travelling with work much simpler and more manageable.",True
CORD000379,CUS00347,2019-05-26,Bakers,"[{""product"":""Candle Orbit 548"",""quantity"":1},{""product"":""Candle Edge 392"",""quantity"":1},{""product"":""Candle Lumen 220"",""quantity"":2},{""product"":""Candle Edge 932"",""quantity"":1}]",9181.08,11.05,-37.838321,145.042262,5,8733.08,Autumn,False,5.1945,"i have used vela pulse 451 for 36 days as my everyday phone, mainly for calls, messages, maps, and ordinary browsing. it feels more capable than the older phone it replaced, especially when i move between navigation and communication during a busy day. messages arrive promptly, calls have been clear in the places where i normally use them, and the screen is comfortable for reading directions without constantly zooming. the improvement is practical rather than flashy, which suits me well. i compared it with a smaller family phone while travelling around familiar areas. the other phone is easier to hold in one hand, but vela pulse 451 gives me a more comfortable view of maps and messages. navigation has remained steady during walks and car trips, and changing between applications has been smooth. i also tested it with casual photographs and a few everyday apps; the basic experience has been responsive and pleasant. the larger body can feel slightly awkward when i am carrying several things, yet the extra viewing space is valuable enough that i have accepted the trade-off. battery performance has been satisfactory for a normal day of communication and navigation, though extended map use means i carry a charger on longer outings. the phone connected to my existing accessories without a complicated process, and the controls became familiar quickly. i appreciate that family members can reach me consistently and that i can check directions without relying on another device. vela pulse 451 is not intended to replace a specialist camera or a high-end gaming device, but it handles daily communication and navigation with confidence. compared with my previous phone, it feels more balanced, responsive, and dependable, and i am happy to keep using it.",True
CORD000380,CUS00364,2019-04-14,Thompson,"[{""product"":""Candle Edge 392"",""quantity"":1},{""product"":""Candle Orbit 548"",""quantity"":2},{""product"":""Vela Nova 753"",""quantity"":1},{""product"":""Vela Halo 281"",""quantity"":1},{""product"":""Candle Orbit 674"",""quantity"":1}]",6146.3,8.97,-37.793793,144.962977,10,5540.64,Autumn,False,2.522,"i bought candle shift 214 for music while working at my desk, and after several weeks it has become part of my daily routine. setup was straightforward, and the wireless connection settled quickly whenever i started a listening session. i usually leave it nearby while reading, writing, or sorting through a long afternoon of tasks. the sound has a pleasant balance for the music i play most often. vocals remain easy to follow, softer tracks retain their detail, and the overall presentation does not become tiring during extended use. it is not a replacement for a larger room system, and the lowest notes lack some weight, but that limitation is reasonable for focused desk listening. at moderate volume, it gives my workspace an enjoyable atmosphere without becoming distracting. what i appreciate most is the simple ownership experience. i can move around the desk without worrying about a cable, and reconnecting after stepping away has been consistent. the controls took only a little practice to remember, and the exterior has handled regular handling without looking worn. i have used it during quiet mornings and busier evenings, and the performance has remained stable. there have been a couple of moments when i needed to reconnect manually after switching between devices, so the wireless behavior is not completely invisible. even so, that small inconvenience has been rare and easy to resolve. candle shift 214 has delivered clear, enjoyable music with very little fuss, and it continues to suit the focused work setting for which i purchased it.",True
CORD000381,CUS00118,2019-09-03,Bakers,"[{""product"":""Candle Orbit 548"",""quantity"":3},{""product"":""Candle Flux 162"",""quantity"":1},{""product"":""Candle Edge 932"",""quantity"":2}]",4846.71,11.47,-37.77972,145.043794,5,4580.46,Spring,False,5.4352,"vela atlas 1043 has been useful for presentations and viewing family photos. images remain clear when people sit at different angles, and switching between slides or pictures feels quick. its compact shape makes it easy to move from the study to the dining room. the built-in sound suits small groups but is not powerful enough for a large gathering. for everyday sharing, it has stayed responsive and enjoyable.",True
CORD000382,CUS00339,2019-08-03,Thompson,"[{""product"":""Candle Shift 916"",""quantity"":1},{""product"":""Candle Flux 162"",""quantity"":3},{""product"":""Vela Halo 281"",""quantity"":2},{""product"":""Candle Orbit 548"",""quantity"":2}]",6613.26,11.69,-37.828932,144.937784,0,6624.95,Winter,False,1.9834,"vela spark 585 has been monitoring door and window activity for several weeks, mainly at the front entrance and a ground-floor window. the alerts arrive quickly enough to tell me when someone has come home or when a window was left open, and the activity history is helpful when i am trying to remember what happened earlier. installation was uncomplicated, although aligning the two parts took a few attempts before the status appeared correctly. the app offers more notification choices than i expected, so the first evening involved some adjustment to avoid receiving unnecessary updates. since then, it has required little attention. the alert sound on my phone is easy to miss when i am busy, which means i still check the history rather than relying on one notification. vela spark 585 has nevertheless added useful awareness to our routine without making the home feel over-automated.",True
CORD000383,CUS00353,2019-03-30,Thompson,"[{""product"":""Candle Orbit 548"",""quantity"":2},{""product"":""Candle Edge 392"",""quantity"":1},{""product"":""Candle Lumen 220"",""quantity"":1},{""product"":""Candle Orbit 674"",""quantity"":1}]",4741.34,13.5,-37.864498,144.878465,5,4517.77,Autumn,False,8.3368,"candle orbit 656 replaced a dated gaming setup that had become awkward during long desktop sessions. i noticed the difference during the first weekend because the arrangement felt less cramped and i could settle into a game without repeatedly shifting equipment around. the controls respond consistently, and the overall design supports the kind of extended play i usually do rather than only short bursts. compared with my previous hardware, it feels more composed when several things are happening at once. i have used candle orbit 656 for competitive matches, slower strategy games, and voice conversations between sessions. the controls are easy to locate after a little practice, and the connection has remained steady through normal use. i also appreciate that the equipment does not dominate the desk. it fits into my existing arrangement without forcing me to move everything else. the finish has held up through regular handling, though dust is visible on the darker surfaces and i clean it more often than i expected. there are modest limitations. the setup takes some time to tune, and the default arrangement did not suit every game or volume level. the cable placement also needs thought if the desk is already crowded. once i made those adjustments, the comparison with my old equipment became clear: candle orbit 656 is less distracting, more comfortable for long play, and easier to manage across different games. it has become the dependable centre of my desktop gaming routine, with only minor maintenance and setup work required.",True
CORD000384,CUS00311,2019-12-24,Thompson,"[{""product"":""Vela Core 957"",""quantity"":1},{""product"":""Vela Halo 281"",""quantity"":2},{""product"":""Candle Flux 162"",""quantity"":2}]",3453.53,12.44,-37.835397,144.880882,0,3465.97,Summer,False,6.3388,"the vela ridge 455 has been part of my evening routine for several weeks, controlling a lamp in the living room through the app. installation was manageable, and after the first connection the light usually responds quickly to a tap. i can switch it on while carrying groceries or turn it off from another room, which is genuinely convenient. the simple control suits my routine, and the lamp has continued working normally with the device in place. my reservations come from the uneven details. the app occasionally takes a moment to show the current state, so i have tapped again because i was unsure whether the command arrived. reconnecting after a brief wireless interruption was not difficult, but it interrupted the routine and left the light in its previous state. the control screen offers fewer details than expected, making troubleshooting feel like guesswork. these issues are minor for a single lamp but would become awkward with several rooms. the vela ridge 455 is a workable lighting controller with a helpful remote function, though its status feedback and recovery behaviour keep the experience mixed.",True
CORD000385,CUS00010,2019/11/09,Bakers,"[{""product"":""Vela Nova 753"",""quantity"":1}]",4403.61,10.2,-37.811634,145.03732,10,3973.45,Spring,False,3.7018,"candle shift 646 has produced usable recordings for game streaming and media capture. after the initial configuration, the main workflow is straightforward and footage remains consistent during ordinary sessions. changing sources mid-stream is awkward, and longer recording periods make the unit noticeably warm. the controls provide the necessary options but are not arranged especially intuitively. it is suitable for occasional capture work, while frequent streaming would benefit from a smoother setup.",True
CORD000386,CUS00128,2019-11-27,Bakers,"[{""product"":""Candle Shift 916"",""quantity"":1},{""product"":""Candle Lumen 220"",""quantity"":1},{""product"":""Vela Nova 753"",""quantity"":1},{""product"":""Vela Core 957"",""quantity"":1},{""product"":""Vela Halo 137"",""quantity"":1}]",10823.13,20.77,-37.790718,145.030876,10,9761.59,Spring,True,3.7951,"vela pulse 127 gives me a quick, readable summary after exercise sessions. starting a workout is straightforward, and the display remains usable while i am moving. reviewing the results later takes little effort, which encourages me to keep a regular record. the strap feels somewhat firm, and small figures are difficult to read when i am tired. those details are minor, and the wearable has been a useful, encouraging part of my routine.",True
CORD000387,CUS00413,2019-07-26,Nickolson,"[{""product"":""Candle Orbit 548"",""quantity"":1},{""product"":""Candle Lumen 220"",""quantity"":1},{""product"":""Vela Core 957"",""quantity"":1},{""product"":""Vela Halo 281"",""quantity"":1}]",4587.67,29.14,-37.875253,145.009878,10,4158.04,Winter,True,7.227,"candle vista 488 has helped me manage a busy home network without making routine changes feel difficult. i created a separate guest network quickly, and visitors have been able to connect without seeing the household devices. the device list is also useful when i want to check what is currently online or remove something i no longer recognise. coverage has remained steady across the rooms where we use phones, laptops and a television. i spent a little time learning where the management options were located, but the layout became familiar after that first setup. the unit is larger than some alternatives, although it sits neatly on a shelf. candle vista 488 has given me clearer control over shared access and has kept everyday connections running smoothly.",True
CORD000388,CUS00044,2019-04-24,Thompson,"[{""product"":""Vela Core 957"",""quantity"":1},{""product"":""Vela Halo 137"",""quantity"":1},{""product"":""Candle Orbit 674"",""quantity"":1}]",1355.42,25.09,-37.746562,144.886132,5,1312.74,Autumn,True,9.0951,"vela wave 841 has handled family communication and casual apps comfortably during my regular use. calls are clear in normal settings, messages arrive promptly, and moving between conversations, maps, and simple apps feels responsive. the screen is bright enough for reading and photos indoors, while the shape remains manageable in one hand for quick replies. i have also used it for video chats with relatives, and the connection has been steady when the network is available. battery life covers my usual day, although frequent video use means i need to charge sooner. the camera is perfectly adequate for family snapshots but does not replace a dedicated camera in difficult light. setup was easy, and the phone has remained pleasant to use after the initial transfer of my information. the casing has handled being carried in a pocket with keys without obvious marks. vela wave 841 is a sensible, dependable smartphone for communication and everyday apps.",True
CORD000389,CUS00352,2019-08-16,Bakers,"[{""product"":""Candle Edge 392"",""quantity"":1},{""product"":""Candle Flux 162"",""quantity"":1},{""product"":""Candle Orbit 674"",""quantity"":3}]",2408.22,11.39,-37.795929,144.989805,15,2058.38,Winter,False,1.6352,"the vela ridge 707 has given me a convenient overview of daily activity and sleep without requiring much effort. i check the activity summary after walking and review the sleep information in the morning. the presentation is simple enough to understand quickly, and the device has remained comfortable overnight. it has stayed responsive during errands, desk work, and regular walks. notifications do not overwhelm the display, and syncing the information has been consistent when i open the companion view. i like having a broad sense of my routine rather than needing to record every detail manually. the tracking is not a substitute for specialised equipment or professional assessment, and some summaries are necessarily basic. for everyday awareness, vela ridge 707 has been useful and unobtrusive. it gives me a gentle prompt to notice my habits, fits comfortably through the day, and has become something i check without thinking about it.",True
CORD000390,CUS00144,2019-07-24,Nickolson,"[{""product"":""Vela Core 957"",""quantity"":1},{""product"":""Candle Lumen 220"",""quantity"":2},{""product"":""Candle Orbit 548"",""quantity"":1},{""product"":""Candle Shift 916"",""quantity"":1}]",9445.09,20.63,-37.887891,144.983435,0,9465.72,Winter,False,7.8012,"candle lumen 778 has been used for video meetings and home media streaming, and it compares poorly with the previous network device. a connection is available, but performance changes without warning. during meetings, speech becomes broken while other devices are streaming, and the problem takes long enough to correct that conversations are interrupted. the old unit had fewer controls, yet it behaved less erratically under the same household workload. streaming on one device can continue, but adding a second screen often leads to pauses and repeated buffering. the administration page shows activity without making the source of the problem obvious, so i have spent too much time restarting equipment and checking cables. device status information is present, although it is too vague to explain the failures. this is not a total loss of connection every time; the intermittent nature is what makes candle lumen 778 especially frustrating. the quest family positioning suggests a flexible home network, but daily use has exposed weak management and poor stability. the setup process did not match the instructions, and the support material gives broad advice that does not help with meeting interruptions. compared with the previous device, i have less confidence when scheduling a call or starting a film. the network performs basic tasks, but unreliable handling of shared traffic makes it unsuitable for my household. i regret replacing the older unit and would avoid this model.",False
CORD000391,CUS00031,2019-05-10,Bakers,"[{""product"":""Candle Orbit 548"",""quantity"":1},{""product"":""Vela Core 957"",""quantity"":1}]",527.54,14.51,-37.840943,145.048119,5,515.67,Autumn,False,5.7809,"candle lumen 220 replaced my previous laptop for creative projects and media editing, but the newer machine has not handled that work as expected. the old laptop was bulky and slow to carry, yet it kept editing applications responsive during ordinary projects. candle lumen 220 pauses when i move between a project file and a media folder, and the preview can freeze while i adjust a clip. i have lost track of whether an edit was accepted and have repeated actions that were already waiting to process. that uncertainty has created extra corrections and made short tasks stretch across much longer sessions. the keyboard is shallow, with little separation between keys, so typing notes beside the timeline feels awkward. the screen shows detail, although reflections become distracting when i work near a window. i have reduced background applications and restarted the machine before editing, but the sluggish behaviour returns once the project becomes more involved. exporting a finished file also leaves the laptop warm and difficult to use for another task at the same time. my former computer was not pleasant to carry, but it behaved more predictably under the workload. candle lumen 220 opens files and can complete a basic edit when i wait through each pause. those functions do not compensate for the weak multitasking, frozen previews, and tiring keyboard. compared with the old laptop, this replacement creates more uncertainty and more wasted effort. for creative work and media editing, candle lumen 220 is a frustrating and unreliable choice that i would avoid.",False
CORD000392,CUS00029,2019-09-01,Thompson,"[{""product"":""Candle Orbit 674"",""quantity"":1},{""product"":""Vela Core 957"",""quantity"":2}]",867,14.36,-37.885124,144.891903,25,664.61,Spring,False,9.4002,"candle quest 408 was added to cover a home-office corner where the wireless signal had been inconsistent. positioning it took a few attempts, but once i moved it away from a thick shelf the desk connection became much steadier. video calls remained connected through normal work, and transferring smaller documents felt noticeably less interrupted than before. i also used the connection from a nearby room and found the range adequate for the way my household is arranged. the unit is not entirely invisible in use. a laptop occasionally showed a connection pause when waking from sleep, and the recovery took long enough to interrupt the beginning of a meeting. restarting the unit fixed it, but that is not something i want to make part of a weekly routine. the setup screen explains the basic choices but gives limited guidance when the signal changes from one room to another. when several devices were active in the evening, performance remained acceptable rather than especially quick. after three weeks, candle quest 408 has solved the main coverage problem and earns credit for that. it makes the office corner more usable and has reduced the number of dropped calls i was experiencing. the wake-up pauses and ordinary performance under a busy load keep my view measured. i would retain it for the coverage, while expecting occasional maintenance and a little experimentation with placement.",True
CORD000393,CUS00174,2019-09-11,Bakers,"[{""product"":""Candle Orbit 548"",""quantity"":1},{""product"":""Vela Halo 281"",""quantity"":1},{""product"":""Candle Edge 932"",""quantity"":1}]",2277.29,9.61,-37.790795,144.972984,0,2286.9,Spring,False,2.8947,"for several weeks, the vela wave 985 has watched the main entry and a frequently used window in my home. installation took little time because the pieces are light and placement is flexible. alerts arrive promptly when a door opens or the window moves, and the wording identifies the activated point. i have tested it at different times and from different phones in the household, with the same basic result. i can check the activity history after returning home and see whether an opening event occurred. the unit blends into the frame and has not shifted despite repeated use. i did spend time adjusting alert preferences because the first setting produced more messages than i wanted, but that was easy to correct. it has not sent unexplained warnings during normal use. the vela wave 985 performs its focused job neatly, and the 12-month warranty adds confidence. for straightforward door and window activity alerts, it has been a worthwhile addition.",True
CORD000394,CUS00264,2019-05-14,Thompson,"[{""product"":""Candle Orbit 548"",""quantity"":1},{""product"":""Candle Edge 392"",""quantity"":1},{""product"":""Vela Nova 753"",""quantity"":1}]",5035.43,9.72,-37.795248,144.914021,0,5045.15,Autumn,False,3.4906,"candle quest 930 has fitted into our shared home office better than i expected. we use it for administration, forms, email, browsing, and occasional video calls, and compared with the older machine it replaced, the whole routine feels less interrupted. it starts without a long wait, handles several ordinary windows at once, and gives enough screen space for reading a document beside a form. the keyboard is comfortable for longer typing sessions, while the body remains easy enough to move between rooms when the desk is needed for something else. different family members have used it with slightly different habits, which has been a useful test. one person mainly works through correspondence, another uses spreadsheets and online services, and i use it for calls and organising household information. none of those tasks has caused a serious slowdown. compared with relying on a phone or tablet, the larger keyboard and familiar desktop layout make careful data entry much less tiring. the camera and microphone are adequate for meetings, and the speakers make spoken instructions easy to follow. battery performance has suited short sessions away from a desk, although i usually keep the charger nearby for a long afternoon. the fan can become audible when several applications are open, and the finish shows fingerprints more readily than i would prefer. those are minor compromises in a laptop that is otherwise pleasant to share. candle quest 930 also feels less specialised than a heavier work computer, which is an advantage in a household where one device serves several purposes. after several weeks of ownership, i am pleased with its versatility and consider it a strong choice for ordinary home-office administration.",True
CORD000395,CUS00243,2019-11-02,Thompson,"[{""product"":""Candle Flux 162"",""quantity"":1},{""product"":""Vela Core 957"",""quantity"":1},{""product"":""Vela Halo 137"",""quantity"":1}]",2091.65,15.22,-37.74888,144.936542,5,2002.29,Spring,False,7.1535,"we used vela spark 423 for shared film and television viewing, but the experience was marked by pauses, failed loading, and awkward controls. the home screen often took too long to appear, and selecting a program sometimes produced a blank screen before returning to the menu. during longer films, playback stopped several times and required restarting rather than continuing from the same point. different family members also found the remote confusing because the buttons were crowded and the response was delayed. the picture was visible when the stream held, but motion became uneven during busy scenes and subtitles occasionally appeared late. switching between profiles caused another pause, which made casual viewing feel unnecessarily difficult. a program could be started after enough patience, yet that basic success did not outweigh the repeated interruptions. vela spark 423 made family viewing frustrating and is not something i would choose again.",False
CORD000396,CUS00433,2019-07-12,Bakers,"[{""product"":""Candle Lumen 220"",""quantity"":1}]",3529.39,16.06,-37.868003,145.02977,0,3545.45,Winter,False,7.1276,"vela echo 133 has been used in our living room for casual games when friends or family visit. the large shared view makes it easy for people on different seats to follow the action, and the controls are simple enough that new players join quickly. the device is quiet during a normal session, so it does not dominate the room. for short games after dinner, the arrangement has been more inviting than our previous small-screen setup. compared with the older display and gaming unit, vela echo 133 feels better suited to a group. people can see the screen without leaning forward, and changing the player is straightforward. the older setup starts a little faster and has a more familiar menu, while vela echo 133 looks cleaner once the game is running. someone who mostly plays alone may not notice much benefit from the larger shared presentation, but our household has used that advantage repeatedly. there is a pause when moving from one activity to another, and the delay is more noticeable when several commands are made quickly. the built-in sound works for casual play but lacks fullness for films or music. i have also found the controls less comfortable after a long session, although short sessions cause no issue. vela echo 133 is neither a major disappointment nor a complete replacement for more dedicated equipment. it improves social play and visibility, while slower transitions and ordinary sound keep the overall result balanced.",True
CORD000397,CUS00462,2019-05-23,Baker's,"[{""product"":""Candle Orbit 674"",""quantity"":1},{""product"":""Candle Lumen 220"",""quantity"":1}]",3853.45,24.5,-37.741721,145.034191,0,3877.95,Autumn,True,8.3283,"i compared the vela wave 499 with the stand i had been using in our shared workspace, mainly to see whether it would make short calls and reference work less awkward. the biggest improvement is that it keeps a phone at eye level without taking much room beside my keyboard. i can shift it between two desks quickly, and the base stays put when i tap the screen. the viewing angle is flexible enough for sitting or standing, although changing it with one hand takes a little care because the whole accessory moves if i push too firmly. after several weeks, the wave 499 has remained steady during ordinary use. it does not connect to anything, so there was no setup or software to learn, and that simplicity is part of its appeal. i use it for video calls, timers, and keeping a message window visible while working on a laptop. the support is less convincing with a heavier phone in a thick case: the device still rests there, but the balance feels less secure and i avoid nudging the desk. cable access is also dependent on how the phone is positioned, which means i sometimes have to rotate it before plugging in. compared with my previous stand, this one is easier to move and looks less intrusive in a communal room. the older stand felt more planted and accepted a wider range of cases, while the vela wave 499 takes up less visual space. the surface has picked up a few small marks from being carried between desks, but nothing has affected use. i would choose it for light, shared-workspace support where portability matters. for a permanent station or a bulky case, i would spend more time checking the fit first. it is a practical middle ground rather than a universal upgrade.",True
CORD000398,CUS00196,2019-06-08,Nickolson,"[{""product"":""Candle Orbit 674"",""quantity"":1},{""product"":""Candle Edge 392"",""quantity"":1},{""product"":""Vela Halo 137"",""quantity"":1}]",1459.7,14.22,-37.86302,144.975131,5,1400.93,Winter,False,4.9641,"vela ridge 563 started as a convenient speaker for the kitchen, but it gradually found a place in several parts of my day. during breakfast i use it for music, then later i switch to spoken content while preparing food or tidying up. the display makes the current selection visible without requiring me to pick up my phone, which is especially handy when my hands are busy. sound carries well through the room for ordinary listening, and voices remain distinct enough for talks, interviews, and short news programmes. i appreciated how quickly it became familiar. the first setup involved a little trial and error with the controls, but after that i could start playback, pause, and change selections without thinking much about the process. in the living room it works at a moderate level without overwhelming conversation. when i move around the house, the listening experience changes with the room, so i would not choose it for serious music sessions, but that is not what i bought it to do. its role is casual background entertainment, and it handles that role consistently. the screen is useful for confirming what is playing, although the compact size limits how much information can appear at once. i also found that voice commands are less convenient when there is a lot of background noise, so i use the physical controls or my phone in those situations. those are small limitations beside the convenience of having music and spoken content available where i need it. the housing has remained neat despite regular handling, and the longer warranty is a welcome detail. vela ridge 563 has been an easy addition to my home rather than another device that needs constant management.",True
CORD000399,CUS00184,2019-07-27,Thompson,"[{""product"":""Candle Flux 162"",""quantity"":1},{""product"":""Vela Halo 281"",""quantity"":1},{""product"":""Vela Core 957"",""quantity"":1},{""product"":""Candle Orbit 548"",""quantity"":2}]",2374.64,15.84,-37.751086,144.952847,10,2153.02,Winter,False,6.867,"i use candle vista 614 during focused desk work, mostly for instrumental music and spoken programs. it connects without repeated attempts and keeps playing while i move between writing, research and short breaks. the sound is balanced at the volume i need, with speech remaining distinct and music providing atmosphere without becoming tiring. its footprint is small enough to leave beside my monitor, and the controls are within reach when i need to pause. bass is less substantial than i would want for dedicated music listening, and the indicator is slightly distracting in a dim room. for a work desk, however, the restrained presentation suits me. i have used it for long stretches on many days and have not encountered dropouts or crackling. candle vista 614 has made my workspace more inviting and has handled its intended role with reassuring consistency.",True
CORD000400,CUS00334,2019-05-17,Nickolson,"[{""product"":""Candle Orbit 548"",""quantity"":1},{""product"":""Vela Core 957"",""quantity"":1},{""product"":""Candle Edge 392"",""quantity"":1},{""product"":""Vela Halo 281"",""quantity"":1}]",1434.03,11.64,-37.86949,144.990485,10,1302.27,Autumn,False,5.9503,"i brought home vela nova 213 for music and spoken-content playback, expecting it to sit quietly on a shelf and become useful over time. that is more or less what happened. the first setup took only a short while, and i soon had it playing a familiar playlist while i prepared dinner. the controls were easy to understand, and changing what was playing did not interrupt the rest of the evening. its appearance is restrained enough for the living room, so it blends in instead of becoming the focus of the space. during the first week i tried vela nova 213 in several parts of the house. it worked particularly well beside the kitchen, where i listen to radio programs and podcasts while cooking. voices came through with enough presence to follow a conversation, even when there was some background noise from pans and running water. music is pleasant at moderate volume, and the room can be filled without making the sound feel harsh. i have also used it beside my desk during reading, where it provides quiet background listening without needing much adjustment. after thirty-five days, the device has settled into several small routines. i start an episode while making breakfast, continue it during chores, and often return to the same spot in the evening. vela nova 213 remembers enough of my preferred arrangement that i rarely need to think about operation. the built-in controls are responsive, although i sometimes wish they were more visible from across the room. that is a minor inconvenience rather than a serious drawback. the finish has stayed neat, and the supplied warranty provides useful peace of mind. for music and spoken content in ordinary rooms, vela nova 213 has been a welcome, uncomplicated addition.",True
CORD000401,CUS00292,2019-04-22,Bakers,"[{""product"":""Candle Lumen 220"",""quantity"":1},{""product"":""Candle Flux 162"",""quantity"":1}]",4589.68,12.26,-37.784491,145.064913,10,4142.97,Autumn,False,6.7474,"the candle shift 178 has been part of our home network long enough to show how it behaves beyond the first installation. i connected it for video meetings and media streaming, then left it running through busy evenings when several people were online. the initial setup was clear, and the connection has stayed steady while calls, films, and ordinary browsing share the network. meetings begin promptly, voices remain in sync, and streaming resumes quickly after a pause. that consistency has made the device fade into the background, which is exactly what i wanted from it. i also appreciate the practical design. the status information is easy to understand, and restarting the unit does not turn into a long troubleshooting session. during heavier use it becomes warm, though not alarmingly so, and the indicator light is brighter than necessary in a dark room. neither issue has affected our routine. the candle shift 178 has given us a calm, reliable experience for work and entertainment, with enough flexibility for the whole household. after using it regularly, i consider it a strong and worthwhile addition to our network.",True
CORD000402,CUS00267,2019-05-06,Thompson,"[{""product"":""Vela Core 957"",""quantity"":2},{""product"":""Candle Vista 110"",""quantity"":3},{""product"":""Candle Flux 162"",""quantity"":1}]",7053,12.64,-37.756578,144.905529,10,6360.34,Autumn,False,8.4772,"vela atlas 197 has fitted into my daily routine more naturally than the wearable i tried before. i mainly use it for timekeeping and habit reminders, and those functions are presented without making me manage the device constantly. the previous wearable sent reminders in a way that felt intrusive, while this one is easier to notice and then dismiss when i am busy. i have kept using it because it supports small routines without taking over my attention. the display is readable during normal indoor use, and the controls became familiar after a short period. i can check the time quickly, review a reminder, and continue with whatever i was doing. its lighter feel is also preferable to my older device, which became uncomfortable by the end of a long day. the strap has remained secure during ordinary movement, although i would prefer a little more flexibility when adjusting it for different clothing. i do not use every available function, and some of the health-related information is more detailed than i need. battery performance has been consistent enough for my routine, but frequent interaction means charging becomes more regular. those are manageable limitations rather than reasons to stop wearing it. compared with the earlier wearable, vela atlas 197 is calmer, easier to read, and more practical for reminders and everyday timekeeping. it has become a quiet prompt for habits rather than another device demanding attention.",True
CORD000403,CUS00158,2019-06-02,Thompson,"[{""product"":""Candle Edge 392"",""quantity"":1}]",375.75,12.74,-37.784299,144.939267,0,388.49,Winter,False,3.2287,"candle shift 898 has given the far room a much steadier connection. i can move between rooms during a call without the awkward pauses i had before, and media continues playing when the signal travels through the hallway. the status light is clear and the unit has required little attention after setup. it is larger than some compact alternatives, but the coverage has been worth it.",True
CORD000404,CUS00470,2019-09-30,Thompson,"[{""product"":""Candle Flux 162"",""quantity"":1},{""product"":""Candle Shift 916"",""quantity"":1},{""product"":""Candle Orbit 548"",""quantity"":1}]",3175.13,8.24,-37.82172,144.948429,5,3024.61,Spring,False,1.013,"candle flux 108 has improved the wireless coverage in the part of the house where i work. video meetings, document uploads, and ordinary browsing have continued with fewer interruptions, even when another person is using the network elsewhere. installation was manageable, and the setup process gave me enough information to connect the devices i use every day. the unit does not take much space on the desk, and its operation has been quiet and unobtrusive. i did need to reposition it once to get the best result, and the lights are brighter than i prefer during evening work. these are easy adjustments rather than serious faults. candle flux 108 has made my home-office routine calmer because i spend less time wondering whether a call or upload will fail. it is a practical improvement for shared household connectivity.",True
CORD000405,CUS00081,2019-11-21,Thompson,"[{""product"":""Vela Core 957"",""quantity"":1},{""product"":""Vela Halo 281"",""quantity"":1},{""product"":""Candle Lumen 220"",""quantity"":1}]",4331.6,14.62,-37.8869,144.88799,15,3696.48,Spring,False,9.7484,"the vela halo 731 has served as my travel phone for navigation, reading, and media, and its strengths become clearer away from my usual routine. maps are comfortable to view, the battery handled long periods of checking directions, and downloaded programs were convenient during stretches with limited connection. compared with my older handset, the vela halo 731 feels quicker when moving between maps and messages. compared with a newer high-end phone used by a companion, it takes a little longer to open heavier media and does not feel as polished in every interaction. the larger screen is useful for planning a route or watching a short program, but it makes one-handed use less comfortable while walking. calls and messages worked as expected, and the interface was familiar enough that i did not spend much time learning it. i found the storage arrangement less obvious than expected, especially when deciding where downloaded media should be kept. that is a small inconvenience at home but more noticeable when preparing for travel. the camera produced usable snapshots in daylight, while indoor results were less consistent and did not always capture fine detail. the vela halo 731 remained comfortable to hold during a long train journey, though the smooth body made a case feel necessary. it is a sensible option for planning trips and consuming media without reaching for a tablet. i would not describe it as the fastest or most refined phone available, but it balances screen space, battery endurance, and ordinary communication in a way that suits moderate travellers.",True
CORD000406,CUS00390,2019-10-23,Nickolson,"[{""product"":""Candle Orbit 674"",""quantity"":1},{""product"":""Candle Edge 392"",""quantity"":1},{""product"":""Candle Orbit 548"",""quantity"":2},{""product"":""Candle Lumen 220"",""quantity"":1}]",4741.34,12.3,-37.877735,144.972164,10,4279.51,Spring,False,6.5801,"i bought the vela core 471 mainly for work calls and calendar management, and it has performed well in both areas. calls connect quickly, voices remain clear in ordinary indoor use, and the microphone has been understood without people asking me to repeat myself. the calendar is simple to organise, with appointments easy to review while travelling between meetings. notifications arrive promptly, and i can move from an invitation to an email or message without the phone becoming sluggish. the screen is comfortable for reading schedules, while the size still fits easily in a pocket. battery life has covered my usual working day with room for evening messages, although frequent video use would require more attention to charging. i also like that the interface feels uncluttered rather than demanding constant adjustment. the camera is serviceable for quick documents but is not the reason to choose this model. for communication, planning, and everyday use, the vela core 471 has been a dependable and pleasantly uncomplicated phone.",True
CORD000407,CUS00030,2019-10-07,Thompson,"[{""product"":""Candle Edge 932"",""quantity"":3}]",4471.44,11.04,-37.832567,144.897941,15,3811.76,Spring,False,4.8491,"vela pulse 397 has fitted neatly into my day for habit reminders and quick time checks. the screen is readable, alerts are noticeable, and the basic controls are easy to understand. wearing it for a full day can become less comfortable, while changing a reminder takes more taps than it should. it is a pleasant, focused wearable for simple routines, although anyone seeking extensive features may find it limited.",True
CORD000408,CUS00158,2019-09-23,Thompson,"[{""product"":""Candle Flux 162"",""quantity"":1},{""product"":""Candle Vista 110"",""quantity"":1},{""product"":""Candle Orbit 548"",""quantity"":1},{""product"":""Vela Core 957"",""quantity"":1}]",3404.42,20.36,-37.784299,144.939267,5,3254.56,Spring,True,3.2287,"candle shift 898 has given the far room a much steadier connection. i can move between rooms during a call without the awkward pauses i had before, and media continues playing when the signal travels through the hallway. the status light is clear and the unit has required little attention after setup. it is larger than some compact alternatives, but the coverage has been worth it.",True
CORD000409,CUS00296,2019-07-29,Nickolson,"[{""product"":""Vela Core 957"",""quantity"":1},{""product"":""Vela Nova 753"",""quantity"":1},{""product"":""Candle Edge 392"",""quantity"":1},{""product"":""Vela Halo 281"",""quantity"":1}]",5581.57,16.57,-37.885249,144.944641,0,5598.14,Winter,False,7.7275,"candle bloom 568 has kept our shared household devices connected with little attention. the management view helps me identify what is using the network, and everyday equipment has rejoined normally after routine interruptions. installation was not difficult, though the cable arrangement is less tidy than i wanted. it lacks some advanced options, but for a busy home it has provided stable, useful service.",True
CORD000410,CUS00305,2019-04-29,Bakers,"[{""product"":""Vela Nova 753"",""quantity"":2},{""product"":""Candle Flux 162"",""quantity"":1}]",9867.51,10.08,-37.774709,145.000116,25,7410.71,Autumn,False,3.9471,"candle shift 862 has been a convenient tablet for portable media and video calls. it is easy to carry from room to room, starts quickly, and handles streaming without the pauses i had become accustomed to with my older device. the screen is comfortable for reading and watching, while the front camera produces a clear enough image for ordinary calls. switching from a video to a message is quick and does not interrupt my routine. the speakers are adequate in a quiet room but lack depth when there is background noise, so headphones are preferable in busier spaces. battery life has suited travel and evening use, though long video sessions reduce it noticeably. candle shift 862 is not a replacement for a full computer, but it has been responsive, portable, and genuinely useful for the activities i bought it to handle.",True
CORD000411,CUS00143,2019-11-02,Nickolson,"[{""product"":""Vela Halo 137"",""quantity"":1},{""product"":""Candle Flux 162"",""quantity"":1},{""product"":""Vela Halo 281"",""quantity"":1},{""product"":""Candle Orbit 674"",""quantity"":1}]",2674.98,13.12,-37.887266,144.957861,5,2554.35,Spring,False,7.7045,"i bought vela nova 429 because charging leads had begun collecting in a drawer and on the edge of my desk. the accessory is compact, so placing it beside the socket did not require rearranging anything. i could separate the cables i use every day and keep the less frequently used ones behind them. that simple change made the area look calmer, although the organiser holds fewer thicker leads than i first expected. during the first week, i tried it with phone, tablet, and headphone cables. slimmer cables stayed in their channels without much movement, while a heavier lead occasionally pulled free when i lifted the device from the desk. the material has enough firmness to keep its shape, and the base does not slide much on the surface. it is not a complicated item, but the usefulness depends on placing it where the cables naturally arrive. when i moved it to a lower shelf, reaching the connectors became awkward and the tidy effect was reduced. after 41 days, the channels have not stretched and the finish still looks clean. vela nova 429 has solved the specific problem of loose everyday cables, though it has not replaced a larger storage box for spare accessories. i appreciate that it needs no setup and takes very little room. my view is mixed in a practical way: it is a neat solution for a small group of light cables, but the limited capacity and weaker grip on thick ones should be considered before buying. for my desk, it remains useful enough to keep.",True
CORD000412,CUS00309,2019-12-15,Thompson,"[{""product"":""Candle Orbit 674"",""quantity"":3},{""product"":""Vela Core 957"",""quantity"":1},{""product"":""Candle Vista 110"",""quantity"":2},{""product"":""Candle Flux 162"",""quantity"":1}]",6020.62,23.02,-37.749613,144.929915,15,5069.57,Summer,True,7.1722,"i have used vela echo 439 with several devices for 37 days and it has made my desk much tidier. the compact adapter connects the equipment i use most often, and changing from one device to another is quick. it takes little space in a bag, which is handy when i work away from home. the casing feels light rather than rugged, so i handle it with some care. even with that small reservation, its flexible connections and convenient size make it a worthwhile accessory.",True
CORD000413,CUS00456,2019-05-30,Thompson,"[{""product"":""Vela Halo 137"",""quantity"":1},{""product"":""Candle Orbit 674"",""quantity"":1}]",1083.95,11.27,-37.821939,144.885926,10,986.83,Autumn,False,5.4688,"i placed vela ridge 1085 near the main entry and used it to watch door and window activity. the alerts have been useful when i am working in another room, and the application records enough recent activity to help me understand what happened. installation was manageable, although positioning the sensor took a little trial and error before the messages arrived consistently. most openings are reported promptly, but there have been occasional delays that make the system feel less immediate than a security-focused product. the alert sound is noticeable without being overwhelming, and the battery compartment is easy to access. i appreciate the simple purpose and have kept it in daily use. its coverage and timing are satisfactory for awareness around the house, but i would still check a door directly when it matters.",True
CORD000414,CUS00041,2019-02-21,Thompson,"[{""product"":""Vela Halo 281"",""quantity"":1},{""product"":""Candle Orbit 548"",""quantity"":1}]",786.81,11.95,-37.763812,144.964219,0,798.76,Summer,False,5.6382,"candle quest 390 has been a dependable travel laptop for document work and presentations. it slips into my bag without making the load uncomfortable, and the screen gives presentations enough room for clients to follow along. i have used it in cafés, meeting rooms and on journeys, with the keyboard remaining comfortable for longer notes. starting work and moving between documents has been responsive, and video meetings have been straightforward. the speakers are not especially rich, and the narrow body leaves little room for extra ports, so i sometimes carry an adapter as well. those are manageable compromises for the portability. after several weeks of ownership, the build has remained solid and the machine has supported my work without drama. it has earned a permanent place in my travel kit.",True
CORD000415,CUS00256,2019-11-02,Bakers,"[{""product"":""Vela Core 957"",""quantity"":1},{""product"":""Candle Edge 932"",""quantity"":1}]",1761.95,11.78,-37.829136,145.057473,5,1685.63,Spring,False,5.8668,"i have used candle edge 644 for podcasts, radio, and music during long evenings at home. the wireless connection has remained consistent, and the controls are easy to find without interrupting what i am listening to. the fit stays comfortable through extended sessions, although the sound profile is fairly balanced rather than especially dramatic. that suits background listening and spoken audio well. it has become a reliable household pair and feels thoughtfully suited to relaxed use.",True
CORD000416,CUS00188,2019-06-24,Thompson,"[{""product"":""Candle Edge 392"",""quantity"":1}]",375.75,26.35,-37.816781,144.902519,10,364.53,Winter,True,3.94,"i have worn vela core 1047 for about twenty days, using it mainly for habit reminders and checking the time during ordinary routines. the lightweight design is comfortable, and the display is clear enough for a quick glance while walking or working. setting a reminder was straightforward, and the alerts have helped me remember small tasks without reaching for my phone. timekeeping has remained consistent, which is the part i use most often. the device feels more limited when i try to manage several reminders or review older activity. the menus require a few extra taps, and the small screen is not ideal for reading longer information. one reminder did not appear until i reopened the connected application, so i still keep important tasks elsewhere. vela core 1047 is a pleasant basic wearable for time checks and occasional prompts. it does those jobs with little fuss, but the cramped interface and one delayed alert leave it feeling more suitable for simple routines than detailed daily planning.",True
CORD000417,CUS00042,2019-01-25,Bakers,"[{""product"":""Candle Vista 110"",""quantity"":1},{""product"":""Candle Lumen 220"",""quantity"":1},{""product"":""Candle Orbit 548"",""quantity"":1},{""product"":""Vela Core 957"",""quantity"":1}]",5873.52,10.86,-37.782145,145.025649,10,5297.03,Summer,False,4.0907,"vela nova 375 has given me a convenient way to check temperature and humidity around the house. i glance at the app before opening windows or adjusting the room, and the readings have remained consistent enough for those everyday decisions. the display takes a moment to refresh after moving between screens, but it has not caused a practical problem. after 39 days, this is a helpful little part of my home routine.",True
CORD000418,CUS00317,2019-01-05,Thompson,"[{""product"":""Candle Flux 162"",""quantity"":3},{""product"":""Vela Core 957"",""quantity"":1},{""product"":""Vela Halo 281"",""quantity"":1}]",4066.58,11.43,-37.771691,144.926729,20,3197.89,Summer,False,4.895,"the vela pulse 109 has been part of my desk setup long enough to show its everyday strengths. i can place my phone where i can see it while working, then shift the angle for a call without moving the whole stand. the mount feels secure, the base uses little space, and the device remains easy to reach. larger cases need careful positioning, which is a minor inconvenience, but the holder still gives me a stable and flexible way to keep my workspace orderly.",True
CORD000419,CUS00001,2019-10-27,Thompson,"[{""product"":""Candle Orbit 548"",""quantity"":1},{""product"":""Candle Flux 162"",""quantity"":1},{""product"":""Vela Core 957"",""quantity"":1},{""product"":""Candle Orbit 674"",""quantity"":2}]",2235.95,7.92,-37.817768,144.945742,20,1796.68,Spring,False,0.5784,No review submitted,True
CORD000420,CUS00175,2019-09-04,Thompson,"[{""product"":""Candle Orbit 674"",""quantity"":1},{""product"":""Vela Nova 753"",""quantity"":1}]",4727.67,12.02,-37.804599,144.877308,20,3794.16,Spring,False,6.194,"the vela spark 261 has replaced my previous phone for everyday messaging and casual photography. moving my accounts and contacts across was reasonably clear, and the phone felt familiar after a short adjustment. messages open quickly, calls are easy to manage, and the screen is comfortable for reading. its size works well for one-handed use, although typing with both hands is more relaxed when i am at a desk. the camera produces appealing results in daylight. i have taken indoor pictures, street scenes, and quick photos of documents, and most have been clear enough to share. in dim rooms the result becomes softer, and the camera sometimes takes a moment to settle before saving the image. that is not unusual for a phone in this range, but it means i have missed a couple of quick moments. the editing tools are simple and adequate for ordinary use. messaging has been the most dependable part of the experience. the keyboard responds well, and notifications arrive without much delay. battery life covers a normal day for me, though extended camera use or navigation drains it more quickly. the phone has remained stable with several apps open, but switching between them can occasionally feel less fluid than expected. the casing is easy to hold, though it attracts fingerprints. i see the vela spark 261 as a competent general phone with a camera that is strongest in good light. it does not have a serious weakness for my routine, but neither photography in darker places nor heavy multitasking feels exceptional. i am content with the change and expect to keep using it, while recognising that more demanding users may want a faster or more specialised device.",True
CORD000421,CUS00042,2019-01-03,Bakers,"[{""product"":""Candle Orbit 548"",""quantity"":1},{""product"":""Vela Core 957"",""quantity"":1},{""product"":""Candle Edge 932"",""quantity"":1}]",2018.02,10.86,-37.782145,145.025649,20,1625.28,Summer,False,4.0907,"vela nova 375 has given me a convenient way to check temperature and humidity around the house. i glance at the app before opening windows or adjusting the room, and the readings have remained consistent enough for those everyday decisions. the display takes a moment to refresh after moving between screens, but it has not caused a practical problem. after 39 days, this is a helpful little part of my home routine.",True
CORD000422,CUS00183,2019-11-25,Bakers,"[{""product"":""Candle Edge 392"",""quantity"":1},{""product"":""Candle Lumen 220"",""quantity"":1}]",3905.14,20.19,-37.837024,144.996192,0,3925.33,Spring,True,3.0066,"vela wave 445 has settled into our morning and evening routine after several weeks of use. the blinds open and close at the scheduled times, so i rarely need to reach for the controls. setup took some adjustment because the routine order was not immediately obvious, but the result has been convenient. it is especially useful when the room is empty, and the movements have remained consistent during normal daily operation.",True
CORD000423,CUS00164,2019-04-02,Thompson,"[{""product"":""Candle Vista 110"",""quantity"":1},{""product"":""Vela Halo 281"",""quantity"":1}]",2347.33,11.9,-37.844462,144.887998,5,2241.86,Autumn,False,6.2778,"the candle arc 348 has helped remove a weak coverage spot between my study and the back rooms. i placed it where the existing signal was still usable, and devices farther away now connect with much less interruption. video calls in the study have stayed steadier, while phones and tablets can move around the house without needing constant manual attention. the setup instructions were clear enough for me to complete the process without outside help. i have also moved the unit once to find a better position, and reconnecting it was uncomplicated. the indicator light is brighter than i would prefer at night, so i covered it rather than changing my room arrangement. performance naturally depends on placement and the surrounding walls, but within my home it has made a noticeable difference. the candle arc 348 is a practical way to extend coverage between rooms without making network management feel complicated.",True
CORD000424,CUS00346,2019-04-27,Bakers,"[{""product"":""Candle Edge 932"",""quantity"":1},{""product"":""Vela Nova 753"",""quantity"":1},{""product"":""Vela Core 957"",""quantity"":1}]",6165.56,12.63,-37.780957,145.006269,0,6178.19,Autumn,False,3.3715,"i compared vela nova 717 with a basic watch i had used for walking and commute notifications. the older watch had a plain display, but it showed alerts more consistently. vela nova 717 missed several messages while the phone was in my bag, then delivered multiple notifications together after i had already reached my destination. that timing made the feature unreliable rather than useful. i could see that the phone was connected, yet the watch gave no clear warning when alerts stopped arriving. walking records were also uneven. similar routes produced noticeably different totals, and the screen sometimes failed to wake when i lifted my wrist. i had to press the side button while crossing a street, which was awkward and distracting. the display was visible indoors, but direct sunlight made small text difficult to read. the strap stayed closed during walks, although its edge rubbed my wrist during longer use and left me unwilling to wear it continuously. i tried changing notification permissions, restarting the watch, and keeping the phone closer. those steps reduced the number of missed alerts for a short time but did not remove the problem. battery use was difficult to judge because the remaining indicator dropped unevenly, and the watch required charging sooner after days with more notifications. the basic time display operates, but that is not the reason i bought a health wearable. compared with the older watch, vela nova 717 looks more current while providing less dependable alerts, less consistent walking records, and a more awkward fit. the device asks for repeated checking, which defeats the convenience of receiving information at a glance. i wanted a quiet aid for commuting, not another source of uncertainty. its weaknesses continued through weeks of use, and i cannot recommend it for walking records or commute notifications.",False
CORD000425,CUS00132,2019-11-27,Thompson,"[{""product"":""Vela Halo 281"",""quantity"":1},{""product"":""Vela Halo 137"",""quantity"":1},{""product"":""Candle Orbit 548"",""quantity"":3}]",2058.84,22.35,-37.83885,144.887877,25,1566.48,Spring,True,5.9582,"i used candle bloom 424 for video calls, online classes, and some background music, and the comparison between those uses is quite noticeable. speech comes through clearly enough for meetings, and the microphone has allowed other people to hear me without repeated requests to speak louder. the wireless connection was simple to establish with my usual devices, and moving around the room during a call did not immediately interrupt the conversation. for music, however, the sound is more ordinary. it works for podcasts and casual listening, but tracks with stronger bass lack the weight i hear from a separate speaker. compared with wired headphones i have used, candle bloom 424 is more convenient when i am moving between tasks, though it introduces another battery to manage. compared with a dedicated music headset, it offers less detail and a less immersive presentation. comfort was acceptable during a normal class, but after a longer meeting i became aware of pressure around the ears. the controls are within reach, although muting and changing volume took a little practice because the buttons feel similar. battery life has been sufficient for my usual schedule, but i would charge it before a full day of calls. nothing has failed during these weeks. the 12-month warranty is appropriate. overall, candle bloom 424 is a practical communication headset with clear advantages for calls and classes, while its musical performance, long-session comfort, and charging requirement make the result balanced rather than exceptional.",True
CORD000426,CUS00436,2019-01-27,Bakers,"[{""product"":""Vela Core 957"",""quantity"":1}]",271.47,21.06,-37.794594,145.040924,10,265.38,Summer,True,4.3645,"vela echo 223 has become a popular screen in our home for family media streaming. the display is comfortable from the usual seating area, and starting a programme does not involve a confusing chain of menus. different family members have been able to use it without much guidance, which matters when everyone wants to choose something quickly. streaming has remained steady during ordinary evening use, and the controls respond promptly when pausing or changing content. the built-in sound is adequate for everyday viewing, although we sometimes adjust the volume for a fuller experience. after several weeks, the device still feels straightforward and dependable. vela echo 223 has made shared viewing more relaxed and has earned a permanent place in our living room.",True
CORD000427,CUS00304,2019-05-24,Nickolson,"[{""product"":""Vela Core 957"",""quantity"":2},{""product"":""Candle Orbit 548"",""quantity"":2}]",1055.08,10.09,-37.846242,144.9981,5,1012.42,Autumn,False,3.967,"candle quest 840 has accompanied me to meetings, presentations, and several temporary workspaces. it is easy to carry, starts quickly, and gives slides a clean appearance when connected to a larger screen. the keyboard is comfortable for notes, while the battery has covered ordinary travel days. the touchpad sometimes needs a firmer press than expected, but that is a minor annoyance. overall, it has made working away from my main desk straightforward and productive.",True
CORD000428,CUS00104,2019-07-08,Bakers,"[{""product"":""Vela Core 957"",""quantity"":1},{""product"":""Candle Orbit 674"",""quantity"":1},{""product"":""Candle Flux 162"",""quantity"":1}]",1655.82,17.9,-37.739213,145.051577,0,1673.72,Winter,False,9.2991,"i bought the vela halo 299 for a shared desk where my phone needs to stay visible without taking up another patch of workspace. after a couple of weeks it has settled into that role nicely. the base stays put when i tap the screen, and the support holds the phone at a useful angle for checking messages, joining a quick call, or following a recipe while i work nearby. i particularly appreciate being able to adjust the viewing position without dismantling anything. several people use the desk, yet returning it to a comfortable position takes only a moment. the finish has also remained tidy after being moved between the study and kitchen. it is not the smallest accessory in my drawer, so i would not choose it for carrying around all day, but that extra presence is part of why it feels secure on a shared surface. the support has made my phone easier to see and kept it out of the way of notebooks and cups. for hands-free use at home, the vela halo 299 has been a thoughtful, dependable addition.",True
CORD000429,CUS00038,2019-06-21,Bakers,"[{""product"":""Vela Halo 281"",""quantity"":2},{""product"":""Vela Halo 137"",""quantity"":1},{""product"":""Candle Flux 162"",""quantity"":2}]",3941.95,17.55,-37.884155,145.03269,15,3368.21,Winter,False,8.8778,"vela halo 191 has worked particularly well as a family phone. calls and messages are quick to access, the interface is easy for different members of the household to understand, and casual apps open without noticeable delays. we have used it for group chats, photos, music and a few simple games, with consistent results. the screen is spacious enough for reading messages while still fitting comfortably in one hand. reception has been stable around the house and during short outings, and the battery normally lasts through a full day of shared use. the only small annoyance is that the glossy back shows fingerprints quickly, so it needs an occasional wipe. that is minor beside the reliable communication and pleasant day-to-day experience vela halo 191 provides.",True
CORD000430,CUS00373,2019-11-29,Nickolson,"[{""product"":""Candle Flux 162"",""quantity"":1},{""product"":""Candle Orbit 548"",""quantity"":1},{""product"":""Vela Core 957"",""quantity"":1}]",1587.83,14.43,-37.873206,144.96744,5,1522.87,Spring,False,6.0753,"candle arc 528 was purchased for video meetings and evening streaming, and i compared it with the uncomplicated network unit it replaced. the comparison became negative almost immediately. initial setup was not especially difficult, but the connection became unreliable once several devices were active. a meeting could begin normally and then develop broken audio, frozen video, or repeated reconnecting. streaming in another room made the problem more obvious rather than less. the older unit had a smaller range of settings, yet it behaved more predictably in daily use. candle arc 528 offers a busier control panel without making the underlying connection feel stronger. the signal drops in parts of the home where the previous unit remained usable, and moving a laptop only a short distance can produce an awkward interruption. restarting the network device clears the problem temporarily, but having to do that during work is frustrating and disruptive. i also disliked the way the status information is presented. several warnings are vague, so it is difficult to tell whether the fault involves the connection, the device, or the meeting service. the casing is plain and the device does transmit data when conditions are quiet, but that is a basic requirement rather than a meaningful advantage. for home meetings and media streaming, candle arc 528 created more uncertainty than the older equipment and proved too unreliable to recommend.",False
CORD000431,CUS00116,2019-03-09,Nickolson,"[{""product"":""Candle Orbit 548"",""quantity"":2},{""product"":""Candle Edge 932"",""quantity"":1},{""product"":""Vela Core 957"",""quantity"":1}]",2274.09,23.83,-37.885694,144.973223,0,2297.92,Autumn,True,7.468,"the candle vista 344 has become my usual choice for listening at home because it is less restrictive than sitting beside a small speaker and less tiring than using a phone for several hours. during longer sessions i found the sound balanced enough for spoken programmes, background music, and occasional films. pairing was uncomplicated, and once connected it usually remembered the device i had been using. the controls are easy to find without looking, which helps when i am moving around the room. for ordinary listening it gives a fuller experience than built-in laptop audio. compared with a more basic wireless set, the candle vista 344 feels more comfortable over time and gives voices better presence, but it does not make every recording sound especially detailed. music with several layers can become a little crowded, and i sometimes lowered the volume rather than trying to follow the quieter parts. it also feels less convenient than a compact speaker when i need to share sound with someone else. connection performance around the house has been mostly steady, though i noticed a brief interruption after moving between rooms. the battery routine is manageable, but i still prefer a wired option for a very long evening. this is a sensible compromise: more enjoyable than ordinary device speakers and pleasant for regular use, yet not a replacement for equipment chosen mainly for musical detail.",True
CORD000432,CUS00298,2019-07-22,Thompson,"[{""product"":""Vela Core 957"",""quantity"":2},{""product"":""Candle Orbit 548"",""quantity"":1},{""product"":""Vela Nova 753"",""quantity"":2}]",9606.23,15.14,-37.802688,144.879435,5,9141.06,Winter,False,6.0446,"candle arc 960 has settled into my study routine better than the older laptop it replaced. i use it for reading papers, taking notes, joining online sessions, and keeping several research windows open. those tasks remain responsive enough that i can move from a document to a browser reference without losing my train of thought. the keyboard is comfortable for long notes, and the screen gives text a pleasant amount of space without making the laptop cumbersome to carry. the difference from my previous machine is most apparent during a full afternoon of work. the older laptop became warm and sluggish when i had notes, references, and a meeting open together. candle arc 960 handles that combination with much less fuss. its build feels sturdy in a backpack, and the hinge has remained firm after frequent movement between the library, desk, and kitchen table. starting a session is quick, which encourages me to use it for short bursts of reading rather than waiting for it to become ready. it is still an ultrabook, so i would not choose it for demanding creative or specialist software. the speakers are adequate rather than room filling, and i sometimes connect headphones for recorded material. for study, research, and note taking, however, the balance is excellent. after weeks of ownership, candle arc 960 feels like a focused tool that removes small obstacles from ordinary academic work.",True
CORD000433,CUS00405,2019-02-02,Nickolson,"[{""product"":""Candle Edge 932"",""quantity"":1},{""product"":""Vela Halo 281"",""quantity"":1},{""product"":""Candle Orbit 674"",""quantity"":1}]",2345.28,8.79,-37.823951,144.980497,5,2236.81,Summer,False,1.131,"candle vista 578 replaced an older network unit that had become unpredictable whenever several people were online. i compared the two during video meetings and evening media streaming, which are the situations that previously exposed the weakness. the newer unit has made those activities more consistent across the house. my meetings no longer suffer from the same interruptions, and streaming continues without as much stopping when another person starts using the connection. installation was not instant because i wanted to place the unit carefully and reconnect each household device in an orderly way. once that was done, the connection stayed dependable through normal busy periods. i tried different rooms, moved between a meeting and a streamed program, and left several devices active at the same time. candle vista 578 handled that household mix with less fuss than the previous unit. the settings offer more choices than i need, so a first-time user may spend some time working out which options matter. compared with the old network equipment, this is a clear improvement in everyday confidence. it has not transformed the limits of the internet service itself, and a remote corner of the house is still not as strong as the central rooms. even so, the connection is much less distracting during meetings and more pleasant for shared streaming. after forty-eight days, candle vista 578 feels like a sensible upgrade for a busy home, and i am happy with the result.",True
CORD000434,CUS00474,2019-08-06,Thompson,"[{""product"":""Candle Edge 392"",""quantity"":1},{""product"":""Vela Core 957"",""quantity"":1},{""product"":""Candle Orbit 548"",""quantity"":2},{""product"":""Candle Edge 932"",""quantity"":1}]",2649.84,11.65,-37.81125,144.924983,5,2529,Winter,False,1.9466,"candle arc 1086 has given me a more convenient way to play while travelling than the older portable system i owned. it fits into my bag without taking over the available space, and i can settle into a session during a quiet break or on a journey. controls feel responsive in the games i play most, while the display remains readable in different indoor settings. the overall experience is more comfortable than carrying a larger setup. against my previous hardware, the biggest gain is flexibility. i used to plan around where the system could be placed and whether its accessories were worth bringing. candle arc 1086 is easier to pick up for a short session and put away again. longer play has remained enjoyable, although the controls feel a little cramped when i hold it for several hours. that is not noticeable during brief sessions, which are how i usually use it. the battery has been sufficient for ordinary travel days, provided i remember to charge it beforehand. i have not treated it as an all-day replacement for a home console. some games benefit from a larger screen and a fixed controller, and i still prefer that arrangement when i am at home. the portable unit is better suited to convenience than to creating the most immersive possible setup. the old system still has a place for longer sessions, but candle arc 1086 is now the one i pack. its compact shape, straightforward controls and sensible endurance make portable gaming less awkward. anyone expecting the exact comfort of a full-size home arrangement may find compromises, but for travel and short breaks this has been a satisfying upgrade.",True
CORD000435,CUS00404,2019-11-22,Thompson,"[{""product"":""Candle Edge 932"",""quantity"":1},{""product"":""Candle Flux 162"",""quantity"":1},{""product"":""Candle Orbit 548"",""quantity"":1}]",2806.84,20.98,-37.806776,144.946091,15,2406.79,Spring,True,0.6613,"i bought the candle orbit 836 for trips because a compact gaming machine seemed less awkward than carrying a larger setup. after a month of ownership, the comparison is frustrating. it starts games and handles short sessions, but the portable design brings too many compromises. the screen feels cramped when text is small, and the controls leave my hands sore before i want to stop. the casing also picks up scratches quickly in a travel bag, which makes the device look worn far sooner than expected. compared with the other handheld units i have used, the orbit 836 is harder to live with during longer sessions. its fan becomes intrusive in a quiet room, while the warmth around the grips makes an already awkward hold more uncomfortable. the battery indication is unreliable: it can show plenty of time remaining and then drop sharply during a demanding game. charging during play is possible, although the cable position gets in the way and the unit still loses power slowly. wireless pairing has also been inconsistent, with a controller sometimes disappearing after sleep and needing repeated attempts. i tried changing settings and carrying a separate case, but neither solved the underlying problems. the menu responds, and games launch, yet those basic functions do not offset the weak endurance, tiring controls, and disappointing travel durability. a larger portable system is heavier, but it feels less cramped and less irritating over an evening. for occasional short play the candle orbit 836 can operate, but as a travel gaming purchase it has been a regret and i cannot recommend it.",False
CORD000436,CUS00026,2019-03-07,Bakers,"[{""product"":""Candle Orbit 548"",""quantity"":1},{""product"":""Vela Halo 137"",""quantity"":1},{""product"":""Candle Edge 392"",""quantity"":1}]",1391.71,11.38,-37.786312,145.051716,25,1055.16,Autumn,False,5.6183,"the vela echo 691 is shared across our family for calls, messages, maps, and casual apps. the interface is familiar enough that different users settled into it quickly, and everyday applications open without long waits. messages arrive consistently in the places we use it, while the screen is bright enough for indoor reading. the body is larger than some family members prefer, and the camera becomes less detailed in evening light. storage also feels limited once several casual games and media apps are installed. nothing about the phone has caused major disruption, yet it does not feel especially distinctive either. it is a competent general handset for communication and light entertainment, with ordinary limitations.",True
CORD000437,CUS00475,2019-07-26,Bakers,"[{""product"":""Vela Core 957"",""quantity"":1},{""product"":""Vela Halo 137"",""quantity"":2}]",1791.25,31.45,-37.888328,145.0499,10,1643.58,Winter,True,9.9452,"i compared candle lumen 1066 with the older gaming hardware in our shared room, using it for casual games with friends and family over several weeks. the older setup worked, but it required more cable changes and made one person manage most of the controls. candle lumen 1066 made starting a session more straightforward, and the arrangement felt less like a private desk station. people could join in without a long explanation, which mattered more to us than advanced settings. the controls were comfortable during ordinary games, and the system responded promptly to the actions we used most. i liked that a short session could begin without a large preparation ritual. the display output looked clear from the seating area, while the previous hardware became difficult to follow when someone sat off to the side. we also moved the unit occasionally to make room for another activity, and reconnecting it did not take much work. this is best suited to casual shared play rather than demanding competitive use. the menu includes more choices than everyone in the household needs, and learning them takes a little time. the built-in sound is acceptable for a room session, although a separate audio setup gives a fuller result. compared with our old hardware, candle lumen 1066 has made gaming more welcoming and less cluttered. it encourages short, social sessions instead of leaving the equipment unused, and that practical improvement has made it a worthwhile addition to the room.",True
CORD000438,CUS00092,2019-11-01,Nickolson,"[{""product"":""Candle Flux 162"",""quantity"":1},{""product"":""Vela Halo 137"",""quantity"":1},{""product"":""Candle Orbit 674"",""quantity"":1},{""product"":""Candle Orbit 548"",""quantity"":2},{""product"":""Vela Halo 281"",""quantity"":1}]",3187.12,13.93,-37.866954,144.970945,10,2882.34,Autumn,False,5.3787,"vela ridge 725 has been disappointing for indoor temperature and humidity monitoring. the sensor setup was awkward, and the application lost contact during the first placement even though the unit was only a room away. readings update slowly, so a change in the room is not reflected until much later. at other times the application shows a sudden jump that does not match the conditions i can observe, making the information difficult to trust. historical readings are hard to interpret because the display uses cramped labels and offers little explanation when data is missing. battery warnings are also unclear, arriving after the readings have already stopped updating. the device can show a measurement during a nearby test, but that narrow function is not enough. vela ridge 725 has unreliable connectivity, delayed updates and poor presentation, making it frustrating for household monitoring.",False
CORD000439,CUS00102,2019-09-05,Bakers,"[{""product"":""Candle Orbit 674"",""quantity"":1},{""product"":""Candle Orbit 548"",""quantity"":1}]",580.13,12.38,-37.750946,145.009323,15,505.49,Spring,False,6.6818,"candle bloom 982 has been shared by several people in my household for learning activities and casual browsing. the display is comfortable for reading, touch response feels dependable, and the interface is simple enough for younger users. battery life suits a normal afternoon, although frequent switching between accounts is not especially quick. i like its straightforward design and have had no trouble with everyday apps. it is a balanced choice for shared use rather than a tablet aimed at demanding tasks.",True
CORD000440,CUS00042,2019-05-30,Bakers,"[{""product"":""Candle Orbit 674"",""quantity"":1},{""product"":""Vela Core 957"",""quantity"":2},{""product"":""Candle Edge 932"",""quantity"":1}]",2357.48,10.19,-37.782145,145.025649,5,2249.8,Autumn,False,4.0907,"vela nova 375 has given me a convenient way to check temperature and humidity around the house. i glance at the app before opening windows or adjusting the room, and the readings have remained consistent enough for those everyday decisions. the display takes a moment to refresh after moving between screens, but it has not caused a practical problem. after 39 days, this is a helpful little part of my home routine.",True
CORD000441,CUS00278,2019-11-23,Bakers,"[{""product"":""Vela Halo 137"",""quantity"":2},{""product"":""Candle Edge 392"",""quantity"":1},{""product"":""Candle Vista 110"",""quantity"":3}]",7345.3,10.36,-37.777733,144.977447,5,6988.39,Spring,False,3.9131,"candle edge 428 was installed to improve the connection in the room where i work and watch media. compared with the previous network arrangement, video meetings now remain more consistent when another person is streaming elsewhere in the home. i notice fewer moments where a conversation freezes or the picture becomes difficult to follow. streaming has also become less interrupted during normal evening use, which is a meaningful improvement over the occasional buffering i had accepted before. i spent time comparing different positions because the placement made more difference than i expected. once it was settled, candle edge 428 handled calls, browsing, and media playback without needing regular attention. it did not remove every fluctuation during heavier household use, and the room farthest away is still not identical to the room where the equipment sits. those limits are understandable for a connected network intended to extend coverage, and they have not affected my main work area. the older setup required more awareness of which device was using the connection. with candle edge 428, i can join a meeting while someone else watches a program without planning around it. the result is not dramatic in every room, but it is clear in the spaces that previously caused trouble. for a home that combines remote meetings and streaming, this has been a worthwhile and practical improvement.",True
CORD000442,CUS00350,2019-12-03,Thompson,"[{""product"":""Vela Nova 753"",""quantity"":1},{""product"":""Candle Orbit 548"",""quantity"":1},{""product"":""Vela Halo 137"",""quantity"":1},{""product"":""Candle Flux 162"",""quantity"":1},{""product"":""Candle Lumen 220"",""quantity"":1}]",10009.25,22.68,-37.843797,144.881923,0,10031.93,Summer,True,6.6869,"the candle vista 740 has handled a month of travel-based work without becoming a burden in my bag. i use it for presentations, documents, email, and video meetings, and it has stayed responsive while moving between those tasks. the display is bright enough for ordinary rooms, the keyboard supports comfortable typing, and the hinge holds its position when i am presenting from a small table. starting work in a hotel or meeting room is quick, which saves time when schedules are tight. the speakers are thin for entertainment, and the webcam needs decent room lighting to look its best. i expected both limitations in a portable laptop and have not found them disruptive. the candle vista 740 has made mobile work easier and has proved a dependable companion for presentations and daily documents.",True
CORD000443,CUS00277,2019-09-22,Thompson,"[{""product"":""Candle Vista 110"",""quantity"":1},{""product"":""Vela Halo 137"",""quantity"":1},{""product"":""Candle Edge 392"",""quantity"":1}]",2952.23,16.73,-37.874342,144.876858,0,2968.96,Spring,False,9.2213,"i used the candle edge 554 on public transport for music and spoken content, and the weaknesses were obvious from the first commute. pairing was repeated and unreliable, with the connection sometimes disappearing when the device was placed in a pocket. background noise leaked through heavily, so spoken passages were difficult to follow and i had to raise the volume. music sounded thin, with harsh treble that became tiring during longer journeys. the controls were awkward to locate without looking, and pressing them often paused playback twice or skipped a track. the ear pieces stayed in place during ordinary walking, although they became uncomfortable before the end of a longer trip. a recording can be heard through them, but the poor isolation and unstable connection make that basic function inadequate. after several weeks, the candle edge 554 felt frustrating and poorly suited to commuting.",False
CORD000444,CUS00309,2019-03-11,Thompson,"[{""product"":""Candle Lumen 220"",""quantity"":1},{""product"":""Candle Orbit 674"",""quantity"":1},{""product"":""Vela Core 957"",""quantity"":1}]",4124.92,12.59,-37.749613,144.929915,20,3312.53,Autumn,False,7.1722,"i have used vela echo 439 with several devices for 37 days and it has made my desk much tidier. the compact adapter connects the equipment i use most often, and changing from one device to another is quick. it takes little space in a bag, which is handy when i work away from home. the casing feels light rather than rugged, so i handle it with some care. even with that small reservation, its flexible connections and convenient size make it a worthwhile accessory.",True
CORD000445,CUS00126,2019-07-13,Bakers,"[{""product"":""Candle Vista 110"",""quantity"":1},{""product"":""Vela Halo 281"",""quantity"":1},{""product"":""Candle Orbit 548"",""quantity"":1}]",2603.4,26.52,-37.773199,144.987633,15,2239.41,Winter,True,4.1458,"i have used vela pulse 559 beside my adjustable desk for several weeks, mainly to keep my phone at eye level during calls and while following notes. the mount is straightforward to position, and the joints hold their angle without constant tightening. i can move the device aside when i need the desk surface, then return it to almost the same place. that small bit of consistency makes my work area feel much tidier. the base has remained steady through ordinary typing and tapping, and the holder suits the different cases i use. adjustments are smooth rather than stiff, although changing the angle with one hand can make the whole arm shift slightly. the finish has also survived being moved between my desk and a side table without visible wear. vela pulse 559 is a thoughtful, useful accessory for anyone who wants a better viewing position without permanently rearranging the desk.",True
CORD000446,CUS00476,2019-01-27,Bakers,"[{""product"":""Candle Orbit 548"",""quantity"":2},{""product"":""Vela Halo 281"",""quantity"":1},{""product"":""Vela Halo 137"",""quantity"":2}]",2562.66,13.94,-37.88329,145.022321,0,2576.6,Summer,False,8.4899,"i compared vela echo 907 with the simple step counter i had been using, and the broader activity view has made it more engaging to keep track of my day. i wear it during ordinary errands, walks, and sleep, so the information reflects more than one planned exercise session. seeing the pattern across the day gives me a better reason to move than checking one number at night. the band is light and stayed in place during walking and sleeping. i noticed it at first, but after a few nights it became part of my routine. the display is useful for a quick check, while the app provides more detail when i want to review the day. compared with the old counter, this arrangement is easier to understand because the information is collected in one place rather than written down or remembered. sleep tracking has been interesting for identifying when my routine was interrupted, although i treat the readings as general guidance rather than a precise account of every moment. activity tracking has been consistent enough for comparisons between my own days. battery life has supported several days of use, and charging does not take much planning. the band can feel slightly warm after long wear, but i have not found that serious. vela echo 907 gives me more context than a basic activity counter and has encouraged a steadier awareness of walking and sleep habits. it is not a substitute for professional information, and the measurements should be viewed sensibly. for everyday tracking, however, it is a useful and comfortable upgrade.",True
CORD000447,CUS00074,2019-07-23,Bakers,"[{""product"":""Vela Core 957"",""quantity"":1},{""product"":""Vela Halo 281"",""quantity"":1}]",802.21,13.15,-37.797585,145.03431,0,815.36,Winter,False,3.7002,"vela atlas 449 has given my phone a steady place in our shared workspace. the support holds its position during taps, and the angle works for calls, reminders, and checking reference notes while i work. it is light enough to move when the desk is reassigned, though the base prefers a smooth, level surface. that is easy to accommodate. the stand has reduced clutter and made my phone more visible without getting in the way.",False
CORD000448,CUS00004,2019-02-28,Nickolson,"[{""product"":""Candle Orbit 548"",""quantity"":2},{""product"":""Candle Orbit 674"",""quantity"":1}]",836.2,14.18,-37.871945,144.976639,5,808.57,Summer,False,5.9648,"candle arc 996 has been disappointing for game streaming and media capture. the preview appears, but recording becomes choppy when the game action gets busy, and saved clips sometimes contain broken audio. changing sources takes several attempts, which is awkward during a live session. the casing also becomes hot after extended use, while the status light provides little warning before a recording stops. basic capture is possible, but the unreliable output makes this hardware frustrating.",False
CORD000449,CUS00271,2019-02-10,Thompson,"[{""product"":""Vela Core 957"",""quantity"":1},{""product"":""Candle Lumen 220"",""quantity"":1},{""product"":""Candle Edge 392"",""quantity"":1},{""product"":""Candle Vista 110"",""quantity"":2},{""product"":""Candle Edge 932"",""quantity"":1}]",9300.27,13.96,-37.883581,144.910654,20,7454.18,Summer,False,8.5082,"i spent four weeks comparing the candle shift 592 with an older tablet while using both for sketching, light editing, reading references, and carrying ideas between rooms. the candle shift 592 feels more natural for this kind of creative work. the drawing surface responds predictably, and i can make short marks, adjust a composition, or review a page without waiting through the pauses that interrupted my previous workflow. it is also pleasant to use for reading when i am not drawing. the comparison was not completely one-sided. my older tablet had a slightly familiar layout, and i still reach for it when opening a project stored in an older format. once i am working, however, the candle shift 592 is easier to settle into. the size gives me room for a sketch without making the device awkward to carry, and the controls are close enough that i do not spend the whole session searching through menus. after a long drawing period the surface can feel warm, but it has remained comfortable for normal use. i would not choose this as the sole machine for demanding professional production. for lightweight creative work, quick drawings, and visual notes, it is a strong fit. the candle shift 592 has made me more willing to capture ideas immediately instead of waiting until i return to a desk. compared with my previous tablet, it offers a smoother and more focused experience, and i am very happy with the purchase.",True
CORD000450,CUS00380,2019-01-23,Nickolson,"[{""product"":""Vela Halo 281"",""quantity"":2},{""product"":""Candle Edge 392"",""quantity"":1},{""product"":""Candle Orbit 548"",""quantity"":2}]",1949.37,11.79,-37.8671,144.964353,15,1668.75,Summer,False,5.4128,"i bought candle vista 992 for sketching, annotating ideas, and handling lightweight creative work away from my main desk. it has become particularly useful in the evenings because i can take it to the sofa and continue a drawing without setting up a full computer. the display gives my work enough room to develop, and the touch response feels natural for casual sketches and handwritten notes. opening reference material beside a drawing is convenient, and the tablet has remained responsive during the moderate projects i have attempted. its size is comfortable to carry, though i would want a larger workspace for serious illustration. that boundary is clear, but it matches the portable role i had in mind. candle vista 992 has encouraged me to practise more often because the device is ready when an idea appears. it is a capable, enjoyable tool for creative work that does not demand heavy processing.",True
CORD000451,CUS00140,2019-01-19,Thompson,"[{""product"":""Vela Halo 281"",""quantity"":1},{""product"":""Candle Orbit 674"",""quantity"":1}]",854.8,12.5,-37.760594,144.915296,20,696.34,Summer,False,6.4289,"candle orbit 764 has supplied clear enough music during focused desk work and stayed connected through normal sessions. voices and instruments remain distinct, and the sound is comfortable at moderate volume. the buttons are small, and changing between sources involves more steps than expected. it is a reasonable single-device companion for work, but the controls make shared or frequently changing use less convenient.",True
CORD000452,CUS00152,2019-11-22,Bakers,"[{""product"":""Candle Edge 392"",""quantity"":3},{""product"":""Vela Halo 281"",""quantity"":1},{""product"":""Vela Core 957"",""quantity"":1}]",1929.46,12.12,37.831025,145.014766,10,1748.63,Spring,False,2.9003,"candle shift 268 was installed to connect several shared household devices, but performance becomes poor as soon as the network is busy. one device may stream while another loses access, and a third can remain connected without loading anything. reconnecting requires repeated resets, which is frustrating when people are using the network at the same time. the setup screen gives little explanation for a failure, so troubleshooting becomes guesswork. i moved the unit, changed the wireless channel and reduced the number of devices, but the drops continued. a single phone can browse through it for a while, yet this narrow result does not meet the needs of a shared household. candle shift 268 has created unreliable access and more complaints instead of solving the connection problem.",False
CORD000453,CUS00125,2019-07-21,Nickolson,"[{""product"":""Candle Orbit 548"",""quantity"":2},{""product"":""Candle Shift 916"",""quantity"":1}]",2370.91,10.88,-37.826647,144.975383,0,2381.79,Winter,False,1.0315,"the candle orbit 566 suits casual gaming in our shared room because it does not require a large dedicated setup. i can connect it to the existing screen, start a short game, and put everything away when someone else needs the space. controls are responsive for the games we play, and the menus are easy for different family members to understand. multiplayer sessions have remained enjoyable without complicated preparation. the device becomes warm during longer use, and the supplied controls feel less comfortable after several hours, so we tend to play in shorter periods. that limitation fits our casual habits. the candle orbit 566 has added an accessible entertainment option to the room and has been simple enough for everyone here to use.",True
CORD000454,CUS00019,2019-10-31,Bakers,"[{""product"":""Candle Lumen 220"",""quantity"":2},{""product"":""Vela Core 957"",""quantity"":1},{""product"":""Vela Halo 137"",""quantity"":3}]",9609.92,15.63,-37.745949,145.028881,20,7703.57,Spring,False,7.7113,"candle shift 844 was intended for long listening sessions at home. i compared it with an older pair that had weaker bass but remained tolerable through several hours. the new headphones produced sound through both sides, although the wireless connection dropped whenever i moved between rooms. reconnecting was slow and sometimes required forgetting the device entirely, which made routine listening frustrating. the sound profile was tiring rather than immersive. voices were recessed, louder music became sharp, and quiet passages carried a persistent hiss. my older pair sounded plain, but i could leave it on while reading without constantly adjusting the volume. candle shift 844 also leaked enough sound to disturb someone nearby in a quiet room. the controls were hard to distinguish by touch, so skipping a track often changed the volume instead. after an extended session, the cushions pressed against my ears and the headband felt heavy. the battery indicator was not trustworthy; it showed remaining charge and then shut down earlier than expected on another occasion. calls were possible, but the microphone made speech sound distant and picked up room noise. no physical damage appeared, and music could be played when the connection stayed active. those limited positives do not outweigh the unreliable link and poor comfort. candle shift 844 is a disappointing comparison with my older headphones, and i cannot recommend it for long listening.",False
CORD000455,CUS00326,2019-06-11,Thompson,"[{""product"":""Candle Flux 162"",""quantity"":1},{""product"":""Candle Shift 916"",""quantity"":1},{""product"":""Candle Edge 392"",""quantity"":1},{""product"":""Vela Halo 137"",""quantity"":1}]",4054.7,14.82,-37.85622,144.913445,10,3664.05,Winter,False,5.6715,"candle flux 864 has become my usual listening choice during long stretches of desk work. pairing was uncomplicated, and after that first connection it returned to my device without repeated searching or confusing menus. music has enough detail for background listening, with voices and ordinary instruments remaining distinct rather than turning into a blurred wall of sound. i also use it for podcasts, where spoken words stay understandable at a moderate level. the controls are easy to reach while i am working, although the smaller buttons require a little care when i am not looking at them. during several extended sessions i did not feel pressured to keep adjusting its position, which is a sign that the fit suits me. it is less impressive in a noisy room and does not replace a larger audio setup, but those are reasonable limitations for focused desk use. candle flux 864 has delivered a consistent, enjoyable listening experience and has removed one more distraction from my work routine.",True
CORD000456,CUS00282,2019-11-03,Bakers,"[{""product"":""Candle Flux 162"",""quantity"":1},{""product"":""Candle Edge 932"",""quantity"":1},{""product"":""Candle Lumen 220"",""quantity"":1}]",6080.16,11.97,-37.759588,144.967001,10,5484.11,Spring,False,6.1296,"i chose candle vista 1064 for music during focused desk work, hoping for something that could stay in the background without demanding attention. that is largely how it has worked out. on the first morning i paired it beside my monitor and played a quiet album while sorting through notes. since then it has accompanied reading, writing, and routine administrative work, with enough presence to make the room feel less sterile without overwhelming conversations or concentration. the sound is balanced for the small workspace, and spoken audio remains understandable when i switch from music to a podcast. i can hear it from the doorway or while making tea, yet i do not feel that it is shouting across the room. pairing has remained dependable over time, and the connection normally returns without a lengthy sequence of button presses. the simple controls are useful when i want to pause quickly, although changing several settings from the unit itself is not especially intuitive. i have also moved candle vista 1064 to another desk a few times. it is light enough to reposition easily, and the housing has handled those moves without visible damage. it is not intended to replace a larger system for a party or a serious listening session, and the lowest tones lose some weight when the volume is pushed. for my actual routine, that trade-off is sensible. candle vista 1064 has provided steady, pleasant desk audio for a long period and remains a purchase i am happy to have made.",True
CORD000457,CUS00396,2019-12-09,Thompson,"[{""product"":""Candle Edge 392"",""quantity"":1},{""product"":""Candle Flux 162"",""quantity"":1},{""product"":""Vela Halo 137"",""quantity"":1}]",2195.93,9.92,-37.837222,144.944061,0,2205.85,Summer,False,2.7425,"vela core 111 has replaced my previous phone for photography and everyday messaging, and it feels like a balanced improvement rather than a dramatic change in one narrow area. the camera is quick to open, and casual photos have enough detail and colour for sharing without requiring much adjustment. i have used it indoors, outside on walks, and in ordinary family situations, and the results have been more consistent than those from my older device. messaging is comfortable because the screen gives enough room for longer replies and the keyboard rarely gets in the way. moving between conversations, the camera, and a few casual apps has remained smooth during the weeks i have owned it. calls are straightforward, and the connection has behaved as expected in the places where i normally use a phone. compared with my old handset, i spend less time waiting for an app to catch up. the camera struggles a little in dim rooms, so i would not choose it specifically for serious low-light photography. the design is familiar and does not take long to learn. i particularly appreciate that the useful improvements are visible in routine moments rather than hidden in menus. vela core 111 is not a specialist camera or a high-end gaming phone, but that is not what i needed. against my previous device, it offers a more pleasant combination of responsive messaging, dependable daily use, and better casual photographs, making it an easy phone to keep.",True
CORD000458,CUS00107,2019-09-01,Thompson,"[{""product"":""Candle Lumen 220"",""quantity"":2},{""product"":""Candle Orbit 548"",""quantity"":1},{""product"":""Candle Edge 392"",""quantity"":1},{""product"":""Vela Core 957"",""quantity"":1}]",7962.07,24.09,-37.758517,144.881405,0,7986.16,Spring,True,8.3403,"i have used candle vista 920 for creative projects and media editing, and it compares favourably with the general-purpose laptop it replaced. the difference is most apparent when i have a browser, reference material, and an editing project open together. i can move between tasks without the constant pauses that made my previous workflow feel disjointed. it handles photo adjustments, document preparation, and moderate media work in a way that suits my regular routine. the screen gives images and timelines enough room to inspect details, while the keyboard remains comfortable for writing notes and project descriptions. i also value the portability. it is easy to move from my desk to a shared table, and i can continue working without rebuilding the whole setup. candle vista 920 feels more purposeful for creative work than a basic office laptop, yet it does not demand a complicated learning period before becoming useful. over longer sessions, the layout and response have mattered as much as raw capability. windows open where i expect them, common applications launch promptly, and the trackpad supports precise selections when i am away from a mouse. exporting a finished project takes patience for larger files, so i still plan heavier tasks rather than assuming they will be instant. that is a reasonable compromise for a portable machine used across several kinds of work. the 24-month warranty adds confidence for an expensive piece of equipment, and the overall build has remained composed through frequent movement. compared with a simpler laptop, candle vista 920 offers a more satisfying balance for editing, research, and creative planning. it is not the lightest option i have handled, but its flexibility and steady everyday performance make it a strong long-term choice.",True
CORD000459,CUS00299,2019-06-09,Nickolson,"[{""product"":""Vela Nova 753"",""quantity"":1},{""product"":""Vela Halo 281"",""quantity"":1},{""product"":""Vela Halo 137"",""quantity"":1}]",5694.24,15.81,-37.834326,144.955735,0,5710.05,Winter,False,2.1289,"i used candle quest 1074 for video calls and online classes over several weeks, expecting a straightforward wireless headset experience. instead, the audio introduced constant doubt. the connection would hold for part of a call and then crackle, fade, or cut out without warning. people on the other end repeatedly asked me to speak again, which was embarrassing during classes and exhausting during longer meetings. the microphone was equally inconsistent. in a quiet room it captured speech, but background sounds could overwhelm my voice, and the level sometimes changed after reconnecting. the controls were awkward to find by touch, so muting quickly was difficult when i needed to stop household noise. switching between a computer and a phone also produced delays and occasional failed connections. i ended up keeping a cable nearby as a fallback, which defeated the reason for choosing wireless audio. candle quest 1074 can produce sound when the connection behaves, but its interruptions make it unsuitable for communication that cannot be repeated. the discomfort became noticeable during longer sessions, and the unreliable microphone forced me to monitor every sentence. support offered basic reset instructions, but the same failures returned after further use. the product created more frustration than convenience and left me regretting the purchase. for calls or online learning, this is a poor and unreliable choice that i cannot recommend.",False
CORD000460,CUS00274,2019-11-12,Nickolson,"[{""product"":""Candle Lumen 220"",""quantity"":1},{""product"":""Vela Core 957"",""quantity"":2}]",4072.33,10.51,-37.81264,144.966963,15,3471.99,Spring,False,0.7001,"candle flux 504 produced sound during my commute, but the listening experience was disappointing. the wireless connection dropped near busy stations, speech became muffled whenever the volume changed, and the controls were awkward to use through a coat pocket. reconnecting took several attempts, which was particularly frustrating on crowded platforms. the earbuds remain in place, but that single functioning feature does not solve the unstable audio. i cannot recommend them for dependable spoken-content listening.",False
CORD000461,CUS00430,2019-06-29,Nickolson,"[{""product"":""Candle Flux 162"",""quantity"":1},{""product"":""Vela Halo 281"",""quantity"":1},{""product"":""Vela Nova 753"",""quantity"":3},{""product"":""Candle Orbit 674"",""quantity"":1},{""product"":""Candle Orbit 548"",""quantity"":1}]",15381.99,18.77,-37.86723,144.952688,15,13093.46,Winter,False,5.607,"candle quest 534 has been disappointing in a shared room. it connected on some attempts but disappeared from the playback list after sitting unused. music then resumed with a harsh burst, which was unpleasant at moderate volume. the controls responded slowly, and changing tracks from across the room often failed. sound remained audible, but bass was weak and voices became sharp. the unreliable connection and poor control response make this speaker awkward for regular household listening.",False
CORD000462,CUS00185,2019-04-23,Thompson,"[{""product"":""Vela Halo 137"",""quantity"":3},{""product"":""Candle Edge 932"",""quantity"":1},{""product"":""Candle Shift 916"",""quantity"":1}]",5628.92,22.92,-37.844669,144.887743,15,4807.5,Autumn,True,6.3092,"vela core 147 has fitted into my daily routine without demanding much attention. i mainly use it for habit reminders and checking the time, and both functions have been consistent. the display is readable at a glance, while the band sits securely during walks, desk work, and household chores. reminders arrive at useful moments rather than requiring me to keep checking a phone, which has helped me maintain small routines more regularly. charging is uncomplicated, and the device is light enough that i quickly stopped noticing it on my wrist. the interface has fewer distractions than a full smartwatch, although anyone wanting many advanced features may find it limited. that simplicity suits me because i wanted a quiet prompt rather than another busy screen. after continued use, vela core 147 feels comfortable, dependable, and genuinely helpful for everyday timekeeping and small habits.",True
CORD000463,CUS00466,2019-02-28,Bakers,"[{""product"":""Candle Lumen 220"",""quantity"":1},{""product"":""Vela Halo 281"",""quantity"":1},{""product"":""Candle Shift 916"",""quantity"":1}]",5918.9,12.39,-37.754104,144.985373,10,5339.4,Summer,False,6.275,"candle arc 852 has become my preferred device for reading, annotating, and making handwritten notes because it offers a more natural working surface than my phone and less weight than a full laptop. i have used it for articles, marked-up documents, and quick notes during planning sessions. compared with my previous tablet, the writing experience feels more controlled, and i can move from reading to annotation without losing the thread of what i was doing. the display is comfortable for extended reading, and the size gives enough room for a page and notes without making the device awkward to carry. handwritten marks remain easy to review later, which is useful when i am away from my desk. the tablet has also handled ordinary document work without requiring much adjustment. a physical keyboard would still be preferable for long passages, and the device is not a substitute for that kind of typing. for its intended use, however, the trade-off is sensible. the casing has stayed in good condition through regular movement between rooms, and the controls have remained responsive. candle arc 852 compares favorably with both my phone and older tablet because it occupies a useful middle ground. it is focused enough for reading and notes, yet flexible for casual tasks. after repeated use, i find myself reaching for it first whenever i need to review material and write observations by hand.",True
CORD000464,CUS00477,2019-04-26,Bakers,"[{""product"":""Candle Flux 162"",""quantity"":1},{""product"":""Vela Nova 753"",""quantity"":1}]",5463.9,10.95,-37.766529,144.97796,0,5474.85,Autumn,False,5.066,"vela nova 339 has been useful when i need to connect several devices without carrying a collection of separate adapters. compared with swapping individual connectors, one compact accessory makes my desk and travel bag less cluttered. i used it with ordinary mobile and computer equipment, and the basic connections were recognised without a complicated routine. its small size is the clearest advantage because it reduces the amount of planning needed before leaving the house. the comparison changes when many devices are involved at once. i had to pay attention to how the connections were arranged, and the compact body became slightly awkward when several cables pulled in different directions. vela nova 339 is easier to carry than multiple adapters, but it is not always easier to use in a crowded workspace. i also preferred checking the setup before an important task rather than assuming every combination would behave identically. that caution is a limitation, not a major failure. for occasional travel and a tidy personal desk, this adapter provides a sensible middle ground. it offers more flexibility than carrying one connector, while a larger workstation accessory may be more comfortable for permanent use. the 12-month warranty is appropriate for a small item that will be moved often. i would choose vela nova 339 for convenience and portability, but i would not treat it as a universal replacement for every connection arrangement.",True
CORD000465,CUS00036,2019-08-31,Thompson,"[{""product"":""Vela Halo 137"",""quantity"":1},{""product"":""Candle Orbit 674"",""quantity"":2},{""product"":""Candle Lumen 220"",""quantity"":1},{""product"":""Candle Orbit 548"",""quantity"":1},{""product"":""Vela Core 957"",""quantity"":1}]",5464.94,17.59,-37.754434,144.877093,15,4662.79,Winter,False,8.9305,"candle bloom 388 has been a useful replacement for the simpler network equipment in my home. i wanted separate access for guests and a less confusing way to see which household devices were connected. the management controls make those tasks easier to organise, and the guest network has remained available when friends visit without disturbing the devices i keep on the main connection. compared with my previous unit, i have more visibility and can make changes without guessing which device is involved. there is a learning curve. the control layout contains more choices than i needed at first, and i spent time understanding the difference between ordinary settings and guest access. once configured, the arrangement has required little attention. i have used it for phones, laptops, a television, and occasional visitors, and the connection has remained steady through that mixture. my old router was quicker to set up for a single household, so someone who does not need device management may find this model more than necessary. for a shared home, the extra organisation is worthwhile. candle bloom 388 also gives me a clearer view when a connection slows, which is more helpful than restarting everything and hoping for a change. it is not a perfect interface, but it offers a more controlled and transparent routine than the equipment it replaced. after regular ownership, i prefer its flexibility and the confidence that guest activity can remain separate from our usual devices.",True
CORD000466,CUS00361,2019-12-31,Thompson,"[{""product"":""Vela Core 957"",""quantity"":2},{""product"":""Candle Orbit 548"",""quantity"":2},{""product"":""Vela Nova 753"",""quantity"":1}]",5458.69,8.56,-37.806886,144.941708,15,4648.45,Summer,True,0.7974,"vela spark 189 has simplified the way i connect several devices when working away from my usual desk. its compact shape fits neatly in a pouch, and the ports are arranged so i can attach the equipment i need without a tangle of separate adapters. connections have been recognised promptly, and i have used it with a laptop, external storage, and other everyday accessories without interruptions. the casing has survived being moved between rooms and carried in a work bag, with no signs of the loose fit i have seen in cheaper accessories. the cable is a little short for some desk layouts, so placement sometimes takes thought. even so, vela spark 189 is convenient, capable, and a worthwhile way to reduce clutter in a mobile setup.",True
CORD000467,CUS00315,2019-09-24,Thompson,"[{""product"":""Candle Shift 916"",""quantity"":2},{""product"":""Vela Halo 281"",""quantity"":1},{""product"":""Candle Flux 162"",""quantity"":1}]",5308.57,9.53,-37.787776,144.944464,10,4787.24,Spring,False,2.7779,"before installing candle quest 948, the connection in the back room was noticeably weaker than in the rest of the house. i placed the unit between the main router and that room, then spent some time finding a position that was close enough to the existing signal while still helping the distant area. the setup instructions were clear, and the indicators made it easier to understand whether i had placed it sensibly. once i moved it away from a crowded shelf, the connection settled and the improvement became apparent during ordinary use. i have since used the extended coverage for video calls, browsing, music, and a television in the far room. the connection has remained much more even as i move through the house, and i no longer have to stand in one particular doorway to send a message or load a page. a demanding stream can still slow when several people are using the network at once, so the unit is not a complete answer to every busy period. for normal household activity, however, it has removed the dead spot that prompted the purchase. the compact casing does not take much space, and the lights can be seen without being distracting. i have restarted the equipment a few times while changing other network settings, and candle quest 948 returned to service without a complicated process. its performance has been steady over the ownership period, and the household has stopped treating the back room as an unreliable part of the network. it is a practical solution for extending coverage between rooms, with simple placement and useful results.",True
CORD000468,CUS00345,2019-07-11,Thompson,"[{""product"":""Candle Orbit 674"",""quantity"":1},{""product"":""Candle Edge 392"",""quantity"":1}]",699.81,13.2,-37.81723,144.904538,10,643.03,Winter,False,3.7703,"the vela core 705 has made room lighting easier to control when i am already settled at my desk or on the sofa. the app responds quickly to ordinary on and off commands, and setting a routine for the evening was straightforward. i can also make a manual change when the weather or my schedule is different. i have used it for a desk lamp, hallway light, and a small routine that turns lights on before i arrive home. the current state is represented clearly, so i do not have to guess whether a command worked. other household members learned the basic controls quickly, which matters more to me than a long list of advanced features. the system is focused on simple lighting rather than elaborate scenes, and that keeps it approachable. vela core 705 has been consistent in ordinary use and has reduced the need to cross the room for small adjustments. it is a modest automation device, but it performs its intended task well.",True
CORD000469,CUS00044,2019/01/10,Thompson,"[{""product"":""Candle Edge 392"",""quantity"":2},{""product"":""Candle Flux 162"",""quantity"":3},{""product"":""Candle Edge 932"",""quantity"":1}]",5422.85,14.37,-37.746562,144.886132,20,4352.65,Summer,False,9.0951,"vela atlas 899 has helped solve a small but persistent problem at our shared workspace: several people need to see or use a phone without holding it throughout a conversation. compared with the loose stand we used before, this support keeps the device at a more useful angle and leaves both hands free for notes, keyboard work, or showing something to another person. it has made video calls and quick group checks less awkward. the base has remained stable on the desk during normal use, and the adjustment range is broad enough for the positions we need. i have moved it between desks, changed the viewing direction for different chairs, and used it while charging the phone. a fixed holder would be simpler, but it often placed the screen too low or faced away from someone sitting nearby. vela atlas 899 gives us more control without requiring a complicated arrangement. the material has also held up after frequent handling, which is important in a workspace shared by several people. it does take up more room than a minimal stand, and a phone with a particularly bulky case needs careful placement. the adjustment is smoother when changed deliberately rather than hurriedly. even so, the support has remained secure and useful in daily work. vela atlas 899 is a clear improvement over an improvised holder for hands-free device support, especially where different people need to view the same screen from changing positions.",True
CORD000470,CUS00248,2019-06-10,Thompson,"[{""product"":""Vela Halo 281"",""quantity"":1},{""product"":""Candle Orbit 548"",""quantity"":1},{""product"":""Vela Core 957"",""quantity"":2}]",1329.75,17.55,-37.8804,144.893511,15,1147.84,Winter,False,8.8786,"the candle orbit 818 has been running in our home for several weeks with phones, a tablet, a television, and other shared devices using it throughout the day. initial setup was clear, and i appreciated being able to place it without spending an afternoon adjusting complicated settings. connections have stayed consistent during video calls and streaming, even when several people are online at once. the indicator lights are useful without being distracting, and restarting it after a power interruption was simple. the management options are fairly basic, so anyone wanting advanced control may find them limited. for ordinary household sharing, though, it has provided steady service and removed much of the daily network worry.",True
CORD000471,CUS00076,2019-02-10,Bakers,"[{""product"":""Candle Edge 392"",""quantity"":2},{""product"":""Candle Orbit 548"",""quantity"":1},{""product"":""Vela Core 957"",""quantity"":1}]",1279.04,11.23,-37.771281,145.014329,0,1290.27,Summer,False,4.6204,"candle vista 470 joined my workflow after i grew tired of moving between several devices for creative projects. i spent the first evening arranging my editing tools, files, and working preferences, then used it for a mixture of image work, writing, and media preparation. the screen gives my projects enough room to feel organised, and the overall experience remains responsive during the ordinary stages of editing. i can move from planning to making adjustments without the computer becoming the centre of attention. over the following days i tested it with longer sessions rather than only short demonstrations. it handled my usual creative routine without fuss, and the keyboard remained comfortable when an editing task turned into several hours of notes and revisions. carrying it between rooms has also been manageable because it does not feel like an awkward object to relocate. the finish has stayed clean despite regular handling, and the hinge and ports still feel secure after being used repeatedly. there are limits to any portable computer. the display is not as spacious as a full desktop arrangement, and i sometimes connect another screen when i want a broader view of a complex project. that is a normal compromise for this format. candle vista 470 has nevertheless made my creative work more contained and portable. the setup was smooth, daily performance has been dependable, and i am happy with the role it now plays in established projects.",True
CORD000472,CUS00036,2019-04-22,Thompson,"[{""product"":""Candle Orbit 674"",""quantity"":1},{""product"":""Candle Orbit 548"",""quantity"":1}]",580.13,13.97,-37.754434,144.877093,5,565.09,Autumn,False,8.9305,"candle bloom 388 has been a useful replacement for the simpler network equipment in my home. i wanted separate access for guests and a less confusing way to see which household devices were connected. the management controls make those tasks easier to organise, and the guest network has remained available when friends visit without disturbing the devices i keep on the main connection. compared with my previous unit, i have more visibility and can make changes without guessing which device is involved. there is a learning curve. the control layout contains more choices than i needed at first, and i spent time understanding the difference between ordinary settings and guest access. once configured, the arrangement has required little attention. i have used it for phones, laptops, a television, and occasional visitors, and the connection has remained steady through that mixture. my old router was quicker to set up for a single household, so someone who does not need device management may find this model more than necessary. for a shared home, the extra organisation is worthwhile. candle bloom 388 also gives me a clearer view when a connection slows, which is more helpful than restarting everything and hoping for a change. it is not a perfect interface, but it offers a more controlled and transparent routine than the equipment it replaced. after regular ownership, i prefer its flexibility and the confidence that guest activity can remain separate from our usual devices.",True
CORD000473,CUS00057,2019-03-08,Bakers,"[{""product"":""Candle Edge 392"",""quantity"":1},{""product"":""Vela Nova 753"",""quantity"":1}]",4779.36,12.94,-37.823793,145.034504,15,4075.4,Autumn,False,3.7755,"vela halo 389 has caused repeated problems when connecting several devices through one adapter. one connection often disappears after another device is added, and reconnecting requires removing everything first. the compact body becomes hot during ordinary use, while the ports are too close together for bulky cables. a single device can be connected, but shared use is awkward and unreliable. the interruptions make this accessory frustrating for a desk or travel setup.",False
CORD000474,CUS00029,2019-10-10,Thompson,"[{""product"":""Vela Core 957"",""quantity"":1},{""product"":""Candle Flux 162"",""quantity"":1},{""product"":""Candle Orbit 548"",""quantity"":1}]",1587.83,24.86,-37.885124,144.891903,25,1215.73,Spring,True,9.4002,"candle quest 408 was added to cover a home-office corner where the wireless signal had been inconsistent. positioning it took a few attempts, but once i moved it away from a thick shelf the desk connection became much steadier. video calls remained connected through normal work, and transferring smaller documents felt noticeably less interrupted than before. i also used the connection from a nearby room and found the range adequate for the way my household is arranged. the unit is not entirely invisible in use. a laptop occasionally showed a connection pause when waking from sleep, and the recovery took long enough to interrupt the beginning of a meeting. restarting the unit fixed it, but that is not something i want to make part of a weekly routine. the setup screen explains the basic choices but gives limited guidance when the signal changes from one room to another. when several devices were active in the evening, performance remained acceptable rather than especially quick. after three weeks, candle quest 408 has solved the main coverage problem and earns credit for that. it makes the office corner more usable and has reduced the number of dropped calls i was experiencing. the wake-up pauses and ordinary performance under a busy load keep my view measured. i would retain it for the coverage, while expecting occasional maintenance and a little experimentation with placement.",True
CORD000475,CUS00028,2019-07-09,Bakers,"[{""product"":""Candle Flux 162"",""quantity"":1},{""product"":""Candle Vista 110"",""quantity"":1}]",2876.88,29.56,-37.742553,144.974727,15,2474.91,Winter,True,7.7128,"our home has accumulated enough connected devices that the old arrangement was becoming difficult to follow. i installed candle bloom 118 to bring the shared household equipment into one manageable network, and the change was apparent during the first evening. connecting the television, printer, laptops, and smaller devices took some patience, but the guided steps were clear enough to complete without outside help. once everything appeared in one place, troubleshooting became far less mysterious. the network has since supported a mixture of ordinary activities. someone can stream in the living room while another person works from a laptop, and the printer remains available without repeated reconnection. i have also added devices gradually rather than connecting everything at once, and the network has handled that slower process without complaint. the management view gives a useful overview of what is present, which is reassuring when a new device appears and i need to identify it. one particularly welcome change is the consistency. before installing candle bloom 118, an occasional interruption meant checking several pieces of equipment before finding the cause. now the shared devices generally stay available through a normal day of browsing, streaming, and work. the unit has a compact footprint and blends into the shelf with the other equipment. the instructions could spend more time explaining less common settings, so i left those alone until i had a reason to use them. after this period of ownership, i am pleased with the decision. candle bloom 118 has brought structure to a busy household network and reduced the small interruptions that used to waste time. it is stable in everyday use, straightforward once configured, and flexible enough for new devices as our needs change. for connecting several shared devices without constant attention, it has been a practical and satisfying solution.",True
CORD000476,CUS00496,2019-07-25,Thompson,"[{""product"":""Candle Orbit 548"",""quantity"":1},{""product"":""Vela Halo 137"",""quantity"":2},{""product"":""Candle Vista 110"",""quantity"":1}]",3592.44,16.62,-37.753669,144.899253,10,3249.82,Winter,False,7.7913,"i have used vela spark 171 mainly for work calls, calendar entries, and checking messages during the day. in those tasks it has been serviceable: calls connect without drama, the calendar is readable, and moving between a meeting reminder and a message does not feel confusing. my comparison is with an older everyday phone rather than a premium model. vela spark 171 feels more current in handling work information, but the difference is not large enough to make every part of the change feel essential. the device is easy to carry and the screen gives calendar details enough space for quick checks. i was less impressed when several tasks accumulated. after a call, a message, and calendar changes in close succession, i sometimes paused before the next screen appeared. nothing failed outright, yet the small delays made the phone feel less polished than expected. battery use also varied with how much i relied on calls and mobile data, so i became accustomed to charging before a busy day. the phone has remained physically sound and the call function is the most dependable part of the experience. compared with a basic handset, it provides a broader work routine; compared with a higher-end smartphone, it feels more ordinary. i would describe vela spark 171 as adequate for communication and scheduling, with enough strengths for practical ownership but no compelling reason to overlook its slower moments.",True
CORD000477,CUS00004,2019-01-02,Nickolson,"[{""product"":""Candle Orbit 548"",""quantity"":2},{""product"":""Candle Orbit 674"",""quantity"":2},{""product"":""Vela Nova 753"",""quantity"":1},{""product"":""Candle Edge 392"",""quantity"":1}]",5939.62,24.18,-37.871945,144.976639,25,4478.9,Summer,True,5.9648,"i bought the candle flux 234 for music playback in a shared room, hoping to avoid the cables around our existing speaker. compared with that wired speaker, the flux 234 has been far less consistent. pairing usually starts, but the connection sometimes disappears when another person uses a phone nearby. playback then stops abruptly, and reconnecting can require several attempts. that is especially irritating when music is being used in the background while people are cooking or working. the sound is audible at ordinary volume, although it becomes harsh when turned up and the lower notes feel weak. the speaker also produces a brief crackle after sitting idle, which makes me check whether the connection has failed again. its controls are small and not easy to find in a dim room. the casing is compact, but the charging port feels loose enough that i handle the cable carefully. our wired speaker has less convenient placement, yet it keeps playing without these interruptions. i have tested the flux 234 in different parts of the room and removed old paired devices. those changes reduced neither the awkward reconnection process nor the occasional crackle. the basic audio function operates, but unreliable wireless behavior and thin sound make the product disappointing for shared use. i expected a simpler routine and instead spend time troubleshooting. the flux 234 compares poorly with the speaker it replaced, so i cannot recommend it.",False
CORD000478,CUS00236,2019-01-20,Thompson,"[{""product"":""Candle Shift 916"",""quantity"":1},{""product"":""Candle Orbit 548"",""quantity"":1},{""product"":""Vela Core 957"",""quantity"":2},{""product"":""Candle Edge 392"",""quantity"":2}]",3409.28,8.87,-37.822088,144.954622,10,3077.22,Summer,False,1.2394,"i bought the vela nova 987 to keep calendar reminders and short message checks close while i was away from my desk. after several weeks, the alerts have been convenient for appointments, and the small screen is readable when i only need a quick glance. notifications usually appear without requiring me to take out my phone, which is the main reason i kept using it. reading a longer message is less comfortable because the display gives limited room and scrolling feels slow. the strap is acceptable for daily wear, though it does not feel particularly refined and can become noticeable during a long afternoon. battery use has been predictable, but i still prefer carrying a charger for longer outings. the vela nova 987 handles its basic purpose without drama, yet it does not replace a phone or offer much beyond quick information. i regard it as a useful reminder accessory with average comfort and modest convenience rather than an essential wearable.",True
CORD000479,CUS00054,2019-12-29,Bakers,"[{""product"":""Candle Edge 392"",""quantity"":1},{""product"":""Candle Orbit 674"",""quantity"":1},{""product"":""Vela Halo 137"",""quantity"":2},{""product"":""Candle Orbit 548"",""quantity"":1}]",2475.66,11.91,-37.788096,145.052497,0,2487.57,Summer,False,5.5898,"vela atlas 593 has become a useful second screen in my home because it handles both presentations and photo viewing without feeling dedicated to only one task. compared with using a laptop for showing slides to a small group, the larger display is easier for people around the room to see. it also makes browsing photos more enjoyable than passing a phone around. i have used it in a living room and at a small table, and its placement has been simple to change when the room is rearranged. for presentations, the screen gives the material more presence and keeps the audience from leaning over a laptop. compared with a more specialised presentation setup, it is less involved and better suited to occasional use. photo viewing is where i notice the greatest everyday benefit: family pictures are visible from several seats, and changing between images feels natural. it is not the sort of product i would buy for a large event or demanding professional display, but that is not how i use it. over the first fortnight, i tried it with work slides, travel photographs, and a few informal gatherings. the screen responded promptly, and the controls did not make visitors feel as though they needed a lesson before viewing anything. the compact design also leaves room on the furniture for other things. compared with keeping an old tablet on a stand, vela atlas 593 feels more purposeful and easier to share. it has a narrower role than a complete entertainment system, yet for presentations and casual photo viewing it has been a pleasingly adaptable choice. i would recommend it to someone who wants one approachable display for both activities.",True
CORD000480,CUS00190,2019-12-28,Thompson,"[{""product"":""Candle Lumen 220"",""quantity"":2},{""product"":""Candle Edge 392"",""quantity"":1},{""product"":""Candle Orbit 674"",""quantity"":2}]",8082.65,24.16,-37.742414,144.900828,10,7298.55,Summer,True,8.8063,"vela wave 211 has been a clear improvement over my previous phone for casual photography and messaging. i take pictures during walks, family gatherings, and ordinary errands rather than setting up carefully, so i value a camera that responds quickly and gives me an image worth keeping. the phone has made that process less frustrating, and i can move from taking a picture to sending it without waiting around. the older handset was slimmer and easier to grip, while vela wave 211 feels a little broader in the hand. in exchange, the screen gives me a better view of photos and conversations, and the camera is more dependable when the light changes. daylight results are the strongest, but indoor snapshots have also been suitable for sharing. i do not expect perfect detail in every difficult scene, although the overall results compare favourably with what i had before. messaging has been straightforward during the ownership period. conversations open promptly, typing feels responsive, and sending a picture does not interrupt the rest of the phone for long. i have adjusted the notification settings so that frequent group messages do not dominate the day. battery coverage has been sufficient for my normal use, though taking many photos and using the screen heavily means charging earlier than on a quiet day. vela wave 211 is not the smallest phone and serious photography still belongs to dedicated equipment, but it is a capable everyday option. compared with my old device, it makes spontaneous photos and quick sharing more enjoyable. the broader shape is a minor compromise for the clearer screen and more responsive camera experience.",True
CORD000481,CUS00428,2019-03-07,Thompson,"[{""product"":""Vela Halo 281"",""quantity"":1},{""product"":""Candle Vista 110"",""quantity"":1}]",2347.33,13.34,-37.844237,144.919234,0,2360.67,Autumn,False,4.2772,"i compared vela ridge 491 with the older phones used by the rest of my family. calls could be placed and messages could be sent, but shared use revealed too many irritating limitations. the screen became unresponsive during ordinary app switching, the camera application sometimes took several attempts to open, and notifications arrived in an uneven order. these are small failures individually, yet they made family communication feel uncertain and unnecessarily slow. the older phones had fewer visual effects, but they handled contact searches and message threads with less confusion. on vela ridge 491, the keyboard occasionally lagged behind typing, causing missing letters and repeated corrections. casual games also caused the handset to become warm and drain power quickly. the phone did not fail completely, so the basic calling function remains present; that is not enough for a device used throughout the day by several people. i compared indoor and outdoor use, and the display was difficult to read in bright surroundings. the body picked up scratches quickly despite careful handling, while the charging connection required a precise angle on some evenings. support suggested clearing applications and restarting the handset, but the same problems returned. vela ridge 491 is less dependable than the older phones it was meant to replace. its sluggish response and frustrating notification behaviour make it a poor choice for family communication, and i cannot recommend it.",False
CORD000482,CUS00011,2019-09-26,Bakers,"[{""product"":""Candle Orbit 548"",""quantity"":1},{""product"":""Vela Core 957"",""quantity"":1},{""product"":""Vela Halo 281"",""quantity"":2}]",1589.02,13.23,-37.8568,145.062111,15,1363.9,Spring,False,7.8474,"candle flux 234 has been a welcome addition to our shared room because different people can enjoy music without complicated setup. pairing is quick, and the controls are visible enough that visitors can adjust playback without searching through an app. sound carries well at ordinary volume, with voices and instruments remaining distinct. we have used it during meals, weekend cleaning, and relaxed evenings, and it has handled the changes in listening position well. the bass is restrained, so anyone seeking a strong club-like effect may want something larger. for background music and spoken content, that balance is comfortable. the casing has also survived being moved between shelves without showing much wear. candle flux 234 has made shared playback easy to start and easy to hand over, which suits our household better than a complicated system.",True
CORD000483,CUS00009,2019-01-15,Thompson,"[{""product"":""Vela Halo 281"",""quantity"":1},{""product"":""Candle Vista 110"",""quantity"":1},{""product"":""Candle Edge 392"",""quantity"":2}]",3098.83,10.89,-37.775597,144.946417,20,2489.95,Summer,False,4.1231,"the vela halo 551 has settled into my daily routine well. calls are clear, messages arrive promptly and navigation remains responsive when i am walking through unfamiliar areas. i also appreciate that the screen stays readable outdoors, which makes checking directions less awkward. the phone feels secure in one hand and the charging process has been predictable throughout my ownership. i have noticed that the battery drops more quickly when navigation and streaming run together, so a busy travel day may require a top-up. the camera is sufficient for ordinary snapshots rather than careful photography. for communication, maps and everyday tasks, the vela halo 551 has been a reliable phone and a comfortable upgrade to use each day.",True
CORD000484,CUS00288,2019-04-25,Bakers,"[{""product"":""Candle Orbit 548"",""quantity"":1},{""product"":""Candle Orbit 674"",""quantity"":1}]",580.13,13.72,-37.872298,145.053462,15,506.83,Autumn,False,8.6104,"candle bloom 586 has been a welcome companion on trips where i wanted something more engaging than a phone. its portable design fits into my small travel bag, and i can start playing during a train journey or while waiting between activities. the controls feel responsive for the types of games i play, and the screen is comfortable indoors when i am seated close by. i have also used it at home for shorter sessions, so it is not limited to travel. the device wakes quickly and the basic interface was easy to understand. longer sessions make the controls feel a little cramped, particularly when i hold it with both hands for a while, but that is a reasonable compromise for the compact shape. candle bloom 586 has provided enjoyable entertainment without taking over my luggage, and its portability is the feature i value most.",True
CORD000485,CUS00499,2019-03-06,Bakers,"[{""product"":""Candle Lumen 220"",""quantity"":2}]",7058.78,9.08,-37.809667,145.02564,5,6714.92,Autumn,False,2.6716,"vela pulse 271 has been used for calendar management, messages, and work calls. the calendar opens quickly and calls remain understandable in ordinary indoor conditions. the battery needs attention on busy days, especially when the screen stays active between meetings. photos are acceptable for documents but less convincing in dim rooms. it has supported my routine without a major failure, yet the average battery and camera keep it from being more than a middle-of-the-road phone.",True
CORD000486,CUS00214,2019-04-25,Bakers,"[{""product"":""Candle Orbit 674"",""quantity"":1},{""product"":""Candle Orbit 548"",""quantity"":1},{""product"":""Candle Flux 162"",""quantity"":2}]",2700.71,13.49,-37.873247,145.045995,15,2309.09,Autumn,False,8.3268,"candle bloom 766 has been used in our shared room for casual games over the last month. it starts without much delay and gives a playable experience for short sessions. the controls are responsive enough for the games we normally choose, and the unit does not take up an unreasonable amount of space beside the television. longer sessions reveal a few limits: the casing becomes warm, and the controls feel less comfortable once several hours have passed. setup was uncomplicated, although switching between users is not particularly elegant. performance has been consistent for lighter games, but i would not expect it to suit demanding titles or someone looking for a premium setup. candle bloom 766 occupies a middle ground. it makes shared, occasional gaming possible and avoids major problems, but its ordinary build and limited comfort keep it from feeling like a complete long-session solution.",True
CORD000487,CUS00134,2019-10-15,Thompson,"[{""product"":""Candle Lumen 220"",""quantity"":1},{""product"":""Vela Halo 137"",""quantity"":1},{""product"":""Vela Halo 281"",""quantity"":2}]",5350.76,7.87,-37.808208,144.945969,15,4556.02,Spring,False,0.5058,"vela wave 355 has made app-controlled room lighting pleasantly simple. i can switch the lights while seated, adjust the room before guests arrive, and turn everything off without walking around to each control. the app responds promptly during normal use and the settings are easy to understand. it is less useful when my phone is out of reach, but the everyday convenience has been a clear improvement.",True
CORD000488,CUS00354,2019-12-11,Nickolson,"[{""product"":""Candle Orbit 548"",""quantity"":2},{""product"":""Candle Orbit 674"",""quantity"":1}]",836.2,20.47,-37.849488,144.960191,5,814.86,Summer,True,3.5321,"the vela atlas 755 has made room lighting easier to manage at home. i installed it for the main living area and now use the app when i want to switch the lights on before entering, turn them off after everyone has gone upstairs, or change the atmosphere without getting up. the first setup required patience while i worked through the pairing steps, but afterwards the controls were clear. commands have generally been carried out promptly, and the household has adapted to using the app without much explanation. it is especially handy when my hands are full or when i am already settled for the evening. i have noticed that the response can be slower when the network is busy, so i would not describe it as instant every time. the app also offers more choices than i regularly need, which makes the first few visits feel slightly crowded. even with those small limitations, the vela atlas 755 has been dependable over several weeks. its everyday convenience is more valuable than i expected, particularly for routines at the start and end of the day.",True
CORD000489,CUS00115,2019-05-22,Bakers,"[{""product"":""Vela Halo 137"",""quantity"":1},{""product"":""Candle Lumen 220"",""quantity"":1},{""product"":""Candle Shift 916"",""quantity"":2}]",8006.82,23.31,-37.819763,145.026637,20,6428.77,Autumn,True,2.9648,"candle shift 574 was intended for video calls and online classes, but the audio has been unreliable throughout my use. the microphone volume changes without warning, so other people sometimes hear a faint voice and sometimes hear harsh distortion. background sounds are not handled consistently, and the speaker output becomes muffled when several people talk. the wireless connection has also dropped during classes, leaving a long silence before sound returns. controls on the unit are awkward to reach while taking notes, and adjusting the volume can trigger an unrelated command. voices are audible when the device behaves, but that basic function does not overcome the unstable connection and poor call clarity. candle shift 574 has made classes more stressful and is not dependable for regular meetings.",False
CORD000490,CUS00419,2019-11-22,Thompson,"[{""product"":""Candle Orbit 674"",""quantity"":1},{""product"":""Candle Edge 392"",""quantity"":1},{""product"":""Candle Edge 932"",""quantity"":1}]",2190.29,11.63,-37.85578,144.912948,5,2092.41,Spring,False,5.6528,"candle shift 808 has improved wireless coverage around my home office. the signal reaches the back room more consistently, and calls remain stable while i move between rooms with a laptop. streaming in the evening has also been uneventful. the initial placement took two attempts because the first spot left a weak corner, but the indicators helped me find a better position. since then, the connection has stayed dependable and the unit has required little attention.",True
CORD000491,CUS00490,2019-03-24,Bakers,"[{""product"":""Candle Edge 392"",""quantity"":1},{""product"":""Candle Orbit 548"",""quantity"":1}]",631.82,7.81,-37.802938,144.98759,15,544.86,Autumn,False,1.0328,"i have used candle bloom 622 for field forms and client presentations, and it has become more useful than the general tablet i kept for occasional browsing. forms are readable outdoors in ordinary conditions, switching between pages is smooth, and the size makes it easier to carry from one appointment to the next. during presentations, the screen gives a clear view to a small group without requiring everyone to crowd around a laptop. the comparison with my older tablet is most noticeable during preparation. i can review a form, make a correction, and bring up the presentation without losing track of where i was. the casing feels suitable for regular travel between meetings, and the device has remained responsive after repeated handling. it is not as spacious as a full notebook for typing long notes, so i would not choose it for extended document writing. for short entries and visual material, however, that tradeoff is reasonable. over time, candle bloom 622 has made client visits feel more organised. the previous tablet was adequate for showing slides but less comfortable when a form also needed attention. this one handles both parts of the routine with fewer interruptions. its focused design does not offer every feature of a larger computer, yet it provides the portability and presentation clarity i wanted. i consider it a dependable choice for mobile forms and face-to-face demonstrations.",True
CORD000492,CUS00009,2019-08-27,Thompson,"[{""product"":""Candle Flux 162"",""quantity"":1}]",1060.29,26.5,-37.775597,144.946417,0,1086.79,Winter,True,4.1231,"vela halo 1073 has become the screen we use most often for family media during the past twenty-six days. the main advantage over watching separately on phones or a small display is that everyone can see the same programme without crowding together. the viewing area works well for ordinary evenings, and switching from one family member's choice to another has been simple enough to avoid arguments about complicated controls. it has made shared viewing feel more natural. compared with a dedicated cinema-style setup, this is less ambitious and easier to live with. it does not require the room to be arranged around it, and it remains useful for shorter viewing sessions rather than only planned film nights. vela halo 1073 has also worked for showing photos and occasional clips, so it earns its space through several ordinary uses. a phone is more private, but it is not a satisfying solution when the point is to watch together. the limitations are mostly about expectations. someone seeking a highly specialised entertainment system may want more elaborate controls and a larger presentation. for our household, the straightforward experience has been more valuable than those extras. the display has stayed stable, the controls are accessible, and the warranty provides reassurance. it compares favourably with both small personal screens and more demanding home setups because it supports shared media without turning it into a project.",True
CORD000493,CUS00170,2019-11-05,Thompson,"[{""product"":""Vela Halo 137"",""quantity"":1},{""product"":""Vela Nova 753"",""quantity"":1},{""product"":""Candle Edge 932"",""quantity"":1},{""product"":""Candle Edge 392"",""quantity"":3},{""product"":""Candle Orbit 548"",""quantity"":3}]",8549.44,8.9,-37.802536,144.929492,10,7703.4,Spring,False,1.9118,"i have worn the vela halo 677 during exercise sessions to review a simple summary afterward. the information gives me a convenient reminder of how long i was active and how each session compared with the previous one. i like being able to glance at the result without carrying a phone during the activity. the device is light enough for ordinary movement, and the display has remained readable when i check it after finishing. compared with recording sessions manually, the vela halo 677 saves effort and makes patterns easier to notice over several weeks. compared with keeping detailed training notes, it provides less context about how the session actually felt or what i was trying to achieve. the summaries are therefore useful prompts rather than a complete account. i have found the fit acceptable for routine exercise, although the band can become more noticeable when i am moving vigorously or adjusting equipment. that is a personal comfort issue rather than a serious obstacle. the device has continued to record ordinary sessions, but i do not treat every figure as a precise measurement. a summary can describe activity without explaining fatigue, terrain or changes in routine, so my own judgement still matters. battery management is straightforward, though i have learned to charge it before a particularly busy week. overall, the vela halo 677 sits between a basic activity reminder and a detailed training instrument. it makes review more convenient while leaving enough uncertainty that i would not use it as my only source of information.",True
CORD000494,CUS00126,2019-03-13,Bakers,"[{""product"":""Candle Flux 162"",""quantity"":1}]",1060.29,21.23,-37.773199,144.987633,15,922.48,Autumn,True,4.1458,"i have used vela pulse 559 beside my adjustable desk for several weeks, mainly to keep my phone at eye level during calls and while following notes. the mount is straightforward to position, and the joints hold their angle without constant tightening. i can move the device aside when i need the desk surface, then return it to almost the same place. that small bit of consistency makes my work area feel much tidier. the base has remained steady through ordinary typing and tapping, and the holder suits the different cases i use. adjustments are smooth rather than stiff, although changing the angle with one hand can make the whole arm shift slightly. the finish has also survived being moved between my desk and a side table without visible wear. vela pulse 559 is a thoughtful, useful accessory for anyone who wants a better viewing position without permanently rearranging the desk.",True
CORD000495,CUS00086,2019-01-26,Bakers,"[{""product"":""Vela Core 957"",""quantity"":1},{""product"":""Candle Flux 162"",""quantity"":1}]",1331.76,13.57,-37.756526,145.055478,10,1212.15,Summer,False,7.9613,"vela nova 339 has replaced the small collection of separate adapters i used to carry between home and work. its main advantage is convenience: i can connect several devices through one compact accessory instead of searching through a pouch for the right piece each time. i have used it with my laptop, a phone, and a removable drive during ordinary work sessions, and the connections have behaved as expected. compared with my previous arrangement, the desk is less cluttered and moving between locations takes less preparation. the adapter has also been helpful when more than one person needs to use the same computer. i can leave the accessory connected while switching between tasks, rather than repeatedly reaching behind the laptop. that sounds minor, but it removes a surprisingly irritating part of my routine. the casing feels solid enough for regular travel, and it has survived being placed in a crowded bag without becoming loose or difficult to handle. i appreciate that it does not take up much room beside the computer. there are limits. it is still an adapter rather than a complete replacement for every port or accessory, so i check what i need before leaving for a more involved job. the short cable also means that positioning matters when the laptop is on a stand. neither issue has caused a serious problem in normal use. my older set of adapters offered more separate pieces, but it was easy to leave one behind and awkward to keep organised. vela nova 339 gives me a simpler everyday setup, and after several weeks it has become one of the few accessories i consistently remember to pack.",True
CORD000496,CUS00208,2019-02-27,Thompson,"[{""product"":""Candle Edge 392"",""quantity"":1},{""product"":""Vela Halo 137"",""quantity"":2},{""product"":""Candle Orbit 548"",""quantity"":1},{""product"":""Candle Orbit 674"",""quantity"":1}]",2475.66,13.01,-37.874118,144.922729,0,2488.67,Summer,False,7.1589,"vela core 831 has handled travel planning, maps, messages and media without trouble. apps open promptly, the screen is comfortable for route checking, and photos look lively in ordinary daylight. i appreciate having one dependable device while moving between places. it becomes warm during extended video use, but that has not outweighed its practical performance.",True
CORD000497,CUS00345,2019-05-19,Thompson,"[{""product"":""Candle Orbit 548"",""quantity"":1},{""product"":""Vela Core 957"",""quantity"":1},{""product"":""Candle Orbit 674"",""quantity"":2}]",1175.66,9.94,-37.81723,144.904538,0,1185.6,Autumn,False,3.7703,"the vela core 705 has made room lighting easier to control when i am already settled at my desk or on the sofa. the app responds quickly to ordinary on and off commands, and setting a routine for the evening was straightforward. i can also make a manual change when the weather or my schedule is different. i have used it for a desk lamp, hallway light, and a small routine that turns lights on before i arrive home. the current state is represented clearly, so i do not have to guess whether a command worked. other household members learned the basic controls quickly, which matters more to me than a long list of advanced features. the system is focused on simple lighting rather than elaborate scenes, and that keeps it approachable. vela core 705 has been consistent in ordinary use and has reduced the need to cross the room for small adjustments. it is a modest automation device, but it performs its intended task well.",True
CORD000498,CUS00284,30/07/2019,Thompson,"[{""product"":""Candle Orbit 548"",""quantity"":2},{""product"":""Vela Nova 753"",""quantity"":1},{""product"":""Candle Lumen 220"",""quantity"":1}]",8445.14,15.34,-37.852237,144.895969,10,7615.97,Winter,False,6.2844,"vela nova 555 has made room lighting more convenient than the manual setup i used before. i installed it for the main living area and now control the lights from the app when i am already settled in another part of the room. the change is small, but it removes the repeated walk to the switch and makes the room easier to manage when my hands are full. the app controls are clear enough for everyday use. i can turn the lighting on or off, check its current state, and create routines for the times when i usually start work or wind down. the routines have run consistently during my eighteen days of ownership. i particularly like being able to adjust the room before entering it, rather than arriving in a dark space and searching for the switch. compared with the previous manual arrangement, vela nova 555 is also more useful when other people are sharing the room. someone can use the physical switch while another person changes the setting in the app, and the basic lighting function remains familiar. the app is less satisfying when i want to make several changes quickly, because navigating between options takes a few extra taps. that minor awkwardness does not outweigh the daily convenience. i did not expect a lighting control to transform the room, but it has made ordinary routines smoother and more predictable. for app-controlled room lighting, vela nova 555 is a practical improvement over my old switch-only setup.",True
CORD000499,CUS00083,2019-02-15,Thompson,"[{""product"":""Vela Halo 137"",""quantity"":1},{""product"":""Candle Vista 110"",""quantity"":1},{""product"":""Candle Flux 162"",""quantity"":1},{""product"":""Candle Edge 392"",""quantity"":1}]",4012.52,12.86,-37.750247,144.945854,5,3824.75,Summer,False,6.9423,"the vela atlas 791 became the shared point of contact for our family, handling calls, messages, maps, and the casual applications we use during the day. i was not looking for a specialised device; i wanted a phone that different family members could pick up and understand. it has met that expectation. text is readable, the touch response feels natural, and moving between a message and another app does not require much patience. we used it at home first, then took it on errands and short outings. communication remained dependable, and the camera was sufficient for quick snapshots of everyday moments. nobody in the household has needed a long explanation before using the main features. the vela atlas 791 also feels manageable in one hand, which is useful when carrying bags or helping a child at the same time. its finish is smooth and attractive, though it can be slippery on a bare surface, so a case is sensible. the battery has covered our ordinary day, including messaging, browsing, and occasional video, although heavy use means charging before the evening is over. that seems reasonable for the way we use it. the built-in speaker works for calls and short clips, while headphones are preferable for longer listening. i have encountered a brief pause when several applications are resumed together, but it has not become a pattern. what has mattered most is the phone's predictability: family members can call, share information, and use casual apps without fuss. the vela atlas 791 has been a pleasant everyday device, and it has earned a steady place in our household.",True
CORD000500,CUS00095,2019-04-22,Bakers,"[{""product"":""Candle Vista 110"",""quantity"":1},{""product"":""Candle Orbit 548"",""quantity"":2},{""product"":""Vela Halo 281"",""quantity"":2}]",3390.21,11.63,-37.762626,145.026276,10,3062.82,Autumn,False,5.9319,"vela echo 925 has given me a more useful view of indoor conditions than relying on how the room happens to feel. i compared it with occasional checks from a basic instrument and with simply opening a window when the air seemed uncomfortable. after forty-five days, the continuous monitoring has made changes in temperature and humidity easier to notice. the readings are available without much effort, and i can compare one part of the day with another instead of trying to remember what the room felt like earlier. compared with the basic instrument, vela echo 925 is better suited to observing patterns because it stays in place and remains ready to check. the compact design fits on a shelf without distracting from the room, and the setup did not take long once i chose a sensible location. i have found the information useful when deciding whether to ventilate or adjust the room, though i treat it as guidance rather than an exact account of every corner. placement matters, and a sensor near a window will naturally describe a different spot from one near a desk. that is the main limitation and was easy to understand. the device has remained consistent during routine use, and i enjoy having an objective reference before changing the room. it is more informative than guessing and less intrusive than repeatedly checking a separate instrument. vela echo 925 has therefore become a small but worthwhile part of my home routine, especially when i want to understand indoor temperature and humidity over time.",True
